model,repeat,seed,sample_id,y_true,p1,p2,p3,p4,p5
pool,0,42,train_001,2,0.42333900928497314,0.44081929326057434,0.10629626363515854,0.013037379831075668,0.01650802232325077
pool,0,42,train_002,5,0.10742391645908356,0.27177536487579346,0.2310894876718521,0.20055672526359558,0.1891545057296753
pool,0,42,train_003,2,0.30252495408058167,0.18417292833328247,0.3508932292461395,0.11840132623910904,0.044007591903209686
pool,0,42,train_004,4,0.09297340363264084,0.2748977839946747,0.3225085139274597,0.14858776330947876,0.1610325127840042
pool,0,42,train_005,5,0.07829340547323227,0.24572868645191193,0.26287052035331726,0.20296762883663177,0.21013979613780975
pool,0,42,train_006,2,0.11294780671596527,0.6894787549972534,0.13721144199371338,0.04298165813088417,0.01738034561276436
pool,0,42,train_007,2,0.18492484092712402,0.16504018008708954,0.22525425255298615,0.26509350538253784,0.15968725085258484
pool,0,42,train_008,5,0.18328621983528137,0.1849524974822998,0.22798371315002441,0.22527748346328735,0.17850008606910706
pool,0,42,train_009,3,0.13013629615306854,0.25920239090919495,0.3349743187427521,0.13830064237117767,0.137386292219162
pool,0,42,train_010,2,0.10571544617414474,0.1407853215932846,0.22573453187942505,0.25414425134658813,0.27362045645713806
pool,0,42,train_011,3,0.07460638135671616,0.19118890166282654,0.2768169045448303,0.2406124472618103,0.2167753428220749
pool,0,42,train_012,5,0.3469056785106659,0.43418532609939575,0.15620212256908417,0.050354622304439545,0.01235230267047882
pool,0,42,train_013,2,0.15631091594696045,0.1815851479768753,0.2175600677728653,0.2698853611946106,0.17465853691101074
pool,0,42,train_014,5,0.018464969471096992,0.08788889646530151,0.07887881994247437,0.3203122913837433,0.4944550096988678
pool,0,42,train_015,3,0.11751578003168106,0.30870521068573,0.3206515312194824,0.11776308715343475,0.1353643834590912
pool,0,42,train_016,4,0.11227894574403763,0.2572604715824127,0.31001123785972595,0.14523649215698242,0.17521290481090546
pool,0,42,train_017,2,0.6985093355178833,0.07459179311990738,0.18603871762752533,0.03418606519699097,0.0066740442998707294
pool,0,42,train_018,5,0.14323832094669342,0.23335595428943634,0.20762884616851807,0.17936627566814423,0.23641052842140198
pool,0,42,train_019,3,0.12014570087194443,0.29021692276000977,0.29646897315979004,0.14228761196136475,0.15088079869747162
pool,0,42,train_020,2,0.15062110126018524,0.17639434337615967,0.21378421783447266,0.2670302391052246,0.19217005372047424
pool,0,42,train_021,5,0.17553462088108063,0.1460389941930771,0.2157149761915207,0.29767343401908875,0.16503794491291046
pool,0,42,train_022,4,0.2197318822145462,0.1775200515985489,0.18142952024936676,0.2066194862127304,0.21469907462596893
pool,0,42,train_023,3,0.1375577747821808,0.1687459647655487,0.2041725218296051,0.27719393372535706,0.21232974529266357
pool,0,42,train_024,5,0.24417296051979065,0.20933789014816284,0.19285915791988373,0.17144277691841125,0.18218721449375153
pool,0,42,train_025,5,0.08246474713087082,0.1873030960559845,0.2849991023540497,0.2205101102590561,0.2247229367494583
pool,0,42,train_026,3,0.18422946333885193,0.15292702615261078,0.22978290915489197,0.2675536870956421,0.16550685465335846
pool,0,42,train_027,2,0.2495785653591156,0.4356963336467743,0.15810219943523407,0.06372206658124924,0.09290078282356262
pool,0,42,train_028,4,0.05918478965759277,0.19348178803920746,0.2757246196269989,0.25213736295700073,0.21947142481803894
pool,0,42,train_029,2,0.45745134353637695,0.37696951627731323,0.09691207855939865,0.03130895644426346,0.037358079105615616
pool,0,42,train_030,5,0.1416957676410675,0.20842485129833221,0.2142021358013153,0.22608506679534912,0.20959211885929108
pool,0,42,train_031,4,0.16680513322353363,0.1463334858417511,0.2105274647474289,0.2973718047142029,0.17896214127540588
pool,0,42,train_032,3,0.06919893622398376,0.20139892399311066,0.24753031134605408,0.24211813509464264,0.23975367844104767
pool,0,42,train_033,1,0.2674497365951538,0.2717369496822357,0.1776307374238968,0.13124895095825195,0.15193359553813934
pool,0,42,train_034,2,0.1437641680240631,0.18117515742778778,0.21073903143405914,0.2811746299266815,0.18314704298973083
pool,0,42,train_035,2,0.5986886024475098,0.22073449194431305,0.05558893829584122,0.0813574492931366,0.043630532920360565
pool,0,42,train_036,2,0.11217384785413742,0.1615685373544693,0.2535335421562195,0.23423387110233307,0.2384902536869049
pool,0,42,train_037,2,0.04757942631840706,0.4098758399486542,0.13166144490242004,0.16829237341880798,0.24259093403816223
pool,0,42,train_038,3,0.13688647747039795,0.18932422995567322,0.18256206810474396,0.27631375193595886,0.21491342782974243
pool,0,42,train_039,3,0.08051329851150513,0.1190706118941307,0.16012582182884216,0.358112633228302,0.28217771649360657
pool,0,42,train_040,2,0.07016231119632721,0.3605434000492096,0.1895821988582611,0.1711263656616211,0.2085857093334198
pool,0,42,train_041,3,0.1720103919506073,0.1676565557718277,0.22858759760856628,0.2618230879306793,0.169922336935997
pool,0,42,train_042,2,0.16221533715724945,0.201868936419487,0.2814837396144867,0.1577509492635727,0.19668106734752655
pool,0,42,train_043,4,0.046117380261421204,0.20633664727210999,0.14820168912410736,0.29605138301849365,0.3032929301261902
pool,0,42,train_044,3,0.16765359044075012,0.1739405244588852,0.23492784798145294,0.24184919893741608,0.18162886798381805
pool,0,42,train_045,3,0.0366973876953125,0.16615885496139526,0.13756057620048523,0.30248692631721497,0.35709625482559204
pool,0,42,train_046,4,0.10776591300964355,0.2599121034145355,0.32079067826271057,0.1591210961341858,0.15241022408008575
pool,0,42,train_047,2,0.25129610300064087,0.30285435914993286,0.3440583050251007,0.06983015686273575,0.03196100890636444
pool,0,42,train_048,4,0.07292763143777847,0.15734857320785522,0.17276260256767273,0.34078270196914673,0.25617849826812744
pool,0,42,train_049,2,0.09937405586242676,0.1476162075996399,0.23296433687210083,0.25158050656318665,0.2684648334980011
pool,0,42,train_050,4,0.0980759933590889,0.14185824990272522,0.2331717163324356,0.25969189405441284,0.26720210909843445
pool,0,42,train_051,3,0.1683695912361145,0.27613741159439087,0.2842293977737427,0.14079374074935913,0.13046984374523163
pool,0,42,train_052,3,0.17472216486930847,0.14803975820541382,0.21365445852279663,0.2964613437652588,0.1671222597360611
pool,0,42,train_053,3,0.12152164429426193,0.1818702518939972,0.2531321942806244,0.21921177208423615,0.22426414489746094
pool,0,42,train_054,2,0.10683292895555496,0.26099708676338196,0.25753867626190186,0.18300482630729675,0.19162647426128387
pool,0,42,train_055,3,0.19025181233882904,0.14091989398002625,0.21607524156570435,0.30203312635421753,0.15071992576122284
pool,0,42,train_056,1,0.07508918642997742,0.19224733114242554,0.29912975430488586,0.22644145786762238,0.20709232985973358
pool,0,42,train_057,1,0.10498875379562378,0.143635094165802,0.23284870386123657,0.2581404447555542,0.26038703322410583
pool,0,42,train_058,1,0.0751788318157196,0.18837018311023712,0.2777532935142517,0.23785650730133057,0.22084113955497742
pool,0,42,train_059,2,0.20379944145679474,0.17666834592819214,0.16285327076911926,0.2333209365606308,0.22335796058177948
pool,0,42,train_060,3,0.13042888045310974,0.1615518480539322,0.22266824543476105,0.3146879971027374,0.1706629991531372
pool,0,42,train_061,2,0.10350541770458221,0.15625803172588348,0.22212257981300354,0.25032129883766174,0.267792671918869
pool,0,42,train_062,3,0.1692427396774292,0.21326135098934174,0.23643174767494202,0.2004813700914383,0.18058273196220398
pool,0,42,train_063,2,0.17889472842216492,0.2041660100221634,0.1840571165084839,0.18877963721752167,0.24410253763198853
pool,0,42,train_064,2,0.07807986438274384,0.21862435340881348,0.2755076587200165,0.2148737609386444,0.21291431784629822
pool,0,42,train_065,3,0.1622135192155838,0.2736002504825592,0.2958879768848419,0.13584861159324646,0.13244961202144623
pool,0,42,train_066,2,0.0835953876376152,0.2891330420970917,0.19978876411914825,0.24466955661773682,0.18281327188014984
pool,0,42,train_067,3,0.1378028392791748,0.13696584105491638,0.23694849014282227,0.2469194382429123,0.24136343598365784
pool,0,42,train_068,3,0.17740915715694427,0.31542614102363586,0.3577444553375244,0.09054294973611832,0.05887731537222862
pool,0,42,train_069,2,0.1861480176448822,0.18692532181739807,0.2120124101638794,0.2379317730665207,0.17698246240615845
pool,0,42,train_070,2,0.3440781235694885,0.20532634854316711,0.34139251708984375,0.08352965116500854,0.02567330189049244
pool,0,42,train_071,4,0.11300475150346756,0.13245056569576263,0.234807088971138,0.26103100180625916,0.25870656967163086
pool,0,42,train_072,4,0.3162699341773987,0.2464870661497116,0.18217025697231293,0.10371191799640656,0.15136083960533142
pool,0,42,train_073,2,0.07062198221683502,0.17224238812923431,0.2574770748615265,0.26415538787841797,0.2355031967163086
pool,0,42,train_074,3,0.1259554922580719,0.18158860504627228,0.2494661957025528,0.22206391394138336,0.22092583775520325
pool,0,42,train_075,2,0.0734701082110405,0.34440189599990845,0.2660275995731354,0.15109796822071075,0.16500237584114075
pool,0,42,train_076,2,0.19453878700733185,0.4341979920864105,0.1514970362186432,0.09846212714910507,0.12130403518676758
pool,0,42,train_077,3,0.06067856028676033,0.26555076241493225,0.20149433612823486,0.22664660215377808,0.24562978744506836
pool,0,42,train_078,3,0.187275692820549,0.39970862865448,0.1938510537147522,0.09319544583559036,0.12596918642520905
pool,0,42,train_079,2,0.153903529047966,0.3313116729259491,0.2549016773700714,0.1024254560470581,0.157457634806633
pool,0,42,train_080,1,0.1686880886554718,0.20304134488105774,0.21656516194343567,0.19407673180103302,0.2176286280155182
pool,0,42,train_081,3,0.3430898189544678,0.16838550567626953,0.43870553374290466,0.03515497222542763,0.01466414611786604
pool,0,42,train_082,3,0.19605033099651337,0.4705347418785095,0.14785923063755035,0.06821666657924652,0.11733905225992203
pool,0,42,train_083,1,0.6408794522285461,0.22537095844745636,0.05568281188607216,0.04472960904240608,0.03333716839551926
pool,0,42,train_084,5,0.09319575130939484,0.13228575885295868,0.22733166813850403,0.26947322487831116,0.2777135670185089
pool,0,42,train_085,3,0.11105372756719589,0.1903221309185028,0.21991665661334991,0.23572459816932678,0.24298283457756042
pool,0,42,train_086,2,0.4325610101222992,0.47340190410614014,0.054636768996715546,0.02165718376636505,0.01774313859641552
pool,0,42,train_087,3,0.1791508048772812,0.14958283305168152,0.2126733958721161,0.2947622835636139,0.16383065283298492
pool,0,42,train_088,2,0.1568155586719513,0.32620346546173096,0.22403933107852936,0.1248549073934555,0.16808678209781647
pool,0,42,train_089,2,0.2944890856742859,0.1570783257484436,0.15045613050460815,0.20511212944984436,0.19286437332630157
pool,0,42,train_090,4,0.3266327679157257,0.23135708272457123,0.16039489209651947,0.1091214269399643,0.1724938452243805
pool,0,42,train_091,2,0.09317957609891891,0.21356932818889618,0.29139164090156555,0.19408561289310455,0.2077738493680954
pool,0,42,train_092,2,0.0679183229804039,0.192159041762352,0.2638031542301178,0.249393031001091,0.2267264425754547
pool,0,42,train_093,3,0.08166442066431046,0.24125179648399353,0.24452245235443115,0.19886232912540436,0.23369896411895752
pool,0,42,train_094,3,0.26600179076194763,0.27100011706352234,0.1766911745071411,0.15254656970500946,0.13376030325889587
pool,0,42,train_095,3,0.0623626671731472,0.18777914345264435,0.2730320394039154,0.2489290088415146,0.22789715230464935
pool,0,42,train_096,2,0.09615480154752731,0.24363340437412262,0.23777613043785095,0.21023735404014587,0.21219821274280548
pool,0,42,train_097,3,0.28216248750686646,0.3544154465198517,0.15170592069625854,0.10450203716754913,0.10721408575773239
pool,0,42,train_098,1,0.08310804516077042,0.2544991075992584,0.2487955242395401,0.2166135162115097,0.19698379933834076
pool,0,42,train_099,3,0.06727056205272675,0.1678740233182907,0.2634059190750122,0.2694615423679352,0.23198795318603516
pool,0,42,train_100,5,0.014802160672843456,0.1205686405301094,0.08533532172441483,0.29860594868659973,0.4806879162788391
pool,0,42,train_101,2,0.1075047180056572,0.15731985867023468,0.22856996953487396,0.25541314482688904,0.2511923015117645
pool,0,42,train_102,2,0.07887307554483414,0.45038557052612305,0.19261367619037628,0.15061667561531067,0.12751102447509766
pool,0,42,train_103,3,0.10573215037584305,0.12831100821495056,0.22484362125396729,0.27441513538360596,0.26669812202453613
pool,0,42,train_104,1,0.07259964942932129,0.18340066075325012,0.28051453828811646,0.25026625394821167,0.2132188379764557
pool,0,42,train_105,4,0.18055081367492676,0.16571705043315887,0.20401528477668762,0.2443428933620453,0.20537398755550385
pool,0,42,train_106,1,0.22394418716430664,0.2140336036682129,0.19975098967552185,0.17737622559070587,0.18489496409893036
pool,0,42,train_107,3,0.31479761004447937,0.17988237738609314,0.41579803824424744,0.06252942979335785,0.02699255757033825
pool,0,42,train_108,1,0.6145294308662415,0.11513730138540268,0.22235043346881866,0.040964193642139435,0.007018637377768755
pool,0,42,train_109,3,0.09564552456140518,0.19515416026115417,0.2812157869338989,0.21688343584537506,0.21110109984874725
pool,0,42,train_110,1,0.2583344578742981,0.326139360666275,0.14098359644412994,0.11892876774072647,0.15561379492282867
pool,0,42,train_111,3,0.17682166397571564,0.28659147024154663,0.3798779547214508,0.09035142511129379,0.06635747104883194
pool,0,42,train_112,1,0.800507128238678,0.11505187302827835,0.06176244467496872,0.019600674510002136,0.003077801549807191
pool,0,42,train_113,3,0.1255890130996704,0.13133619725704193,0.20712776482105255,0.26452764868736267,0.27141931653022766
pool,0,42,train_114,3,0.06137266755104065,0.17595846951007843,0.2593894302845001,0.27143293619155884,0.23184652626514435
pool,0,42,train_115,3,0.09860951453447342,0.15329082310199738,0.24022355675697327,0.2549533545970917,0.25292277336120605
pool,0,42,train_116,4,0.06497415900230408,0.12222263216972351,0.14683757722377777,0.3759158253669739,0.29004982113838196
pool,0,42,train_117,1,0.6597484350204468,0.2317754030227661,0.0430908240377903,0.03940623626112938,0.025979099795222282
pool,0,42,train_118,2,0.06432828307151794,0.1940765082836151,0.25609537959098816,0.25117501616477966,0.23432478308677673
pool,0,42,train_119,2,0.06442668288946152,0.19375011324882507,0.2674850523471832,0.24221141636371613,0.23212672770023346
pool,0,42,train_120,5,0.06818647682666779,0.18974624574184418,0.2795162498950958,0.24034065008163452,0.22221039235591888
pool,0,7,train_001,2,0.5854382514953613,0.2971550524234772,0.057861603796482086,0.030534686520695686,0.029010364785790443
pool,0,7,train_002,5,0.13094179332256317,0.3060406446456909,0.18097451329231262,0.16636475920677185,0.21567828953266144
pool,0,7,train_003,2,0.19260632991790771,0.17079095542430878,0.30780479311943054,0.1851959377527237,0.14360196888446808
pool,0,7,train_004,4,0.1403944492340088,0.25682979822158813,0.46519935131073,0.09496530145406723,0.04261105880141258
pool,0,7,train_005,5,0.048920758068561554,0.20607882738113403,0.34481486678123474,0.23694191873073578,0.16324356198310852
pool,0,7,train_006,2,0.148838073015213,0.1745518296957016,0.2830413579940796,0.2182687371969223,0.1753000169992447
pool,0,7,train_007,2,0.16748525202274323,0.14303605258464813,0.30514734983444214,0.27303311228752136,0.11129824817180634
pool,0,7,train_008,5,0.16723553836345673,0.19004125893115997,0.2265988439321518,0.24788983166217804,0.16823460161685944
pool,0,7,train_009,3,0.18998178839683533,0.23973585665225983,0.4390195906162262,0.09288649260997772,0.03837627172470093
pool,0,7,train_010,2,0.16210567951202393,0.20930969715118408,0.2551426589488983,0.1991325169801712,0.17430943250656128
pool,0,7,train_011,3,0.18612752854824066,0.20750100910663605,0.22162005305290222,0.2123090922832489,0.17244228720664978
pool,0,7,train_012,5,0.1901429295539856,0.17780381441116333,0.25422289967536926,0.20563450455665588,0.1721958965063095
pool,0,7,train_013,2,0.11781655251979828,0.1751270294189453,0.19553226232528687,0.31842392683029175,0.1931001842021942
pool,0,7,train_014,5,0.12486688047647476,0.16242456436157227,0.25891774892807007,0.2493949681520462,0.2043958455324173
pool,0,7,train_015,3,0.3176046907901764,0.27493351697921753,0.32104745507240295,0.049329061061143875,0.03708532452583313
pool,0,7,train_016,4,0.35516151785850525,0.3350633680820465,0.13549776375293732,0.07870090007781982,0.0955764502286911
pool,0,7,train_017,2,0.33631622791290283,0.2088756561279297,0.21692143380641937,0.13004285097122192,0.1078437864780426
pool,0,7,train_018,5,0.21646180748939514,0.24768619239330292,0.1934690773487091,0.1728357970714569,0.16954712569713593
pool,0,7,train_019,3,0.30857887864112854,0.31572917103767395,0.2619394361972809,0.06474410742521286,0.04900839179754257
pool,0,7,train_020,2,0.1500280648469925,0.2051733434200287,0.208822563290596,0.25927969813346863,0.17669634521007538
pool,0,7,train_021,5,0.13558636605739594,0.13163445889949799,0.26514965295791626,0.3393515646457672,0.1282779425382614
pool,0,7,train_022,4,0.22123631834983826,0.26755571365356445,0.136532261967659,0.1200743094086647,0.254601389169693
pool,0,7,train_023,3,0.10183864831924438,0.19092339277267456,0.14375720918178558,0.2945500612258911,0.26893073320388794
pool,0,7,train_024,5,0.36138594150543213,0.3134791851043701,0.13588181138038635,0.07992628216743469,0.10932677239179611
pool,0,7,train_025,5,0.19759917259216309,0.21939070522785187,0.21213063597679138,0.19848336279392242,0.17239615321159363
pool,0,7,train_026,3,0.1629515290260315,0.13902783393859863,0.3082732558250427,0.2841571569442749,0.10559020936489105
pool,0,7,train_027,2,0.26799067854881287,0.39004358649253845,0.10736173391342163,0.12254508584737778,0.11205889284610748
pool,0,7,train_028,4,0.17974984645843506,0.20104274153709412,0.22607463598251343,0.2196180522441864,0.17351467907428741
pool,0,7,train_029,2,0.5747809410095215,0.30292975902557373,0.049239885061979294,0.03750249370932579,0.03554697334766388
pool,0,7,train_030,5,0.13706108927726746,0.18492218852043152,0.1814873218536377,0.2495189905166626,0.24701039493083954
pool,0,7,train_031,4,0.13020114600658417,0.14869071543216705,0.23339582979679108,0.33683112263679504,0.15088117122650146
pool,0,7,train_032,3,0.1921929568052292,0.21933478116989136,0.21384352445602417,0.2013087421655655,0.1733199506998062
pool,0,7,train_033,1,0.27862924337387085,0.3197406232357025,0.1517995446920395,0.12260599434375763,0.1272246241569519
pool,0,7,train_034,2,0.10960360616445541,0.1666816771030426,0.1921887844800949,0.3287678360939026,0.2027580738067627
pool,0,7,train_035,2,0.6379891633987427,0.25060299038887024,0.03974014148116112,0.04034461826086044,0.03132305666804314
pool,0,7,train_036,2,0.2327873855829239,0.17113666236400604,0.41225212812423706,0.13535165786743164,0.04847215116024017
pool,0,7,train_037,2,0.2564518451690674,0.28843948245048523,0.148642435669899,0.13960649073123932,0.16685974597930908
pool,0,7,train_038,3,0.057434383779764175,0.14903351664543152,0.23883287608623505,0.31411513686180115,0.2405841201543808
pool,0,7,train_039,3,0.160690575838089,0.16562683880329132,0.2435094714164734,0.2282455563545227,0.2019275426864624
pool,0,7,train_040,2,0.08393032848834991,0.2692815959453583,0.096331886947155,0.15534453094005585,0.3951115906238556
pool,0,7,train_041,3,0.16303293406963348,0.1548522561788559,0.2897449731826782,0.2729381322860718,0.11943168193101883
pool,0,7,train_042,2,0.2194303572177887,0.24148090183734894,0.19641251862049103,0.17525409162044525,0.16742214560508728
pool,0,7,train_043,4,0.12726238369941711,0.16146022081375122,0.28345584869384766,0.23672457039356232,0.1910969614982605
pool,0,7,train_044,3,0.19517144560813904,0.17607325315475464,0.2965748906135559,0.21359995007514954,0.11858052760362625
pool,0,7,train_045,3,0.1309259533882141,0.15739604830741882,0.2894816994667053,0.2375425547361374,0.18465377390384674
pool,0,7,train_046,4,0.1321350485086441,0.2868945896625519,0.3627566397190094,0.1387896090745926,0.07942409813404083
pool,0,7,train_047,2,0.1812806874513626,0.1764945387840271,0.30176204442977905,0.18668416142463684,0.15377861261367798
pool,0,7,train_048,4,0.1329396665096283,0.15370340645313263,0.29545858502388,0.23962746560573578,0.17827095091342926
pool,0,7,train_049,2,0.11161986738443375,0.20152346789836884,0.2719627916812897,0.22858965396881104,0.1863042265176773
pool,0,7,train_050,4,0.07627055794000626,0.1746201068162918,0.22854870557785034,0.2798568308353424,0.2407037615776062
pool,0,7,train_051,3,0.388396680355072,0.2527071535587311,0.2741582989692688,0.05379793792963028,0.03093995712697506
pool,0,7,train_052,3,0.13691583275794983,0.14498867094516754,0.24754686653614044,0.3405584394931793,0.12999022006988525
pool,0,7,train_053,3,0.2761557400226593,0.14983762800693512,0.43663281202316284,0.10926192998886108,0.028111932799220085
pool,0,7,train_054,2,0.31864267587661743,0.3446560800075531,0.2117631584405899,0.0699690654873848,0.05496901273727417
pool,0,7,train_055,3,0.154161736369133,0.12094858288764954,0.31349268555641174,0.32296717166900635,0.08842981606721878
pool,0,7,train_056,1,0.1863745003938675,0.20453456044197083,0.22246813774108887,0.21343016624450684,0.17319265007972717
pool,0,7,train_057,1,0.13056038320064545,0.18560360372066498,0.3187490403652191,0.24675440788269043,0.11833257228136063
pool,0,7,train_058,1,0.18868009746074677,0.21022352576255798,0.21900230646133423,0.20882970094680786,0.17326435446739197
pool,0,7,train_059,2,0.16659227013587952,0.2618033289909363,0.12732793390750885,0.21309922635555267,0.2311772257089615
pool,0,7,train_060,3,0.1768379807472229,0.161463662981987,0.27848097681999207,0.21459412574768066,0.16862322390079498
pool,0,7,train_061,2,0.15934449434280396,0.2395743429660797,0.2569767236709595,0.16163989901542664,0.18246455490589142
pool,0,7,train_062,3,0.2472197264432907,0.2108059823513031,0.2889271676540375,0.1471618264913559,0.10588529706001282
pool,0,7,train_063,2,0.3625167906284332,0.347308874130249,0.10305743664503098,0.0904465839266777,0.09667036682367325
pool,0,7,train_064,2,0.19214196503162384,0.21617276966571808,0.2170514017343521,0.20240001380443573,0.17223380506038666
pool,0,7,train_065,3,0.36749380826950073,0.26881617307662964,0.2751134932041168,0.054722558706998825,0.033853888511657715
pool,0,7,train_066,2,0.14112421870231628,0.17474423348903656,0.29214856028556824,0.21655283868312836,0.17543013393878937
pool,0,7,train_067,3,0.2558225691318512,0.13152770698070526,0.4141850471496582,0.16511264443397522,0.03335203230381012
pool,0,7,train_068,3,0.15951867401599884,0.16767218708992004,0.31404736638069153,0.19693927466869354,0.16182251274585724
pool,0,7,train_069,2,0.1773606687784195,0.14955808222293854,0.28083887696266174,0.250600665807724,0.14164172112941742
pool,0,7,train_070,2,0.18878963589668274,0.16810448467731476,0.3146100342273712,0.18762117624282837,0.14087466895580292
pool,0,7,train_071,4,0.11480002105236053,0.17133158445358276,0.29488247632980347,0.20855730772018433,0.2104286253452301
pool,0,7,train_072,4,0.22396691143512726,0.24833863973617554,0.19262227416038513,0.16793453693389893,0.16713763773441315
pool,0,7,train_073,2,0.18642207980155945,0.21005657315254211,0.2184188812971115,0.21105456352233887,0.17404796183109283
pool,0,7,train_074,3,0.2849530875682831,0.14102725684642792,0.44711029529571533,0.10358890146017075,0.023320425301790237
pool,0,7,train_075,2,0.11986646801233292,0.3282495439052582,0.36379915475845337,0.09982205927371979,0.08826278895139694
pool,0,7,train_076,2,0.29184436798095703,0.3972400426864624,0.08071167767047882,0.08958397060632706,0.1406199038028717
pool,0,7,train_077,3,0.1457471251487732,0.17037944495677948,0.2945471405982971,0.21330945193767548,0.1760168969631195
pool,0,7,train_078,3,0.3855396807193756,0.4143217206001282,0.09119584411382675,0.0595446415245533,0.04939804598689079
pool,0,7,train_079,2,0.21028731763362885,0.23122137784957886,0.20486770570278168,0.18251048028469086,0.17111320793628693
pool,0,7,train_080,1,0.4141181409358978,0.2549475431442261,0.1952924281358719,0.06404373794794083,0.07159821689128876
pool,0,7,train_081,3,0.19268900156021118,0.17192937433719635,0.33644625544548035,0.1678210198879242,0.13111427426338196
pool,0,7,train_082,3,0.22338949143886566,0.2551209032535553,0.1902364194393158,0.16510581970214844,0.1661473661661148
pool,0,7,train_083,1,0.5182571411132812,0.3394104242324829,0.05314033105969429,0.06235888972878456,0.02683318220078945
pool,0,7,train_084,5,0.05926673486828804,0.16077515482902527,0.2115582376718521,0.27811694145202637,0.2902829647064209
pool,0,7,train_085,3,0.047861114144325256,0.24374006688594818,0.07105468958616257,0.15068407356739044,0.48666006326675415
pool,0,7,train_086,2,0.4860423505306244,0.39405524730682373,0.04978048801422119,0.04864178225398064,0.021480070427060127
pool,0,7,train_087,3,0.14143075048923492,0.12535400688648224,0.28511664271354675,0.3297015428543091,0.11839709430932999
pool,0,7,train_088,2,0.2803601026535034,0.2904702126979828,0.19598309695720673,0.11915380507707596,0.11403283476829529
pool,0,7,train_089,2,0.3950972259044647,0.2637347877025604,0.13646450638771057,0.09565521776676178,0.10904821008443832
pool,0,7,train_090,4,0.23296336829662323,0.26567110419273376,0.18038862943649292,0.1552961766719818,0.16568076610565186
pool,0,7,train_091,2,0.20200857520103455,0.2249768227338791,0.2098401039838791,0.19240568578243256,0.1707688570022583
pool,0,7,train_092,2,0.18690483272075653,0.21169644594192505,0.2189406305551529,0.20947176218032837,0.17298628389835358
pool,0,7,train_093,3,0.20078685879707336,0.23255658149719238,0.20602893829345703,0.1877361536026001,0.1728915125131607
pool,0,7,train_094,3,0.6582766175270081,0.21977950632572174,0.06839978694915771,0.027936087921261787,0.02560800313949585
pool,0,7,train_095,3,0.18404528498649597,0.20794492959976196,0.22070878744125366,0.21306486427783966,0.17423619329929352
pool,0,7,train_096,2,0.11180879175662994,0.3510182201862335,0.14009283483028412,0.1603669673204422,0.23671318590641022
pool,0,7,train_097,3,0.625419020652771,0.2645379900932312,0.04316379129886627,0.03444429114460945,0.0324348509311676
pool,0,7,train_098,1,0.08185204118490219,0.25065991282463074,0.3199615776538849,0.19595803320407867,0.15156838297843933
pool,0,7,train_099,3,0.1829923540353775,0.20521137118339539,0.2215830385684967,0.21610189974308014,0.17411132156848907
pool,0,7,train_100,5,0.1453535407781601,0.20329351723194122,0.19626998901367188,0.221479594707489,0.2336033433675766
pool,0,7,train_101,2,0.09438593685626984,0.21100619435310364,0.18887194991111755,0.2061884105205536,0.2995474338531494
pool,0,7,train_102,2,0.1375650018453598,0.17132791876792908,0.27236515283584595,0.22374573349952698,0.19499614834785461
pool,0,7,train_103,3,0.0806887224316597,0.1510639786720276,0.2773413360118866,0.29867178201675415,0.1922341287136078
pool,0,7,train_104,1,0.18260501325130463,0.20186977088451385,0.22525137662887573,0.21805362403392792,0.1722201555967331
pool,0,7,train_105,4,0.17970146238803864,0.22413413226604462,0.1990814357995987,0.21462219953536987,0.1824607402086258
pool,0,7,train_106,1,0.27960801124572754,0.23671674728393555,0.23343542218208313,0.13496151566505432,0.11527825891971588
pool,0,7,train_107,3,0.1999099850654602,0.1774958074092865,0.3117797076702118,0.16985227167606354,0.14096221327781677
pool,0,7,train_108,1,0.1585489958524704,0.1426684856414795,0.3327019214630127,0.21533110737800598,0.15074947476387024
pool,0,7,train_109,3,0.19373737275600433,0.2139395922422409,0.21694901585578918,0.20379091799259186,0.1715831309556961
pool,0,7,train_110,1,0.2388574630022049,0.3786909282207489,0.09371631592512131,0.14533843100070953,0.14339683949947357
pool,0,7,train_111,3,0.1942960023880005,0.18500132858753204,0.3006562292575836,0.1711215078830719,0.14892494678497314
pool,0,7,train_112,1,0.3767024576663971,0.24691611528396606,0.16149315237998962,0.11780395358800888,0.09708430618047714
pool,0,7,train_113,3,0.07847658544778824,0.163797065615654,0.12779930233955383,0.1607992798089981,0.4691278338432312
pool,0,7,train_114,3,0.18072335422039032,0.20530760288238525,0.22212402522563934,0.21753163635730743,0.17431341111660004
pool,0,7,train_115,3,0.09964010864496231,0.17963500320911407,0.3158433735370636,0.27028316259384155,0.13459831476211548
pool,0,7,train_116,4,0.13541893661022186,0.1486944854259491,0.284006804227829,0.2502739429473877,0.18160580098628998
pool,0,7,train_117,1,0.7327902317047119,0.19948719441890717,0.024895094335079193,0.025377074256539345,0.01745048351585865
pool,0,7,train_118,2,0.1885301023721695,0.21625666320323944,0.2154262214899063,0.20635934174060822,0.17342762649059296
pool,0,7,train_119,2,0.1892869621515274,0.21494945883750916,0.21595042943954468,0.20618970692157745,0.17362336814403534
pool,0,7,train_120,5,0.1869087517261505,0.20927275717258453,0.21974898874759674,0.21094560623168945,0.17312386631965637
pool,0,123,train_001,2,0.6419138312339783,0.2853187024593353,0.037736743688583374,0.021706126630306244,0.01332456897944212
pool,0,123,train_002,5,0.13135482370853424,0.20716486871242523,0.19473466277122498,0.23531299829483032,0.23143264651298523
pool,0,123,train_003,2,0.1877404898405075,0.16391734778881073,0.29565510153770447,0.19652210175991058,0.15616494417190552
pool,0,123,train_004,4,0.10562747716903687,0.20788156986236572,0.302410751581192,0.18408171832561493,0.19999846816062927
pool,0,123,train_005,5,0.09484633058309555,0.18467962741851807,0.24476616084575653,0.24009834229946136,0.23560962080955505
pool,0,123,train_006,2,0.1324934959411621,0.16741344332695007,0.2694914638996124,0.22918148338794708,0.20142017304897308
pool,0,123,train_007,2,0.1825110763311386,0.1950109302997589,0.2427610456943512,0.20804108679294586,0.17167584598064423
pool,0,123,train_008,5,0.20131558179855347,0.2193785309791565,0.22426027059555054,0.1836918145418167,0.17135374248027802
pool,0,123,train_009,3,0.12700369954109192,0.21016886830329895,0.29753628373146057,0.17884668707847595,0.18644443154335022
pool,0,123,train_010,2,0.1653537005186081,0.18234552443027496,0.24749290943145752,0.18667955696582794,0.21812833845615387
pool,0,123,train_011,3,0.12836065888404846,0.20059090852737427,0.4082220494747162,0.20880694687366486,0.05401941016316414
pool,0,123,train_012,5,0.1849897801876068,0.13985365629196167,0.25068145990371704,0.2614000737667084,0.1630750447511673
pool,0,123,train_013,2,0.16250541806221008,0.18903909623622894,0.23997896909713745,0.21239140629768372,0.196085125207901
pool,0,123,train_014,5,0.07797523587942123,0.15146243572235107,0.23619422316551208,0.2198004424571991,0.3145676851272583
pool,0,123,train_015,3,0.1331738978624344,0.2353103905916214,0.27699312567710876,0.15820904076099396,0.1963135451078415
pool,0,123,train_016,4,0.1121101900935173,0.20226657390594482,0.2703261077404022,0.18701787292957306,0.22827932238578796
pool,0,123,train_017,2,0.4737895429134369,0.13881735503673553,0.18052543699741364,0.1509188711643219,0.055948808789253235
pool,0,123,train_018,5,0.08658090978860855,0.21628600358963013,0.04206496477127075,0.11073826253414154,0.544329822063446
pool,0,123,train_019,3,0.12843143939971924,0.22142699360847473,0.2611809968948364,0.18441089987754822,0.20454972982406616
pool,0,123,train_020,2,0.16896101832389832,0.19626089930534363,0.23263832926750183,0.2025996297597885,0.1995401531457901
pool,0,123,train_021,5,0.15909147262573242,0.17656537890434265,0.2511650323867798,0.22817708551883698,0.18500107526779175
pool,0,123,train_022,4,0.28079715371131897,0.2581123113632202,0.17491041123867035,0.11799923330545425,0.1681808978319168
pool,0,123,train_023,3,0.15378990769386292,0.18828748166561127,0.22934670746326447,0.20784060657024384,0.22073528170585632
pool,0,123,train_024,5,0.2955664396286011,0.2740786075592041,0.1716749370098114,0.11284465342760086,0.14583544433116913
pool,0,123,train_025,5,0.08107801526784897,0.12194505333900452,0.17015613615512848,0.3467545211315155,0.28006625175476074
pool,0,123,train_026,3,0.17581528425216675,0.19188837707042694,0.2455097883939743,0.2096063494682312,0.1771801859140396
pool,0,123,train_027,2,0.32059136033058167,0.38695910573005676,0.11436406522989273,0.08717773854732513,0.09090763330459595
pool,0,123,train_028,4,0.07521940022706985,0.19175361096858978,0.2556377649307251,0.34913477301597595,0.12825444340705872
pool,0,123,train_029,2,0.4792334735393524,0.3220987319946289,0.06563402712345123,0.06829701364040375,0.06473665684461594
pool,0,123,train_030,5,0.20323686301708221,0.233292356133461,0.20830519497394562,0.17323221266269684,0.18193338811397552
pool,0,123,train_031,4,0.15972016751766205,0.17858976125717163,0.24452407658100128,0.22240392863750458,0.1947619765996933
pool,0,123,train_032,3,0.050142981112003326,0.1606602519750595,0.06605128943920135,0.22026075422763824,0.5028847455978394
pool,0,123,train_033,1,0.3159191906452179,0.3191204071044922,0.13883823156356812,0.11437198519706726,0.11175022274255753
pool,0,123,train_034,2,0.15354344248771667,0.1869579404592514,0.2393195629119873,0.21612036228179932,0.20405863225460052
pool,0,123,train_035,2,0.5850869417190552,0.20410475134849548,0.0327722504734993,0.11828415840864182,0.05975190922617912
pool,0,123,train_036,2,0.16892963647842407,0.18814809620380402,0.2564254701137543,0.1884268820285797,0.19806993007659912
pool,0,123,train_037,2,0.16347691416740417,0.2432686686515808,0.16481681168079376,0.18848846852779388,0.23994913697242737
pool,0,123,train_038,3,0.1429567039012909,0.15794983506202698,0.15528757870197296,0.31683140993118286,0.2269744724035263
pool,0,123,train_039,3,0.11206414550542831,0.1611863374710083,0.2189057171344757,0.23530113697052002,0.27254268527030945
pool,0,123,train_040,2,0.125375896692276,0.24468950927257538,0.19707748293876648,0.20401419699192047,0.22884294390678406
pool,0,123,train_041,3,0.17408013343811035,0.19436810910701752,0.24069362878799438,0.20570053160190582,0.18515756726264954
pool,0,123,train_042,2,0.5255534648895264,0.16965284943580627,0.19358253479003906,0.06502099335193634,0.04619014635682106
pool,0,123,train_043,4,0.09392732381820679,0.162666454911232,0.25383391976356506,0.22029459476470947,0.2692776918411255
pool,0,123,train_044,3,0.1871647983789444,0.20959460735321045,0.23003971576690674,0.190395787358284,0.1828051060438156
pool,0,123,train_045,3,0.09719065576791763,0.15741410851478577,0.2584671974182129,0.2236626297235489,0.26326534152030945
pool,0,123,train_046,4,0.11302272975444794,0.2022864669561386,0.28723859786987305,0.20267318189144135,0.19477903842926025
pool,0,123,train_047,2,0.1631992608308792,0.1888977289199829,0.28433090448379517,0.1825200319290161,0.18105211853981018
pool,0,123,train_048,4,0.10238637775182724,0.15705327689647675,0.26927676796913147,0.22107461094856262,0.2502090036869049
pool,0,123,train_049,2,0.15368513762950897,0.1744508594274521,0.25619861483573914,0.19731466472148895,0.21835070848464966
pool,0,123,train_050,4,0.14689670503139496,0.164832204580307,0.26270151138305664,0.20641453564167023,0.21915504336357117
pool,0,123,train_051,3,0.16390708088874817,0.2247859090566635,0.23841817677021027,0.18722662329673767,0.18566225469112396
pool,0,123,train_052,3,0.16086791455745697,0.17706835269927979,0.2486904114484787,0.22417603433132172,0.18919719755649567
pool,0,123,train_053,3,0.18958356976509094,0.21111106872558594,0.23549216985702515,0.17233864963054657,0.19147448241710663
pool,0,123,train_054,2,0.11234281212091446,0.19423729181289673,0.23312029242515564,0.2243519425392151,0.23594756424427032
pool,0,123,train_055,3,0.16343678534030914,0.17358006536960602,0.25605520606040955,0.23003369569778442,0.17689424753189087
pool,0,123,train_056,1,0.26167383790016174,0.16475333273410797,0.45937418937683105,0.09511150419712067,0.019087107852101326
pool,0,123,train_057,1,0.15174005925655365,0.169936865568161,0.2625623047351837,0.20251356065273285,0.2132471650838852
pool,0,123,train_058,1,0.11341406404972076,0.18446791172027588,0.30793070793151855,0.2969707250595093,0.09721652418375015
pool,0,123,train_059,2,0.2308560162782669,0.25431084632873535,0.18466290831565857,0.16763904690742493,0.16253119707107544
pool,0,123,train_060,3,0.1470009684562683,0.1488373726606369,0.26627829670906067,0.2365991473197937,0.20128415524959564
pool,0,123,train_061,2,0.17493928968906403,0.1935841590166092,0.23785898089408875,0.1790151447057724,0.21460245549678802
pool,0,123,train_062,3,0.2184818834066391,0.23899462819099426,0.2082701474428177,0.1654374748468399,0.16881583631038666
pool,0,123,train_063,2,0.29668867588043213,0.2652159035205841,0.1528458595275879,0.09706473350524902,0.18818482756614685
pool,0,123,train_064,2,0.12203872948884964,0.201868936419487,0.46437913179397583,0.14850711822509766,0.06320609152317047
pool,0,123,train_065,3,0.15819820761680603,0.22127826511859894,0.24610808491706848,0.18766699731349945,0.18674835562705994
pool,0,123,train_066,2,0.10576660931110382,0.18462148308753967,0.2663492262363434,0.19939874112606049,0.24386394023895264
pool,0,123,train_067,3,0.18139441311359406,0.19311945140361786,0.25772789120674133,0.18016716837882996,0.18759103119373322
pool,0,123,train_068,3,0.13109458982944489,0.18416321277618408,0.29401955008506775,0.18106596171855927,0.2096567302942276
pool,0,123,train_069,2,0.21213184297084808,0.22290164232254028,0.21676179766654968,0.1897115558385849,0.15849311649799347
pool,0,123,train_070,2,0.19048435986042023,0.16554664075374603,0.30063822865486145,0.19359804689884186,0.14973269402980804
pool,0,123,train_071,4,0.17732003331184387,0.18833883106708527,0.2539222538471222,0.1854829639196396,0.19493596255779266
pool,0,123,train_072,4,0.3418729901313782,0.2273770272731781,0.10870812833309174,0.12158788740634918,0.20045393705368042
pool,0,123,train_073,2,0.08368181437253952,0.15242338180541992,0.20693959295749664,0.361074835062027,0.19588036835193634
pool,0,123,train_074,3,0.19091573357582092,0.21124452352523804,0.2369673252105713,0.17235220968723297,0.1885201781988144
pool,0,123,train_075,2,0.11022868752479553,0.22947145998477936,0.2717965245246887,0.18289586901664734,0.20560747385025024
pool,0,123,train_076,2,0.27488064765930176,0.31365200877189636,0.11744068562984467,0.14394795894622803,0.1500786691904068
pool,0,123,train_077,3,0.10717739164829254,0.17439322173595428,0.2682037353515625,0.20168976485729218,0.2485359162092209
pool,0,123,train_078,3,0.3638732433319092,0.3401437997817993,0.1054435446858406,0.07198526710271835,0.11855413764715195
pool,0,123,train_079,2,0.34068989753723145,0.4105650782585144,0.1708361804485321,0.0217643603682518,0.056144434958696365
pool,0,123,train_080,1,0.27098071575164795,0.26416730880737305,0.17838728427886963,0.11989147961139679,0.16657321155071259
pool,0,123,train_081,3,0.19410628080368042,0.18835623562335968,0.323466956615448,0.1550830453634262,0.13898751139640808
pool,0,123,train_082,3,0.1293015480041504,0.5719126462936401,0.03316318616271019,0.04933292046189308,0.2162897288799286
pool,0,123,train_083,1,0.5050486326217651,0.34462428092956543,0.058433543890714645,0.039654865860939026,0.052238717675209045
pool,0,123,train_084,5,0.149679496884346,0.16893433034420013,0.26073363423347473,0.20470495522022247,0.21594759821891785
pool,0,123,train_085,3,0.18233752250671387,0.21540866792201996,0.23288673162460327,0.18033753335475922,0.18902957439422607
pool,0,123,train_086,2,0.46584397554397583,0.38413044810295105,0.057448092848062515,0.043769191950559616,0.04880828410387039
pool,0,123,train_087,3,0.17058165371418,0.1826704889535904,0.24674518406391144,0.22281111776828766,0.17719155550003052
pool,0,123,train_088,2,0.2597314119338989,0.28840285539627075,0.17473605275154114,0.13213874399662018,0.14499086141586304
pool,0,123,train_089,2,0.3028521239757538,0.2562442421913147,0.16641981899738312,0.10713139176368713,0.16735239326953888
pool,0,123,train_090,4,0.16059720516204834,0.1754464954137802,0.05053894594311714,0.11594480276107788,0.49747249484062195
pool,0,123,train_091,2,0.1624404788017273,0.15360255539417267,0.46857380867004395,0.14626862108707428,0.0691145583987236
pool,0,123,train_092,2,0.07078669220209122,0.19580572843551636,0.11178452521562576,0.37016093730926514,0.25146210193634033
pool,0,123,train_093,3,0.06414777040481567,0.2475433349609375,0.06702113151550293,0.12008506059646606,0.5012027025222778
pool,0,123,train_094,3,0.2517547905445099,0.23198650777339935,0.14402729272842407,0.19118797779083252,0.18104347586631775
pool,0,123,train_095,3,0.05523034185171127,0.15552020072937012,0.11937972158193588,0.3843172490596771,0.285552442073822
pool,0,123,train_096,2,0.10637380182743073,0.1869102418422699,0.2104264497756958,0.2511851489543915,0.24510438740253448
pool,0,123,train_097,3,0.2943757474422455,0.27945512533187866,0.11487661302089691,0.1503235548734665,0.16096889972686768
pool,0,123,train_098,1,0.10143909603357315,0.1825425624847412,0.232494056224823,0.25156158208847046,0.2319626808166504
pool,0,123,train_099,3,0.06748595088720322,0.13503238558769226,0.20927681028842926,0.43806520104408264,0.15013964474201202
pool,0,123,train_100,5,0.08611806482076645,0.16154977679252625,0.19217245280742645,0.24591557681560516,0.3142441511154175
pool,0,123,train_101,2,0.16491419076919556,0.18695829808712006,0.25360557436943054,0.19487354159355164,0.1996484398841858
pool,0,123,train_102,2,0.10401511192321777,0.16742713749408722,0.24825651943683624,0.2181367576122284,0.26216450333595276
pool,0,123,train_103,3,0.15350063145160675,0.16912896931171417,0.2655361294746399,0.20228295028209686,0.20955133438110352
pool,0,123,train_104,1,0.10283937305212021,0.14940126240253448,0.35661619901657104,0.3199792504310608,0.07116386294364929
pool,0,123,train_105,4,0.2015664130449295,0.21766820549964905,0.2154121994972229,0.18207480013370514,0.1832784116268158
pool,0,123,train_106,1,0.2725899815559387,0.2771931290626526,0.17214536666870117,0.14302539825439453,0.135046124458313
pool,0,123,train_107,3,0.19783642888069153,0.17872050404548645,0.30113595724105835,0.17456276714801788,0.14774438738822937
pool,0,123,train_108,1,0.1786271184682846,0.11939854174852371,0.3212364614009857,0.23388060927391052,0.14685727655887604
pool,0,123,train_109,3,0.16311991214752197,0.13912369310855865,0.5753782987594604,0.10033617168664932,0.022041888907551765
pool,0,123,train_110,1,0.32074135541915894,0.35448506474494934,0.11228383332490921,0.09359274059534073,0.11889702826738358
pool,0,123,train_111,3,0.16252018511295319,0.20179323852062225,0.29208242893218994,0.16728092730045319,0.1763232797384262
pool,0,123,train_112,1,0.6215620636940002,0.20783731341362,0.07291167229413986,0.06952135264873505,0.028167475014925003
pool,0,123,train_113,3,0.19701369106769562,0.19875629246234894,0.2324729561805725,0.16641777753829956,0.2053392231464386
pool,0,123,train_114,3,0.059518001973629,0.14865072071552277,0.14272940158843994,0.45401620864868164,0.19508562982082367
pool,0,123,train_115,3,0.14840318262577057,0.16982662677764893,0.26750919222831726,0.20731492340564728,0.20694607496261597
pool,0,123,train_116,4,0.10007081925868988,0.14526760578155518,0.2513541579246521,0.23430584371089935,0.2690016031265259
pool,0,123,train_117,1,0.7124137282371521,0.17927435040473938,0.018269328400492668,0.0606439970433712,0.02939862199127674
pool,0,123,train_118,2,0.11785336583852768,0.30783697962760925,0.13933226466178894,0.2481827586889267,0.18679459393024445
pool,0,123,train_119,2,0.09473086148500443,0.259137898683548,0.17281103134155273,0.26550301909446716,0.2078171819448471
pool,0,123,train_120,5,0.07601895183324814,0.1718568652868271,0.13281144201755524,0.3769950866699219,0.24231766164302826
pool,0,ensemble,train_001,2,0.5502303640047709,0.3410976827144623,0.06729820370674133,0.02175939766069253,0.01961431869616111
pool,0,ensemble,train_002,5,0.12324017783006032,0.26166029274463654,0.2022662212451299,0.20074482758839926,0.212088480591774
pool,0,ensemble,train_003,2,0.22762392461299896,0.17296041051546732,0.3181177079677582,0.16670645525058111,0.11459150165319443
pool,0,ensemble,train_004,4,0.11299844334522884,0.2465363840262095,0.36337287227312726,0.14254492769638696,0.13454734658201536
pool,0,ensemble,train_005,5,0.07402016470829646,0.21216238041718802,0.28415051599343616,0.2266692966222763,0.20299765964349112
pool,0,ensemble,train_006,2,0.1314264585574468,0.343814676006635,0.22991475462913513,0.16347729290525118,0.13136684522032738
pool,0,ensemble,train_007,2,0.17830705642700195,0.16769572099049887,0.2577208826939265,0.24872256815433502,0.14755378166834512
pool,0,ensemble,train_008,5,0.1839457799990972,0.19812409579753876,0.22628094255924225,0.21895304322242737,0.17269614338874817
pool,0,ensemble,train_009,3,0.1490405946969986,0.23636903862158457,0.3571767310301463,0.1366779406865438,0.12073566516240437
pool,0,ensemble,train_010,2,0.1443916087349256,0.1774801810582479,0.24279003341992697,0.21331877509752908,0.22201940913995108
pool,0,ensemble,train_011,3,0.12969818959633508,0.19976027309894562,0.3022196690241496,0.22057616213957468,0.14774568006396294
pool,0,ensemble,train_012,5,0.24067946275075278,0.25061426560084027,0.22036882738272348,0.1724630668759346,0.11587441464265187
pool,0,ensemble,train_013,2,0.14554429550965628,0.1819170912106832,0.21769043306509653,0.266900231440862,0.187947948773702
pool,0,ensemble,train_014,5,0.07376902860899766,0.1339252988497416,0.19133026401201883,0.26316923399766284,0.33780618011951447
pool,0,ensemble,train_015,3,0.1894314562280973,0.2729830394188563,0.30623070398966473,0.1084337296585242,0.12292108436425526
pool,0,ensemble,train_016,4,0.19318355123202005,0.2648634711901347,0.2386117031176885,0.1369850883881251,0.16635622580846152
pool,0,ensemble,train_017,2,0.502871702114741,0.14076160142819086,0.1944951961437861,0.10504926244417827,0.056822213189055525
pool,0,ensemble,train_018,5,0.14876034607489905,0.23244271675745645,0.14772096276283264,0.15431344509124756,0.3167624920606613
pool,0,ensemble,train_019,3,0.18571867297093073,0.27579102913538617,0.2731964687506358,0.13048087308804193,0.13481297343969345
pool,0,ensemble,train_020,2,0.15653672814369202,0.19260952870051065,0.2184150367975235,0.24296985566616058,0.18946885069211325
pool,0,ensemble,train_021,5,0.15673748652140299,0.15141294399897257,0.24400988717873892,0.28840069472789764,0.15943898757298788
pool,0,ensemble,train_022,4,0.24058845142523447,0.23439602553844452,0.1642907311518987,0.1482310096422831,0.2124937872091929
pool,0,ensemble,train_023,3,0.13106211026509604,0.1826522797346115,0.19242547949155173,0.2598615338404973,0.23399858673413595
pool,0,ensemble,train_024,5,0.30037511388460797,0.26563189427057904,0.1668053021033605,0.1214045708378156,0.14578314373890558
pool,0,ensemble,train_025,5,0.12038064499696095,0.17621295154094696,0.22242862482865652,0.25524933139483136,0.22572844723860422
pool,0,ensemble,train_026,3,0.17433209220568338,0.16128107905387878,0.26118865112463635,0.2537723978360494,0.14942574997742972
pool,0,ensemble,train_027,2,0.27938686807950336,0.40423300862312317,0.12660933285951614,0.09114829699198405,0.09862243632475536
pool,0,ensemble,train_028,4,0.10471801211436589,0.19542604684829712,0.2524790068467458,0.2736300627390544,0.17374684909979501
pool,0,ensemble,train_029,2,0.5038219193617502,0.3339993357658386,0.0705953302482764,0.04570282126466433,0.04588056976596514
pool,0,ensemble,train_030,5,0.16066457331180573,0.20887979865074158,0.20133155087629953,0.21627875665823618,0.21284530063470206
pool,0,ensemble,train_031,4,0.1522421489159266,0.1578713208436966,0.22948245704174042,0.28553561866283417,0.17486842970053354
pool,0,ensemble,train_032,3,0.1038449580470721,0.19379798571268717,0.17580837508042654,0.2212292104959488,0.3053194582462311
pool,0,ensemble,train_033,1,0.28733272353808087,0.3035326600074768,0.1560895045598348,0.12274231016635895,0.13030281414588293
pool,0,ensemble,train_034,2,0.13563707222541174,0.1782715916633606,0.21408245960871378,0.2753542761007945,0.19665458301703134
pool,0,ensemble,train_035,2,0.6072549025217692,0.22514741122722626,0.04270044341683388,0.07999540865421295,0.044901832938194275
pool,0,ensemble,train_036,2,0.17129695663849512,0.17361776530742645,0.30740371346473694,0.18600413699944815,0.1616774449745814
pool,0,ensemble,train_037,2,0.15583606188495955,0.31386133035024005,0.14837356408437094,0.16546244422594705,0.21646660566329956
pool,0,ensemble,train_038,3,0.11242585505048434,0.16543586055437723,0.19222750763098398,0.30242009957631427,0.22749067346254984
pool,0,ensemble,train_039,3,0.1177560066183408,0.14862792938947678,0.20751367012659708,0.27388644218444824,0.2522159814834595
pool,0,ensemble,train_040,2,0.0931561787923177,0.29150483508904773,0.1609971895813942,0.17682836453119913,0.27751341462135315
pool,0,ensemble,train_041,3,0.16970781981945038,0.1722923070192337,0.25300873319307965,0.2468205839395523,0.15817052870988846
pool,0,ensemble,train_042,2,0.30239971975485486,0.20433422923088074,0.22382626434167227,0.13267534474531809,0.13676445310314497
pool,0,ensemble,train_043,4,0.08910236259301503,0.17682110766569772,0.22849715252717337,0.2510235160589218,0.2545558611551921
pool,0,ensemble,train_044,3,0.18332994480927786,0.18653612832228342,0.2538474847873052,0.21528164545694986,0.16100483387708664
pool,0,ensemble,train_045,3,0.08827133228381474,0.1603230039278666,0.2285031576951345,0.25456403692563373,0.2683384567499161
pool,0,ensemble,train_046,4,0.1176412304242452,0.24969772001107535,0.3235953052838643,0.16686129570007324,0.14220445354779562
pool,0,ensemble,train_047,2,0.19859201709429422,0.22274887561798096,0.3100504179795583,0.1463447834054629,0.1222639133532842
pool,0,ensemble,train_048,4,0.102751225233078,0.15603508551915488,0.2458326518535614,0.2671615928411484,0.2282194842894872
pool,0,ensemble,train_049,2,0.12155968695878983,0.17453017830848694,0.2537085811297099,0.22582827508449554,0.22437325616677603
pool,0,ensemble,train_050,4,0.1070810854434967,0.16043685376644135,0.24147397776444754,0.24865442017714182,0.24235363801320395
pool,0,ensemble,train_051,3,0.2402244508266449,0.25121015806992847,0.2656019578377406,0.12727276732524237,0.11569068518777688
pool,0,ensemble,train_052,3,0.15750197072823843,0.15669892728328705,0.23663057883580527,0.2870652725299199,0.16210322578748068
pool,0,ensemble,train_053,3,0.19575365136067072,0.18093964954217276,0.3084190587202708,0.16693745056788126,0.1479501867045959
pool,0,ensemble,train_054,2,0.17927280565102896,0.2666301528612773,0.23414070904254913,0.1591086114446322,0.16084768374760947
pool,0,ensemble,train_055,3,0.16928344468275705,0.14514951407909393,0.26187437772750854,0.2850113312403361,0.1386813297867775
pool,0,ensemble,train_056,1,0.17437917490800223,0.18717840810616812,0.32699069380760193,0.17832770943641663,0.13312402926385403
pool,0,ensemble,train_057,1,0.12909639875094095,0.166391854484876,0.27138668298721313,0.23580280443032584,0.19732225686311722
pool,0,ensemble,train_058,1,0.12575766444206238,0.19435387353102365,0.26822876930236816,0.24788564443588257,0.1637740060687065
pool,0,ensemble,train_059,2,0.20041590929031372,0.23092750708262125,0.1582813709974289,0.20468640327453613,0.2056887944539388
pool,0,ensemble,train_060,3,0.15142260988553366,0.1572842945655187,0.2558091729879379,0.25529375672340393,0.18019012610117593
pool,0,ensemble,train_061,2,0.14592973391215006,0.19647217790285745,0.23898609479268393,0.19699211418628693,0.22161989410718283
pool,0,ensemble,train_062,3,0.21164811650911966,0.2210206538438797,0.2445430209239324,0.1710268904765447,0.15176128844420114
pool,0,ensemble,train_063,2,0.27936673164367676,0.2722302625576655,0.14665347089370093,0.1254303182164828,0.17631924400726953
pool,0,ensemble,train_064,2,0.13075351963440576,0.2122220198313395,0.3189793974161148,0.1885936309893926,0.14945140480995178
pool,0,ensemble,train_065,3,0.22930184503396353,0.25456489622592926,0.2723698516686757,0.1260793892045816,0.11768395205338796
pool,0,ensemble,train_066,2,0.11016207188367844,0.21616625289122263,0.25276218354701996,0.22020704547564188,0.20070244868596396
pool,0,ensemble,train_067,3,0.19167327384154,0.15387099981307983,0.3029538094997406,0.19739975035190582,0.15410216649373373
pool,0,ensemble,train_068,3,0.15600747366746268,0.22242051362991333,0.3219371239344279,0.15618272870779037,0.14345218613743782
pool,0,ensemble,train_069,2,0.19188017646471658,0.18646168212095895,0.23653769493103027,0.2260813315709432,0.1590391000111898
pool,0,ensemble,train_070,2,0.24111737310886383,0.1796591579914093,0.31888025999069214,0.1549162914355596,0.10542688829203446
pool,0,ensemble,train_071,4,0.13504160195589066,0.16404032707214355,0.26120393971602124,0.21835709114869437,0.22135705252488455
pool,0,ensemble,train_072,4,0.2940366119146347,0.24073424438635507,0.1611668864885966,0.13107811411221823,0.17298413813114166
pool,0,ensemble,train_073,2,0.11357529213031133,0.17824078102906546,0.2276118497053782,0.2787615954875946,0.20181050896644592
pool,0,ensemble,train_074,3,0.20060810446739197,0.1779534618059794,0.31118127206961316,0.1660016750295957,0.14425548041860262
pool,0,ensemble,train_075,2,0.10118842124938965,0.3007076332966487,0.30054109295209247,0.14460529883702597,0.15295754621426264
pool,0,ensemble,train_076,2,0.2537546008825302,0.3816966811815898,0.11654979983965556,0.11066468556722005,0.13733420272668204
pool,0,ensemble,train_077,3,0.10453435902794202,0.20344114303588867,0.2547484040260315,0.2138819396495819,0.22339420020580292
pool,0,ensemble,train_078,3,0.31222953895727795,0.3847247163454692,0.13016348083813986,0.07490845148762067,0.0979737900197506
pool,0,ensemble,train_079,2,0.2349602480729421,0.32436604301134747,0.2102018545071284,0.10223343223333359,0.12823842590053877
pool,0,ensemble,train_080,1,0.28459564844767254,0.24071873227755228,0.19674829145272574,0.12600398312012354,0.1519333521525065
pool,0,ensemble,train_081,3,0.24329503377278647,0.17622370521227518,0.36620624860127765,0.11935301249225934,0.09492197725921869
pool,0,ensemble,train_082,3,0.1829137901465098,0.4325227638085683,0.12375294541319211,0.09421846891442935,0.16659204910198847
pool,0,ensemble,train_083,1,0.5547284086545309,0.3031352212031682,0.0557522289454937,0.048914454877376556,0.03746968942383925
pool,0,ensemble,train_084,5,0.10071399435400963,0.15399841467539468,0.23320784668127695,0.25076504051685333,0.26131470998128253
pool,0,ensemble,train_085,3,0.11375078807274501,0.21649028857549033,0.17461935927470526,0.1889154016971588,0.30622415741284686
pool,0,ensemble,train_086,2,0.4614824453989665,0.417195866505305,0.05395511661966642,0.0380227193236351,0.02934383104244868
pool,0,ensemble,train_087,3,0.16372106969356537,0.15253577629725137,0.2481784075498581,0.28242498139540356,0.15313976754744849
pool,0,ensemble,train_088,2,0.2323023577531179,0.3016921778519948,0.1982528269290924,0.12538248548905054,0.14237015942732492
pool,0,ensemble,train_089,2,0.33081281185150146,0.22568578521410623,0.1511134852965673,0.13596624632676443,0.15642165889342627
pool,0,ensemble,train_090,4,0.2400644471247991,0.22415822744369507,0.13044082249204317,0.126787468791008,0.2785490353902181
pool,0,ensemble,train_091,2,0.15254287670056024,0.19738290210564932,0.32326851785182953,0.17758663992087045,0.1492190882563591
pool,0,ensemble,train_092,2,0.10853661596775055,0.1998870720465978,0.19817610333363214,0.2763419101635615,0.21705827613671622
pool,0,ensemble,train_093,3,0.1155330166220665,0.2404505709807078,0.1725241740544637,0.16889451444149017,0.3025977263847987
pool,0,ensemble,train_094,3,0.39201106627782184,0.24092204372088113,0.12970608472824097,0.12389021180570126,0.1134705940882365
pool,0,ensemble,train_095,3,0.10054609800378482,0.18374809126059213,0.20437351614236832,0.28210370739301044,0.2292285958925883
pool,0,ensemble,train_096,2,0.10477913171052933,0.2605206221342087,0.19609847168127695,0.20726315677165985,0.2313385953505834
pool,0,ensemble,train_097,3,0.400652418533961,0.2994695206483205,0.10324877500534058,0.09642329439520836,0.10020594547192256
pool,0,ensemble,train_098,1,0.08879972745974858,0.22923386096954346,0.26708371937274933,0.22137771050135294,0.19350495437781015
pool,0,ensemble,train_099,3,0.10591628899176915,0.16937259336312613,0.2314219226439794,0.30787621438503265,0.18541297316551208
pool,0,ensemble,train_100,5,0.08209125542392333,0.16180397818485895,0.1579259211818377,0.25533370673656464,0.3428451369206111
pool,0,ensemble,train_101,2,0.12226828187704086,0.18509478370348612,0.22368249793847403,0.21882503231366476,0.2501293917496999
pool,0,ensemble,train_102,2,0.10681772977113724,0.26304687559604645,0.23774511615435281,0.19749972224235535,0.194890558719635
pool,0,ensemble,train_103,3,0.11330716808636983,0.14950131873289743,0.2559070289134979,0.25845662256081897,0.2228278617064158
pool,0,ensemble,train_104,1,0.11934801191091537,0.17822389801343283,0.28746070464452106,0.26276637613773346,0.15220095217227936
pool,0,ensemble,train_105,4,0.1872728963692983,0.20250646273295084,0.20616964002450308,0.21367996434370676,0.19037104646364847
pool,0,ensemble,train_106,1,0.25871405998865765,0.24264782667160034,0.2017772595087687,0.15178771317005157,0.14507311582565308
pool,0,ensemble,train_107,3,0.2375146746635437,0.17869956294695535,0.34290456771850586,0.13564815620581308,0.10523305274546146
pool,0,ensemble,train_108,1,0.31723518172899884,0.12573477625846863,0.292096272110939,0.16339197009801865,0.10154179623350501
pool,0,ensemble,train_109,3,0.15083426982164383,0.1827391485373179,0.35784770051638287,0.17367017517487207,0.13490870657066503
pool,0,ensemble,train_110,1,0.2726444254318873,0.3531051178773244,0.11566124856472015,0.11928664644559224,0.13930255422989526
pool,0,ensemble,train_111,3,0.17787928382555643,0.2244620124499003,0.32420553763707477,0.1429179534316063,0.1305352325240771
pool,0,ensemble,train_112,1,0.5995905498663584,0.18993510057528815,0.09872242311636607,0.06897532691558202,0.042776527581736445
pool,0,ensemble,train_113,3,0.13369309653838476,0.1646298517783483,0.1891333411137263,0.19724823534488678,0.3152954578399658
pool,0,ensemble,train_114,3,0.10053800791501999,0.17663893103599548,0.20808095236619314,0.3143269270658493,0.20041518906752268
pool,0,ensemble,train_115,3,0.1155509352684021,0.1675841510295868,0.27452537417411804,0.2441838135321935,0.19815572102864584
pool,0,ensemble,train_116,4,0.10015463829040527,0.13872824112574259,0.22739951312541962,0.286831870675087,0.24688574175039926
pool,0,ensemble,train_117,1,0.7016507983207703,0.20351231594880423,0.028751748924454052,0.04180910252034664,0.024276068434119225
pool,0,ensemble,train_118,2,0.12357058376073837,0.23939005037148794,0.20361795524756113,0.23523903886477152,0.19818233450253805
pool,0,ensemble,train_119,2,0.11614816884199779,0.2226124902566274,0.21874883770942688,0.23796804745992026,0.2045224259297053
pool,0,ensemble,train_120,5,0.11037139346202214,0.19029195606708527,0.21069222688674927,0.2760937809944153,0.21255064010620117
pool,1,42,train_001,2,0.5805380940437317,0.3169650733470917,0.06310418993234634,0.021964360028505325,0.0174283217638731
pool,1,42,train_002,5,0.1493316888809204,0.21374498307704926,0.2235511839389801,0.21230797469615936,0.20106418430805206
pool,1,42,train_003,2,0.45407432317733765,0.09488191455602646,0.3931678533554077,0.05263813957571983,0.005237774923443794
pool,1,42,train_004,4,0.19308070838451385,0.22428594529628754,0.3597973585128784,0.18595488369464874,0.036881037056446075
pool,1,42,train_005,5,0.05405023694038391,0.1735568791627884,0.21799525618553162,0.3309885859489441,0.2234090119600296
pool,1,42,train_006,2,0.11919765919446945,0.3536929786205292,0.1795814335346222,0.23261280357837677,0.11491512507200241
pool,1,42,train_007,2,0.15359193086624146,0.18104715645313263,0.2359345555305481,0.23442846536636353,0.19499795138835907
pool,1,42,train_008,5,0.12118741124868393,0.21419434249401093,0.2883768081665039,0.19615009427070618,0.18009136617183685
pool,1,42,train_009,3,0.1580527275800705,0.20204481482505798,0.22855038940906525,0.23446065187454224,0.17689146101474762
pool,1,42,train_010,2,0.28031617403030396,0.4005092978477478,0.21238739788532257,0.08593194931745529,0.020855145528912544
pool,1,42,train_011,3,0.10203475505113602,0.18924008309841156,0.29511404037475586,0.22438950836658478,0.18922165036201477
pool,1,42,train_012,5,0.6402351260185242,0.17177796363830566,0.16667598485946655,0.01908700354397297,0.0022239345125854015
pool,1,42,train_013,2,0.14008252322673798,0.21710138022899628,0.22497186064720154,0.2355860322713852,0.18225818872451782
pool,1,42,train_014,5,0.1401255577802658,0.16525866091251373,0.2293824404478073,0.24954666197299957,0.21568666398525238
pool,1,42,train_015,3,0.2888106405735016,0.16617059707641602,0.5044499635696411,0.03375762328505516,0.006811195053160191
pool,1,42,train_016,4,0.2195199728012085,0.1362707018852234,0.4152567386627197,0.13343748450279236,0.09551510214805603
pool,1,42,train_017,2,0.7679644227027893,0.04708221182227135,0.1775854378938675,0.006826215889304876,0.0005416994681581855
pool,1,42,train_018,5,0.1253443956375122,0.23277562856674194,0.19762872159481049,0.2438306212425232,0.20042069256305695
pool,1,42,train_019,3,0.16810935735702515,0.3835428059101105,0.27411556243896484,0.11318501085042953,0.06104723736643791
pool,1,42,train_020,2,0.1382235735654831,0.2727143466472626,0.21769288182258606,0.26040494441986084,0.11096427589654922
pool,1,42,train_021,5,0.08856230229139328,0.15807218849658966,0.2845619022846222,0.26312804222106934,0.20567557215690613
pool,1,42,train_022,4,0.10468801110982895,0.1501818597316742,0.09263876080513,0.20100811123847961,0.45148319005966187
pool,1,42,train_023,3,0.056561801582574844,0.11052253097295761,0.14656414091587067,0.3412143290042877,0.34513717889785767
pool,1,42,train_024,5,0.44552645087242126,0.27999114990234375,0.0757257416844368,0.19045394659042358,0.008302734233438969
pool,1,42,train_025,5,0.05552094429731369,0.08580439537763596,0.18830005824565887,0.333965003490448,0.33640962839126587
pool,1,42,train_026,3,0.09711495041847229,0.1732461005449295,0.3014579117298126,0.2304171919822693,0.19776380062103271
pool,1,42,train_027,2,0.35508379340171814,0.31382930278778076,0.13018184900283813,0.10992103070020676,0.09098400920629501
pool,1,42,train_028,4,0.07695657014846802,0.1948452740907669,0.303046315908432,0.22713716328144073,0.19801467657089233
pool,1,42,train_029,2,0.4953615963459015,0.35869958996772766,0.07414405047893524,0.036613114178180695,0.03518165647983551
pool,1,42,train_030,5,0.1699994057416916,0.2838325798511505,0.210950568318367,0.18341925740242004,0.15179818868637085
pool,1,42,train_031,4,0.15079200267791748,0.17817649245262146,0.21696630120277405,0.2579704821109772,0.19609473645687103
pool,1,42,train_032,3,0.08292386680841446,0.19484937191009521,0.2699916362762451,0.23806090652942657,0.21417419612407684
pool,1,42,train_033,1,0.39680010080337524,0.21815292537212372,0.11652025580406189,0.16318722069263458,0.10533951222896576
pool,1,42,train_034,2,0.11883903294801712,0.209436297416687,0.2451389580965042,0.21976852416992188,0.2068171352148056
pool,1,42,train_035,2,0.8732231855392456,0.02661503106355667,0.019030077382922173,0.04760391637682915,0.033527836203575134
pool,1,42,train_036,2,0.0976320281624794,0.1947786957025528,0.3112562894821167,0.21060511469841003,0.18572787940502167
pool,1,42,train_037,2,0.1020999401807785,0.5446696877479553,0.15859563648700714,0.08427499979734421,0.11035975068807602
pool,1,42,train_038,3,0.22392672300338745,0.185784712433815,0.19167488813400269,0.22413791716098785,0.1744757890701294
pool,1,42,train_039,3,0.12726810574531555,0.1652112752199173,0.23321400582790375,0.3138865530490875,0.16042004525661469
pool,1,42,train_040,2,0.1432780921459198,0.2890947461128235,0.2055305391550064,0.1706775426864624,0.1914191097021103
pool,1,42,train_041,3,0.09780840575695038,0.18392309546470642,0.2987877130508423,0.22441205382347107,0.19506873190402985
pool,1,42,train_042,2,0.15611228346824646,0.10187964886426926,0.20703943073749542,0.24842076003551483,0.28654786944389343
pool,1,42,train_043,4,0.12977838516235352,0.20406268537044525,0.22646330296993256,0.24520888924598694,0.1944867968559265
pool,1,42,train_044,3,0.10374852269887924,0.19691358506679535,0.2979080379009247,0.2069845348596573,0.19444532692432404
pool,1,42,train_045,3,0.13546216487884521,0.2002839297056198,0.22321496903896332,0.24567154049873352,0.19536735117435455
pool,1,42,train_046,4,0.16099640727043152,0.36493438482284546,0.2797732651233673,0.14806227385997772,0.046233709901571274
pool,1,42,train_047,2,0.16861571371555328,0.22769112884998322,0.22789257764816284,0.20974572002887726,0.16605490446090698
pool,1,42,train_048,4,0.14056067168712616,0.17808537185192108,0.2390008121728897,0.23946887254714966,0.2028842270374298
pool,1,42,train_049,2,0.1409928947687149,0.3425692319869995,0.28910037875175476,0.1525583118200302,0.07477911561727524
pool,1,42,train_050,4,0.13626351952552795,0.19669750332832336,0.23976778984069824,0.22434113919734955,0.2029300183057785
pool,1,42,train_051,3,0.18392831087112427,0.21920529007911682,0.21927836537361145,0.21184659004211426,0.16574136912822723
pool,1,42,train_052,3,0.11367680877447128,0.11457692831754684,0.21378791332244873,0.45752623677253723,0.10043211281299591
pool,1,42,train_053,3,0.24125556647777557,0.2233930230140686,0.459073007106781,0.05949266999959946,0.01678580231964588
pool,1,42,train_054,2,0.14534734189510345,0.21299706399440765,0.21806912124156952,0.23378369212150574,0.18980278074741364
pool,1,42,train_055,3,0.16146273910999298,0.17089666426181793,0.21740415692329407,0.26110926270484924,0.18912722170352936
pool,1,42,train_056,1,0.7749235033988953,0.07516516000032425,0.14564412832260132,0.004154366906732321,0.00011290411930531263
pool,1,42,train_057,1,0.08604861795902252,0.19274967908859253,0.28702372312545776,0.23034809529781342,0.20382986962795258
pool,1,42,train_058,1,0.09876763820648193,0.19112208485603333,0.2942476272583008,0.22378166019916534,0.1920810341835022
pool,1,42,train_059,2,0.3393454849720001,0.1800130307674408,0.14783471822738647,0.18644507229328156,0.14636172354221344
pool,1,42,train_060,3,0.12336012721061707,0.18171149492263794,0.2736063003540039,0.23630838096141815,0.18501369655132294
pool,1,42,train_061,2,0.14812937378883362,0.25028443336486816,0.21676984429359436,0.2099658101797104,0.17485056817531586
pool,1,42,train_062,3,0.13317589461803436,0.23594696819782257,0.2833208441734314,0.17720729112625122,0.17034898698329926
pool,1,42,train_063,2,0.26162785291671753,0.1771618127822876,0.050977688282728195,0.16514861583709717,0.34508398175239563
pool,1,42,train_064,2,0.09791357070207596,0.2114020735025406,0.2937502861022949,0.21039609611034393,0.1865379512310028
pool,1,42,train_065,3,0.17162849009037018,0.20511290431022644,0.2315216213464737,0.2139805555343628,0.17775648832321167
pool,1,42,train_066,2,0.1211649551987648,0.2243775725364685,0.21937152743339539,0.3462538421154022,0.08883211761713028
pool,1,42,train_067,3,0.6223214268684387,0.05607953295111656,0.2586193382740021,0.059738557785749435,0.003241118509322405
pool,1,42,train_068,3,0.18389329314231873,0.31834766268730164,0.37944963574409485,0.08567126095294952,0.032638128846883774
pool,1,42,train_069,2,0.16756178438663483,0.17311853170394897,0.25406309962272644,0.2367686778306961,0.16848792135715485
pool,1,42,train_070,2,0.5378392934799194,0.10084457695484161,0.3288809657096863,0.03063267469406128,0.0018024913733825088
pool,1,42,train_071,4,0.14045609533786774,0.16873455047607422,0.22405479848384857,0.25057682394981384,0.21617773175239563
pool,1,42,train_072,4,0.3126031160354614,0.2755787968635559,0.1536964625120163,0.14310695230960846,0.11501461267471313
pool,1,42,train_073,2,0.14878807961940765,0.16926877200603485,0.2246442288160324,0.25082927942276,0.20646964013576508
pool,1,42,train_074,3,0.16891634464263916,0.2505473494529724,0.23872403800487518,0.1873621642589569,0.15445008873939514
pool,1,42,train_075,2,0.09075558930635452,0.2520270347595215,0.2649010121822357,0.20477034151554108,0.1875460147857666
pool,1,42,train_076,2,0.25794464349746704,0.352000892162323,0.15689891576766968,0.1159755289554596,0.11717995256185532
pool,1,42,train_077,3,0.14016517996788025,0.202717587351799,0.24268627166748047,0.21694202721118927,0.19748897850513458
pool,1,42,train_078,3,0.2938694953918457,0.4242504835128784,0.14239950478076935,0.0662088617682457,0.07327168434858322
pool,1,42,train_079,2,0.0861050933599472,0.5788618922233582,0.27089792490005493,0.01622835174202919,0.047906745225191116
pool,1,42,train_080,1,0.22190377116203308,0.32850706577301025,0.18708108365535736,0.1426214575767517,0.11988666653633118
pool,1,42,train_081,3,0.1761786937713623,0.22728431224822998,0.2580203115940094,0.17773810029029846,0.16077861189842224
pool,1,42,train_082,3,0.21960066258907318,0.4166187345981598,0.16033616662025452,0.10782143473625183,0.09562306851148605
pool,1,42,train_083,1,0.6973652243614197,0.16708000004291534,0.07392527163028717,0.019645342603325844,0.0419841893017292
pool,1,42,train_084,5,0.05404870957136154,0.15218138694763184,0.1688365936279297,0.376126229763031,0.24880707263946533
pool,1,42,train_085,3,0.08705714344978333,0.4252977669239044,0.10211431235074997,0.25903671979904175,0.12649405002593994
pool,1,42,train_086,2,0.4458163380622864,0.40930014848709106,0.08140436559915543,0.03418717160820961,0.02929198183119297
pool,1,42,train_087,3,0.1760040670633316,0.08967117965221405,0.17103852331638336,0.5136285424232483,0.0496576689183712
pool,1,42,train_088,2,0.132247194647789,0.423155814409256,0.2616184949874878,0.04407906532287598,0.13889946043491364
pool,1,42,train_089,2,0.16925640404224396,0.05516867712140083,0.046561382710933685,0.3964731693267822,0.3325403034687042
pool,1,42,train_090,4,0.05586741492152214,0.09754566103219986,0.08224892616271973,0.21483686566352844,0.5495011210441589
pool,1,42,train_091,2,0.11683417856693268,0.2248796671628952,0.2923523783683777,0.18334148824214935,0.18259231746196747
pool,1,42,train_092,2,0.14278435707092285,0.19645781815052032,0.23350070416927338,0.22868336737155914,0.19857369363307953
pool,1,42,train_093,3,0.033101636916399,0.25350624322891235,0.1321767121553421,0.18768003582954407,0.39353540539741516
pool,1,42,train_094,3,0.22892877459526062,0.20827698707580566,0.17220385372638702,0.21749581396579742,0.17309460043907166
pool,1,42,train_095,3,0.04877931624650955,0.11419981718063354,0.18149863183498383,0.31896594166755676,0.33655625581741333
pool,1,42,train_096,2,0.08669543266296387,0.18701279163360596,0.26466020941734314,0.24178409576416016,0.21984750032424927
pool,1,42,train_097,3,0.39871034026145935,0.3496081531047821,0.12066657096147537,0.033814359456300735,0.09720055013895035
pool,1,42,train_098,1,0.132098987698555,0.18829330801963806,0.2252293825149536,0.24467483162879944,0.20970351994037628
pool,1,42,train_099,3,0.14996550977230072,0.1671946495771408,0.22890888154506683,0.2486625760793686,0.20526833832263947
pool,1,42,train_100,5,0.13709525763988495,0.27557453513145447,0.2067267745733261,0.2044105976819992,0.17619279026985168
pool,1,42,train_101,2,0.13877324759960175,0.18757516145706177,0.23693329095840454,0.23414000868797302,0.20257824659347534
pool,1,42,train_102,2,0.20284847915172577,0.3622457683086395,0.28044095635414124,0.1192401796579361,0.0352245457470417
pool,1,42,train_103,3,0.07439485192298889,0.08037430047988892,0.16435565054416656,0.47304248809814453,0.20783276855945587
pool,1,42,train_104,1,0.10050983726978302,0.17868772149085999,0.30474287271499634,0.22745086252689362,0.18860869109630585
pool,1,42,train_105,4,0.1502000391483307,0.19370466470718384,0.25411665439605713,0.22019712626934052,0.18178150057792664
pool,1,42,train_106,1,0.49376794695854187,0.26340925693511963,0.1678190678358078,0.029845327138900757,0.04515841230750084
pool,1,42,train_107,3,0.4299008250236511,0.09710121899843216,0.45340532064437866,0.01780235394835472,0.0017902521649375558
pool,1,42,train_108,1,0.16350556910037994,0.18627671897411346,0.2292575240135193,0.23417355120182037,0.18678662180900574
pool,1,42,train_109,3,0.1791287064552307,0.1978875696659088,0.22415834665298462,0.21979349851608276,0.1790318340063095
pool,1,42,train_110,1,0.4460321068763733,0.2984992563724518,0.10759078711271286,0.08179470151662827,0.0660831406712532
pool,1,42,train_111,3,0.17334884405136108,0.27072983980178833,0.23074601590633392,0.17799809575080872,0.14717723429203033
pool,1,42,train_112,1,0.34738457202911377,0.23829925060272217,0.13689649105072021,0.1646503359079361,0.11276929080486298
pool,1,42,train_113,3,0.05087444931268692,0.10164789855480194,0.09276151657104492,0.34258198738098145,0.4121341407299042
pool,1,42,train_114,3,0.13578717410564423,0.18094560503959656,0.23579734563827515,0.24015727639198303,0.20731258392333984
pool,1,42,train_115,3,0.13499332964420319,0.20172300934791565,0.2518026530742645,0.21791930496692657,0.19356168806552887
pool,1,42,train_116,4,0.10711584985256195,0.08873836696147919,0.2132391780614853,0.49805837869644165,0.09284820407629013
pool,1,42,train_117,1,0.8836415410041809,0.0975022092461586,0.017620297148823738,0.0011919516837224364,4.40057301602792e-05
pool,1,42,train_118,2,0.13549160957336426,0.21205227077007294,0.2196449488401413,0.24181902408599854,0.19099211692810059
pool,1,42,train_119,2,0.13583387434482574,0.2203272134065628,0.22748912870883942,0.22688359022140503,0.18946623802185059
pool,1,42,train_120,5,0.14668075740337372,0.19195309281349182,0.2384580820798874,0.22183051705360413,0.20107752084732056
pool,1,7,train_001,2,0.34170645475387573,0.2960021197795868,0.13188251852989197,0.10846037417650223,0.12194856256246567
pool,1,7,train_002,5,0.14555387198925018,0.22697345912456512,0.1981487274169922,0.19279947876930237,0.23652446269989014
pool,1,7,train_003,2,0.201114684343338,0.1402028203010559,0.46801650524139404,0.1333102136850357,0.05735577270388603
pool,1,7,train_004,4,0.12152731418609619,0.14393480122089386,0.3966318368911743,0.23282699286937714,0.10507912188768387
pool,1,7,train_005,5,0.162259042263031,0.19047704339027405,0.20496469736099243,0.24241861701011658,0.19988059997558594
pool,1,7,train_006,2,0.1653527021408081,0.18981194496154785,0.208521768450737,0.2485916167497635,0.18772193789482117
pool,1,7,train_007,2,0.1305433213710785,0.1610887050628662,0.27402564883232117,0.24108293652534485,0.19325941801071167
pool,1,7,train_008,5,0.12996599078178406,0.1986953765153885,0.23142600059509277,0.24705572426319122,0.19285689294338226
pool,1,7,train_009,3,0.07793599367141724,0.14157478511333466,0.36014044284820557,0.2913239896297455,0.12902480363845825
pool,1,7,train_010,2,0.13806426525115967,0.20490503311157227,0.2782188355922699,0.19840343296527863,0.18040844798088074
pool,1,7,train_011,3,0.10477020591497421,0.18018360435962677,0.2444620579481125,0.2782438397407532,0.19234029948711395
pool,1,7,train_012,5,0.2848890423774719,0.2050168514251709,0.3159468472003937,0.10849985480308533,0.08564739674329758
pool,1,7,train_013,2,0.04443850740790367,0.18153442442417145,0.25826165080070496,0.296351820230484,0.21941359341144562
pool,1,7,train_014,5,0.10522516816854477,0.15384022891521454,0.22938980162143707,0.27678507566452026,0.23475974798202515
pool,1,7,train_015,3,0.2067437767982483,0.15050026774406433,0.4754243493080139,0.10927129536867142,0.058060336858034134
pool,1,7,train_016,4,0.12052849680185318,0.143547922372818,0.36783120036125183,0.20344315469264984,0.16464929282665253
pool,1,7,train_017,2,0.43474701046943665,0.1818731129169464,0.2970248758792877,0.05445265769958496,0.03190235793590546
pool,1,7,train_018,5,0.19066832959651947,0.2810748815536499,0.1504146307706833,0.1767086237668991,0.20113351941108704
pool,1,7,train_019,3,0.1855018585920334,0.19728325307369232,0.24468159675598145,0.21447353065013885,0.15805977582931519
pool,1,7,train_020,2,0.16565288603305817,0.18354830145835876,0.22923113405704498,0.2522502541542053,0.16931743919849396
pool,1,7,train_021,5,0.09579510986804962,0.16759540140628815,0.24766521155834198,0.29767733812332153,0.1912669986486435
pool,1,7,train_022,4,0.26624003052711487,0.23130019009113312,0.13733935356140137,0.13392263650894165,0.231197789311409
pool,1,7,train_023,3,0.07025633752346039,0.1462836116552353,0.18324971199035645,0.25470399856567383,0.34550631046295166
pool,1,7,train_024,5,0.22076191008090973,0.30759063363075256,0.12092756479978561,0.15656939148902893,0.19415047764778137
pool,1,7,train_025,5,0.18300782144069672,0.17928920686244965,0.2321404367685318,0.22213050723075867,0.18343205749988556
pool,1,7,train_026,3,0.1012708842754364,0.17003068327903748,0.2516547739505768,0.285702645778656,0.19134101271629333
pool,1,7,train_027,2,0.3489841818809509,0.2922299802303314,0.1312643438577652,0.11098416894674301,0.11653728038072586
pool,1,7,train_028,4,0.09008143097162247,0.165451318025589,0.2553223967552185,0.296688973903656,0.19245582818984985
pool,1,7,train_029,2,0.3309674859046936,0.31469297409057617,0.11753284186124802,0.10366199910640717,0.13314472138881683
pool,1,7,train_030,5,0.031706977635622025,0.18053843080997467,0.21060842275619507,0.25803840160369873,0.31910771131515503
pool,1,7,train_031,4,0.03673333674669266,0.0986044630408287,0.2262667864561081,0.40242820978164673,0.2359672635793686
pool,1,7,train_032,3,0.11092936992645264,0.20140404999256134,0.21371608972549438,0.2636459767818451,0.21030448377132416
pool,1,7,train_033,1,0.3558084964752197,0.274739146232605,0.1311008632183075,0.11814070492982864,0.12021081149578094
pool,1,7,train_034,2,0.10560020059347153,0.18448354303836823,0.23739205300807953,0.2387080043554306,0.23381617665290833
pool,1,7,train_035,2,0.39658939838409424,0.26268845796585083,0.12102808058261871,0.08064151555299759,0.13905255496501923
pool,1,7,train_036,2,0.1101456806063652,0.1828053593635559,0.24882961809635162,0.265996515750885,0.19222284853458405
pool,1,7,train_037,2,0.1819661408662796,0.3514472544193268,0.12966206669807434,0.09025271981954575,0.24667182564735413
pool,1,7,train_038,3,0.03175313398241997,0.07444329559803009,0.13318045437335968,0.39282289147377014,0.367800235748291
pool,1,7,train_039,3,0.19127093255519867,0.20175527036190033,0.18994006514549255,0.20020431280136108,0.21682941913604736
pool,1,7,train_040,2,0.17791374027729034,0.25335103273391724,0.15458375215530396,0.16810554265975952,0.24604593217372894
pool,1,7,train_041,3,0.10464247316122055,0.18113714456558228,0.2409331500530243,0.2767954468727112,0.1964917629957199
pool,1,7,train_042,2,0.27176961302757263,0.19356724619865417,0.1977265179157257,0.1451767385005951,0.19175994396209717
pool,1,7,train_043,4,0.026807429268956184,0.1380298137664795,0.20805299282073975,0.3277008831501007,0.29940885305404663
pool,1,7,train_044,3,0.11813598871231079,0.19453714787960052,0.2324708104133606,0.25600746273994446,0.19884853065013885
pool,1,7,train_045,3,0.025124380365014076,0.12257976084947586,0.20578593015670776,0.34715536236763,0.299354612827301
pool,1,7,train_046,4,0.17101585865020752,0.19352585077285767,0.2607972025871277,0.23350001871585846,0.14116105437278748
pool,1,7,train_047,2,0.15225128829479218,0.20692606270313263,0.41419294476509094,0.15367263555526733,0.07295703887939453
pool,1,7,train_048,4,0.11413035541772842,0.16017435491085052,0.2639743983745575,0.26159563660621643,0.20012524724006653
pool,1,7,train_049,2,0.10874855518341064,0.18688881397247314,0.26901087164878845,0.22871798276901245,0.20663374662399292
pool,1,7,train_050,4,0.11655309796333313,0.18535465002059937,0.23913860321044922,0.24200478196144104,0.21694886684417725
pool,1,7,train_051,3,0.18279702961444855,0.18419823050498962,0.386135458946228,0.1706646829843521,0.07620462030172348
pool,1,7,train_052,3,0.1566159874200821,0.17335808277130127,0.2534974217414856,0.27064603567123413,0.1458824872970581
pool,1,7,train_053,3,0.20184378325939178,0.1820509433746338,0.30811017751693726,0.18404723703861237,0.12394785135984421
pool,1,7,train_054,2,0.06273011863231659,0.18682855367660522,0.26011523604393005,0.27703526616096497,0.21329087018966675
pool,1,7,train_055,3,0.07037323713302612,0.10253674536943436,0.30752333998680115,0.38685187697410583,0.13271479308605194
pool,1,7,train_056,1,0.2125917673110962,0.14441293478012085,0.47125956416130066,0.12299899011850357,0.04873671755194664
pool,1,7,train_057,1,0.09841740876436234,0.1832835078239441,0.2317470759153366,0.2837793827056885,0.20277266204357147
pool,1,7,train_058,1,0.10824774205684662,0.1852574497461319,0.23673491179943085,0.2719625234603882,0.19779737293720245
pool,1,7,train_059,2,0.21913771331310272,0.1791868358850479,0.09678900241851807,0.23992837965488434,0.26495805382728577
pool,1,7,train_060,3,0.1388036012649536,0.20877161622047424,0.21921049058437347,0.23887772858142853,0.1943366378545761
pool,1,7,train_061,2,0.05765402689576149,0.25181910395622253,0.23471257090568542,0.22649377584457397,0.22932051122188568
pool,1,7,train_062,3,0.1588757485151291,0.22692808508872986,0.21515583992004395,0.2098923921585083,0.18914794921875
pool,1,7,train_063,2,0.3211362957954407,0.2523598372936249,0.11565850675106049,0.10628433525562286,0.20456108450889587
pool,1,7,train_064,2,0.12045042216777802,0.19925457239151,0.23383545875549316,0.2506219446659088,0.19583763182163239
pool,1,7,train_065,3,0.16400384902954102,0.1982138752937317,0.26650509238243103,0.20167501270771027,0.16960212588310242
pool,1,7,train_066,2,0.08892280608415604,0.16423667967319489,0.25281962752342224,0.28408125042915344,0.20993965864181519
pool,1,7,train_067,3,0.1871083378791809,0.12820085883140564,0.4549333155155182,0.16859515011310577,0.06116238236427307
pool,1,7,train_068,3,0.17945308983325958,0.18853329122066498,0.26983001828193665,0.21957163512706757,0.14261192083358765
pool,1,7,train_069,2,0.16745536029338837,0.22383464872837067,0.20829764008522034,0.21410979330539703,0.1863025575876236
pool,1,7,train_070,2,0.20141512155532837,0.13626112043857574,0.4746229648590088,0.1374053806066513,0.05029544606804848
pool,1,7,train_071,4,0.1012200340628624,0.14697110652923584,0.20576739311218262,0.25519299507141113,0.29084843397140503
pool,1,7,train_072,4,0.11842542141675949,0.20881137251853943,0.13194772601127625,0.26449108123779297,0.27632439136505127
pool,1,7,train_073,2,0.11662802845239639,0.16216960549354553,0.23649565875530243,0.25618404150009155,0.2285226434469223
pool,1,7,train_074,3,0.16467909514904022,0.18992231786251068,0.4858150780200958,0.1115429624915123,0.048040591180324554
pool,1,7,train_075,2,0.15246489644050598,0.23182246088981628,0.2074873447418213,0.2119530886411667,0.19627225399017334
pool,1,7,train_076,2,0.30891183018684387,0.3299723267555237,0.1262444406747818,0.10598477721214294,0.12888659536838531
pool,1,7,train_077,3,0.12373372167348862,0.18540658056735992,0.2551153004169464,0.2307327538728714,0.20501163601875305
pool,1,7,train_078,3,0.31940001249313354,0.30516642332077026,0.1285352259874344,0.10597884654998779,0.140919491648674
pool,1,7,train_079,2,0.27969133853912354,0.2414187788963318,0.19459080696105957,0.11390973627567291,0.1703893393278122
pool,1,7,train_080,1,0.1349135935306549,0.2833775281906128,0.3038753569126129,0.148544043302536,0.12928952276706696
pool,1,7,train_081,3,0.1869538426399231,0.20069074630737305,0.3019076883792877,0.17063774168491364,0.13981002569198608
pool,1,7,train_082,3,0.04897711053490639,0.4554716944694519,0.09372547268867493,0.17099222540855408,0.23083341121673584
pool,1,7,train_083,1,0.4031916856765747,0.30883777141571045,0.11385386437177658,0.07361670583486557,0.1004999577999115
pool,1,7,train_084,5,0.15450754761695862,0.18928033113479614,0.202467679977417,0.2596876323223114,0.19405683875083923
pool,1,7,train_085,3,0.05167490243911743,0.22284185886383057,0.0725293904542923,0.20783965289592743,0.4451141059398651
pool,1,7,train_086,2,0.34535372257232666,0.5383850932121277,0.05719630792737007,0.034252822399139404,0.02481207251548767
pool,1,7,train_087,3,0.10221777111291885,0.13194076716899872,0.27017074823379517,0.3246605694293976,0.17101013660430908
pool,1,7,train_088,2,0.29902219772338867,0.2401578575372696,0.17476238310337067,0.10781588405370712,0.17824168503284454
pool,1,7,train_089,2,0.29396137595176697,0.23416461050510406,0.12674862146377563,0.12347396463155746,0.22165144979953766
pool,1,7,train_090,4,0.14549988508224487,0.2596258819103241,0.10616542398929596,0.1223568245768547,0.36635199189186096
pool,1,7,train_091,2,0.14226040244102478,0.21899183094501495,0.2165091633796692,0.2238733023405075,0.19836533069610596
pool,1,7,train_092,2,0.12546896934509277,0.18851841986179352,0.24431248009204865,0.2363208383321762,0.20537924766540527
pool,1,7,train_093,3,0.175216943025589,0.21047443151474,0.15262049436569214,0.19897182285785675,0.2627163231372833
pool,1,7,train_094,3,0.25749704241752625,0.2556271553039551,0.16992366313934326,0.13747023046016693,0.1794818639755249
pool,1,7,train_095,3,0.07890257239341736,0.1455627828836441,0.2582416832447052,0.2812654376029968,0.23602750897407532
pool,1,7,train_096,2,0.10614759474992752,0.20004655420780182,0.20818310976028442,0.2723197340965271,0.21330299973487854
pool,1,7,train_097,3,0.33195170760154724,0.2444857656955719,0.14469079673290253,0.10046299546957016,0.17840872704982758
pool,1,7,train_098,1,0.10370277613401413,0.16338171064853668,0.21861737966537476,0.24907515943050385,0.2652229964733124
pool,1,7,train_099,3,0.11842095106840134,0.1542888581752777,0.25572335720062256,0.2637953758239746,0.20777149498462677
pool,1,7,train_100,5,0.013395939953625202,0.14752422273159027,0.09150058776140213,0.27014297246932983,0.4774363338947296
pool,1,7,train_101,2,0.11130468547344208,0.15997576713562012,0.24530741572380066,0.25237879157066345,0.2310333102941513
pool,1,7,train_102,2,0.11040150374174118,0.17871148884296417,0.2902939021587372,0.22271934151649475,0.1978738009929657
pool,1,7,train_103,3,0.08511292189359665,0.1313410848379135,0.23938482999801636,0.31930404901504517,0.22485709190368652
pool,1,7,train_104,1,0.09723829478025436,0.16667823493480682,0.2576259970664978,0.2928294837474823,0.1856279969215393
pool,1,7,train_105,4,0.14178121089935303,0.21562477946281433,0.2091863751411438,0.23583661019802094,0.1975710093975067
pool,1,7,train_106,1,0.3057938814163208,0.22858227789402008,0.17302048206329346,0.1200396791100502,0.17256367206573486
pool,1,7,train_107,3,0.21883146464824677,0.13587312400341034,0.4945503771305084,0.10484586656093597,0.04589913412928581
pool,1,7,train_108,1,0.10831253230571747,0.14272120594978333,0.34577715396881104,0.24397031962871552,0.15921880304813385
pool,1,7,train_109,3,0.17025765776634216,0.19102218747138977,0.2645810842514038,0.1988818645477295,0.17525722086429596
pool,1,7,train_110,1,0.18663646280765533,0.416948139667511,0.08187662065029144,0.188229039311409,0.12630966305732727
pool,1,7,train_111,3,0.12926222383975983,0.23475654423236847,0.4244537353515625,0.1343214511871338,0.07720603048801422
pool,1,7,train_112,1,0.31428593397140503,0.2617321014404297,0.1509208083152771,0.12922737002372742,0.14383380115032196
pool,1,7,train_113,3,0.18788602948188782,0.2051781415939331,0.14884935319423676,0.19765011966228485,0.26043638586997986
pool,1,7,train_114,3,0.10902252048254013,0.16516660153865814,0.2512331008911133,0.26196885108947754,0.21260888874530792
pool,1,7,train_115,3,0.11628603935241699,0.17270682752132416,0.2745533585548401,0.23967662453651428,0.1967771202325821
pool,1,7,train_116,4,0.1556243896484375,0.1799384206533432,0.24545840919017792,0.2717894911766052,0.14718928933143616
pool,1,7,train_117,1,0.4750012755393982,0.33532553911209106,0.11843405663967133,0.0369248241186142,0.034314289689064026
pool,1,7,train_118,2,0.07016602903604507,0.2150445431470871,0.2571202218532562,0.2556677758693695,0.2020014375448227
pool,1,7,train_119,2,0.061582859605550766,0.21358229219913483,0.2735925316810608,0.23683622479438782,0.2144061177968979
pool,1,7,train_120,5,0.1323312222957611,0.1835027039051056,0.2601541578769684,0.2338365763425827,0.190175399184227
pool,1,123,train_001,2,0.5114908814430237,0.4688661992549896,0.011812444776296616,0.00510275037959218,0.0027276910841464996
pool,1,123,train_002,5,0.18972083926200867,0.1885785311460495,0.21954943239688873,0.21783213317394257,0.18431898951530457
pool,1,123,train_003,2,0.2208358198404312,0.05798698961734772,0.6247656941413879,0.08338914066553116,0.013022384606301785
pool,1,123,train_004,4,0.13336357474327087,0.1505689173936844,0.4279569387435913,0.23879390954971313,0.04931659996509552
pool,1,123,train_005,5,0.04835054650902748,0.14795494079589844,0.18088069558143616,0.27660295367240906,0.34621089696884155
pool,1,123,train_006,2,0.23627837002277374,0.24683353304862976,0.18976007401943207,0.2000393271446228,0.12708866596221924
pool,1,123,train_007,2,0.18807050585746765,0.19214697182178497,0.21844156086444855,0.22735121846199036,0.17398974299430847
pool,1,123,train_008,5,0.05662718042731285,0.27640417218208313,0.20973242819309235,0.1760234385728836,0.28121280670166016
pool,1,123,train_009,3,0.12151820212602615,0.17524990439414978,0.30257144570350647,0.19753246009349823,0.20312803983688354
pool,1,123,train_010,2,0.22781355679035187,0.3496552109718323,0.24558331072330475,0.13052700459957123,0.04642094299197197
pool,1,123,train_011,3,0.07355859130620956,0.2466999590396881,0.4165293276309967,0.1762269288301468,0.08698520064353943
pool,1,123,train_012,5,0.42212456464767456,0.1429968923330307,0.37500137090682983,0.050950970500707626,0.008926245383918285
pool,1,123,train_013,2,0.10496898740530014,0.18929894268512726,0.2624830901622772,0.20522737503051758,0.2380215972661972
pool,1,123,train_014,5,0.18046820163726807,0.18315072357654572,0.2261303812265396,0.22735826671123505,0.18289241194725037
pool,1,123,train_015,3,0.17083799839019775,0.08323029428720474,0.6669333577156067,0.06249859556555748,0.01649969071149826
pool,1,123,train_016,4,0.11744484305381775,0.0782380923628807,0.3935796916484833,0.14961101114749908,0.261126309633255
pool,1,123,train_017,2,0.4295329749584198,0.04487041011452675,0.5051314234733582,0.018326224759221077,0.0021389457397162914
pool,1,123,train_018,5,0.0425894521176815,0.24754811823368073,0.09583543241024017,0.22585108876228333,0.388175904750824
pool,1,123,train_019,3,0.19350884854793549,0.25962167978286743,0.3333088755607605,0.12187547236680984,0.09168512374162674
pool,1,123,train_020,2,0.20995278656482697,0.1786903440952301,0.2659401595592499,0.24225486814975739,0.10316185653209686
pool,1,123,train_021,5,0.0355948880314827,0.11008550971746445,0.32368242740631104,0.38021689653396606,0.15042027831077576
pool,1,123,train_022,4,0.09070704132318497,0.07462112605571747,0.04582137241959572,0.12584877014160156,0.6630016565322876
pool,1,123,train_023,3,0.018330667167901993,0.03358440101146698,0.059013791382312775,0.22587920725345612,0.6631918549537659
pool,1,123,train_024,5,0.5229416489601135,0.31690531969070435,0.06678560376167297,0.08854881674051285,0.004818595480173826
pool,1,123,train_025,5,0.02885751985013485,0.03347789868712425,0.09647415578365326,0.2893938422203064,0.5517966151237488
pool,1,123,train_026,3,0.04395167902112007,0.15964749455451965,0.43773558735847473,0.23841358721256256,0.12025163322687149
pool,1,123,train_027,2,0.24951963126659393,0.2595962584018707,0.1631883829832077,0.19496265053749084,0.1327330619096756
pool,1,123,train_028,4,0.039896681904792786,0.20382443070411682,0.38471782207489014,0.2563129663467407,0.11524809896945953
pool,1,123,train_029,2,0.5261102914810181,0.44823235273361206,0.011132068932056427,0.009003248065710068,0.005522055551409721
pool,1,123,train_030,5,0.09804238379001617,0.2000795155763626,0.23676708340644836,0.19375261664390564,0.2713584303855896
pool,1,123,train_031,4,0.09483253210783005,0.13227272033691406,0.23471428453922272,0.257677286863327,0.28050321340560913
pool,1,123,train_032,3,0.031671974807977676,0.16768962144851685,0.16893352568149567,0.3001540005207062,0.33155080676078796
pool,1,123,train_033,1,0.24598200619220734,0.24293561279773712,0.17136485874652863,0.20030497014522552,0.13941258192062378
pool,1,123,train_034,2,0.17661306262016296,0.17895221710205078,0.23001067340373993,0.22496040165424347,0.18946361541748047
pool,1,123,train_035,2,0.9122412204742432,0.022740371525287628,0.016691718250513077,0.03920173645019531,0.009125031530857086
pool,1,123,train_036,2,0.07295843958854675,0.1844387650489807,0.5128260254859924,0.1517859697341919,0.07799072563648224
pool,1,123,train_037,2,0.09022465348243713,0.26934370398521423,0.15021349489688873,0.14324384927749634,0.3469741940498352
pool,1,123,train_038,3,0.11653567105531693,0.12187770754098892,0.15702418982982635,0.2880570888519287,0.3165052831172943
pool,1,123,train_039,3,0.12384843081235886,0.15675564110279083,0.20119169354438782,0.25398486852645874,0.2642193138599396
pool,1,123,train_040,2,0.2192220389842987,0.22488519549369812,0.18902374804019928,0.20843791961669922,0.1584310680627823
pool,1,123,train_041,3,0.052816230803728104,0.18889006972312927,0.37491923570632935,0.24196863174438477,0.1414058804512024
pool,1,123,train_042,2,0.2680398225784302,0.044069819152355194,0.1784691959619522,0.3884935975074768,0.12092754989862442
pool,1,123,train_043,4,0.0896490290760994,0.16371546685695648,0.24050016701221466,0.22771233320236206,0.278423011302948
pool,1,123,train_044,3,0.09402718394994736,0.2612411081790924,0.4013456702232361,0.13174542784690857,0.11164052784442902
pool,1,123,train_045,3,0.08812078088521957,0.15718482434749603,0.23530903458595276,0.2270219326019287,0.29236337542533875
pool,1,123,train_046,4,0.1514352560043335,0.39323660731315613,0.22605979442596436,0.10863492637872696,0.12063338607549667
pool,1,123,train_047,2,0.13767477869987488,0.2050313949584961,0.3011346459388733,0.16785544157028198,0.18830376863479614
pool,1,123,train_048,4,0.17688341438770294,0.1802755892276764,0.23005136847496033,0.22887852787971497,0.18391115963459015
pool,1,123,train_049,2,0.09598438441753387,0.21479594707489014,0.2529277503490448,0.23554730415344238,0.2007445991039276
pool,1,123,train_050,4,0.17901334166526794,0.18073147535324097,0.2286786586046219,0.22476886212825775,0.1868075728416443
pool,1,123,train_051,3,0.1479591727256775,0.19170817732810974,0.29196402430534363,0.17541852593421936,0.1929500699043274
pool,1,123,train_052,3,0.07347060739994049,0.10726800560951233,0.22161196172237396,0.40084490180015564,0.196804478764534
pool,1,123,train_053,3,0.15590214729309082,0.08938784897327423,0.666790246963501,0.0695737972855568,0.018345927819609642
pool,1,123,train_054,2,0.0969071239233017,0.16273096203804016,0.24262766540050507,0.21429672837257385,0.2834375500679016
pool,1,123,train_055,3,0.11205976456403732,0.1355050802230835,0.2730611264705658,0.24932481348514557,0.2300492376089096
pool,1,123,train_056,1,0.6903036236763,0.08355239033699036,0.21946823596954346,0.006314640864729881,0.00036114139948040247
pool,1,123,train_057,1,0.04248366132378578,0.23551934957504272,0.21777620911598206,0.2854173183441162,0.21880345046520233
pool,1,123,train_058,1,0.05740419030189514,0.237875834107399,0.37416693568229675,0.20378655195236206,0.12676648795604706
pool,1,123,train_059,2,0.24599018692970276,0.1405862271785736,0.10112018883228302,0.262383371591568,0.24992001056671143
pool,1,123,train_060,3,0.06279432773590088,0.17399728298187256,0.376518577337265,0.25517404079437256,0.1315157264471054
pool,1,123,train_061,2,0.10100775212049484,0.20281608402729034,0.2374102771282196,0.1917857974767685,0.26698005199432373
pool,1,123,train_062,3,0.24735726416110992,0.3286403715610504,0.3337682783603668,0.04968435317277908,0.040549758821725845
pool,1,123,train_063,2,0.4021759331226349,0.11909044533967972,0.03921922296285629,0.22332841157913208,0.21618598699569702
pool,1,123,train_064,2,0.07081528753042221,0.22952815890312195,0.43163713812828064,0.16951824724674225,0.09850115329027176
pool,1,123,train_065,3,0.19089412689208984,0.19358506798744202,0.2179352045059204,0.22381600737571716,0.17376968264579773
pool,1,123,train_066,2,0.07552237063646317,0.14065977931022644,0.18587206304073334,0.40234994888305664,0.195595845580101
pool,1,123,train_067,3,0.3719686269760132,0.05606803297996521,0.49273672699928284,0.07405120879411697,0.005175387486815453
pool,1,123,train_068,3,0.16019666194915771,0.23191188275814056,0.4612219035625458,0.09486287087202072,0.05180669575929642
pool,1,123,train_069,2,0.1177462637424469,0.11620473116636276,0.3614579737186432,0.29569199681282043,0.1088990867137909
pool,1,123,train_070,2,0.3085229694843292,0.07083920389413834,0.573210597038269,0.043433014303445816,0.003994234837591648
pool,1,123,train_071,4,0.18600952625274658,0.18999360501766205,0.2201484888792038,0.22646354138851166,0.1773848682641983
pool,1,123,train_072,4,0.18210119009017944,0.19088466465473175,0.15558575093746185,0.21185581386089325,0.2595725655555725
pool,1,123,train_073,2,0.18163131177425385,0.1848025768995285,0.22485019266605377,0.22849752008914948,0.18021836876869202
pool,1,123,train_074,3,0.14464694261550903,0.22564390301704407,0.34378910064697266,0.13135841488838196,0.1545615792274475
pool,1,123,train_075,2,0.053631242364645004,0.28979775309562683,0.2928580939769745,0.20716623961925507,0.1565466672182083
pool,1,123,train_076,2,0.24361829459667206,0.2428240329027176,0.17434775829315186,0.19428712129592896,0.1449228972196579
pool,1,123,train_077,3,0.1824745386838913,0.184502974152565,0.22560670971870422,0.22451965510845184,0.18289609253406525
pool,1,123,train_078,3,0.1606806069612503,0.5619635581970215,0.0512237474322319,0.056266769766807556,0.16986528038978577
pool,1,123,train_079,2,0.18246744573116302,0.4004075229167938,0.22090251743793488,0.023153938353061676,0.17306867241859436
pool,1,123,train_080,1,0.14556919038295746,0.2670590281486511,0.2357676476240158,0.14669600129127502,0.20490816235542297
pool,1,123,train_081,3,0.20409511029720306,0.2064087837934494,0.2081100046634674,0.2182278037071228,0.16315828263759613
pool,1,123,train_082,3,0.12649230659008026,0.3930058181285858,0.13762809336185455,0.11534754931926727,0.2275262176990509
pool,1,123,train_083,1,0.6875894069671631,0.23284882307052612,0.04701489955186844,0.02866499312222004,0.0038818910252302885
pool,1,123,train_084,5,0.04755176976323128,0.1276722103357315,0.13923798501491547,0.3181607127189636,0.3673773407936096
pool,1,123,train_085,3,0.148405984044075,0.6135664582252502,0.04090370982885361,0.11490504443645477,0.08221878856420517
pool,1,123,train_086,2,0.45827624201774597,0.5037150979042053,0.014613891951739788,0.013067599385976791,0.010327163152396679
pool,1,123,train_087,3,0.09036280959844589,0.06289885938167572,0.20041196048259735,0.5664697289466858,0.07985662668943405
pool,1,123,train_088,2,0.23553647100925446,0.18867208063602448,0.27849259972572327,0.06538601219654083,0.23191288113594055
pool,1,123,train_089,2,0.19984568655490875,0.04004774987697601,0.05658772215247154,0.39945828914642334,0.3040606379508972
pool,1,123,train_090,4,0.01206264179199934,0.020913781598210335,0.02472391165792942,0.10215684771537781,0.8401428461074829
pool,1,123,train_091,2,0.09429221600294113,0.29555413126945496,0.3019857406616211,0.13159576058387756,0.17657220363616943
pool,1,123,train_092,2,0.18175271153450012,0.18368607759475708,0.22530986368656158,0.22585302591323853,0.18339838087558746
pool,1,123,train_093,3,0.04470024257898331,0.12529970705509186,0.07552695274353027,0.16070976853370667,0.5937632918357849
pool,1,123,train_094,3,0.2241523563861847,0.21867914497852325,0.1907270848751068,0.20889726281166077,0.1575440615415573
pool,1,123,train_095,3,0.02707144059240818,0.05831197649240494,0.11364563554525375,0.30333569645881653,0.497635155916214
pool,1,123,train_096,2,0.0319339819252491,0.17744341492652893,0.10853610187768936,0.27299371361732483,0.4090926945209503
pool,1,123,train_097,3,0.6582213044166565,0.1274939328432083,0.08257412910461426,0.07091962546110153,0.0607910193502903
pool,1,123,train_098,1,0.18616613745689392,0.18725630640983582,0.2202938199043274,0.22578485310077667,0.180498868227005
pool,1,123,train_099,3,0.1799182891845703,0.18406717479228973,0.22658731043338776,0.22823157906532288,0.1811957210302353
pool,1,123,train_100,5,0.08030711859464645,0.1799032837152481,0.19065117835998535,0.2090640515089035,0.3400743305683136
pool,1,123,train_101,2,0.18393193185329437,0.18848508596420288,0.2220829874277115,0.2269546538591385,0.1785452961921692
pool,1,123,train_102,2,0.15891876816749573,0.24603532254695892,0.321371465921402,0.19004759192466736,0.08362681418657303
pool,1,123,train_103,3,0.03763546794652939,0.046526409685611725,0.14247791469097137,0.46009543538093567,0.31326478719711304
pool,1,123,train_104,1,0.06826262921094894,0.1913873255252838,0.4580516815185547,0.210998073220253,0.07130029797554016
pool,1,123,train_105,4,0.11003997921943665,0.3564833700656891,0.11870818585157394,0.17676189541816711,0.2380065768957138
pool,1,123,train_106,1,0.722338855266571,0.12129144370555878,0.10829582065343857,0.018451258540153503,0.029622633010149002
pool,1,123,train_107,3,0.22159714996814728,0.04807593673467636,0.6938395500183105,0.031575221568346024,0.004912083502858877
pool,1,123,train_108,1,0.11087644845247269,0.13989822566509247,0.27572113275527954,0.21097302436828613,0.26253119111061096
pool,1,123,train_109,3,0.1950717270374298,0.19831831753253937,0.21355663239955902,0.22283317148685455,0.17022012174129486
pool,1,123,train_110,1,0.4135133922100067,0.29987606406211853,0.05108273774385452,0.11642377078533173,0.11910402774810791
pool,1,123,train_111,3,0.139537513256073,0.2382066547870636,0.31321918964385986,0.13986805081367493,0.1691686511039734
pool,1,123,train_112,1,0.24152450263500214,0.2403894066810608,0.17461085319519043,0.20233193039894104,0.1411433219909668
pool,1,123,train_113,3,0.035669147968292236,0.048069555312395096,0.036323390901088715,0.2038925439119339,0.6760454177856445
pool,1,123,train_114,3,0.1755952388048172,0.1777344048023224,0.23143135011196136,0.22836986184120178,0.18686911463737488
pool,1,123,train_115,3,0.17869849503040314,0.1818772703409195,0.22946332395076752,0.22662535309791565,0.183335542678833
pool,1,123,train_116,4,0.07102901488542557,0.12866005301475525,0.21624180674552917,0.39645665884017944,0.18761250376701355
pool,1,123,train_117,1,0.8365976214408875,0.11667359620332718,0.04322849214076996,0.0033920598216354847,0.0001081624286598526
pool,1,123,train_118,2,0.09901972115039825,0.17331691086292267,0.2485918253660202,0.21070101857185364,0.26837047934532166
pool,1,123,train_119,2,0.09421500563621521,0.17590254545211792,0.25076138973236084,0.20135590434074402,0.277765154838562
pool,1,123,train_120,5,0.18506234884262085,0.18676942586898804,0.22294341027736664,0.22370240092277527,0.1815224587917328
pool,1,ensemble,train_001,2,0.4779118100802104,0.36061113079388935,0.06893305107951164,0.045175828194866575,0.04736819180349509
pool,1,ensemble,train_002,5,0.1615354667107264,0.20976565778255463,0.21374978125095367,0.20764652887980142,0.20730254550774893
pool,1,ensemble,train_003,2,0.29200827578703564,0.09769057482481003,0.49531668424606323,0.08977916464209557,0.02520531074454387
pool,1,ensemble,train_004,4,0.14932386577129364,0.1729298879702886,0.39479537804921466,0.21919192870457968,0.06375891963640849
pool,1,ensemble,train_005,5,0.08821994190414746,0.17066295444965363,0.20128021637598673,0.28333671887715656,0.25650016963481903
pool,1,ensemble,train_006,2,0.17360957711935043,0.2634461522102356,0.19262109200159708,0.22708124915758768,0.14324190964301428
pool,1,ensemble,train_007,2,0.1574019193649292,0.17809427777926126,0.24280058840910593,0.23428754011789957,0.1874157041311264
pool,1,ensemble,train_008,5,0.10259352748592694,0.22976463039716086,0.24317841231822968,0.206409752368927,0.21805368860562643
pool,1,ensemble,train_009,3,0.1191689744591713,0.17295650144418082,0.2970874259869258,0.2411057005325953,0.16968143483002981
pool,1,ensemble,train_010,2,0.21539799869060516,0.3183565139770508,0.24539651473363241,0.13828746229410172,0.08256151216725509
pool,1,ensemble,train_011,3,0.0934545174241066,0.20537454883257547,0.31870180865128833,0.2262867589791616,0.15618238349755606
pool,1,ensemble,train_012,5,0.4490829110145569,0.1732639024655024,0.28587473432223004,0.059512609615921974,0.03226585887993375
pool,1,ensemble,train_013,2,0.09649667267998059,0.19597824911276499,0.2485722005367279,0.2457217425107956,0.21323112646738687
pool,1,ensemble,train_014,5,0.14193964252869287,0.16741653780142465,0.228300874431928,0.25123000144958496,0.21111294130484262
pool,1,ensemble,train_015,3,0.22213080525398254,0.13330038636922836,0.5489358901977539,0.06850917140642802,0.02712374087423086
pool,1,ensemble,train_016,4,0.15249777088562647,0.1193522388736407,0.3922225435574849,0.1621638834476471,0.1737635682026545
pool,1,ensemble,train_017,2,0.544081469376882,0.09127524495124817,0.32658057908217114,0.026535032782703638,0.011527667714593312
pool,1,ensemble,train_018,5,0.11953405911723773,0.25379954278469086,0.14795959492524466,0.21546344459056854,0.263243372241656
pool,1,ensemble,train_019,3,0.18237335483233133,0.28014924625555676,0.2840353449185689,0.14984467128912607,0.10359737897912662
pool,1,ensemble,train_020,2,0.1712764153877894,0.2116509974002838,0.2376213918129603,0.25163668890794116,0.12781452387571335
pool,1,ensemble,train_021,5,0.0733174333969752,0.14525103320678076,0.28530318041642505,0.31367409229278564,0.18245428303877512
pool,1,ensemble,train_022,4,0.1538783609867096,0.15203439195950827,0.09193316226204236,0.15359317262967428,0.4485608786344528
pool,1,ensemble,train_023,3,0.048382935424645744,0.09679684787988663,0.12960921476284662,0.2739325116078059,0.4512784481048584
pool,1,ensemble,train_024,5,0.3964100033044815,0.3014957010746002,0.08781297008196513,0.14519071827332178,0.06909060245379806
pool,1,ensemble,train_025,5,0.08912876186271508,0.09952383364240329,0.1723048835992813,0.2818297843138377,0.35721276700496674
pool,1,ensemble,train_026,3,0.08077917123834293,0.1676414261261622,0.3302827576796214,0.2515111416578293,0.16978548218806586
pool,1,ensemble,train_027,2,0.317862535516421,0.2885518471399943,0.14154485861460367,0.13862261672814688,0.11341811716556549
pool,1,ensemble,train_028,4,0.06897822767496109,0.18804034094015756,0.31436217824618023,0.2600463678439458,0.16857286791006723
pool,1,ensemble,train_029,2,0.4508131245772044,0.373874972263972,0.06760298709074657,0.04975945378343264,0.057949477806687355
pool,1,ensemble,train_030,5,0.09991625572244327,0.22148350874582926,0.21944202482700348,0.21173675855000815,0.24742144346237183
pool,1,ensemble,train_031,4,0.0941192905108134,0.13635122527678809,0.2259824573993683,0.30602532625198364,0.23752173781394958
pool,1,ensemble,train_032,3,0.07517507051428159,0.18798101445039114,0.2175470838944117,0.26728696127732593,0.2520098288853963
pool,1,ensemble,train_033,1,0.33286353449026745,0.24527589480082193,0.13966199258963266,0.16054429858922958,0.12165430188179016
pool,1,ensemble,train_034,2,0.13368409872055054,0.19095735251903534,0.23751389483610788,0.22781231005986533,0.2100323090950648
pool,1,ensemble,train_035,2,0.7273512681325277,0.10401462018489838,0.052249958738684654,0.05581572279334068,0.06056847423315048
pool,1,ensemble,train_036,2,0.09357871611913045,0.18734094003836313,0.35763731102148694,0.20946253339449564,0.15198048452536264
pool,1,ensemble,train_037,2,0.12476357817649841,0.3884868820508321,0.1461570660273234,0.10592385629812877,0.23466859012842178
pool,1,ensemble,train_038,3,0.12407184268037479,0.12736857185761133,0.1606265107790629,0.30167263249556225,0.2862604359785716
pool,1,ensemble,train_039,3,0.14746248970429102,0.17457406222820282,0.20811525483926138,0.25602524479230243,0.21382292608420053
pool,1,ensemble,train_040,2,0.18013795713583627,0.25577699144681293,0.18304601311683655,0.18240700165430704,0.19863203664620718
pool,1,ensemble,train_041,3,0.08508903657396634,0.1846501032511393,0.304880032936732,0.247725377480189,0.17765545845031738
pool,1,ensemble,train_042,2,0.2319739063580831,0.11317223807175954,0.19441171487172446,0.26069703201452893,0.19974512110153833
pool,1,ensemble,train_043,4,0.08207828116913636,0.16860265533129373,0.2250054876009623,0.2668740351994832,0.2574395537376404
pool,1,ensemble,train_044,3,0.10530389845371246,0.21756394704182944,0.31057483951250714,0.1982458084821701,0.1683114618062973
pool,1,ensemble,train_045,3,0.08290244204302628,0.16001617163419724,0.2214366445938746,0.2732829451560974,0.2623617798089981
pool,1,ensemble,train_046,4,0.16114917397499084,0.31723228096961975,0.25554342071215314,0.16339907298485437,0.10267605011661847
pool,1,ensemble,train_047,2,0.1528472602367401,0.21321619550387064,0.31440672278404236,0.17709126571814218,0.14243857065836588
pool,1,ensemble,train_048,4,0.14385814716418585,0.17284510533014932,0.24434219300746918,0.2433143456776937,0.19564021130402884
pool,1,ensemble,train_049,2,0.11524194478988647,0.2480846643447876,0.270346333583196,0.20560786624749502,0.16071915378173193
pool,1,ensemble,train_050,4,0.143943319718043,0.18759454290072122,0.23586168388525644,0.2303715944290161,0.20222881933053335
pool,1,ensemble,train_051,3,0.1715615044037501,0.19837056597073874,0.2991259495417277,0.18597659965356192,0.14496535311142603
pool,1,ensemble,train_052,3,0.11458780119816463,0.1317343388994535,0.22963243226210275,0.376339058081309,0.14770635962486267
pool,1,ensemble,train_053,3,0.19966716567675272,0.16494393845399222,0.47799114386240643,0.10437123477458954,0.05302652716636658
pool,1,ensemble,train_054,2,0.10166152815024058,0.18751885990301767,0.2402706742286682,0.24170522888501486,0.22884373366832733
pool,1,ensemble,train_055,3,0.11463191360235214,0.13631282995144525,0.26599620779355365,0.2990953177213669,0.18396375079949698
pool,1,ensemble,train_056,1,0.5592729647954305,0.10104349503914516,0.2787906428178151,0.04448933262998859,0.01640358769024412
pool,1,ensemble,train_057,1,0.07564989601572354,0.20385084549585977,0.24551566938559213,0.2665149321158727,0.20846866071224213
pool,1,ensemble,train_058,1,0.08813985685507457,0.20475178956985474,0.30171649158000946,0.23317691187063852,0.1722149650255839
pool,1,ensemble,train_059,2,0.26815779507160187,0.1665953646103541,0.11524796982606252,0.22958560784657797,0.22041326264540353
pool,1,ensemble,train_060,3,0.10831935207049052,0.1881601313749949,0.2897784560918808,0.24345338344573975,0.1702886869510015
pool,1,ensemble,train_061,2,0.10226371760169665,0.23497320711612701,0.2296308974424998,0.2094151278336843,0.22371704379717508
pool,1,ensemble,train_062,3,0.17980296909809113,0.26383847494920093,0.2774149874846141,0.14559467881917953,0.13334889834125838
pool,1,ensemble,train_063,2,0.3283133606115977,0.18287069847186407,0.06861847266554832,0.1649204542239507,0.2552770177523295
pool,1,ensemble,train_064,2,0.09639309346675873,0.21339493493239084,0.31974096099535626,0.21017876267433167,0.16029224544763565
pool,1,ensemble,train_065,3,0.17550882200400034,0.19897061586380005,0.2386539727449417,0.21315719187259674,0.17370943228403726
pool,1,ensemble,train_066,2,0.09520337730646133,0.1764246771732966,0.21935440599918365,0.3442283471425374,0.16478920727968216
pool,1,ensemble,train_067,3,0.3937994639078776,0.0801161415874958,0.4020964602629344,0.10079497223099072,0.023192962786803644
pool,1,ensemble,train_068,3,0.17451434830824533,0.2462642788887024,0.37016718586285907,0.1333685889840126,0.07568558181325595
pool,1,ensemble,train_069,2,0.15092113614082336,0.1710526371995608,0.27460623780886334,0.24885682264963785,0.15456318855285645
pool,1,ensemble,train_070,2,0.3492591281731923,0.10264830042918523,0.4589048425356547,0.07049035653471947,0.01869739075967421
pool,1,ensemble,train_071,4,0.14256188521782556,0.16856642067432404,0.216656893491745,0.24407778680324554,0.22813701132933298
pool,1,ensemble,train_072,4,0.2043765758474668,0.22509161134560904,0.14707664648691812,0.2064846158027649,0.21697052319844565
pool,1,ensemble,train_073,2,0.14901580661535263,0.1720803181330363,0.22866336007912955,0.24517028033733368,0.2050702174504598
pool,1,ensemble,train_074,3,0.1594141274690628,0.22203785677750906,0.3561094055573146,0.14342118054628372,0.1190174197157224
pool,1,ensemble,train_075,2,0.0989505760371685,0.25788241624832153,0.2550821503003438,0.20796322325865427,0.18012164533138275
pool,1,ensemble,train_076,2,0.270158256093661,0.30826575060685474,0.1524970382452011,0.13874914248784384,0.13032981504996619
pool,1,ensemble,train_077,3,0.14879114677508673,0.190875714023908,0.24113609393437704,0.22406481206417084,0.19513223568598428
pool,1,ensemble,train_078,3,0.25798337161540985,0.4304601550102234,0.10738615940014522,0.07615149269501369,0.128018818795681
pool,1,ensemble,train_079,2,0.1827546258767446,0.40689606467882794,0.22879708309968314,0.05109734212358793,0.13045491899053255
pool,1,ensemble,train_080,1,0.16746218502521515,0.29298120737075806,0.24224136273066202,0.14595383405685425,0.15136145055294037
pool,1,ensemble,train_081,3,0.1890758822361628,0.21146128078301749,0.2560126682122548,0.18886788189411163,0.15458230674266815
pool,1,ensemble,train_082,3,0.13169002657135329,0.42169874906539917,0.13056324422359467,0.13138706982135773,0.18466089914242426
pool,1,ensemble,train_083,1,0.5960487723350525,0.23625553150971731,0.0782646785179774,0.04064234718680382,0.048788679375623666
pool,1,ensemble,train_084,5,0.08536934231718381,0.1563779761393865,0.17018075287342072,0.3179915249347687,0.27008041739463806
pool,1,ensemble,train_085,3,0.09571267664432526,0.42056869467099506,0.07184913754463196,0.19392713904380798,0.21794231484333673
pool,1,ensemble,train_086,2,0.4164821008841197,0.48380011320114136,0.05107152182608843,0.02716919779777527,0.02147707249969244
pool,1,ensemble,train_087,3,0.12286154925823212,0.09483693540096283,0.2138737440109253,0.46825294693311054,0.10017481073737144
pool,1,ensemble,train_088,2,0.2222686211268107,0.28399525086085003,0.2382911592721939,0.0724269871910413,0.18301800886789957
pool,1,ensemble,train_089,2,0.22102115551630655,0.10979367916782697,0.07663257544239362,0.30646847436825436,0.2860841304063797
pool,1,ensemble,train_090,4,0.07114331393192212,0.1260284415135781,0.0710460872699817,0.14645017931858698,0.5853319863478342
pool,1,ensemble,train_091,2,0.11779559900363286,0.24647520979245505,0.27028242746988934,0.17960351705551147,0.18584328393141428
pool,1,ensemble,train_092,2,0.1500020126501719,0.18955410520235697,0.2343743493159612,0.23028574387232462,0.19578377405802408
pool,1,ensemble,train_093,3,0.08433960750699043,0.19642679393291473,0.12010805308818817,0.18245387574036917,0.4166716734568278
pool,1,ensemble,train_094,3,0.2368593911329905,0.22752776245276132,0.17761820058027902,0.18795443574587503,0.17004017531871796
pool,1,ensemble,train_095,3,0.05158444307744503,0.10602485885222752,0.18446198354164758,0.30118902524312335,0.3567396402359009
pool,1,ensemble,train_096,2,0.07492566977938016,0.18816758692264557,0.1937931403517723,0.26236584782600403,0.2807477315266927
pool,1,ensemble,train_097,3,0.4629611174265544,0.24052928388118744,0.11597716559966405,0.06839899346232414,0.11213343217968941
pool,1,ensemble,train_098,1,0.14065596709648767,0.1796437750260035,0.2213801940282186,0.23984494805335999,0.21847512821356455
pool,1,ensemble,train_099,3,0.1494349166750908,0.16851689418156943,0.23707318305969238,0.2468965103228887,0.19807851811250052
pool,1,ensemble,train_100,5,0.07693277206271887,0.20100068052609762,0.16295951356490454,0.22787254055341086,0.33123448491096497
pool,1,ensemble,train_101,2,0.14466995497544607,0.17867867151896158,0.23477456470330557,0.237824484705925,0.20405228435993195
pool,1,ensemble,train_102,2,0.15738958368698755,0.2623308598995209,0.2973687748114268,0.17733570436636606,0.10557505364219348
pool,1,ensemble,train_103,3,0.06571441392103831,0.08608059833447139,0.18207279841105142,0.4174806574980418,0.24865154922008514
pool,1,ensemble,train_104,1,0.08867025375366211,0.17891776065031686,0.3401401837666829,0.2437594731648763,0.14851232866446176
pool,1,ensemble,train_105,4,0.13400707642237344,0.25527093807856244,0.19400373846292496,0.21093187729517618,0.20578636229038239
pool,1,ensemble,train_106,1,0.5073002278804779,0.20442765951156616,0.14971179018417993,0.05611208826303482,0.0824482391277949
pool,1,ensemble,train_107,3,0.2901098132133484,0.09368342657883962,0.5472650825977325,0.051407814025878906,0.017533823265694082
pool,1,ensemble,train_108,1,0.1275648499528567,0.15629871686299643,0.28358527024586994,0.22970563173294067,0.20284553865591684
pool,1,ensemble,train_109,3,0.18148603041966757,0.19574269155661264,0.23409868776798248,0.2138361781835556,0.17483639220396677
pool,1,ensemble,train_110,1,0.3487273206313451,0.3384411533673604,0.08018338183561961,0.12881583720445633,0.10383227715889613
pool,1,ensemble,train_111,3,0.14738286038239798,0.24789767960707346,0.32280631363391876,0.15072919925053915,0.13118397196133932
pool,1,ensemble,train_112,1,0.30106500287850696,0.24680691957473755,0.1541427175203959,0.1654032121102015,0.13258213798205057
pool,1,ensemble,train_113,3,0.09147654225428899,0.11829853182037671,0.0926447535554568,0.24804155031840006,0.4495386481285095
pool,1,ensemble,train_114,3,0.14013497779766718,0.17461553712685904,0.2394872655471166,0.2434986631075541,0.20226352910200754
pool,1,ensemble,train_115,3,0.14332595467567444,0.18543570240338644,0.251939778526624,0.22807376086711884,0.19122478365898132
pool,1,ensemble,train_116,4,0.11125641812880833,0.13244561354319254,0.22497979799906412,0.3887681762377421,0.1425499990582466
pool,1,ensemble,train_117,1,0.7317468126614889,0.18316711485385895,0.05976094864308834,0.01383627854132404,0.011488819282628052
pool,1,ensemble,train_118,2,0.10155911991993587,0.20013790826002756,0.24178566535313925,0.23606260617574057,0.22045467793941498
pool,1,ensemble,train_119,2,0.09721057986219724,0.2032706836859385,0.25061435004075366,0.22169190645217896,0.22721250355243683
pool,1,ensemble,train_120,5,0.1546914428472519,0.18740840752919516,0.24051855007807413,0.2264564981063207,0.1909251262744268
pool,2,42,train_001,2,0.4964445233345032,0.40581849217414856,0.06502392143011093,0.017156876623630524,0.01555614173412323
pool,2,42,train_002,5,0.12562012672424316,0.28357797861099243,0.24853071570396423,0.15665417909622192,0.18561701476573944
pool,2,42,train_003,2,0.19841624796390533,0.23530343174934387,0.291831374168396,0.13862170279026031,0.13582725822925568
pool,2,42,train_004,4,0.19979871809482574,0.18289227783679962,0.22817102074623108,0.20621389150619507,0.1829240918159485
pool,2,42,train_005,5,0.12220939993858337,0.19224168360233307,0.20832708477973938,0.2515798807144165,0.22564192116260529
pool,2,42,train_006,2,0.12104964256286621,0.21521247923374176,0.20803968608379364,0.23702074587345123,0.21867747604846954
pool,2,42,train_007,2,0.16966181993484497,0.3512078523635864,0.30018895864486694,0.12303324788808823,0.055908143520355225
pool,2,42,train_008,5,0.20892176032066345,0.18614301085472107,0.2275191694498062,0.1985674500465393,0.17884863913059235
pool,2,42,train_009,3,0.14616942405700684,0.21316154301166534,0.3070816993713379,0.17241640388965607,0.16117095947265625
pool,2,42,train_010,2,0.12481802701950073,0.24613414704799652,0.2594139575958252,0.17573507130146027,0.19389882683753967
pool,2,42,train_011,3,0.3265189230442047,0.3186827301979065,0.2578398883342743,0.0759255662560463,0.0210329107940197
pool,2,42,train_012,5,0.18045441806316376,0.22988972067832947,0.2252151519060135,0.1887466013431549,0.17569416761398315
pool,2,42,train_013,2,0.13481053709983826,0.3367219865322113,0.22284695506095886,0.21636727452278137,0.08925322443246841
pool,2,42,train_014,5,0.19769912958145142,0.18069307506084442,0.22191788256168365,0.21220509707927704,0.18748483061790466
pool,2,42,train_015,3,0.14711301028728485,0.2855040431022644,0.30081668496131897,0.12307031452655792,0.14349593222141266
pool,2,42,train_016,4,0.0964183509349823,0.2084299623966217,0.3119608759880066,0.19419045746326447,0.18900036811828613
pool,2,42,train_017,2,0.6296095252037048,0.21212393045425415,0.13364802300930023,0.01970173977315426,0.004916833247989416
pool,2,42,train_018,5,0.16853119432926178,0.2260129302740097,0.1742577999830246,0.1987478882074356,0.23245024681091309
pool,2,42,train_019,3,0.20692960917949677,0.1811647117137909,0.22713975608348846,0.2040599137544632,0.18070606887340546
pool,2,42,train_020,2,0.29844626784324646,0.3635478615760803,0.19373902678489685,0.1079472005367279,0.03631969913840294
pool,2,42,train_021,5,0.11150333285331726,0.186587393283844,0.2738567590713501,0.2474786341190338,0.18057391047477722
pool,2,42,train_022,4,0.1958295851945877,0.2738436758518219,0.1778389811515808,0.17657214403152466,0.17591561377048492
pool,2,42,train_023,3,0.1125701293349266,0.19744107127189636,0.20873220264911652,0.2423596978187561,0.2388969212770462
pool,2,42,train_024,5,0.3583199381828308,0.4418761134147644,0.10880795121192932,0.07836178690195084,0.012634173035621643
pool,2,42,train_025,5,0.11875317245721817,0.21305860579013824,0.29532864689826965,0.18446122109889984,0.1883983612060547
pool,2,42,train_026,3,0.1547595113515854,0.17398494482040405,0.21806810796260834,0.24573884904384613,0.20744848251342773
pool,2,42,train_027,2,0.41195788979530334,0.3684940040111542,0.09275440871715546,0.051286447793245316,0.07550715655088425
pool,2,42,train_028,4,0.09843220561742783,0.21573930978775024,0.2989415228366852,0.213480144739151,0.17340679466724396
pool,2,42,train_029,2,0.25142550468444824,0.22016310691833496,0.22707778215408325,0.15731415152549744,0.1440194547176361
pool,2,42,train_030,5,0.1347857415676117,0.24135789275169373,0.2668974697589874,0.18644915521144867,0.17050975561141968
pool,2,42,train_031,4,0.16038940846920013,0.25274181365966797,0.24586202204227448,0.23960931599140167,0.10139742493629456
pool,2,42,train_032,3,0.10645425319671631,0.215624138712883,0.2646571397781372,0.22390879690647125,0.18935564160346985
pool,2,42,train_033,1,0.6048376560211182,0.25256115198135376,0.07032786309719086,0.0452372282743454,0.02703612484037876
pool,2,42,train_034,2,0.09554925560951233,0.2203734666109085,0.266288161277771,0.23407579958438873,0.18371330201625824
pool,2,42,train_035,2,0.6549742817878723,0.17767120897769928,0.06606779992580414,0.04339591786265373,0.057890765368938446
pool,2,42,train_036,2,0.13838711380958557,0.2507879137992859,0.3265667259693146,0.1344021111726761,0.14985612034797668
pool,2,42,train_037,2,0.21291157603263855,0.32348954677581787,0.20573164522647858,0.12163800746202469,0.13622920215129852
pool,2,42,train_038,3,0.20932771265506744,0.18116334080696106,0.2145732194185257,0.21085087954998016,0.18408484756946564
pool,2,42,train_039,3,0.17725402116775513,0.17699794471263885,0.19542628526687622,0.24590691924095154,0.20441478490829468
pool,2,42,train_040,2,0.061060432344675064,0.45193687081336975,0.20964586734771729,0.09466816484928131,0.18268868327140808
pool,2,42,train_041,3,0.11767101287841797,0.203445166349411,0.2930690050125122,0.21237899363040924,0.17343585193157196
pool,2,42,train_042,2,0.18289001286029816,0.21859949827194214,0.28530848026275635,0.14242695271968842,0.17077511548995972
pool,2,42,train_043,4,0.09560687839984894,0.2213817834854126,0.2701789140701294,0.1995469182729721,0.21328549087047577
pool,2,42,train_044,3,0.12098610401153564,0.2088506519794464,0.299755334854126,0.19501177966594696,0.1753961145877838
pool,2,42,train_045,3,0.10127327591180801,0.21672119200229645,0.2648804485797882,0.2037724107503891,0.21335271000862122
pool,2,42,train_046,4,0.12199009954929352,0.21967433393001556,0.3164426386356354,0.16804441809654236,0.17384855449199677
pool,2,42,train_047,2,0.1587332785129547,0.2599922716617584,0.30483853816986084,0.1326117217540741,0.14382417500019073
pool,2,42,train_048,4,0.19866971671581268,0.17846862971782684,0.22318001091480255,0.2123597115278244,0.1873219758272171
pool,2,42,train_049,2,0.12325263023376465,0.21589632332324982,0.21461638808250427,0.22545255720615387,0.22078214585781097
pool,2,42,train_050,4,0.11866883933544159,0.20252428948879242,0.21300989389419556,0.24442078173160553,0.2213762104511261
pool,2,42,train_051,3,0.1454017162322998,0.21540258824825287,0.2854192852973938,0.19234316051006317,0.16143326461315155
pool,2,42,train_052,3,0.12315399944782257,0.17826832830905914,0.2705625593662262,0.2242826521396637,0.2037324756383896
pool,2,42,train_053,3,0.1738782674074173,0.2725100517272949,0.32108908891677856,0.10894063860177994,0.12358193099498749
pool,2,42,train_054,2,0.10798145830631256,0.20990115404129028,0.2791878283023834,0.2124233841896057,0.19050614535808563
pool,2,42,train_055,3,0.199736088514328,0.17713555693626404,0.22254684567451477,0.21281923353672028,0.18776220083236694
pool,2,42,train_056,1,0.17813856899738312,0.23687244951725006,0.30469974875450134,0.13940095901489258,0.1408882886171341
pool,2,42,train_057,1,0.1288384050130844,0.20007027685642242,0.21282410621643066,0.24345572292804718,0.2148115038871765
pool,2,42,train_058,1,0.15673373639583588,0.1880418062210083,0.21360604465007782,0.23712901771068573,0.20448940992355347
pool,2,42,train_059,2,0.34459176659584045,0.15914979577064514,0.14679943025112152,0.17080365121364594,0.17865543067455292
pool,2,42,train_060,3,0.19262222945690155,0.1741301566362381,0.20381779968738556,0.23107320070266724,0.19835656881332397
pool,2,42,train_061,2,0.2089121788740158,0.18391244113445282,0.2228708118200302,0.20512107014656067,0.1791834533214569
pool,2,42,train_062,3,0.40935930609703064,0.32909175753593445,0.2221265435218811,0.029161298647522926,0.010261086747050285
pool,2,42,train_063,2,0.20857082307338715,0.6696999669075012,0.07233273237943649,0.03370458632707596,0.015691861510276794
pool,2,42,train_064,2,0.20778195559978485,0.18348851799964905,0.2278151661157608,0.20217099785804749,0.17874330282211304
pool,2,42,train_065,3,0.18051187694072723,0.24557055532932281,0.2903991639614105,0.1420302838087082,0.14148809015750885
pool,2,42,train_066,2,0.10155429691076279,0.219033345580101,0.28416725993156433,0.21954616904258728,0.1756989061832428
pool,2,42,train_067,3,0.5584816932678223,0.14945334196090698,0.23918476700782776,0.04389576613903046,0.008984381332993507
pool,2,42,train_068,3,0.11162666231393814,0.21631868183612823,0.30442214012145996,0.19782331585884094,0.1698092371225357
pool,2,42,train_069,2,0.2530536353588104,0.17211803793907166,0.18336166441440582,0.2128562033176422,0.1786104291677475
pool,2,42,train_070,2,0.2093067467212677,0.18364955484867096,0.2283627986907959,0.19985991716384888,0.1788209080696106
pool,2,42,train_071,4,0.20037764310836792,0.18073035776615143,0.2176627814769745,0.2144702970981598,0.18675896525382996
pool,2,42,train_072,4,0.3170768618583679,0.23962895572185516,0.18265049159526825,0.1328636258840561,0.12778007984161377
pool,2,42,train_073,2,0.12405905872583389,0.18213379383087158,0.271869957447052,0.2188045084476471,0.203132763504982
pool,2,42,train_074,3,0.18682420253753662,0.22074884176254272,0.22296038269996643,0.19709503650665283,0.172371506690979
pool,2,42,train_075,2,0.1427878886461258,0.26732704043388367,0.19111211597919464,0.206444650888443,0.1923282891511917
pool,2,42,train_076,2,0.32983148097991943,0.39654114842414856,0.13702113926410675,0.061586763709783554,0.07501950114965439
pool,2,42,train_077,3,0.10930809378623962,0.25001323223114014,0.28180408477783203,0.168366476893425,0.19050809741020203
pool,2,42,train_078,3,0.3668369650840759,0.40690746903419495,0.10828833281993866,0.04323568940162659,0.07473154366016388
pool,2,42,train_079,2,0.1666322499513626,0.33948516845703125,0.2958495318889618,0.08146936446428299,0.11656375229358673
pool,2,42,train_080,1,0.21486863493919373,0.5011400580406189,0.1922459900379181,0.06639017164707184,0.025355195626616478
pool,2,42,train_081,3,0.1376209259033203,0.23094594478607178,0.3294103443622589,0.154119074344635,0.1479036808013916
pool,2,42,train_082,3,0.214821919798851,0.37114402651786804,0.18398939073085785,0.11123441904783249,0.11881016939878464
pool,2,42,train_083,1,0.7435302138328552,0.23805148899555206,0.016743555665016174,0.0014196003321558237,0.00025514684966765344
pool,2,42,train_084,5,0.06162228807806969,0.2050698697566986,0.20161877572536469,0.30489182472229004,0.2267972081899643
pool,2,42,train_085,3,0.11730567365884781,0.25025051832199097,0.2605038285255432,0.1972806602716446,0.1746593415737152
pool,2,42,train_086,2,0.4169078469276428,0.554889440536499,0.02660471200942993,0.0014351883437484503,0.0001627448946237564
pool,2,42,train_087,3,0.1998583972454071,0.18030600249767303,0.22078579664230347,0.21225538849830627,0.1867944896221161
pool,2,42,train_088,2,0.2882433235645294,0.30368533730506897,0.16420401632785797,0.10864472389221191,0.13522258400917053
pool,2,42,train_089,2,0.23934563994407654,0.18243157863616943,0.20926187932491302,0.202728271484375,0.16623260080814362
pool,2,42,train_090,4,0.29357242584228516,0.2248094230890274,0.1450168341398239,0.14198830723762512,0.1946130245923996
pool,2,42,train_091,2,0.13172069191932678,0.2329937219619751,0.30281710624694824,0.16739024221897125,0.16507820785045624
pool,2,42,train_092,2,0.11400367319583893,0.2410557121038437,0.26965150237083435,0.18170388042926788,0.19358523190021515
pool,2,42,train_093,3,0.2070799171924591,0.18658633530139923,0.2248031497001648,0.20408092439174652,0.17744965851306915
pool,2,42,train_094,3,0.22519414126873016,0.1881173700094223,0.221946120262146,0.1954902857542038,0.16925203800201416
pool,2,42,train_095,3,0.09983274340629578,0.28578445315361023,0.23943093419075012,0.22762593626976013,0.14732591807842255
pool,2,42,train_096,2,0.20606207847595215,0.17703108489513397,0.22066177427768707,0.21172496676445007,0.18452009558677673
pool,2,42,train_097,3,0.3274819850921631,0.43288204073905945,0.12583549320697784,0.05590222030878067,0.05789819359779358
pool,2,42,train_098,1,0.09601321071386337,0.21779760718345642,0.25965216755867004,0.2108716070652008,0.21566544473171234
pool,2,42,train_099,3,0.20020531117916107,0.2242131531238556,0.25462767481803894,0.2370910346508026,0.08386287838220596
pool,2,42,train_100,5,0.21001140773296356,0.18594065308570862,0.22021660208702087,0.2077062577009201,0.17612512409687042
pool,2,42,train_101,2,0.19758206605911255,0.18455280363559723,0.22358031570911407,0.20834414660930634,0.18594060838222504
pool,2,42,train_102,2,0.1603647917509079,0.37032902240753174,0.21971198916435242,0.16552525758743286,0.08406892418861389
pool,2,42,train_103,3,0.13589714467525482,0.1710261106491089,0.20939558744430542,0.2647002637386322,0.2189808189868927
pool,2,42,train_104,1,0.11845862865447998,0.19955934584140778,0.2957431674003601,0.21566395461559296,0.1705748736858368
pool,2,42,train_105,4,0.2096545696258545,0.17540355026721954,0.20269566774368286,0.20486749708652496,0.20737870037555695
pool,2,42,train_106,1,0.7143403887748718,0.19245906174182892,0.07310329377651215,0.017848031595349312,0.0022492255084216595
pool,2,42,train_107,3,0.34540727734565735,0.2901588976383209,0.3235931396484375,0.03080117143690586,0.010039489716291428
pool,2,42,train_108,1,0.11879608780145645,0.19133920967578888,0.31232190132141113,0.2027575969696045,0.17478522658348083
pool,2,42,train_109,3,0.3866916298866272,0.2948625087738037,0.2678064703941345,0.039753589779138565,0.010885782539844513
pool,2,42,train_110,1,0.5525580644607544,0.22067314386367798,0.08218549191951752,0.05870979651808739,0.08587352931499481
pool,2,42,train_111,3,0.19180776178836823,0.22875270247459412,0.21434737741947174,0.18933993577957153,0.1757521778345108
pool,2,42,train_112,1,0.23094800114631653,0.19520381093025208,0.22045572102069855,0.1877240538597107,0.16566847264766693
pool,2,42,train_113,3,0.2089497596025467,0.18053965270519257,0.21348893642425537,0.21489326655864716,0.18212838470935822
pool,2,42,train_114,3,0.15633510053157806,0.2606262266635895,0.2215162217617035,0.2629237174987793,0.09859876334667206
pool,2,42,train_115,3,0.19992579519748688,0.18074247241020203,0.22656786441802979,0.2075561136007309,0.1852078139781952
pool,2,42,train_116,4,0.1902196854352951,0.22650939226150513,0.22260065376758575,0.283830851316452,0.07683943957090378
pool,2,42,train_117,1,0.2592622637748718,0.20992904901504517,0.21724647283554077,0.16910596191883087,0.14445620775222778
pool,2,42,train_118,2,0.20417356491088867,0.17687062919139862,0.22204723954200745,0.21294817328453064,0.18396040797233582
pool,2,42,train_119,2,0.1750461757183075,0.41135549545288086,0.23491109907627106,0.1181432455778122,0.06054402142763138
pool,2,42,train_120,5,0.10370548814535141,0.24046997725963593,0.18863661587238312,0.25539252161979675,0.2117954045534134
pool,2,7,train_001,2,0.42417702078819275,0.3835715055465698,0.05843798443675041,0.06322414427995682,0.07058935612440109
pool,2,7,train_002,5,0.1524932086467743,0.21177296340465546,0.19869296252727509,0.20106692612171173,0.23597392439842224
pool,2,7,train_003,2,0.13524749875068665,0.17427513003349304,0.23300327360630035,0.22608934342861176,0.23138472437858582
pool,2,7,train_004,4,0.12798258662223816,0.18244700133800507,0.2582952082157135,0.24570360779762268,0.1855715960264206
pool,2,7,train_005,5,0.00945697445422411,0.13385102152824402,0.22212693095207214,0.49485501646995544,0.13971005380153656
pool,2,7,train_006,2,0.07687941938638687,0.41448915004730225,0.3120591938495636,0.16647693514823914,0.030095299705863
pool,2,7,train_007,2,0.16601239144802094,0.16617369651794434,0.2396138310432434,0.21165093779563904,0.2165490686893463
pool,2,7,train_008,5,0.17260946333408356,0.21330411732196808,0.21041759848594666,0.22600096464157104,0.1776677966117859
pool,2,7,train_009,3,0.10784175246953964,0.1447112113237381,0.25219807028770447,0.26100265979766846,0.23424629867076874
pool,2,7,train_010,2,0.12759840488433838,0.18072925508022308,0.21432065963745117,0.23132693767547607,0.2460247129201889
pool,2,7,train_011,3,0.17552807927131653,0.17377585172653198,0.23384211957454681,0.2083381563425064,0.20851576328277588
pool,2,7,train_012,5,0.14532090723514557,0.20156918466091156,0.19105638563632965,0.21336184442043304,0.2486916482448578
pool,2,7,train_013,2,0.15670274198055267,0.17043545842170715,0.2314702570438385,0.21289610862731934,0.22849543392658234
pool,2,7,train_014,5,0.1199754923582077,0.17163781821727753,0.17723870277404785,0.28579020500183105,0.24535775184631348
pool,2,7,train_015,3,0.13581188023090363,0.1832599639892578,0.22699947655200958,0.21562287211418152,0.23830579221248627
pool,2,7,train_016,4,0.11625338345766068,0.19751229882240295,0.41372326016426086,0.1841861605644226,0.08832484483718872
pool,2,7,train_017,2,0.23416312038898468,0.2273872047662735,0.20332899689674377,0.15560758113861084,0.1795131266117096
pool,2,7,train_018,5,0.020650312304496765,0.2956005930900574,0.08461907505989075,0.13156265020370483,0.4675673842430115
pool,2,7,train_019,3,0.14974431693553925,0.21144020557403564,0.22853735089302063,0.22125382721424103,0.18902425467967987
pool,2,7,train_020,2,0.14907048642635345,0.1613907814025879,0.22412186861038208,0.21891182661056519,0.24650509655475616
pool,2,7,train_021,5,0.057060472667217255,0.140289306640625,0.3910571336746216,0.33935683965682983,0.07223628461360931
pool,2,7,train_022,4,0.21226556599140167,0.26232853531837463,0.15834026038646698,0.15396982431411743,0.21309582889080048
pool,2,7,train_023,3,0.010133212432265282,0.18078628182411194,0.15676835179328918,0.3197973966598511,0.3325147032737732
pool,2,7,train_024,5,0.21230417490005493,0.2210346907377243,0.17927750945091248,0.18213266134262085,0.20525102317333221
pool,2,7,train_025,5,0.12559549510478973,0.21396885812282562,0.3310963809490204,0.18481464684009552,0.14452463388442993
pool,2,7,train_026,3,0.0324629470705986,0.10980992764234543,0.40524008870124817,0.41255223751068115,0.039934828877449036
pool,2,7,train_027,2,0.1552266925573349,0.6039495468139648,0.06896108388900757,0.08133941143751144,0.09052322059869766
pool,2,7,train_028,4,0.06670162081718445,0.16414736211299896,0.4379958510398865,0.26697033643722534,0.06418484449386597
pool,2,7,train_029,2,0.27293553948402405,0.4374219477176666,0.10003110021352768,0.09861190617084503,0.09099947661161423
pool,2,7,train_030,5,0.11406539380550385,0.20892931520938873,0.25289103388786316,0.2020265907049179,0.22208765149116516
pool,2,7,train_031,4,0.15634700655937195,0.15418563783168793,0.21954162418842316,0.23007941246032715,0.239846333861351
pool,2,7,train_032,3,0.04508693888783455,0.1834029108285904,0.1602763533592224,0.31388190388679504,0.2973518669605255
pool,2,7,train_033,1,0.25448518991470337,0.2780282497406006,0.15085025131702423,0.13745251297950745,0.17918382585048676
pool,2,7,train_034,2,0.05815477669239044,0.19157464802265167,0.28140321373939514,0.32861068844795227,0.1402566283941269
pool,2,7,train_035,2,0.6221681833267212,0.2476883977651596,0.06127994507551193,0.044800061732530594,0.024063367396593094
pool,2,7,train_036,2,0.1198246106505394,0.1621246039867401,0.2419506162405014,0.23724870383739471,0.23885150253772736
pool,2,7,train_037,2,0.2081601917743683,0.24756096303462982,0.09670234471559525,0.12761464715003967,0.319961816072464
pool,2,7,train_038,3,0.1711997240781784,0.20543166995048523,0.13581733405590057,0.23880034685134888,0.2487509697675705
pool,2,7,train_039,3,0.035186853259801865,0.10266117751598358,0.28568121790885925,0.4898490309715271,0.08662174642086029
pool,2,7,train_040,2,0.22002336382865906,0.2768401503562927,0.15916362404823303,0.14043168723583221,0.20354121923446655
pool,2,7,train_041,3,0.09871010482311249,0.14994236826896667,0.5175678133964539,0.18938006460666656,0.04439959675073624
pool,2,7,train_042,2,0.43609973788261414,0.21244968473911285,0.20386739075183868,0.0649046078324318,0.08267860859632492
pool,2,7,train_043,4,0.1041446253657341,0.15436241030693054,0.2305605709552765,0.25946688652038574,0.2514655292034149
pool,2,7,train_044,3,0.14625133574008942,0.1624528020620346,0.514450192451477,0.13234853744506836,0.04449712112545967
pool,2,7,train_045,3,0.10473943501710892,0.15320438146591187,0.2312052994966507,0.2611749470233917,0.2496759593486786
pool,2,7,train_046,4,0.10678993910551071,0.14861540496349335,0.24710512161254883,0.25772935152053833,0.239760160446167
pool,2,7,train_047,2,0.13158924877643585,0.17538318037986755,0.23245857656002045,0.22669194638729095,0.233877032995224
pool,2,7,train_048,4,0.12575368583202362,0.17199811339378357,0.22836440801620483,0.2728002667427063,0.20108354091644287
pool,2,7,train_049,2,0.03383030742406845,0.4040776789188385,0.2382240891456604,0.23616579174995422,0.08770214021205902
pool,2,7,train_050,4,0.013667219318449497,0.24507275223731995,0.18804709613323212,0.4114774763584137,0.14173544943332672
pool,2,7,train_051,3,0.16570651531219482,0.15391522645950317,0.5275947451591492,0.11487928032875061,0.037904273718595505
pool,2,7,train_052,3,0.10054688900709152,0.14141489565372467,0.24049751460552216,0.2733812928199768,0.24415946006774902
pool,2,7,train_053,3,0.13384434580802917,0.1721636950969696,0.2459169328212738,0.22125527262687683,0.22681981325149536
pool,2,7,train_054,2,0.13213589787483215,0.23011745512485504,0.3537680208683014,0.17473892867565155,0.10923967510461807
pool,2,7,train_055,3,0.1390267163515091,0.165717214345932,0.2497289627790451,0.2694147825241089,0.1761123687028885
pool,2,7,train_056,1,0.11484858393669128,0.15273407101631165,0.24584415555000305,0.250375360250473,0.23619776964187622
pool,2,7,train_057,1,0.03206007555127144,0.2995610237121582,0.27865996956825256,0.34989461302757263,0.03982435539364815
pool,2,7,train_058,1,0.056616827845573425,0.18879365921020508,0.4436335861682892,0.2923261225223541,0.018629763275384903
pool,2,7,train_059,2,0.2311641424894333,0.45364585518836975,0.09052430838346481,0.09875591099262238,0.12590976059436798
pool,2,7,train_060,3,0.07706205546855927,0.14612023532390594,0.44539639353752136,0.28515174984931946,0.04626959189772606
pool,2,7,train_061,2,0.1373979151248932,0.23042333126068115,0.1573052704334259,0.220244899392128,0.25462856888771057
pool,2,7,train_062,3,0.18840527534484863,0.19987602531909943,0.22323450446128845,0.1812375783920288,0.20724661648273468
pool,2,7,train_063,2,0.2046281397342682,0.25048330426216125,0.14457710087299347,0.15466855466365814,0.24564288556575775
pool,2,7,train_064,2,0.1502179205417633,0.21840421855449677,0.23322056233882904,0.20696921646595,0.1911880373954773
pool,2,7,train_065,3,0.12902392446994781,0.17070333659648895,0.23320703208446503,0.23457829654216766,0.23248742520809174
pool,2,7,train_066,2,0.06388463824987411,0.18679173290729523,0.3327793776988983,0.3114513158798218,0.10509298741817474
pool,2,7,train_067,3,0.18529802560806274,0.1724158376455307,0.24152779579162598,0.20295992493629456,0.19779840111732483
pool,2,7,train_068,3,0.1060546264052391,0.16079959273338318,0.5220096707344055,0.16714204847812653,0.04399406537413597
pool,2,7,train_069,2,0.12179511785507202,0.1186438575387001,0.38303253054618835,0.3295263350009918,0.047002147883176804
pool,2,7,train_070,2,0.1742841750383377,0.20570634305477142,0.2541711926460266,0.21060694754123688,0.15523134171962738
pool,2,7,train_071,4,0.1307182013988495,0.18509092926979065,0.15485161542892456,0.24695926904678345,0.28238001465797424
pool,2,7,train_072,4,0.3279137909412384,0.2555449306964874,0.15851710736751556,0.09518161416053772,0.16284260153770447
pool,2,7,train_073,2,0.11108865588903427,0.15521802008152008,0.22808261215686798,0.2567877769470215,0.24882294237613678
pool,2,7,train_074,3,0.18881233036518097,0.09529542922973633,0.6336154341697693,0.07573189586400986,0.006544926669448614
pool,2,7,train_075,2,0.03685862943530083,0.32633426785469055,0.3041853606700897,0.24349242448806763,0.08912931382656097
pool,2,7,train_076,2,0.23151086270809174,0.342372864484787,0.06628908962011337,0.12563669681549072,0.23419052362442017
pool,2,7,train_077,3,0.11332196742296219,0.1616923213005066,0.23299486935138702,0.24783799052238464,0.24415284395217896
pool,2,7,train_078,3,0.40216466784477234,0.46726205945014954,0.05612502247095108,0.042380645871162415,0.03206765651702881
pool,2,7,train_079,2,0.18682944774627686,0.22472168505191803,0.20270110666751862,0.16548950970172882,0.22025825083255768
pool,2,7,train_080,1,0.1952318698167801,0.21500301361083984,0.19721241295337677,0.17412610352039337,0.21842661499977112
pool,2,7,train_081,3,0.1556546688079834,0.1299603283405304,0.6055115461349487,0.08515401929616928,0.023719456046819687
pool,2,7,train_082,3,0.15251192450523376,0.2970968186855316,0.07185101509094238,0.13673026859760284,0.3418099880218506
pool,2,7,train_083,1,0.3351859748363495,0.33372068405151367,0.12963391840457916,0.10611900687217712,0.09534040838479996
pool,2,7,train_084,5,0.14617854356765747,0.15933309495449066,0.21706517040729523,0.2258034646511078,0.25161975622177124
pool,2,7,train_085,3,0.05177837610244751,0.23522603511810303,0.0692332461476326,0.17738787829875946,0.4663744270801544
pool,2,7,train_086,2,0.32207047939300537,0.3762546181678772,0.12951134145259857,0.09615921229124069,0.07600439339876175
pool,2,7,train_087,3,0.14264699816703796,0.18152478337287903,0.2124142348766327,0.2538766860961914,0.20953726768493652
pool,2,7,train_088,2,0.5249490737915039,0.2623746991157532,0.12392494082450867,0.044205132871866226,0.044546131044626236
pool,2,7,train_089,2,0.2212533950805664,0.31109848618507385,0.08734536170959473,0.17111240327358246,0.20919036865234375
pool,2,7,train_090,4,0.03240267187356949,0.23539865016937256,0.07498617470264435,0.156405970454216,0.5008065700531006
pool,2,7,train_091,2,0.1847381740808487,0.18526595830917358,0.4594460427761078,0.11041025072336197,0.06013960763812065
pool,2,7,train_092,2,0.11395718157291412,0.16351318359375,0.22845707833766937,0.24920324981212616,0.24486933648586273
pool,2,7,train_093,3,0.12562799453735352,0.2416044920682907,0.13504458963871002,0.20721320807933807,0.29050973057746887
pool,2,7,train_094,3,0.23431473970413208,0.28422027826309204,0.13032642006874084,0.16209514439105988,0.18904340267181396
pool,2,7,train_095,3,0.14864057302474976,0.16111205518245697,0.23579014837741852,0.21698437631130219,0.237472802400589
pool,2,7,train_096,2,0.12096142023801804,0.19329556822776794,0.15741251409053802,0.2620454430580139,0.2662850618362427
pool,2,7,train_097,3,0.2569911479949951,0.3015540540218353,0.14179550111293793,0.12259884178638458,0.17706039547920227
pool,2,7,train_098,1,0.11745867133140564,0.16795404255390167,0.21854008734226227,0.24071241915225983,0.2553348243236542
pool,2,7,train_099,3,0.15935109555721283,0.1568792760372162,0.22547617554664612,0.2266797572374344,0.2316136658191681
pool,2,7,train_100,5,0.12373234331607819,0.23812417685985565,0.10429529845714569,0.21451111137866974,0.3193370997905731
pool,2,7,train_101,2,0.1381586641073227,0.20293697714805603,0.19259095191955566,0.24091358482837677,0.22539980709552765
pool,2,7,train_102,2,0.14371125400066376,0.1611328274011612,0.21665772795677185,0.21901308000087738,0.259485125541687
pool,2,7,train_103,3,0.01337481290102005,0.10458356142044067,0.25005054473876953,0.549184262752533,0.08280682563781738
pool,2,7,train_104,1,0.0988655686378479,0.15537723898887634,0.509741485118866,0.19389145076274872,0.04212423413991928
pool,2,7,train_105,4,0.03276675567030907,0.1696765422821045,0.18612731993198395,0.1684231013059616,0.4430062174797058
pool,2,7,train_106,1,0.24130608141422272,0.22733177244663239,0.18495343625545502,0.170297309756279,0.17611144483089447
pool,2,7,train_107,3,0.1877584308385849,0.19538402557373047,0.246014803647995,0.17921532690525055,0.1916273832321167
pool,2,7,train_108,1,0.17232389748096466,0.18276801705360413,0.4670356214046478,0.12378697842359543,0.05408557504415512
pool,2,7,train_109,3,0.1891595870256424,0.18294566869735718,0.23162707686424255,0.19657212495803833,0.19969554245471954
pool,2,7,train_110,1,0.16025926172733307,0.5626470446586609,0.06939657777547836,0.09465786814689636,0.11303921043872833
pool,2,7,train_111,3,0.11551588773727417,0.16925211250782013,0.5471116304397583,0.13983610272407532,0.028284192085266113
pool,2,7,train_112,1,0.29303672909736633,0.31559881567955017,0.11547072976827621,0.13890117406845093,0.13699254393577576
pool,2,7,train_113,3,0.1401747167110443,0.20966026186943054,0.10946225374937057,0.23436284065246582,0.30633991956710815
pool,2,7,train_114,3,0.14995846152305603,0.15649843215942383,0.22703953087329865,0.2275259643793106,0.2389775663614273
pool,2,7,train_115,3,0.1276039034128189,0.18702799081802368,0.2458288073539734,0.24632735550403595,0.19321195781230927
pool,2,7,train_116,4,0.1645376980304718,0.15827696025371552,0.21963216364383698,0.23094850778579712,0.2266046106815338
pool,2,7,train_117,1,0.3062264323234558,0.4083364009857178,0.08613848686218262,0.10089293122291565,0.09840574115514755
pool,2,7,train_118,2,0.12863634526729584,0.19761237502098083,0.18337680399417877,0.2556264102458954,0.23474805057048798
pool,2,7,train_119,2,0.15131670236587524,0.16679415106773376,0.22223597764968872,0.21436487138271332,0.24528834223747253
pool,2,7,train_120,5,0.15551331639289856,0.1669471114873886,0.23199740052223206,0.21101854741573334,0.2345236837863922
pool,2,123,train_001,2,0.7232611179351807,0.24734549224376678,0.011445855721831322,0.011996001936495304,0.005951590836048126
pool,2,123,train_002,5,0.15547069907188416,0.1962745487689972,0.22173628211021423,0.21087178587913513,0.2156466543674469
pool,2,123,train_003,2,0.14830000698566437,0.18566487729549408,0.23962773382663727,0.21675829589366913,0.20964910089969635
pool,2,123,train_004,4,0.10194699466228485,0.2770375609397888,0.4420069754123688,0.0863395482301712,0.09266899526119232
pool,2,123,train_005,5,0.13518226146697998,0.16094177961349487,0.22998791933059692,0.23907259106636047,0.23481550812721252
pool,2,123,train_006,2,0.1325688362121582,0.15855315327644348,0.22809699177742004,0.23728077113628387,0.243500217795372
pool,2,123,train_007,2,0.15269017219543457,0.19401121139526367,0.2920258641242981,0.23119117319583893,0.13008153438568115
pool,2,123,train_008,5,0.1457226276397705,0.2398887276649475,0.2148253619670868,0.24694804847240448,0.15261518955230713
pool,2,123,train_009,3,0.12001384049654007,0.15672089159488678,0.26184120774269104,0.2382267713546753,0.22319723665714264
pool,2,123,train_010,2,0.13174404203891754,0.17418336868286133,0.23992609977722168,0.22471636533737183,0.22943012416362762
pool,2,123,train_011,3,0.1904408484697342,0.19662074744701385,0.2761087417602539,0.22234536707401276,0.11448435485363007
pool,2,123,train_012,5,0.149797260761261,0.18954505026340485,0.22203625738620758,0.21578988432884216,0.22283156216144562
pool,2,123,train_013,2,0.13710720837116241,0.19337140023708344,0.25245803594589233,0.25259286165237427,0.16447047889232635
pool,2,123,train_014,5,0.0315481573343277,0.07534904778003693,0.041016221046447754,0.43555888533592224,0.416527658700943
pool,2,123,train_015,3,0.14202961325645447,0.18546973168849945,0.23637722432613373,0.21319060027599335,0.22293277084827423
pool,2,123,train_016,4,0.08172998577356339,0.1500488668680191,0.2645137310028076,0.25598204135894775,0.24772536754608154
pool,2,123,train_017,2,0.4016413390636444,0.25064754486083984,0.1867385059595108,0.1139756441116333,0.04699694737792015
pool,2,123,train_018,5,0.19523373246192932,0.1902446150779724,0.19383034110069275,0.18222764134407043,0.23846367001533508
pool,2,123,train_019,3,0.17313151061534882,0.33149683475494385,0.3532854914665222,0.07720045000314713,0.064885713160038
pool,2,123,train_020,2,0.156613290309906,0.1789739429950714,0.24209852516651154,0.2596007287502289,0.16271357238292694
pool,2,123,train_021,5,0.09502101689577103,0.1479126662015915,0.25527095794677734,0.3030361235141754,0.19875922799110413
pool,2,123,train_022,4,0.26239585876464844,0.2754191756248474,0.1502629816532135,0.15530189871788025,0.15662004053592682
pool,2,123,train_023,3,0.12702953815460205,0.15607863664627075,0.22701990604400635,0.237813338637352,0.2520585358142853
pool,2,123,train_024,5,0.24310998618602753,0.3796015977859497,0.1642819494009018,0.13957659900188446,0.07342977821826935
pool,2,123,train_025,5,0.09877851605415344,0.1643936038017273,0.22883658111095428,0.24298930168151855,0.26500204205513
pool,2,123,train_026,3,0.1355629712343216,0.15992455184459686,0.2397124469280243,0.24137689173221588,0.22342312335968018
pool,2,123,train_027,2,0.4216781258583069,0.31772395968437195,0.08879087120294571,0.0747159868478775,0.09709107875823975
pool,2,123,train_028,4,0.09004539251327515,0.15644529461860657,0.28421640396118164,0.2744225859642029,0.19487032294273376
pool,2,123,train_029,2,0.429874062538147,0.5396625995635986,0.025238843634724617,0.003982046153396368,0.00124244368635118
pool,2,123,train_030,5,0.13544802367687225,0.19892267882823944,0.20296220481395721,0.23890532553195953,0.22376172244548798
pool,2,123,train_031,4,0.14802023768424988,0.17800897359848022,0.24624834954738617,0.26562950015068054,0.16209296882152557
pool,2,123,train_032,3,0.10006671398878098,0.16943681240081787,0.21331007778644562,0.26918429136276245,0.24800215661525726
pool,2,123,train_033,1,0.38123583793640137,0.3333311080932617,0.09611062705516815,0.1025502011179924,0.08677216619253159
pool,2,123,train_034,2,0.0946834608912468,0.16519755125045776,0.2399541288614273,0.2764298617839813,0.2237350046634674
pool,2,123,train_035,2,0.4677715003490448,0.2567782402038574,0.08963555842638016,0.07231749594211578,0.11349721997976303
pool,2,123,train_036,2,0.13104678690433502,0.16979628801345825,0.2534501850605011,0.22572855651378632,0.2199782282114029
pool,2,123,train_037,2,0.21130003035068512,0.24965889751911163,0.12617936730384827,0.1732512265443802,0.2396104633808136
pool,2,123,train_038,3,0.058336928486824036,0.0814603939652443,0.056145988404750824,0.37034475803375244,0.4337120056152344
pool,2,123,train_039,3,0.17264485359191895,0.17529171705245972,0.215883269906044,0.21653252840042114,0.2196475714445114
pool,2,123,train_040,2,0.25632214546203613,0.31870195269584656,0.13727274537086487,0.138294517993927,0.14940866827964783
pool,2,123,train_041,3,0.1020428016781807,0.16212452948093414,0.26133793592453003,0.27066096663475037,0.20383374392986298
pool,2,123,train_042,2,0.14483867585659027,0.1836467683315277,0.21278628706932068,0.20155225694179535,0.2571759819984436
pool,2,123,train_043,4,0.11093013733625412,0.15066546201705933,0.2578818202018738,0.24203020334243774,0.23849236965179443
pool,2,123,train_044,3,0.10315526276826859,0.1666186898946762,0.25690150260925293,0.2559722363948822,0.21735230088233948
pool,2,123,train_045,3,0.11166960746049881,0.15138870477676392,0.2585411071777344,0.24156387150287628,0.23683671653270721
pool,2,123,train_046,4,0.11760378628969193,0.154118150472641,0.2639603912830353,0.24090513586997986,0.22341254353523254
pool,2,123,train_047,2,0.14337673783302307,0.18293848633766174,0.2428092211484909,0.21934400498867035,0.21153154969215393
pool,2,123,train_048,4,0.0936017632484436,0.19123004376888275,0.2071923315525055,0.2753256559371948,0.23265017569065094
pool,2,123,train_049,2,0.13403785228729248,0.16588494181632996,0.22966858744621277,0.23146849870681763,0.23894010484218597
pool,2,123,train_050,4,0.12514711916446686,0.15670081973075867,0.2327328771352768,0.24410881102085114,0.24131040275096893
pool,2,123,train_051,3,0.13311582803726196,0.18417704105377197,0.2531515955924988,0.24725733697414398,0.1822982132434845
pool,2,123,train_052,3,0.10851509869098663,0.14343774318695068,0.26688987016677856,0.24873344600200653,0.2324238270521164
pool,2,123,train_053,3,0.14824178814888,0.1902453899383545,0.23916399478912354,0.2101462036371231,0.21220266819000244
pool,2,123,train_054,2,0.09287334233522415,0.15891289710998535,0.22885258495807648,0.2650379240512848,0.254323273897171
pool,2,123,train_055,3,0.13604573905467987,0.16999825835227966,0.3021450638771057,0.2368125319480896,0.15499842166900635
pool,2,123,train_056,1,0.12620824575424194,0.1643083542585373,0.2541927993297577,0.23084431886672974,0.2244463413953781
pool,2,123,train_057,1,0.12848679721355438,0.15798918902873993,0.2340352088212967,0.24343490600585938,0.236053928732872
pool,2,123,train_058,1,0.14269012212753296,0.16225457191467285,0.23247545957565308,0.23317202925682068,0.22940775752067566
pool,2,123,train_059,2,0.251078724861145,0.2168899029493332,0.1773987114429474,0.1641974300146103,0.19043521583080292
pool,2,123,train_060,3,0.17159722745418549,0.17467117309570312,0.221297487616539,0.21456001698970795,0.21787412464618683
pool,2,123,train_061,2,0.07922444492578506,0.3616514503955841,0.16919520497322083,0.14534692466259003,0.24458204209804535
pool,2,123,train_062,3,0.22079512476921082,0.2200665920972824,0.2665609121322632,0.18236592411994934,0.11021138727664948
pool,2,123,train_063,2,0.20931121706962585,0.2936164438724518,0.13108205795288086,0.17375139892101288,0.19223886728286743
pool,2,123,train_064,2,0.14113347232341766,0.31437695026397705,0.43406569957733154,0.050628360360860825,0.059795573353767395
pool,2,123,train_065,3,0.13937242329120636,0.17786511778831482,0.24644507467746735,0.22401773929595947,0.21229958534240723
pool,2,123,train_066,2,0.09759613126516342,0.16539715230464935,0.26363980770111084,0.27348172664642334,0.19988517463207245
pool,2,123,train_067,3,0.2385105937719345,0.19701924920082092,0.28777021169662476,0.1899683028459549,0.08673164248466492
pool,2,123,train_068,3,0.1009410172700882,0.17044076323509216,0.2679578363895416,0.2623172402381897,0.1983431577682495
pool,2,123,train_069,2,0.21050362288951874,0.19146987795829773,0.2037971466779709,0.19473764300346375,0.1994917392730713
pool,2,123,train_070,2,0.2566724121570587,0.2379736751317978,0.44649872183799744,0.038391850888729095,0.020463336259126663
pool,2,123,train_071,4,0.0763167068362236,0.15189868211746216,0.13776454329490662,0.24189887940883636,0.39212122559547424
pool,2,123,train_072,4,0.2943931519985199,0.2308453619480133,0.12441111356019974,0.17741699516773224,0.1729333996772766
pool,2,123,train_073,2,0.11826547235250473,0.15283764898777008,0.2587871551513672,0.24356000125408173,0.22654969990253448
pool,2,123,train_074,3,0.17337003350257874,0.1882513165473938,0.22313468158245087,0.2076532393693924,0.2075907588005066
pool,2,123,train_075,2,0.1752171665430069,0.1903240829706192,0.21065565943717957,0.20712140202522278,0.21668167412281036
pool,2,123,train_076,2,0.37289750576019287,0.3720923662185669,0.05274083837866783,0.0831105187535286,0.11915875226259232
pool,2,123,train_077,3,0.12000902742147446,0.16162919998168945,0.25426536798477173,0.23296207189559937,0.2311343401670456
pool,2,123,train_078,3,0.4185146391391754,0.2935165464878082,0.09354943782091141,0.07401072978973389,0.12040859460830688
pool,2,123,train_079,2,0.24066270887851715,0.2743627727031708,0.16832564771175385,0.15895496308803558,0.15769393742084503
pool,2,123,train_080,1,0.18757615983486176,0.2966195046901703,0.24034950137138367,0.15952210128307343,0.11593273282051086
pool,2,123,train_081,3,0.12903207540512085,0.19290994107723236,0.3007833957672119,0.22111833095550537,0.1561562567949295
pool,2,123,train_082,3,0.24616296589374542,0.3204841911792755,0.09751492738723755,0.1449849009513855,0.1908530443906784
pool,2,123,train_083,1,0.6196286082267761,0.3449833393096924,0.016792969778180122,0.015454092994332314,0.003140972461551428
pool,2,123,train_084,5,0.10268285870552063,0.18090467154979706,0.2298724204301834,0.26897749304771423,0.21756258606910706
pool,2,123,train_085,3,0.12884993851184845,0.21171611547470093,0.21445602178573608,0.23727461695671082,0.20770327746868134
pool,2,123,train_086,2,0.32993555068969727,0.6309354305267334,0.021886371076107025,0.01380162127315998,0.003440981265157461
pool,2,123,train_087,3,0.11122462898492813,0.1829977035522461,0.257722407579422,0.22146011888980865,0.22659514844417572
pool,2,123,train_088,2,0.291012704372406,0.2404150664806366,0.1589125692844391,0.13381540775299072,0.1758441925048828
pool,2,123,train_089,2,0.2756858170032501,0.27754566073417664,0.04130874574184418,0.2926088273525238,0.11285097151994705
pool,2,123,train_090,4,0.27588188648223877,0.21769504249095917,0.15645499527454376,0.13220231235027313,0.21776574850082397
pool,2,123,train_091,2,0.11832777410745621,0.18469539284706116,0.24287983775138855,0.23363371193408966,0.22046329081058502
pool,2,123,train_092,2,0.12001916766166687,0.16087716817855835,0.2534390389919281,0.23708447813987732,0.22858010232448578
pool,2,123,train_093,3,0.06052357330918312,0.3216201663017273,0.17235666513442993,0.1397569477558136,0.3057425618171692
pool,2,123,train_094,3,0.3388749063014984,0.402681440114975,0.1954389065504074,0.03546327352523804,0.027541574090719223
pool,2,123,train_095,3,0.12950186431407928,0.1888180673122406,0.25247135758399963,0.2507613003253937,0.17844738066196442
pool,2,123,train_096,2,0.05117621645331383,0.15956787765026093,0.06319578737020493,0.3359522521495819,0.3901078701019287
pool,2,123,train_097,3,0.34336113929748535,0.328687459230423,0.10696077346801758,0.10676515102386475,0.11422549188137054
pool,2,123,train_098,1,0.1256609410047531,0.1644454300403595,0.24708305299282074,0.23457665741443634,0.22823385894298553
pool,2,123,train_099,3,0.14992298185825348,0.18172544240951538,0.2545624375343323,0.25931087136268616,0.1544782668352127
pool,2,123,train_100,5,0.030016180127859116,0.1381862908601761,0.06590243428945541,0.2814236581325531,0.48447147011756897
pool,2,123,train_101,2,0.10306685417890549,0.24478483200073242,0.23581482470035553,0.181101456284523,0.23523207008838654
pool,2,123,train_102,2,0.12658877670764923,0.1833852231502533,0.2269640862941742,0.2582986056804657,0.2047632485628128
pool,2,123,train_103,3,0.12850086390972137,0.1536039561033249,0.23641516268253326,0.2490808665752411,0.23239915072917938
pool,2,123,train_104,1,0.10103555023670197,0.15702980756759644,0.2815294861793518,0.27739986777305603,0.18300527334213257
pool,2,123,train_105,4,0.17478637397289276,0.17900192737579346,0.2174067348241806,0.20020291209220886,0.22860202193260193
pool,2,123,train_106,1,0.41675910353660583,0.298920601606369,0.1394076645374298,0.1076493039727211,0.03726334124803543
pool,2,123,train_107,3,0.2181457132101059,0.22087833285331726,0.3020312786102295,0.16801291704177856,0.09093181043863297
pool,2,123,train_108,1,0.09003085643053055,0.14329281449317932,0.2787373661994934,0.2785284221172333,0.20941051840782166
pool,2,123,train_109,3,0.2231145054101944,0.21531598269939423,0.28439831733703613,0.1835664063692093,0.09360476583242416
pool,2,123,train_110,1,0.4335934817790985,0.2694612145423889,0.0956428200006485,0.07562527060508728,0.12567713856697083
pool,2,123,train_111,3,0.18760856986045837,0.1957617998123169,0.21238483488559723,0.19613663852214813,0.20810821652412415
pool,2,123,train_112,1,0.6394975185394287,0.2980886399745941,0.04782168194651604,0.011593063361942768,0.002999131567776203
pool,2,123,train_113,3,0.04587817192077637,0.08446843922138214,0.040826231241226196,0.3824642598628998,0.4463629126548767
pool,2,123,train_114,3,0.138618603348732,0.17898721992969513,0.2439604550600052,0.2705422341823578,0.1678915023803711
pool,2,123,train_115,3,0.09588409960269928,0.2586921751499176,0.3061327636241913,0.16028891503810883,0.17900210618972778
pool,2,123,train_116,4,0.1507081538438797,0.18722186982631683,0.24650079011917114,0.2674468755722046,0.14812226593494415
pool,2,123,train_117,1,0.6512390971183777,0.3205299377441406,0.010358598083257675,0.015759646892547607,0.0021127841901034117
pool,2,123,train_118,2,0.20464585721492767,0.3624894618988037,0.21580712497234344,0.13091762363910675,0.08613988012075424
pool,2,123,train_119,2,0.13586023449897766,0.1944253146648407,0.24786469340324402,0.24394463002681732,0.17790502309799194
pool,2,123,train_120,5,0.14665594696998596,0.18243399262428284,0.23492509126663208,0.25310420989990234,0.18288075923919678
pool,2,ensemble,train_001,2,0.5479608873526255,0.34557849665482837,0.04496925386289755,0.030792340946694214,0.030699029564857483
pool,2,ensemble,train_002,5,0.1445280114809672,0.23054183026154837,0.22298665344715118,0.18953096369902292,0.21241253117720285
pool,2,ensemble,train_003,2,0.1606545845667521,0.198414479692777,0.2548207938671112,0.19382311403751373,0.19228702783584595
pool,2,ensemble,train_004,4,0.14324276645978293,0.21412561337153116,0.3094910681247711,0.179419015844663,0.15372156103452048
pool,2,ensemble,train_005,5,0.08894954528659582,0.162344828248024,0.22014731168746948,0.32850249608357746,0.20005582769711813
pool,2,ensemble,train_006,2,0.11016596605380376,0.26275159418582916,0.24939862390359244,0.21359281738599142,0.16409099784990153
pool,2,ensemble,train_007,2,0.1627881278594335,0.2371309200922648,0.2772762179374695,0.18862511962652206,0.1341795821984609
pool,2,ensemble,train_008,5,0.17575128376483917,0.21311195194721222,0.21758737663427988,0.22383882105350494,0.1697105417648951
pool,2,ensemble,train_009,3,0.12467500567436218,0.17153121531009674,0.27370699246724445,0.22388194501399994,0.2062048316001892
pool,2,ensemble,train_010,2,0.12805349131425223,0.20034892360369363,0.23788690567016602,0.21059279143810272,0.2231178879737854
pool,2,ensemble,train_011,3,0.23082928359508514,0.2296931097904841,0.25593024988969165,0.16886969655752182,0.11467767631014188
pool,2,ensemble,train_012,5,0.1585241953531901,0.2070013185342153,0.21276926497618356,0.20596611003081003,0.21573912600676218
pool,2,ensemble,train_013,2,0.14287349581718445,0.2335096150636673,0.2355917493502299,0.22728541493415833,0.1607397124171257
pool,2,ensemble,train_014,5,0.11640759309132893,0.14255998035271963,0.14672426879405975,0.31118472913901013,0.2831234137217204
pool,2,ensemble,train_015,3,0.14165150125821432,0.2180779129266739,0.2547311286131541,0.1839612623055776,0.2015781650940577
pool,2,ensemble,train_016,4,0.09813390672206879,0.1853303760290146,0.33006595571835834,0.2114528864622116,0.17501686016718546
pool,2,ensemble,train_017,2,0.4218046615521113,0.23005289336045584,0.17457184195518494,0.09642832167446613,0.07714230241253972
pool,2,ensemble,train_018,5,0.12813841303189596,0.2372860461473465,0.1509024053812027,0.17084605991840363,0.31282710035641986
pool,2,ensemble,train_019,3,0.1766018122434616,0.24136725068092346,0.26965419948101044,0.16750473032395044,0.14487201223770776
pool,2,ensemble,train_020,2,0.20137668152650198,0.2346375286579132,0.21998647352059683,0.19548658529917398,0.14851278935869536
pool,2,ensemble,train_021,5,0.08786160747210185,0.15826312204202017,0.3067282835642497,0.2966238657633464,0.1505231410264969
pool,2,ensemble,train_022,4,0.22349700331687927,0.27053046226501465,0.16214740773042044,0.1619479556878408,0.1818771610657374
pool,2,ensemble,train_023,3,0.08324429330726464,0.17810199658075967,0.19750682016213736,0.2666568110386531,0.2744900534550349
pool,2,ensemble,train_024,5,0.27124469975630444,0.3475041339794795,0.15078913668791452,0.13335701574881872,0.09710499147574107
pool,2,ensemble,train_025,5,0.11437572787205379,0.19714035590489706,0.2850872029860814,0.20408838987350464,0.19930834571520487
pool,2,ensemble,train_026,3,0.10759514321883519,0.14790647476911545,0.28767354786396027,0.29988932609558105,0.15693547825018564
pool,2,ensemble,train_027,2,0.3296209027369817,0.430055836836497,0.08350212126970291,0.06911394869287808,0.08770715196927388
pool,2,ensemble,train_028,4,0.0850597396492958,0.1787773221731186,0.3403845926125844,0.2516243557135264,0.1441539873679479
pool,2,ensemble,train_029,2,0.3180783689022064,0.39908255139986676,0.11744924200077851,0.08663603461657961,0.07875379167186718
pool,2,ensemble,train_030,5,0.12809971968332926,0.21640329559644064,0.24091690282026926,0.2091270238161087,0.20545304318269095
pool,2,ensemble,train_031,4,0.15491888423760733,0.19497880836327872,0.23721733192602792,0.24510607620080313,0.16777890920639038
pool,2,ensemble,train_032,3,0.08386930202444394,0.18948795398076376,0.21274785697460175,0.2689916640520096,0.24490322172641754
pool,2,ensemble,train_033,1,0.41351956129074097,0.2879735032717387,0.10576291382312775,0.09507998079061508,0.09766403896113236
pool,2,ensemble,train_034,2,0.0827958310643832,0.19238188862800598,0.2625485012928645,0.2797054499387741,0.18256831169128418
pool,2,ensemble,train_035,2,0.5816379884878794,0.2273792823155721,0.07232776780923207,0.0535044918457667,0.06515045091509819
pool,2,ensemble,train_036,2,0.12975283712148666,0.1942362685998281,0.27398917575677234,0.19912645717461905,0.20289528369903564
pool,2,ensemble,train_037,2,0.2107905993858973,0.27356980244318646,0.14287111908197403,0.1408346270521482,0.23193382720152536
pool,2,ensemble,train_038,3,0.14628812174002329,0.15601846824089685,0.13551218062639236,0.27333199481169385,0.2888492743174235
pool,2,ensemble,train_039,3,0.1283619093398253,0.15165027976036072,0.23233025769392648,0.3174294928709666,0.1702280342578888
pool,2,ensemble,train_040,2,0.17913531387845674,0.3491596579551697,0.16869407892227173,0.12446479002634685,0.17854619026184082
pool,2,ensemble,train_041,3,0.10614130645990372,0.1718373546997706,0.35732491811116535,0.22414000829060873,0.14055639753739038
pool,2,ensemble,train_042,2,0.25460947553316754,0.20489865044752756,0.2339873860279719,0.13629460583130518,0.17020990202824274
pool,2,ensemble,train_043,4,0.10356054703394572,0.1754698852698008,0.2528737684090932,0.2336813360452652,0.23441446324189505
pool,2,ensemble,train_044,3,0.12346423417329788,0.1793073813120524,0.35703567663828534,0.19444418450196585,0.14574851219852766
pool,2,ensemble,train_045,3,0.10589410612980525,0.1737714260816574,0.2515422850847244,0.23550374309221903,0.23328846196333566
pool,2,ensemble,train_046,4,0.11546127498149872,0.17413596312204996,0.2758360505104065,0.22222630182902017,0.2123404194911321
pool,2,ensemble,train_047,2,0.14456642170747122,0.20610464612642923,0.2600354452927907,0.1928825577100118,0.19641091922918955
pool,2,ensemble,train_048,4,0.1393417219320933,0.18056559562683105,0.21957891682783762,0.2534952114025752,0.2070185641447703
pool,2,ensemble,train_049,2,0.09704026331504186,0.2619529813528061,0.22750302155812582,0.23102894922097525,0.18247479697068533
pool,2,ensemble,train_050,4,0.08582772593945265,0.2014326204856237,0.21126328905423483,0.3000023563702901,0.2014740208784739
pool,2,ensemble,train_051,3,0.1480746865272522,0.18449828525384268,0.35538854201634723,0.18482659260431925,0.12721191719174385
pool,2,ensemble,train_052,3,0.1107386623819669,0.15437365571657816,0.25931664804617566,0.248799130320549,0.22677192091941833
pool,2,ensemble,train_053,3,0.15198813378810883,0.21163971225420633,0.26872333884239197,0.1801140382885933,0.1875348041454951
pool,2,ensemble,train_054,2,0.11099689950545628,0.1996438354253769,0.2872694780429204,0.2174000789721807,0.18468969811995825
pool,2,ensemble,train_055,3,0.15826951464017233,0.1709503432114919,0.25814029077688855,0.2396821826696396,0.17295766373475394
pool,2,ensemble,train_056,1,0.13973179956277212,0.18463829159736633,0.26824556787808734,0.20687354604403177,0.20051079988479614
pool,2,ensemble,train_057,1,0.0964617592593034,0.21920682986577353,0.24183976153532663,0.27892841398715973,0.16356326267123222
pool,2,ensemble,train_058,1,0.11868022878964742,0.1796966791152954,0.2965716967980067,0.2542090564966202,0.15084231023987135
pool,2,ensemble,train_059,2,0.2756115446488063,0.2765618513027827,0.13824081669251123,0.1445856640736262,0.16500013569990793
pool,2,ensemble,train_060,3,0.1470938374598821,0.16497385501861572,0.290170560280482,0.24359498918056488,0.15416676178574562
pool,2,ensemble,train_061,2,0.14184484630823135,0.258662407596906,0.1831237624088923,0.19023763140042624,0.22613135476907095
pool,2,ensemble,train_062,3,0.2728532354036967,0.24967812498410544,0.23730732003847757,0.13092160038650036,0.10923969683547814
pool,2,ensemble,train_063,2,0.20750339329242706,0.4045999050140381,0.11599729706843694,0.12070817997058232,0.15119120478630066
pool,2,ensemble,train_064,2,0.16637778282165527,0.2387565622727076,0.29836714267730713,0.15325619156161943,0.14324230452378592
pool,2,ensemble,train_065,3,0.14963607490062714,0.19804633657137552,0.25668375690778095,0.20020877321561178,0.19542503356933594
pool,2,ensemble,train_066,2,0.08767835547526677,0.1904074102640152,0.2935288151105245,0.2681597371896108,0.16022568941116333
pool,2,ensemble,train_067,3,0.3274301042159398,0.17296280960241953,0.2561609248320262,0.14560799797375998,0.09783814164499442
pool,2,ensemble,train_068,3,0.10620743532975514,0.1825196792682012,0.36479654908180237,0.2090942015250524,0.1373821534216404
pool,2,ensemble,train_069,2,0.19511745870113373,0.16074392447868982,0.25673044721285504,0.24570672710736594,0.1417014387746652
pool,2,ensemble,train_070,2,0.21342111130555472,0.2091098576784134,0.3096775710582733,0.14961957186460495,0.11817186201612155
pool,2,ensemble,train_071,4,0.135804183781147,0.17257332305113474,0.1700929800669352,0.2344428151845932,0.28708673516909283
pool,2,ensemble,train_072,4,0.31312793493270874,0.24200641612211862,0.15519290417432785,0.13515407840410867,0.15451869368553162
pool,2,ensemble,train_073,2,0.11780439565579097,0.16339648763338724,0.2529132415850957,0.23971742888291678,0.2261684685945511
pool,2,ensemble,train_074,3,0.18300218880176544,0.16809852917989096,0.3599034994840622,0.16016005724668503,0.1288357307203114
pool,2,ensemble,train_075,2,0.11828789487481117,0.26132846375306445,0.23531771202882132,0.21901949246724448,0.16604642570018768
pool,2,ensemble,train_076,2,0.31141328314940137,0.3703354597091675,0.08535035575429599,0.09011132642626762,0.14278959234555563
pool,2,ensemble,train_077,3,0.11421302954355876,0.1911115845044454,0.25635477403799695,0.21638884643713632,0.22193176050980887
pool,2,ensemble,train_078,3,0.3958387573560079,0.3892286916573842,0.08598759770393372,0.05320902168750763,0.07573593159516652
pool,2,ensemble,train_079,2,0.19804146885871887,0.27952320873737335,0.22229209542274475,0.1353046124180158,0.1648386468489965
pool,2,ensemble,train_080,1,0.19922555486361185,0.33758752544720966,0.20993596812089285,0.13334612548351288,0.11990484781563282
pool,2,ensemble,train_081,3,0.1407692233721415,0.1846054047346115,0.41190176208813983,0.1534638081987699,0.10925979788104694
pool,2,ensemble,train_082,3,0.20449893673261008,0.3295750121275584,0.11778511106967926,0.13098319619894028,0.21715773393710455
pool,2,ensemble,train_083,1,0.5661149322986603,0.30558517078558606,0.054390147949258484,0.04099756673288842,0.03291217589867301
pool,2,ensemble,train_084,5,0.10349456345041592,0.18176921208699545,0.21618545552094778,0.26655759414037067,0.2319931834936142
pool,2,ensemble,train_085,3,0.09931132942438126,0.23239755630493164,0.1813976988196373,0.2039810518423716,0.28291234870751697
pool,2,ensemble,train_086,2,0.35630462567011517,0.5206931630770365,0.059334141512711845,0.037132007302716374,0.026536039852847654
pool,2,ensemble,train_087,3,0.15124334146579108,0.18160949647426605,0.23030747969945273,0.2291973978281021,0.2076423019170761
pool,2,ensemble,train_088,2,0.3680683672428131,0.26882503430048627,0.1490138421456019,0.09555508817235629,0.11853763585289319
pool,2,ensemble,train_089,2,0.2454282840092977,0.25702524185180664,0.11263866225878398,0.2221498340368271,0.16275798032681146
pool,2,ensemble,train_090,4,0.20061899473269781,0.22596770524978638,0.12548600137233734,0.14353219668070474,0.30439511438210803
pool,2,ensemble,train_091,2,0.14492888003587723,0.2009850243727366,0.3350476622581482,0.17047806829214096,0.1485603687663873
pool,2,ensemble,train_092,2,0.11599334081013997,0.1884820212920507,0.2505158732334773,0.2226638694604238,0.22234489023685455
pool,2,ensemble,train_093,3,0.13107716167966524,0.2499369978904724,0.17740146815776825,0.18368369340896606,0.2579006503025691
pool,2,ensemble,train_094,3,0.26612792909145355,0.29167302946249646,0.18257048229376474,0.1310162345568339,0.1286123382548491
pool,2,ensemble,train_095,3,0.1259917269150416,0.21190485854943594,0.24256414671738943,0.23179053763548532,0.18774870038032532
pool,2,ensemble,train_096,2,0.126066571722428,0.17663151025772095,0.14709002524614334,0.26990755399068195,0.28030434250831604
pool,2,ensemble,train_097,3,0.30927809079488117,0.3543745179971059,0.12486392259597778,0.09508873770634334,0.1163946936527888
pool,2,ensemble,train_098,1,0.11304427435000737,0.18339902659257254,0.24175843596458435,0.22872022787729898,0.23307804266611734
pool,2,ensemble,train_099,3,0.1698264628648758,0.1876059571901957,0.24488876263300577,0.24102722108364105,0.15665160367886224
pool,2,ensemble,train_100,5,0.12125331039230029,0.1874170402685801,0.13013811161120734,0.23454700907071432,0.3266445646683375
pool,2,ensemble,train_101,2,0.14626919478178024,0.21075820426146188,0.21732869744300842,0.21011972924073538,0.21552416185537973
pool,2,ensemble,train_102,2,0.1435549408197403,0.23828235765298209,0.2211112678050995,0.21427898108959198,0.18277243276437125
pool,2,ensemble,train_103,3,0.09259094049533208,0.14307120939095816,0.23195376495520273,0.35432179768880206,0.17806226511796316
pool,2,ensemble,train_104,1,0.10611991584300995,0.17065546413262686,0.3623380462328593,0.2289850910504659,0.1319014603892962
pool,2,ensemble,train_105,4,0.13906923308968544,0.17469400664170584,0.2020765741666158,0.19116450349489847,0.2929956465959549
pool,2,ensemble,train_106,1,0.45746852457523346,0.23957047859827676,0.13248813152313232,0.09859821510811646,0.07187467052911718
pool,2,ensemble,train_107,3,0.2504371404647827,0.23547375202178955,0.29054640730222064,0.12600980512797832,0.09753289446234703
pool,2,ensemble,train_108,1,0.1270502805709839,0.1724666804075241,0.35269829630851746,0.2016909991701444,0.14609377334515253
pool,2,ensemble,train_109,3,0.26632190744082135,0.23104138672351837,0.26127728819847107,0.1399640403687954,0.10139536360899608
pool,2,ensemble,train_110,1,0.382136935989062,0.35092713435490924,0.0824082965652148,0.07633097842335701,0.108196626106898
pool,2,ensemble,train_111,3,0.1649774064620336,0.19792220493157706,0.32461461424827576,0.17510422567526499,0.1373815288146337
pool,2,ensemble,train_112,1,0.3878274162610372,0.26963042219479877,0.1279160442451636,0.1127394304300348,0.10188671605040629
pool,2,ensemble,train_113,3,0.13166754941145578,0.15822278459866843,0.12125914047161739,0.27724012235800427,0.311610405643781
pool,2,ensemble,train_114,3,0.14830405513445535,0.19870395958423615,0.23083873589833578,0.25366397202014923,0.1684892773628235
pool,2,ensemble,train_115,3,0.14113793273766836,0.2088208794593811,0.2595098117987315,0.20472412804762521,0.18580729266007742
pool,2,ensemble,train_116,4,0.16848851243654886,0.19066940744717917,0.22957786917686462,0.26074207822481793,0.15052210539579391
pool,2,ensemble,train_117,1,0.4055759310722351,0.31293179591496784,0.10458118592699368,0.09525284667809804,0.08165824436582625
pool,2,ensemble,train_118,2,0.17915192246437073,0.24565748870372772,0.2070770561695099,0.19983073572317758,0.168282779554526
pool,2,ensemble,train_119,2,0.15407437086105347,0.2575249870618184,0.23500392337640127,0.1921509156624476,0.1612457955876986
pool,2,ensemble,train_120,5,0.13529158383607864,0.19661702712376913,0.21851970255374908,0.23983842631181082,0.20973328252633414
pool,3,42,train_001,2,0.5530300736427307,0.319735586643219,0.07116911560297012,0.022807223722338676,0.03325802832841873
pool,3,42,train_002,5,0.18129532039165497,0.19430029392242432,0.20434553921222687,0.22408658266067505,0.19597217440605164
pool,3,42,train_003,2,0.27963149547576904,0.16186808049678802,0.41185712814331055,0.09157929569482803,0.05506394803524017
pool,3,42,train_004,4,0.15161125361919403,0.19675542414188385,0.23256440460681915,0.25289323925971985,0.1661757081747055
pool,3,42,train_005,5,0.11705659329891205,0.17389537394046783,0.24222400784492493,0.24505560100078583,0.22176848351955414
pool,3,42,train_006,2,0.15194742381572723,0.19788405299186707,0.21865203976631165,0.2574692666530609,0.17404721677303314
pool,3,42,train_007,2,0.10185674577951431,0.2068146914243698,0.29078730940818787,0.20220990478992462,0.1983313411474228
pool,3,42,train_008,5,0.19535773992538452,0.1980949491262436,0.21909405291080475,0.2271595001220703,0.16029377281665802
pool,3,42,train_009,3,0.16990235447883606,0.19057045876979828,0.23203043639659882,0.2479056864976883,0.15959109365940094
pool,3,42,train_010,2,0.09403572976589203,0.23098868131637573,0.270313560962677,0.18890780210494995,0.21575424075126648
pool,3,42,train_011,3,0.20915915071964264,0.24360686540603638,0.3621007800102234,0.11766345053911209,0.06746968626976013
pool,3,42,train_012,5,0.36488696932792664,0.43217915296554565,0.11229930818080902,0.04836142063140869,0.0422731451690197
pool,3,42,train_013,2,0.03245965763926506,0.21340300142765045,0.19634386897087097,0.2816835045814514,0.2761099338531494
pool,3,42,train_014,5,0.08201967924833298,0.19919155538082123,0.28377917408943176,0.21516628563404083,0.21984325349330902
pool,3,42,train_015,3,0.13630180060863495,0.2131483554840088,0.2716919779777527,0.1927863210439682,0.18607155978679657
pool,3,42,train_016,4,0.1202063038945198,0.31397831439971924,0.23650121688842773,0.17933347821235657,0.14998069405555725
pool,3,42,train_017,2,0.4123135507106781,0.1405976414680481,0.18228642642498016,0.15314248204231262,0.11165987700223923
pool,3,42,train_018,5,0.2140556126832962,0.16319771111011505,0.15899404883384705,0.25141268968582153,0.21233996748924255
pool,3,42,train_019,3,0.13938531279563904,0.20108366012573242,0.2554261088371277,0.21048223972320557,0.19362273812294006
pool,3,42,train_020,2,0.11599715054035187,0.1513655185699463,0.22247786819934845,0.25647249817848206,0.2536869943141937
pool,3,42,train_021,5,0.05603484436869621,0.07868070900440216,0.2640320360660553,0.36918672919273376,0.23206566274166107
pool,3,42,train_022,4,0.28712835907936096,0.2539333403110504,0.15429113805294037,0.18389689922332764,0.12075026333332062
pool,3,42,train_023,3,0.08046799153089523,0.21721087396144867,0.2678934931755066,0.20767842233181,0.22674919664859772
pool,3,42,train_024,5,0.30344468355178833,0.38095352053642273,0.1423604041337967,0.11180833727121353,0.06143305078148842
pool,3,42,train_025,5,0.09475772082805634,0.23074345290660858,0.27731114625930786,0.18381598591804504,0.21337170898914337
pool,3,42,train_026,3,0.1649172455072403,0.14672383666038513,0.22811944782733917,0.2374277412891388,0.2228117138147354
pool,3,42,train_027,2,0.4076622426509857,0.2711847126483917,0.13590727746486664,0.09863397479057312,0.08661174029111862
pool,3,42,train_028,4,0.13934794068336487,0.18010808527469635,0.22599634528160095,0.24051789939403534,0.21402980387210846
pool,3,42,train_029,2,0.34137293696403503,0.5979243516921997,0.04997428506612778,0.0029167544562369585,0.007811652962118387
pool,3,42,train_030,5,0.1944105178117752,0.183078795671463,0.2063373178243637,0.2223254144191742,0.19384801387786865
pool,3,42,train_031,4,0.16180534660816193,0.13761955499649048,0.2155316323041916,0.2582424581050873,0.2268010377883911
pool,3,42,train_032,3,0.02052140422165394,0.17193959653377533,0.15109315514564514,0.27266356348991394,0.383782297372818
pool,3,42,train_033,1,0.5510246753692627,0.15677183866500854,0.10125170648097992,0.11902019381523132,0.07193158566951752
pool,3,42,train_034,2,0.14586232602596283,0.192097008228302,0.22241640090942383,0.26128706336021423,0.17833717167377472
pool,3,42,train_035,2,0.7069935202598572,0.10512925684452057,0.06839986145496368,0.08146580308675766,0.03801155090332031
pool,3,42,train_036,2,0.19712331891059875,0.19257687032222748,0.4610055983066559,0.0915236547589302,0.05777057632803917
pool,3,42,train_037,2,0.19713963568210602,0.38224029541015625,0.19169941544532776,0.11327965557575226,0.1156410351395607
pool,3,42,train_038,3,0.25126421451568604,0.12194899469614029,0.17609944939613342,0.25139209628105164,0.19929519295692444
pool,3,42,train_039,3,0.12944625318050385,0.2117174118757248,0.2376776486635208,0.21771270036697388,0.20344604551792145
pool,3,42,train_040,2,0.1458827555179596,0.38487812876701355,0.16874325275421143,0.12185005843639374,0.17864583432674408
pool,3,42,train_041,3,0.17089250683784485,0.16061493754386902,0.23051676154136658,0.23170487582683563,0.20627090334892273
pool,3,42,train_042,2,0.2636549174785614,0.13710305094718933,0.2107090801000595,0.1950845569372177,0.19344842433929443
pool,3,42,train_043,4,0.11233469843864441,0.1564697027206421,0.23738916218280792,0.2548640966415405,0.23894238471984863
pool,3,42,train_044,3,0.10352226346731186,0.22298139333724976,0.28783443570137024,0.18649448454380035,0.199167400598526
pool,3,42,train_045,3,0.15168021619319916,0.18467111885547638,0.22046403586864471,0.2638220489025116,0.17936258018016815
pool,3,42,train_046,4,0.07128587365150452,0.16212335228919983,0.3150354027748108,0.26441892981529236,0.18713639676570892
pool,3,42,train_047,2,0.15846765041351318,0.22147873044013977,0.272869348526001,0.18851763010025024,0.15866661071777344
pool,3,42,train_048,4,0.09256550669670105,0.19530044496059418,0.28962627053260803,0.21764418482780457,0.20486362278461456
pool,3,42,train_049,2,0.12151417136192322,0.17309769988059998,0.24432848393917084,0.22936323285102844,0.23169638216495514
pool,3,42,train_050,4,0.08816564828157425,0.21975120902061462,0.2812829911708832,0.20097938179969788,0.20982077717781067
pool,3,42,train_051,3,0.35367417335510254,0.17499631643295288,0.34734046459198,0.08535661548376083,0.03863241523504257
pool,3,42,train_052,3,0.15835459530353546,0.17548814415931702,0.21976269781589508,0.27082422375679016,0.17557033896446228
pool,3,42,train_053,3,0.11276905238628387,0.2478947639465332,0.302081435918808,0.1614614874124527,0.17579321563243866
pool,3,42,train_054,2,0.08893582224845886,0.22806952893733978,0.2698186933994293,0.19736836850643158,0.21580760180950165
pool,3,42,train_055,3,0.10778982192277908,0.0772206112742424,0.35006994009017944,0.33001500368118286,0.1349046230316162
pool,3,42,train_056,1,0.16389018297195435,0.17475299537181854,0.2405911535024643,0.21514561772346497,0.20562005043029785
pool,3,42,train_057,1,0.05778823047876358,0.2989669442176819,0.23080690205097198,0.21636620163917542,0.19607175886631012
pool,3,42,train_058,1,0.17080149054527283,0.19045235216617584,0.2199825495481491,0.25093668699264526,0.16782690584659576
pool,3,42,train_059,2,0.2942104935646057,0.30641332268714905,0.1137869656085968,0.14033138751983643,0.14525777101516724
pool,3,42,train_060,3,0.18855993449687958,0.18801115453243256,0.20463494956493378,0.2491234391927719,0.1696704626083374
pool,3,42,train_061,2,0.12200203537940979,0.19631408154964447,0.23282837867736816,0.2250637412071228,0.22379177808761597
pool,3,42,train_062,3,0.12270651757717133,0.2635992169380188,0.26816481351852417,0.1600392460823059,0.1854901760816574
pool,3,42,train_063,2,0.17817488312721252,0.6110063195228577,0.0862201526761055,0.0548483282327652,0.06975030153989792
pool,3,42,train_064,2,0.16906122863292694,0.20719534158706665,0.22980426251888275,0.2325485646724701,0.16139058768749237
pool,3,42,train_065,3,0.18876957893371582,0.19321174919605255,0.22314949333667755,0.2349347323179245,0.1599343866109848
pool,3,42,train_066,2,0.15739737451076508,0.19339480996131897,0.22962678968906403,0.25290653109550476,0.1666744500398636
pool,3,42,train_067,3,0.17484617233276367,0.16368436813354492,0.24913787841796875,0.23017080128192902,0.18216083943843842
pool,3,42,train_068,3,0.14033769071102142,0.19946247339248657,0.2774699032306671,0.200181782245636,0.1825481653213501
pool,3,42,train_069,2,0.2984173893928528,0.14407230913639069,0.17442607879638672,0.23414592444896698,0.1489383429288864
pool,3,42,train_070,2,0.346215158700943,0.16189274191856384,0.38695797324180603,0.06939435005187988,0.035539768636226654
pool,3,42,train_071,4,0.16408266127109528,0.173619344830513,0.2018231749534607,0.2736208140850067,0.18685400485992432
pool,3,42,train_072,4,0.14222870767116547,0.23405784368515015,0.1438918560743332,0.22792252898216248,0.2518990635871887
pool,3,42,train_073,2,0.08813724666833878,0.13566695153713226,0.3006232678890228,0.29592013359069824,0.1796523928642273
pool,3,42,train_074,3,0.3405775725841522,0.15766173601150513,0.43523192405700684,0.04060553386807442,0.025923263281583786
pool,3,42,train_075,2,0.1011514663696289,0.29240936040878296,0.23786547780036926,0.16814295947551727,0.20043079555034637
pool,3,42,train_076,2,0.3326881229877472,0.2908177971839905,0.15508508682250977,0.11383067071437836,0.107578344643116
pool,3,42,train_077,3,0.1600073128938675,0.19451390206813812,0.22888946533203125,0.2457214593887329,0.17086784541606903
pool,3,42,train_078,3,0.3022040128707886,0.36421021819114685,0.17264479398727417,0.0787988007068634,0.08214211463928223
pool,3,42,train_079,2,0.2115623503923416,0.25771966576576233,0.22310082614421844,0.16883713006973267,0.13878007233142853
pool,3,42,train_080,1,0.22057689726352692,0.2318432480096817,0.1901208758354187,0.19861182570457458,0.1588471233844757
pool,3,42,train_081,3,0.4514320492744446,0.13566866517066956,0.37585484981536865,0.02219597063958645,0.01484843622893095
pool,3,42,train_082,3,0.18377815186977386,0.3802502751350403,0.1628391295671463,0.11385849863290787,0.1592739224433899
pool,3,42,train_083,1,0.6354734301567078,0.22466617822647095,0.061648882925510406,0.03354808688163757,0.04466336593031883
pool,3,42,train_084,5,0.08731064200401306,0.20093783736228943,0.2712934613227844,0.21862539649009705,0.22183267772197723
pool,3,42,train_085,3,0.1396634727716446,0.24425841867923737,0.18433909118175507,0.2220846563577652,0.20965440571308136
pool,3,42,train_086,2,0.5905594229698181,0.2812223732471466,0.06366865336894989,0.02752116322517395,0.03702841326594353
pool,3,42,train_087,3,0.17003877460956573,0.17537470161914825,0.21005450189113617,0.2695540487766266,0.17497795820236206
pool,3,42,train_088,2,0.2745341956615448,0.24553945660591125,0.20073014497756958,0.14867554605007172,0.13052061200141907
pool,3,42,train_089,2,0.45767879486083984,0.12829187512397766,0.12161987274885178,0.18005160987377167,0.11235789954662323
pool,3,42,train_090,4,0.34638532996177673,0.13457685708999634,0.1402718871831894,0.2108885943889618,0.16787733137607574
pool,3,42,train_091,2,0.18527190387248993,0.1856338381767273,0.24307814240455627,0.19373638927936554,0.19227972626686096
pool,3,42,train_092,2,0.1292121410369873,0.16673478484153748,0.23513512313365936,0.2460019588470459,0.22291596233844757
pool,3,42,train_093,3,0.021664883941411972,0.2984318137168884,0.15251143276691437,0.19851446151733398,0.32887741923332214
pool,3,42,train_094,3,0.24422511458396912,0.21242627501487732,0.18337984383106232,0.20584923028945923,0.15411952137947083
pool,3,42,train_095,3,0.1357974112033844,0.17533551156520844,0.23096559941768646,0.22859255969524384,0.22930888831615448
pool,3,42,train_096,2,0.12476207315921783,0.15483897924423218,0.2202809453010559,0.25387516617774963,0.24624282121658325
pool,3,42,train_097,3,0.5398199558258057,0.3744354248046875,0.06382619589567184,0.008771364577114582,0.013146994635462761
pool,3,42,train_098,1,0.09161599725484848,0.21824820339679718,0.2587890923023224,0.21698090434074402,0.21436582505702972
pool,3,42,train_099,3,0.13312608003616333,0.1439761221408844,0.22732754051685333,0.27291563153266907,0.22265468537807465
pool,3,42,train_100,5,0.013133028522133827,0.153686061501503,0.11044265329837799,0.265561580657959,0.45717668533325195
pool,3,42,train_101,2,0.1635057032108307,0.18795259296894073,0.21606947481632233,0.25858139991760254,0.17389078438282013
pool,3,42,train_102,2,0.11224938929080963,0.15795716643333435,0.23366518318653107,0.24620282649993896,0.24992550909519196
pool,3,42,train_103,3,0.12885992228984833,0.14515374600887299,0.22390995919704437,0.27440813183784485,0.22766824066638947
pool,3,42,train_104,1,0.14943930506706238,0.16964974999427795,0.2509029507637024,0.24020244181156158,0.18980561196804047
pool,3,42,train_105,4,0.21045507490634918,0.18189865350723267,0.19510692358016968,0.24392595887184143,0.16861332952976227
pool,3,42,train_106,1,0.29743120074272156,0.20551222562789917,0.16381825506687164,0.19159652292728424,0.14164181053638458
pool,3,42,train_107,3,0.12795701622962952,0.24844323098659515,0.2864249646663666,0.16129378974437714,0.17588098347187042
pool,3,42,train_108,1,0.10540919005870819,0.19622616469860077,0.3076537549495697,0.1981210857629776,0.19258983433246613
pool,3,42,train_109,3,0.2135438174009323,0.15225745737552643,0.22471420466899872,0.22228442132472992,0.18720009922981262
pool,3,42,train_110,1,0.22550731897354126,0.3527258336544037,0.10355507582426071,0.1565418541431427,0.16166993975639343
pool,3,42,train_111,3,0.12402667105197906,0.25858214497566223,0.27889207005500793,0.160984605550766,0.17751455307006836
pool,3,42,train_112,1,0.47535237669944763,0.31628429889678955,0.10819727927446365,0.06997072696685791,0.030195334926247597
pool,3,42,train_113,3,0.15334749221801758,0.16615211963653564,0.18814003467559814,0.2822292447090149,0.21013109385967255
pool,3,42,train_114,3,0.11950094252824783,0.15324144065380096,0.23251618444919586,0.26475587487220764,0.2299855798482895
pool,3,42,train_115,3,0.14135916531085968,0.18613508343696594,0.2248472422361374,0.2369506061077118,0.21070784330368042
pool,3,42,train_116,4,0.13904304802417755,0.15230092406272888,0.23104123771190643,0.27579808235168457,0.20181669294834137
pool,3,42,train_117,1,0.7101825475692749,0.15669168531894684,0.05974157154560089,0.047404028475284576,0.025980157777667046
pool,3,42,train_118,2,0.1417681723833084,0.17829875648021698,0.20994946360588074,0.24560919404029846,0.2243744134902954
pool,3,42,train_119,2,0.08425993472337723,0.229597270488739,0.27911093831062317,0.19158709049224854,0.21544477343559265
pool,3,42,train_120,5,0.16059480607509613,0.19354574382305145,0.2300722599029541,0.24337664246559143,0.17241057753562927
pool,3,7,train_001,2,0.4472062587738037,0.3227635622024536,0.0750327855348587,0.07079753279685974,0.08419987559318542
pool,3,7,train_002,5,0.12237652391195297,0.23942264914512634,0.1767839938402176,0.19493356347084045,0.26648324728012085
pool,3,7,train_003,2,0.2572389841079712,0.08852972090244293,0.569068968296051,0.07744862139225006,0.007713668514043093
pool,3,7,train_004,4,0.11164826154708862,0.13850460946559906,0.2959488332271576,0.3047269880771637,0.14917130768299103
pool,3,7,train_005,5,0.15423895418643951,0.1890173703432083,0.20107057690620422,0.22340835630893707,0.23226474225521088
pool,3,7,train_006,2,0.11315027624368668,0.158212348818779,0.24964606761932373,0.29102709889411926,0.1879642754793167
pool,3,7,train_007,2,0.11359763145446777,0.17422525584697723,0.2967108190059662,0.2538922131061554,0.16157406568527222
pool,3,7,train_008,5,0.15182702243328094,0.16433443129062653,0.2888771891593933,0.2482205629348755,0.1467408537864685
pool,3,7,train_009,3,0.1389957070350647,0.1419525444507599,0.316491037607193,0.2839753329753876,0.11858539283275604
pool,3,7,train_010,2,0.1190013512969017,0.21600341796875,0.2106555700302124,0.229658842086792,0.2246808409690857
pool,3,7,train_011,3,0.36813798546791077,0.13861136138439178,0.4276788830757141,0.06144081428647041,0.004131016321480274
pool,3,7,train_012,5,0.6167609095573425,0.3082231283187866,0.04096877947449684,0.02102987840771675,0.013017361983656883
pool,3,7,train_013,2,0.016625039279460907,0.09949347376823425,0.17547060549259186,0.5108595490455627,0.19755132496356964
pool,3,7,train_014,5,0.08316679298877716,0.16983313858509064,0.2279086858034134,0.2976216673851013,0.2214696705341339
pool,3,7,train_015,3,0.1718418002128601,0.20116043090820312,0.2082604020833969,0.20081940293312073,0.2179180085659027
pool,3,7,train_016,4,0.1789853870868683,0.23974542319774628,0.19968847930431366,0.2100769281387329,0.17150378227233887
pool,3,7,train_017,2,0.5995657444000244,0.04509523883461952,0.32828643918037415,0.019750386476516724,0.007302213925868273
pool,3,7,train_018,5,0.06802998483181,0.26233813166618347,0.05051547661423683,0.15879185497760773,0.4603245258331299
pool,3,7,train_019,3,0.15874594449996948,0.19029054045677185,0.20853330194950104,0.21909299492835999,0.22333715856075287
pool,3,7,train_020,2,0.14998337626457214,0.18176160752773285,0.2041887789964676,0.227055624127388,0.2370106279850006
pool,3,7,train_021,5,0.016176540404558182,0.030401727184653282,0.2825821042060852,0.5581452250480652,0.1126943901181221
pool,3,7,train_022,4,0.22763173282146454,0.2614217698574066,0.16608214378356934,0.1538223773241043,0.19104202091693878
pool,3,7,train_023,3,0.09107735753059387,0.19387349486351013,0.20201949775218964,0.25888708233833313,0.2541426420211792
pool,3,7,train_024,5,0.22423486411571503,0.25986048579216003,0.1702442318201065,0.15861012041568756,0.18705029785633087
pool,3,7,train_025,5,0.11617075651884079,0.1953129768371582,0.24295589327812195,0.2388833612203598,0.20667698979377747
pool,3,7,train_026,3,0.13175195455551147,0.129907488822937,0.3135867416858673,0.3071320056915283,0.11762180924415588
pool,3,7,train_027,2,0.33877408504486084,0.30672183632850647,0.13768775761127472,0.09857562929391861,0.11824069172143936
pool,3,7,train_028,4,0.1250816136598587,0.19239960610866547,0.30549201369285583,0.28523555397987366,0.09179122000932693
pool,3,7,train_029,2,0.4242183268070221,0.48756688833236694,0.04672447592020035,0.025701766833662987,0.015788529068231583
pool,3,7,train_030,5,0.12400282174348831,0.10225538164377213,0.23128746449947357,0.22300182282924652,0.3194524645805359
pool,3,7,train_031,4,0.11747682839632034,0.1262228637933731,0.28301331400871277,0.3567503094673157,0.1165366917848587
pool,3,7,train_032,3,0.006194176152348518,0.06671556830406189,0.06921220570802689,0.30886152386665344,0.5490164756774902
pool,3,7,train_033,1,0.498709499835968,0.37310272455215454,0.05441750958561897,0.0389588288962841,0.03481139615178108
pool,3,7,train_034,2,0.09461735188961029,0.14552995562553406,0.23354008793830872,0.3088139295578003,0.21749867498874664
pool,3,7,train_035,2,0.7939610481262207,0.07064893841743469,0.10858140885829926,0.018103836104273796,0.00870472565293312
pool,3,7,train_036,2,0.2736336290836334,0.09335988759994507,0.5682413578033447,0.05907374992966652,0.005691350903362036
pool,3,7,train_037,2,0.24071496725082397,0.2758816182613373,0.1600581854581833,0.13381701707839966,0.18952824175357819
pool,3,7,train_038,3,0.08177662640810013,0.05948346480727196,0.12159644812345505,0.3473716080188751,0.38977181911468506
pool,3,7,train_039,3,0.11585859209299088,0.19176313281059265,0.19086387753486633,0.2348094880580902,0.2667049169540405
pool,3,7,train_040,2,0.1941465586423874,0.3000962436199188,0.0923854187130928,0.14434762299060822,0.269024133682251
pool,3,7,train_041,3,0.19546374678611755,0.14250314235687256,0.46612897515296936,0.1620481014251709,0.03385605663061142
pool,3,7,train_042,2,0.4578065872192383,0.161378413438797,0.17909879982471466,0.08853711932897568,0.11317917704582214
pool,3,7,train_043,4,0.14020070433616638,0.17329327762126923,0.20663122832775116,0.23921889066696167,0.24065592885017395
pool,3,7,train_044,3,0.1394103765487671,0.20378923416137695,0.2757537066936493,0.21741479635238647,0.1636318862438202
pool,3,7,train_045,3,0.10131925344467163,0.13672137260437012,0.248151957988739,0.3287275731563568,0.18507985770702362
pool,3,7,train_046,4,0.049386680126190186,0.1435389667749405,0.37716343998908997,0.3639189600944519,0.06599199026823044
pool,3,7,train_047,2,0.1652647703886032,0.1956380307674408,0.2107621729373932,0.21396693587303162,0.2143680602312088
pool,3,7,train_048,4,0.09744586050510406,0.16778869926929474,0.29098597168922424,0.2813567519187927,0.16242268681526184
pool,3,7,train_049,2,0.15353214740753174,0.18700940907001495,0.20428766310214996,0.2218325138092041,0.23333825170993805
pool,3,7,train_050,4,0.0991797149181366,0.19283749163150787,0.24136802554130554,0.26145878434181213,0.20515598356723785
pool,3,7,train_051,3,0.3536677360534668,0.09254099428653717,0.4913516640663147,0.05782989785075188,0.0046097286976873875
pool,3,7,train_052,3,0.11837303638458252,0.1346030980348587,0.26935824751853943,0.32809826731681824,0.1495673507452011
pool,3,7,train_053,3,0.16351759433746338,0.2069457620382309,0.3156597316265106,0.1823643296957016,0.1315126121044159
pool,3,7,train_054,2,0.12148956209421158,0.2115858644247055,0.22926712036132812,0.23375654220581055,0.20390094816684723
pool,3,7,train_055,3,0.039260704070329666,0.025142207741737366,0.551227331161499,0.3703741133213043,0.01399562880396843
pool,3,7,train_056,1,0.26174992322921753,0.2312334030866623,0.3754093647003174,0.10490606725215912,0.026701288297772408
pool,3,7,train_057,1,0.08596829324960709,0.3446480333805084,0.24025849997997284,0.2742968201637268,0.05482836067676544
pool,3,7,train_058,1,0.12781694531440735,0.14836063981056213,0.28092482686042786,0.2839793562889099,0.15891818702220917
pool,3,7,train_059,2,0.33257660269737244,0.5279707312583923,0.050900816917419434,0.04504692554473877,0.04350488632917404
pool,3,7,train_060,3,0.12776122987270355,0.15852338075637817,0.24762363731861115,0.25787439942359924,0.2082173228263855
pool,3,7,train_061,2,0.17283958196640015,0.2097698152065277,0.19317388534545898,0.19897830486297607,0.22523842751979828
pool,3,7,train_062,3,0.19137169420719147,0.2512502372264862,0.2279462367296219,0.16466760635375977,0.16476421058177948
pool,3,7,train_063,2,0.21211594343185425,0.5655617117881775,0.05755452439188957,0.11421084403991699,0.05055701732635498
pool,3,7,train_064,2,0.12775789201259613,0.16481001675128937,0.2848084568977356,0.24969282746315002,0.17293082177639008
pool,3,7,train_065,3,0.1517716348171234,0.16543184220790863,0.2944108843803406,0.2481844425201416,0.14020119607448578
pool,3,7,train_066,2,0.10930441319942474,0.14742033183574677,0.2636358439922333,0.3065779507160187,0.17306143045425415
pool,3,7,train_067,3,0.16123944520950317,0.18481235206127167,0.21487382054328918,0.22731876373291016,0.21175558865070343
pool,3,7,train_068,3,0.15345938503742218,0.1820841282606125,0.21478387713432312,0.22648529708385468,0.22318729758262634
pool,3,7,train_069,2,0.33225923776626587,0.08575575798749924,0.34717223048210144,0.17390818893909454,0.06090464070439339
pool,3,7,train_070,2,0.3077624440193176,0.07787937670946121,0.555399477481842,0.05567735433578491,0.003281337907537818
pool,3,7,train_071,4,0.08842916786670685,0.1303309053182602,0.19657516479492188,0.3022403120994568,0.2824244499206543
pool,3,7,train_072,4,0.2380029559135437,0.38435766100883484,0.10121015459299088,0.12027843296527863,0.15615078806877136
pool,3,7,train_073,2,0.08805085718631744,0.12227585911750793,0.4106515347957611,0.32650133967399597,0.052520424127578735
pool,3,7,train_074,3,0.23866109549999237,0.0540010966360569,0.6585968732833862,0.046159710735082626,0.0025812415406107903
pool,3,7,train_075,2,0.1323019117116928,0.22926563024520874,0.18176183104515076,0.19237284362316132,0.2642977833747864
pool,3,7,train_076,2,0.2864275276660919,0.3130987584590912,0.13034585118293762,0.11173291504383087,0.1583949476480484
pool,3,7,train_077,3,0.1127711832523346,0.14853183925151825,0.26540055871009827,0.29724588990211487,0.17605054378509521
pool,3,7,train_078,3,0.43558797240257263,0.4562012851238251,0.05100268870592117,0.027550285682082176,0.029657837003469467
pool,3,7,train_079,2,0.18238304555416107,0.21696799993515015,0.25803178548812866,0.15429088473320007,0.18832626938819885
pool,3,7,train_080,1,0.1614236831665039,0.21079331636428833,0.18451634049415588,0.17255866527557373,0.27070796489715576
pool,3,7,train_081,3,0.3463253676891327,0.07230883836746216,0.5448564291000366,0.03379417583346367,0.002715163631364703
pool,3,7,train_082,3,0.23208752274513245,0.3205462396144867,0.09565085917711258,0.12729915976524353,0.22441616654396057
pool,3,7,train_083,1,0.4688057601451874,0.3105718791484833,0.06708110123872757,0.07018432021141052,0.08335695415735245
pool,3,7,train_084,5,0.08658092468976974,0.17350900173187256,0.22868351638317108,0.2813061475753784,0.22992044687271118
pool,3,7,train_085,3,0.06538549810647964,0.3239150643348694,0.03939761593937874,0.1532134711742401,0.4180884063243866
pool,3,7,train_086,2,0.44792401790618896,0.3197272717952728,0.07251961529254913,0.07181265950202942,0.08801645040512085
pool,3,7,train_087,3,0.11275749653577805,0.13541674613952637,0.2536539137363434,0.3118530809879303,0.1863187700510025
pool,3,7,train_088,2,0.5235625505447388,0.1995137631893158,0.19205504655838013,0.04439131170511246,0.04047733172774315
pool,3,7,train_089,2,0.5102158188819885,0.13128302991390228,0.19508452713489532,0.07995269447565079,0.08346392214298248
pool,3,7,train_090,4,0.1845679134130478,0.1467205435037613,0.08216532319784164,0.15189328789710999,0.4346528947353363
pool,3,7,train_091,2,0.23440492153167725,0.12428416311740875,0.5248852968215942,0.08635621517896652,0.030069375410676003
pool,3,7,train_092,2,0.1479491889476776,0.1809527575969696,0.20568791031837463,0.2319101244211197,0.23350003361701965
pool,3,7,train_093,3,0.021653734147548676,0.3002532124519348,0.07022173702716827,0.2111452966928482,0.3967260718345642
pool,3,7,train_094,3,0.20050270855426788,0.22472667694091797,0.20492114126682281,0.15935972332954407,0.2104896903038025
pool,3,7,train_095,3,0.0637790635228157,0.20831800997257233,0.18694910407066345,0.3286192715167999,0.21233457326889038
pool,3,7,train_096,2,0.1535588949918747,0.18958723545074463,0.19488681852817535,0.22316795587539673,0.23879903554916382
pool,3,7,train_097,3,0.7029578685760498,0.23585473001003265,0.040045108646154404,0.01310731191188097,0.008034954778850079
pool,3,7,train_098,1,0.09327717125415802,0.18190445005893707,0.21376626193523407,0.2644447386264801,0.24660740792751312
pool,3,7,train_099,3,0.14457100629806519,0.1740463227033615,0.20753709971904755,0.24325554072856903,0.23058998584747314
pool,3,7,train_100,5,0.00501395994797349,0.06573370099067688,0.04141668602824211,0.2828303873538971,0.6050053238868713
pool,3,7,train_101,2,0.1077975407242775,0.14360345900058746,0.24521441757678986,0.3004862666130066,0.20289826393127441
pool,3,7,train_102,2,0.1481371968984604,0.1814943253993988,0.20027118921279907,0.22676783800125122,0.24332943558692932
pool,3,7,train_103,3,0.14615845680236816,0.17812305688858032,0.205138698220253,0.23885904252529144,0.2317207306623459
pool,3,7,train_104,1,0.14640676975250244,0.1743026077747345,0.21668945252895355,0.24195335805416107,0.22064784169197083
pool,3,7,train_105,4,0.16038455069065094,0.17595812678337097,0.24940991401672363,0.24460187554359436,0.1696455180644989
pool,3,7,train_106,1,0.2410440891981125,0.23503202199935913,0.19146598875522614,0.1500319391489029,0.18242599070072174
pool,3,7,train_107,3,0.1764724850654602,0.22242198884487152,0.2798563539981842,0.17589059472084045,0.1453585922718048
pool,3,7,train_108,1,0.14030113816261292,0.18011127412319183,0.3169136941432953,0.2354830950498581,0.1271907389163971
pool,3,7,train_109,3,0.28965702652931213,0.08700557053089142,0.543694257736206,0.0692802220582962,0.010362880304455757
pool,3,7,train_110,1,0.14740216732025146,0.47794029116630554,0.06858710199594498,0.1929771900177002,0.11309326440095901
pool,3,7,train_111,3,0.17012155055999756,0.228542298078537,0.25678399205207825,0.1756839156150818,0.16886824369430542
pool,3,7,train_112,1,0.24295298755168915,0.27452147006988525,0.170773446559906,0.14808490872383118,0.163667231798172
pool,3,7,train_113,3,0.18302689492702484,0.2191995233297348,0.17990487813949585,0.19367368519306183,0.2241949886083603
pool,3,7,train_114,3,0.13720300793647766,0.1693481057882309,0.20774422585964203,0.2478194534778595,0.2378852218389511
pool,3,7,train_115,3,0.11567802727222443,0.23220022022724152,0.24329590797424316,0.2899383306503296,0.11888748407363892
pool,3,7,train_116,4,0.13788774609565735,0.1680745780467987,0.20724374055862427,0.25465336441993713,0.23214058578014374
pool,3,7,train_117,1,0.7557068467140198,0.17020827531814575,0.05103016272187233,0.014385689049959183,0.008668982423841953
pool,3,7,train_118,2,0.14271454513072968,0.47053033113479614,0.17762558162212372,0.13966770470142365,0.06946182996034622
pool,3,7,train_119,2,0.11563534289598465,0.2090216428041458,0.23628754913806915,0.23358148336410522,0.20547400414943695
pool,3,7,train_120,5,0.12685219943523407,0.1520708054304123,0.27792850136756897,0.2907870411872864,0.15236146748065948
pool,3,123,train_001,2,0.7029271721839905,0.24907931685447693,0.019701937213540077,0.018821587786078453,0.009469985030591488
pool,3,123,train_002,5,0.16445432603359222,0.19014421105384827,0.20990675687789917,0.22911393642425537,0.20638075470924377
pool,3,123,train_003,2,0.20092883706092834,0.13034337759017944,0.6091036200523376,0.05045009404420853,0.009174002334475517
pool,3,123,train_004,4,0.06972544640302658,0.17366409301757812,0.34777987003326416,0.22164058685302734,0.18719002604484558
pool,3,123,train_005,5,0.15326716005802155,0.18585872650146484,0.2233767956495285,0.22237704694271088,0.21512024104595184
pool,3,123,train_006,2,0.10513986647129059,0.21201857924461365,0.24196045100688934,0.24081437289714813,0.20006674528121948
pool,3,123,train_007,2,0.11700701713562012,0.165472611784935,0.29977408051490784,0.24912118911743164,0.16862505674362183
pool,3,123,train_008,5,0.10081902891397476,0.17690137028694153,0.2903212308883667,0.23456433415412903,0.19739402830600739
pool,3,123,train_009,3,0.15471822023391724,0.15113575756549835,0.38816097378730774,0.23806613683700562,0.06791892647743225
pool,3,123,train_010,2,0.11401324719190598,0.18318873643875122,0.2265581637620926,0.2500951588153839,0.2261446714401245
pool,3,123,train_011,3,0.35588258504867554,0.24061810970306396,0.36849063634872437,0.030599968507885933,0.0044087497517466545
pool,3,123,train_012,5,0.6586859226226807,0.29742881655693054,0.034708455204963684,0.0063111125491559505,0.0028657247312366962
pool,3,123,train_013,2,0.04765035957098007,0.1844889372587204,0.24629105627536774,0.2807008624076843,0.24086874723434448
pool,3,123,train_014,5,0.09389648586511612,0.1529812216758728,0.24613885581493378,0.2888631224632263,0.21812032163143158
pool,3,123,train_015,3,0.16694040596485138,0.19521678984165192,0.21462994813919067,0.2100195288658142,0.21319331228733063
pool,3,123,train_016,4,0.21736222505569458,0.26984643936157227,0.24374012649059296,0.12829561531543732,0.14075563848018646
pool,3,123,train_017,2,0.2661813199520111,0.25536370277404785,0.15328074991703033,0.18634408712387085,0.13883009552955627
pool,3,123,train_018,5,0.1859239935874939,0.20847640931606293,0.19087302684783936,0.22286978363990784,0.1918567717075348
pool,3,123,train_019,3,0.15586228668689728,0.18733814358711243,0.2235192507505417,0.2179754674434662,0.21530480682849884
pool,3,123,train_020,2,0.14746730029582977,0.17529785633087158,0.22650115191936493,0.22473475337028503,0.2259989082813263
pool,3,123,train_021,5,0.032504767179489136,0.06486717611551285,0.32989415526390076,0.4193319082260132,0.15340201556682587
pool,3,123,train_022,4,0.21725983917713165,0.25361737608909607,0.17076922953128815,0.18607592582702637,0.17227765917778015
pool,3,123,train_023,3,0.09738464653491974,0.16520920395851135,0.21331287920475006,0.27646344900131226,0.2476297914981842
pool,3,123,train_024,5,0.22063007950782776,0.2676001787185669,0.16988056898117065,0.1819184124469757,0.15997076034545898
pool,3,123,train_025,5,0.113126739859581,0.17711831629276276,0.24244700372219086,0.25004392862319946,0.21726401150226593
pool,3,123,train_026,3,0.1471991240978241,0.1799476146697998,0.22254201769828796,0.23819349706172943,0.2121177762746811
pool,3,123,train_027,2,0.29611849784851074,0.46905815601348877,0.13720324635505676,0.04187459126114845,0.05574553832411766
pool,3,123,train_028,4,0.1378057897090912,0.16971974074840546,0.231716126203537,0.24082154035568237,0.2199367880821228
pool,3,123,train_029,2,0.5192020535469055,0.47056910395622253,0.008046586066484451,0.0010753130773082376,0.0011069165775552392
pool,3,123,train_030,5,0.19009017944335938,0.21183446049690247,0.19376541674137115,0.21884992718696594,0.18546000123023987
pool,3,123,train_031,4,0.1399342119693756,0.16833512485027313,0.22541745007038116,0.24592073261737823,0.22039251029491425
pool,3,123,train_032,3,0.024449100717902184,0.12056576460599899,0.16816185414791107,0.2460252195596695,0.4407980740070343
pool,3,123,train_033,1,0.2881105840206146,0.2890295088291168,0.1288059651851654,0.17256774008274078,0.12148620188236237
pool,3,123,train_034,2,0.05367615818977356,0.16540293395519257,0.21413439512252808,0.2251245528459549,0.34166187047958374
pool,3,123,train_035,2,0.33238542079925537,0.2870686948299408,0.11554376780986786,0.1558433622121811,0.1091587170958519
pool,3,123,train_036,2,0.24676327407360077,0.18417853116989136,0.5274056196212769,0.03597158193588257,0.005680972244590521
pool,3,123,train_037,2,0.22108377516269684,0.24117346107959747,0.17167814075946808,0.18014134466648102,0.18592329323291779
pool,3,123,train_038,3,0.18223170936107635,0.2094961553812027,0.1882144659757614,0.23213724792003632,0.18792036175727844
pool,3,123,train_039,3,0.13164126873016357,0.16819603741168976,0.22103698551654816,0.2784658372402191,0.2006598711013794
pool,3,123,train_040,2,0.1373266726732254,0.25078529119491577,0.15198440849781036,0.19561025500297546,0.264293372631073
pool,3,123,train_041,3,0.1480049043893814,0.17718057334423065,0.22410161793231964,0.2364562749862671,0.21425659954547882
pool,3,123,train_042,2,0.21474333107471466,0.22577627003192902,0.18339841067790985,0.2045384645462036,0.17154352366924286
pool,3,123,train_043,4,0.14124388992786407,0.16860750317573547,0.23169322311878204,0.22986575961112976,0.22858954966068268
pool,3,123,train_044,3,0.12656138837337494,0.18653447926044464,0.26554402709007263,0.23321415483951569,0.1881459653377533
pool,3,123,train_045,3,0.05747378617525101,0.14735817909240723,0.16109462082386017,0.27469730377197266,0.35937607288360596
pool,3,123,train_046,4,0.07652519643306732,0.20749658346176147,0.37374159693717957,0.24886667728424072,0.09336996078491211
pool,3,123,train_047,2,0.16458261013031006,0.19821836054325104,0.21843913197517395,0.21287794411182404,0.2058820277452469
pool,3,123,train_048,4,0.10595298558473587,0.16326138377189636,0.27551698684692383,0.26755526661872864,0.1877133846282959
pool,3,123,train_049,2,0.14954762160778046,0.17905375361442566,0.22542157769203186,0.2223394811153412,0.22363753616809845
pool,3,123,train_050,4,0.1093951091170311,0.1802709400653839,0.2431764453649521,0.25229838490486145,0.21485917270183563
pool,3,123,train_051,3,0.429387629032135,0.14501753449440002,0.39689332246780396,0.026090247556567192,0.0026112888008356094
pool,3,123,train_052,3,0.08900674432516098,0.14619258046150208,0.24560469388961792,0.31727340817451477,0.20192255079746246
pool,3,123,train_053,3,0.14897093176841736,0.21449382603168488,0.29934826493263245,0.18250572681427002,0.1546812802553177
pool,3,123,train_054,2,0.11204274743795395,0.17315979301929474,0.24193289875984192,0.2629645764827728,0.20990003645420074
pool,3,123,train_055,3,0.06926202774047852,0.0670200064778328,0.5581514835357666,0.276693731546402,0.028872745111584663
pool,3,123,train_056,1,0.15147943794727325,0.17917349934577942,0.22414915263652802,0.23609605431556702,0.2091018259525299
pool,3,123,train_057,1,0.14381414651870728,0.4285365343093872,0.24201609194278717,0.12163624912500381,0.06399691849946976
pool,3,123,train_058,1,0.09307242929935455,0.17271678149700165,0.31859666109085083,0.23100188374519348,0.1846121996641159
pool,3,123,train_059,2,0.42818689346313477,0.5315505266189575,0.021748514845967293,0.0102182412520051,0.008295811712741852
pool,3,123,train_060,3,0.07264455407857895,0.15925313532352448,0.26510289311408997,0.20957784354686737,0.2934216558933258
pool,3,123,train_061,2,0.1628524661064148,0.1955270767211914,0.21447455883026123,0.2148754745721817,0.21227040886878967
pool,3,123,train_062,3,0.1564168632030487,0.21312879025936127,0.23908363282680511,0.20558606088161469,0.18578466773033142
pool,3,123,train_063,2,0.2713443338871002,0.678580641746521,0.014079835265874863,0.01967533677816391,0.016319844871759415
pool,3,123,train_064,2,0.08323988318443298,0.20002450048923492,0.3701939582824707,0.16942743957042694,0.17711417376995087
pool,3,123,train_065,3,0.17249448597431183,0.1978376805782318,0.3532211184501648,0.18657125532627106,0.0898754671216011
pool,3,123,train_066,2,0.07394267618656158,0.1641746163368225,0.2162257730960846,0.28131815791130066,0.26433876156806946
pool,3,123,train_067,3,0.16637085378170013,0.2054046094417572,0.21654918789863586,0.21226723492145538,0.19940811395645142
pool,3,123,train_068,3,0.15388812124729156,0.18568165600299835,0.22570498287677765,0.21855342388153076,0.21617184579372406
pool,3,123,train_069,2,0.1967623084783554,0.21961799263954163,0.18112049996852875,0.2262285202741623,0.1762707233428955
pool,3,123,train_070,2,0.32968252897262573,0.13001127541065216,0.5117800831794739,0.0257389135658741,0.0027871315833181143
pool,3,123,train_071,4,0.049931008368730545,0.11753279715776443,0.165450781583786,0.2527898848056793,0.414295494556427
pool,3,123,train_072,4,0.24002638459205627,0.4032413065433502,0.11922396719455719,0.11763330549001694,0.11987504363059998
pool,3,123,train_073,2,0.12458264827728271,0.1880062222480774,0.4404504597187042,0.20355165004730225,0.04340898618102074
pool,3,123,train_074,3,0.22207491099834442,0.1046796441078186,0.6474170684814453,0.02276904508471489,0.0030592987313866615
pool,3,123,train_075,2,0.1306818276643753,0.21584424376487732,0.23144373297691345,0.21435637772083282,0.20767377316951752
pool,3,123,train_076,2,0.16488957405090332,0.4276237487792969,0.1441945731639862,0.07411184161901474,0.1891801655292511
pool,3,123,train_077,3,0.06878771632909775,0.1677405685186386,0.19756768643856049,0.26114970445632935,0.3047542870044708
pool,3,123,train_078,3,0.29651185870170593,0.30022457242012024,0.1335616111755371,0.1510523408651352,0.11864958703517914
pool,3,123,train_079,2,0.09076447784900665,0.23135599493980408,0.4909180998802185,0.0755850225687027,0.11137638986110687
pool,3,123,train_080,1,0.07812358438968658,0.21392697095870972,0.2648085951805115,0.13250160217285156,0.31063926219940186
pool,3,123,train_081,3,0.32567206025123596,0.1157829686999321,0.5439942479133606,0.012734086252748966,0.0018165827495977283
pool,3,123,train_082,3,0.16812902688980103,0.27052512764930725,0.1378520280122757,0.18460288643836975,0.2388909012079239
pool,3,123,train_083,1,0.764055609703064,0.17391949892044067,0.016053805127739906,0.032922130078077316,0.013048900291323662
pool,3,123,train_084,5,0.09832913428544998,0.16230177879333496,0.236433207988739,0.2778010368347168,0.22513481974601746
pool,3,123,train_085,3,0.1621672809123993,0.2094520628452301,0.20468436181545258,0.22833694517612457,0.19535933434963226
pool,3,123,train_086,2,0.6886565089225769,0.24642439186573029,0.021056709811091423,0.02859315276145935,0.015269313007593155
pool,3,123,train_087,3,0.07089047878980637,0.13226500153541565,0.2342284917831421,0.2905724346637726,0.2720435559749603
pool,3,123,train_088,2,0.22924575209617615,0.24759893119335175,0.17171713709831238,0.19415245950222015,0.15728573501110077
pool,3,123,train_089,2,0.24851462244987488,0.24269388616085052,0.15800592303276062,0.19476310908794403,0.15602244436740875
pool,3,123,train_090,4,0.23417428135871887,0.23081602156162262,0.16649353504180908,0.20024950802326202,0.1682666391134262
pool,3,123,train_091,2,0.17227065563201904,0.19557760655879974,0.21201077103614807,0.2219504863023758,0.19819048047065735
pool,3,123,train_092,2,0.14712871611118317,0.17717495560646057,0.22858311235904694,0.22614718973636627,0.22096598148345947
pool,3,123,train_093,3,0.04819490388035774,0.31950801610946655,0.15061567723751068,0.14126816391944885,0.34041324257850647
pool,3,123,train_094,3,0.13188792765140533,0.252356618642807,0.2954964339733124,0.11743300408124924,0.20282603800296783
pool,3,123,train_095,3,0.1404036432504654,0.1725616604089737,0.22923530638217926,0.23714451491832733,0.22065487504005432
pool,3,123,train_096,2,0.14800643920898438,0.17828409373760223,0.22459571063518524,0.22680921852588654,0.2223045378923416
pool,3,123,train_097,3,0.7244794964790344,0.2515435516834259,0.020564056932926178,0.0021580529864877462,0.001254903618246317
pool,3,123,train_098,1,0.10879996418952942,0.16171014308929443,0.23620152473449707,0.28089889883995056,0.21238945424556732
pool,3,123,train_099,3,0.14616520702838898,0.17899219691753387,0.23009195923805237,0.22764457762241364,0.21710604429244995
pool,3,123,train_100,5,0.011789151467382908,0.0660322904586792,0.07914546877145767,0.1658988744020462,0.6771342158317566
pool,3,123,train_101,2,0.06568993628025055,0.14939887821674347,0.24242830276489258,0.2600344717502594,0.2824484407901764
pool,3,123,train_102,2,0.14344032108783722,0.16989067196846008,0.22658511996269226,0.22899606823921204,0.2310878187417984
pool,3,123,train_103,3,0.14825108647346497,0.1803794652223587,0.22847941517829895,0.2262224406003952,0.21666760742664337
pool,3,123,train_104,1,0.14961238205432892,0.18310868740081787,0.23092257976531982,0.22454214096069336,0.21181423962116241
pool,3,123,train_105,4,0.15106245875358582,0.1677550971508026,0.17883363366127014,0.2842904329299927,0.21805840730667114
pool,3,123,train_106,1,0.3691234588623047,0.2734987139701843,0.2040889710187912,0.09632109105587006,0.05696781352162361
pool,3,123,train_107,3,0.1620846837759018,0.21193142235279083,0.2705188989639282,0.19415150582790375,0.16131356358528137
pool,3,123,train_108,1,0.12087451666593552,0.15950781106948853,0.2963733375072479,0.25713297724723816,0.16611142456531525
pool,3,123,train_109,3,0.16427363455295563,0.19341233372688293,0.21137183904647827,0.2308449149131775,0.20009730756282806
pool,3,123,train_110,1,0.3169739544391632,0.5869875550270081,0.015171856619417667,0.047975700348615646,0.03289097175002098
pool,3,123,train_111,3,0.1574360430240631,0.2175874561071396,0.267529159784317,0.19133473932743073,0.16611261665821075
pool,3,123,train_112,1,0.25860071182250977,0.30382561683654785,0.14666007459163666,0.15874962508678436,0.13216397166252136
pool,3,123,train_113,3,0.1712903529405594,0.20536507666110992,0.203848734498024,0.21648885309696198,0.20300692319869995
pool,3,123,train_114,3,0.13954436779022217,0.16860799491405487,0.23442906141281128,0.23288801312446594,0.22453053295612335
pool,3,123,train_115,3,0.1384148746728897,0.1722378134727478,0.23037700355052948,0.23949283361434937,0.21947751939296722
pool,3,123,train_116,4,0.14057165384292603,0.17382174730300903,0.23460784554481506,0.23447610437870026,0.2165227234363556
pool,3,123,train_117,1,0.3745152950286865,0.30803781747817993,0.09908564388751984,0.1296183168888092,0.08874286711215973
pool,3,123,train_118,2,0.14002014696598053,0.16925159096717834,0.22780391573905945,0.23964819312095642,0.22327616810798645
pool,3,123,train_119,2,0.10813776403665543,0.18141475319862366,0.24577975273132324,0.2469215989112854,0.21774615347385406
pool,3,123,train_120,5,0.09050212055444717,0.17130085825920105,0.1967795491218567,0.2928656339645386,0.2485518604516983
pool,3,ensemble,train_001,2,0.5677211682001749,0.29719282190004986,0.0553012794504563,0.03747544810175896,0.04230929631739855
pool,3,ensemble,train_002,5,0.1560420567790667,0.2079557180404663,0.19701209664344788,0.21604469418525696,0.22294539213180542
pool,3,ensemble,train_003,2,0.24593310554822287,0.12691372632980347,0.530009905497233,0.07315933704376221,0.023983872961252928
pool,3,ensemble,train_004,4,0.11099498718976974,0.169641375541687,0.29209770262241364,0.2597536047299703,0.16751234730084738
pool,3,ensemble,train_005,5,0.1415209025144577,0.182923823595047,0.2222237934668859,0.23028033475081125,0.2230511556069056
pool,3,ensemble,train_006,2,0.1234125221769015,0.18937166035175323,0.23675285279750824,0.26310357948144275,0.1873594125111898
pool,3,ensemble,train_007,2,0.1108204647898674,0.18217085301876068,0.29575740297635394,0.23507443567117056,0.17617682119210562
pool,3,ensemble,train_008,5,0.14933459709088007,0.17977691690127054,0.26609749098618823,0.23664813240369162,0.1681428849697113
pool,3,ensemble,train_009,3,0.154538760582606,0.16121958692868552,0.3122274825970332,0.2566490521033605,0.11536513765652974
pool,3,ensemble,train_010,2,0.1090167760848999,0.21006027857462564,0.235842431584994,0.22288726766904196,0.22219325105349222
pool,3,ensemble,train_011,3,0.311059907078743,0.20761211216449738,0.38609009981155396,0.06990141111115615,0.02533648411432902
pool,3,ensemble,train_012,5,0.5467779338359833,0.34594369928042096,0.06265884762008984,0.025234137196093798,0.019385410627971094
pool,3,ensemble,train_013,2,0.032245018829902015,0.16579513748486838,0.2060351769129435,0.35774797201156616,0.23817666868368784
pool,3,ensemble,train_014,5,0.08636098603407542,0.17400197188059488,0.25260890523592633,0.2672170251607895,0.2198110818862915
pool,3,ensemble,train_015,3,0.15836133559544882,0.20317519207795462,0.23152744273344675,0.20120841761430105,0.20572762688000998
pool,3,ensemble,train_016,4,0.17218463867902756,0.27452339231967926,0.2266432742277781,0.17256867388884226,0.15408003826936087
pool,3,ensemble,train_017,2,0.42602020502090454,0.14701886102557182,0.22128453850746155,0.11974565188090007,0.08593072881922126
pool,3,ensemble,train_018,5,0.15600319703420004,0.21133741736412048,0.13346085076530775,0.21102477610111237,0.28817375500996906
pool,3,ensemble,train_019,3,0.15133118132750192,0.19290411472320557,0.22915955384572348,0.21585023403167725,0.2107549011707306
pool,3,ensemble,train_020,2,0.13781594236691794,0.16947499414285025,0.21772259970506033,0.23608762522538504,0.2388988435268402
pool,3,ensemble,train_021,5,0.03490538398424784,0.057983204101522766,0.2921694318453471,0.44888795415560406,0.1660540228088697
pool,3,ensemble,train_022,4,0.24400664369265238,0.256324162085851,0.16371417045593262,0.1745984007914861,0.16135664780934653
pool,3,ensemble,train_023,3,0.08964333186546962,0.19209785759449005,0.22774195671081543,0.24767631789048514,0.24284054338932037
pool,3,ensemble,train_024,5,0.24943654239177704,0.30280472834904987,0.16082840164502463,0.15077895671129227,0.13615136966109276
pool,3,ensemble,train_025,5,0.1080184057354927,0.20105824867884317,0.25423801441987354,0.22424775858720145,0.21243757009506226
pool,3,ensemble,train_026,3,0.1479561080535253,0.15219298005104065,0.2547494024038315,0.2609177480141322,0.18418376644452414
pool,3,ensemble,train_027,2,0.34751827518145245,0.34898823499679565,0.13693276047706604,0.07969473178188007,0.08686599011222522
pool,3,ensemble,train_028,4,0.13407844801743826,0.18074247737725577,0.25440149505933124,0.25552499790986377,0.17525260398785272
pool,3,ensemble,train_029,2,0.42826443910598755,0.5186867813269297,0.03491511568427086,0.009897944789069394,0.008235699535968402
pool,3,ensemble,train_030,5,0.16950117299954096,0.16572287927071253,0.2104633996884028,0.22139238814512888,0.2329201598962148
pool,3,ensemble,train_031,4,0.13973879565795264,0.1440591812133789,0.2413207987944285,0.28697116672992706,0.1879100799560547
pool,3,ensemble,train_032,3,0.017054893697301548,0.11974030981461208,0.12948907166719437,0.2758501023054123,0.4578656156857808
pool,3,ensemble,train_033,1,0.4459482530752818,0.27296802401542664,0.09482506041725476,0.11018225426475207,0.07607639456788699
pool,3,ensemble,train_034,2,0.0980519453684489,0.16767663260300955,0.22336362799008688,0.2650751819213231,0.2458325723807017
pool,3,ensemble,train_035,2,0.6111133297284445,0.15428229669729868,0.0975083460410436,0.08513766713440418,0.051958331217368446
pool,3,ensemble,train_036,2,0.2391734073559443,0.1567050963640213,0.5188841919104258,0.06218966220815977,0.02304763315866391
pool,3,ensemble,train_037,2,0.2196461260318756,0.29976512491703033,0.17447858055432638,0.14241267244021097,0.16369752337535223
pool,3,ensemble,train_038,3,0.17175751676162085,0.13030953829487166,0.16197012116511664,0.27696698407332104,0.25899579127629596
pool,3,ensemble,train_039,3,0.1256487046678861,0.19055886069933572,0.2165261705716451,0.24366267522176108,0.2236036111911138
pool,3,ensemble,train_040,2,0.15911866227785745,0.31191988786061603,0.13770435998837152,0.15393597880999246,0.23732111354668936
pool,3,ensemble,train_041,3,0.17145371933778128,0.1600995510816574,0.3069157848755519,0.21006975074609122,0.15146118650833765
pool,3,ensemble,train_042,2,0.31206827859083813,0.17475257813930511,0.191068763534228,0.16272004693746567,0.1593903750181198
pool,3,ensemble,train_043,4,0.13125976423422495,0.16612349450588226,0.22523787120978037,0.24131624897321066,0.23606262107690176
pool,3,ensemble,train_044,3,0.12316467612981796,0.20443503558635712,0.2763773898283641,0.2123744785785675,0.1836484173933665
pool,3,ensemble,train_045,3,0.1034910852710406,0.1562502235174179,0.2099035382270813,0.28908230861028034,0.24127283692359924
pool,3,ensemble,train_046,4,0.06573258340358734,0.17105296750863394,0.3553134799003601,0.292401522397995,0.11549944927295049
pool,3,ensemble,train_047,2,0.1627716769774755,0.2051117072502772,0.23402355114618936,0.2051208366950353,0.19297223289807638
pool,3,ensemble,train_048,4,0.09865478426218033,0.1754501760005951,0.2853764096895854,0.25551873445510864,0.18499989807605743
pool,3,ensemble,train_049,2,0.14153131345907846,0.1797202875216802,0.2246792415777842,0.2245117425918579,0.22955739001433054
pool,3,ensemble,train_050,4,0.09891349077224731,0.1976198802391688,0.25527582069238025,0.23824551701545715,0.2099453111489614
pool,3,ensemble,train_051,3,0.37890984614690143,0.13751828173796335,0.4118618170420329,0.0564255869636933,0.01528447757785519
pool,3,ensemble,train_052,3,0.12191145867109299,0.1520946075518926,0.24490854640801749,0.3053986330827077,0.17568674683570862
pool,3,ensemble,train_053,3,0.14175252616405487,0.22311145067214966,0.30569647749265033,0.17544384797414145,0.1539957026640574
pool,3,ensemble,train_054,2,0.10748937726020813,0.20427172879378,0.24700623750686646,0.23136316239833832,0.2098695288101832
pool,3,ensemble,train_055,3,0.07210418457786243,0.05646094183127085,0.4864829182624817,0.3256942828496297,0.059257665649056435
pool,3,ensemble,train_056,1,0.19237318138281503,0.19505329926808676,0.2800498902797699,0.18538257976373038,0.14714105489353338
pool,3,ensemble,train_057,1,0.09585689008235931,0.3573838373025258,0.23769383132457733,0.2040997569759687,0.1049656793475151
pool,3,ensemble,train_058,1,0.13056362171967825,0.17050992449124655,0.27316801249980927,0.2553059756755829,0.17045243084430695
pool,3,ensemble,train_059,2,0.35165799657503766,0.45531152685483295,0.06214543245732784,0.0651988514388601,0.06568615635236104
pool,3,ensemble,train_060,3,0.1296552394827207,0.16859589020411173,0.23912049333254495,0.2388585607210795,0.22376981377601624
pool,3,ensemble,train_061,2,0.15256469448407492,0.2005369911591212,0.2134922742843628,0.2129725068807602,0.22043353815873465
pool,3,ensemble,train_062,3,0.1568316916624705,0.24265941480795541,0.24506489435831705,0.17676430443922678,0.17867968479792276
pool,3,ensemble,train_063,2,0.22054505348205566,0.6183828910191854,0.05261817077795664,0.0629115030169487,0.04554238791267077
pool,3,ensemble,train_064,2,0.12668633460998535,0.190676619609197,0.29493555923302966,0.21722294390201569,0.1704785277446111
pool,3,ensemble,train_065,3,0.1710118999083837,0.18549375732739767,0.2902604987223943,0.2232301433881124,0.1300036832690239
pool,3,ensemble,train_066,2,0.11354815463225047,0.16832991937796274,0.23649613559246063,0.2802675465742747,0.20135821402072906
pool,3,ensemble,train_067,3,0.16748549044132233,0.1846337765455246,0.22685362895329794,0.22325226664543152,0.1977748473485311
pool,3,ensemble,train_068,3,0.1492283989985784,0.1890760858853658,0.23931958774725595,0.21507350107034048,0.20730243623256683
pool,3,ensemble,train_069,2,0.2758129785458247,0.14981535325447717,0.23423960308233896,0.21142754455407461,0.12870456899205843
pool,3,ensemble,train_070,2,0.32788671056429547,0.12326113134622574,0.48471251130104065,0.05027020598451296,0.013869412709027529
pool,3,ensemble,train_071,4,0.10081427916884422,0.1404943491021792,0.18794970711072287,0.2762170036633809,0.2945246497790019
pool,3,ensemble,train_072,4,0.20675268272558847,0.34055227041244507,0.12144199262062709,0.15527808914581934,0.17597496509552002
pool,3,ensemble,train_073,2,0.10025691737731297,0.1486496776342392,0.3839084208011627,0.27532437443733215,0.09186060105760892
pool,3,ensemble,train_074,3,0.26710452636082965,0.10544749225179355,0.5804152886072794,0.03651142989595731,0.010521267851193747
pool,3,ensemble,train_075,2,0.12137840191523235,0.24583974480628967,0.21702368060747781,0.19162406027317047,0.22413411736488342
pool,3,ensemble,train_076,2,0.2613350749015808,0.34384676814079285,0.14320850372314453,0.09989180912574132,0.15171781927347183
pool,3,ensemble,train_077,3,0.11385540415843327,0.17026210327943167,0.23061923682689667,0.2680390179157257,0.21722422540187836
pool,3,ensemble,train_078,3,0.344767947991689,0.3735453585783641,0.11906969795624416,0.08580047575136025,0.07681651289264362
pool,3,ensemble,train_079,2,0.16156995793183646,0.23534788688023886,0.32401690383752185,0.13290434579054514,0.1461609105269114
pool,3,ensemble,train_080,1,0.15337472160657248,0.2188545117775599,0.21314860383669534,0.16789069771766663,0.24673145016034445
pool,3,ensemble,train_081,3,0.37447649240493774,0.10792015741268794,0.4882351756095886,0.02290807757526636,0.006460060869964461
pool,3,ensemble,train_082,3,0.19466490050156912,0.3237738807996114,0.13211400558551153,0.1419201816121737,0.20752699673175812
pool,3,ensemble,train_083,1,0.6227782666683197,0.23638585209846497,0.04826126309732596,0.04555151239037514,0.04702307345966498
pool,3,ensemble,train_084,5,0.09074023365974426,0.178916205962499,0.2454700618982315,0.2592441936333974,0.2256293147802353
pool,3,ensemble,train_085,3,0.12240541726350784,0.2592085152864456,0.14280702297886214,0.20121169090270996,0.2743673821290334
pool,3,ensemble,train_086,2,0.575713316599528,0.28245801230271655,0.052414992824196815,0.04264232516288757,0.04677139222621918
pool,3,ensemble,train_087,3,0.11789558331171672,0.1476854830980301,0.23264563580354056,0.2906598548094432,0.2111134280761083
pool,3,ensemble,train_088,2,0.34244749943415326,0.23088405032952627,0.18816744287808737,0.1290731057524681,0.10942789291342099
pool,3,ensemble,train_089,2,0.40546974539756775,0.1674229303995768,0.15823677430550256,0.1515891378124555,0.11728142201900482
pool,3,ensemble,train_090,4,0.25504250824451447,0.17070447405179343,0.12964358180761337,0.18767713010311127,0.2569322884082794
pool,3,ensemble,train_091,2,0.19731582701206207,0.1684985359509786,0.32665807008743286,0.16734769692023596,0.14017986071606478
pool,3,ensemble,train_092,2,0.14143001536528269,0.17495416601498923,0.22313538193702698,0.23468642433484396,0.22579399247964224
pool,3,ensemble,train_093,3,0.03050450732310613,0.3060643474260966,0.12444961567719777,0.18364264070987701,0.3553389112154643
pool,3,ensemble,train_094,3,0.1922052502632141,0.22983652353286743,0.2279324730237325,0.16088065256675085,0.18914508322874704
pool,3,ensemble,train_095,3,0.11332670599222183,0.18540506064891815,0.21571666995684305,0.2647854487101237,0.2207661122083664
pool,3,ensemble,train_096,2,0.1421091357866923,0.17423676947752634,0.21325449148813883,0.23461744685967764,0.23578213155269623
pool,3,ensemble,train_097,3,0.65575244029363,0.2872779021660487,0.04147845382491747,0.008012243158494433,0.007478951010853052
pool,3,ensemble,train_098,1,0.09789771089951198,0.1872875988483429,0.2362522929906845,0.25410818060239154,0.2244542290767034
pool,3,ensemble,train_099,3,0.1412874311208725,0.1656715472539266,0.2216521998246511,0.24793858329455057,0.22345023850599924
pool,3,ensemble,train_100,5,0.009978713312496742,0.09515068431695302,0.07700160269935925,0.23809694747130075,0.5797720750172933
pool,3,ensemble,train_101,2,0.11233106007178624,0.16031831006209055,0.23457073171933493,0.27303404609362286,0.21974582970142365
pool,3,ensemble,train_102,2,0.13460896909236908,0.16978072126706442,0.2201738307873408,0.2339889109134674,0.24144758780797324
pool,3,ensemble,train_103,3,0.14108982185522714,0.167885422706604,0.2191760241985321,0.24649653832117716,0.22535219291845957
pool,3,ensemble,train_104,1,0.1484861522912979,0.1756870150566101,0.2328383276859919,0.23556598027547201,0.2074225644270579
pool,3,ensemble,train_105,4,0.1739673614501953,0.1752039591471354,0.20778349041938782,0.2576060891151428,0.18543908496697745
pool,3,ensemble,train_106,1,0.3025329162677129,0.23801432053248087,0.18645773828029633,0.1459831843773524,0.1270118715862433
pool,3,ensemble,train_107,3,0.15550472835699716,0.22759888072808585,0.27893340587615967,0.17711196343104044,0.16085104644298553
pool,3,ensemble,train_108,1,0.12219494829575221,0.17861508329709372,0.30698026220003766,0.23024571935335794,0.16196399927139282
pool,3,ensemble,train_109,3,0.22249149282773337,0.1442251205444336,0.32659343381722766,0.17413651943206787,0.13255342903236547
pool,3,ensemble,train_110,1,0.22996114691098532,0.47255122661590576,0.062438011479874454,0.1324982481698195,0.10255139196912448
pool,3,ensemble,train_111,3,0.15052808821201324,0.23490396638711294,0.2677350739638011,0.17600108683109283,0.17083180447419485
pool,3,ensemble,train_112,1,0.3256353586912155,0.29821046193440753,0.14187693347533545,0.12560175359249115,0.10867551279564698
pool,3,ensemble,train_113,3,0.16922158002853394,0.1969055732091268,0.19063121577103934,0.23079726099967957,0.21244433522224426
pool,3,ensemble,train_114,3,0.13208277275164923,0.16373251378536224,0.22489649057388306,0.24848778049151102,0.2308004448811213
pool,3,ensemble,train_115,3,0.13181735575199127,0.19685770571231842,0.2328400512536367,0.25546059012413025,0.18302428225676218
pool,3,ensemble,train_116,4,0.13916748265425363,0.16473241647084555,0.22429760793844858,0.25497585038344067,0.21682666738828024
pool,3,ensemble,train_117,1,0.6134682297706604,0.21164592603842416,0.06995245938499768,0.06380267813801765,0.04113066910455624
pool,3,ensemble,train_118,2,0.14150095482667288,0.27269355952739716,0.20512632032235464,0.20830836395422617,0.17237080385287604
pool,3,ensemble,train_119,2,0.10267768055200577,0.20667788883050284,0.2537260800600052,0.22403005758921304,0.2128883103529612
pool,3,ensemble,train_120,5,0.12598304202159247,0.1723058025042216,0.23492677013079324,0.2756764392058055,0.191107968489329
conv,0,42,train_001,2,0.536892294883728,0.21911290287971497,0.1465359926223755,0.06789963692426682,0.029559167101979256
conv,0,42,train_002,5,0.16465766727924347,0.210013747215271,0.23873598873615265,0.21142950654029846,0.17516310513019562
conv,0,42,train_003,2,0.17606455087661743,0.19103148579597473,0.22855927050113678,0.21638163924217224,0.18796300888061523
conv,0,42,train_004,4,0.14123307168483734,0.21016137301921844,0.3017640709877014,0.18390125036239624,0.1629401594400406
conv,0,42,train_005,5,0.14695841073989868,0.20483028888702393,0.26659712195396423,0.2051783949136734,0.17643578350543976
conv,0,42,train_006,2,0.1655089110136032,0.1855485737323761,0.23113296926021576,0.2227906435728073,0.19501887261867523
conv,0,42,train_007,2,0.3375954329967499,0.11509725451469421,0.31455838680267334,0.21072594821453094,0.022022994235157967
conv,0,42,train_008,5,0.2017112821340561,0.21391312777996063,0.21222969889640808,0.25222283601760864,0.11992305517196655
conv,0,42,train_009,3,0.15804357826709747,0.2108570635318756,0.2961604595184326,0.1817903369665146,0.1531485617160797
conv,0,42,train_010,2,0.10195638239383698,0.13972696661949158,0.2598804235458374,0.21126693487167358,0.28716933727264404
conv,0,42,train_011,3,0.09780625998973846,0.14742344617843628,0.37730154395103455,0.2978185713291168,0.0796501412987709
conv,0,42,train_012,5,0.17639636993408203,0.19268272817134857,0.22473938763141632,0.21896158158779144,0.18721993267536163
conv,0,42,train_013,2,0.1175970584154129,0.1641198843717575,0.1777348518371582,0.37195146083831787,0.1685967743396759
conv,0,42,train_014,5,0.16583356261253357,0.19033145904541016,0.22084592282772064,0.21774910390377045,0.20523999631404877
conv,0,42,train_015,3,0.16209973394870758,0.22187940776348114,0.2869240641593933,0.17242051661014557,0.1566762775182724
conv,0,42,train_016,4,0.1417257934808731,0.20814871788024902,0.2869051396846771,0.18751788139343262,0.17570245265960693
conv,0,42,train_017,2,0.1930234581232071,0.19926971197128296,0.2319622039794922,0.211676225066185,0.164068341255188
conv,0,42,train_018,5,0.0991806611418724,0.28090646862983704,0.06394904851913452,0.12102220207452774,0.4349416494369507
conv,0,42,train_019,3,0.15972179174423218,0.2155390828847885,0.27720925211906433,0.18870019912719727,0.15882961452007294
conv,0,42,train_020,2,0.2036125659942627,0.19327375292778015,0.2326083481311798,0.2747124433517456,0.09579284489154816
conv,0,42,train_021,5,0.1981358379125595,0.11248798668384552,0.2384667545557022,0.38533851504325867,0.0655708834528923
conv,0,42,train_022,4,0.18486812710762024,0.2046714574098587,0.21416738629341125,0.17379748821258545,0.22249546647071838
conv,0,42,train_023,3,0.05618327111005783,0.16010542213916779,0.09728961437940598,0.2854185700416565,0.4010030925273895
conv,0,42,train_024,5,0.22696489095687866,0.2317463457584381,0.20303340256214142,0.16014309227466583,0.17811235785484314
conv,0,42,train_025,5,0.1029973179101944,0.17583468556404114,0.2999650537967682,0.2734246253967285,0.14777827262878418
conv,0,42,train_026,3,0.32466942071914673,0.11039506644010544,0.3067593574523926,0.23421610891819,0.02396010048687458
conv,0,42,train_027,2,0.25113722681999207,0.4826130270957947,0.12565219402313232,0.08154836297035217,0.05904915928840637
conv,0,42,train_028,4,0.07643911242485046,0.14750458300113678,0.3429572284221649,0.3404574394226074,0.0926416665315628
conv,0,42,train_029,2,0.3865094482898712,0.24449676275253296,0.17032986879348755,0.12357968837022781,0.07508425414562225
conv,0,42,train_030,5,0.11027336120605469,0.20262786746025085,0.16581837832927704,0.27158915996551514,0.24969126284122467
conv,0,42,train_031,4,0.19356098771095276,0.12060177326202393,0.22213591635227203,0.38534146547317505,0.07835987955331802
conv,0,42,train_032,3,0.06877197325229645,0.2227964550256729,0.10911315679550171,0.24660024046897888,0.35271817445755005
conv,0,42,train_033,1,0.5294651389122009,0.2538963854312897,0.142965629696846,0.05982167273759842,0.013851165771484375
conv,0,42,train_034,2,0.11711952090263367,0.16478374600410461,0.18573562800884247,0.36852285265922546,0.1638382524251938
conv,0,42,train_035,2,0.4030033051967621,0.21178947389125824,0.1425192654132843,0.16249369084835052,0.08019421994686127
conv,0,42,train_036,2,0.1173572763800621,0.14813944697380066,0.2796855568885803,0.2164306640625,0.23838703334331512
conv,0,42,train_037,2,0.1840440332889557,0.19839544594287872,0.2315542846918106,0.2122604250907898,0.17374585568904877
conv,0,42,train_038,3,0.21251098811626434,0.19422347843647003,0.21739329397678375,0.21962369978427887,0.15624858438968658
conv,0,42,train_039,3,0.17732229828834534,0.19492754340171814,0.22077015042304993,0.21421471238136292,0.1927652806043625
conv,0,42,train_040,2,0.2094523012638092,0.23150843381881714,0.21861331164836884,0.1860632300376892,0.1543627232313156
conv,0,42,train_041,3,0.3373273015022278,0.12196021527051926,0.3163241744041443,0.20418474078178406,0.0202036052942276
conv,0,42,train_042,2,0.26264142990112305,0.26114222407341003,0.2551213800907135,0.09454819560050964,0.12654678523540497
conv,0,42,train_043,4,0.16311366856098175,0.18607467412948608,0.22859887778759003,0.22096113860607147,0.20125159621238708
conv,0,42,train_044,3,0.3884161412715912,0.1409474015235901,0.3133273422718048,0.14058949053287506,0.016719583421945572
conv,0,42,train_045,3,0.16591504216194153,0.18634429574012756,0.22732940316200256,0.22042125463485718,0.1999899297952652
conv,0,42,train_046,4,0.1504940688610077,0.2100134789943695,0.2867124378681183,0.19391228258609772,0.1588677316904068
conv,0,42,train_047,2,0.17385216057300568,0.1901320070028305,0.22903093695640564,0.21638984978199005,0.19059501588344574
conv,0,42,train_048,4,0.16561837494373322,0.187048077583313,0.2264954000711441,0.21936142444610596,0.20147669315338135
conv,0,42,train_049,2,0.09751168638467789,0.13738377392292023,0.266631543636322,0.2152150273323059,0.28325799107551575
conv,0,42,train_050,4,0.09644538164138794,0.13347318768501282,0.26747146248817444,0.2226262241601944,0.2799837589263916
conv,0,42,train_051,3,0.18986940383911133,0.2156054526567459,0.2619989812374115,0.18745076656341553,0.14507539570331573
conv,0,42,train_052,3,0.2481384128332138,0.10959714651107788,0.26762625575065613,0.33116865158081055,0.04346952587366104
conv,0,42,train_053,3,0.13660630583763123,0.16237212717533112,0.2885999381542206,0.1999853402376175,0.21243630349636078
conv,0,42,train_054,2,0.15456093847751617,0.20832934975624084,0.2582820951938629,0.2048959732055664,0.17393159866333008
conv,0,42,train_055,3,0.3359329402446747,0.08426495641469955,0.30464044213294983,0.2577936053276062,0.017368031665682793
conv,0,42,train_056,1,0.09808232635259628,0.11370111256837845,0.553223729133606,0.1973918080329895,0.0376010499894619
conv,0,42,train_057,1,0.10174534469842911,0.13606205582618713,0.26970651745796204,0.2248191237449646,0.26766693592071533
conv,0,42,train_058,1,0.09342265129089355,0.14594633877277374,0.34607478976249695,0.31415480375289917,0.1004013866186142
conv,0,42,train_059,2,0.15116563439369202,0.2244504988193512,0.12598660588264465,0.2756512463092804,0.22274599969387054
conv,0,42,train_060,3,0.17727221548557281,0.1935378760099411,0.2234671711921692,0.21575354039669037,0.18996916711330414
conv,0,42,train_061,2,0.10508538782596588,0.14964382350444794,0.25563740730285645,0.20349180698394775,0.286141574382782
conv,0,42,train_062,3,0.3651250898838043,0.2187005579471588,0.28377118706703186,0.1078343614935875,0.024568747729063034
conv,0,42,train_063,2,0.16932830214500427,0.2302846610546112,0.1980726718902588,0.1369122564792633,0.2654021084308624
conv,0,42,train_064,2,0.1059822365641594,0.18385984003543854,0.3877328634262085,0.23785056173801422,0.08457452803850174
conv,0,42,train_065,3,0.18070274591445923,0.2147834599018097,0.2683885395526886,0.18861810863018036,0.1475072205066681
conv,0,42,train_066,2,0.16645053029060364,0.1851443499326706,0.23143109679222107,0.22016985714435577,0.1968041956424713
conv,0,42,train_067,3,0.13990400731563568,0.14654085040092468,0.2743602991104126,0.22634243965148926,0.2128523290157318
conv,0,42,train_068,3,0.16879978775978088,0.18949316442012787,0.22705785930156708,0.21662263572216034,0.19802652299404144
conv,0,42,train_069,2,0.3806932866573334,0.10270572453737259,0.26463261246681213,0.23211148381233215,0.01985688880085945
conv,0,42,train_070,2,0.17550060153007507,0.1907309889793396,0.22886742651462555,0.21675650775432587,0.1881444901227951
conv,0,42,train_071,4,0.11604529619216919,0.1416315883398056,0.25758081674575806,0.223709374666214,0.26103290915489197
conv,0,42,train_072,4,0.312014639377594,0.3261563777923584,0.14391647279262543,0.08995658159255981,0.12795598804950714
conv,0,42,train_073,2,0.08025817573070526,0.15598908066749573,0.21274283528327942,0.36713728308677673,0.18387256562709808
conv,0,42,train_074,3,0.1392362266778946,0.16267217695713043,0.2898203730583191,0.20122435688972473,0.20704689621925354
conv,0,42,train_075,2,0.16142675280570984,0.22534659504890442,0.2713647782802582,0.18502749502658844,0.1568344086408615
conv,0,42,train_076,2,0.3290550112724304,0.23719632625579834,0.18295377492904663,0.15094222128391266,0.09985265880823135
conv,0,42,train_077,3,0.16776107251644135,0.18676964938640594,0.2285592257976532,0.219326451420784,0.1975836157798767
conv,0,42,train_078,3,0.31505677103996277,0.3153800368309021,0.18402019143104553,0.0879739448428154,0.09756910800933838
conv,0,42,train_079,2,0.22793564200401306,0.3845699727535248,0.20324984192848206,0.04962370917201042,0.13462084531784058
conv,0,42,train_080,1,0.18288782238960266,0.2158060520887375,0.22518722712993622,0.15991975367069244,0.21619917452335358
conv,0,42,train_081,3,0.17458476126194,0.19082528352737427,0.2330401986837387,0.21479995548725128,0.18674980103969574
conv,0,42,train_082,3,0.16472123563289642,0.4501277506351471,0.08076029270887375,0.07545352727174759,0.22893711924552917
conv,0,42,train_083,1,0.533289909362793,0.280277281999588,0.09964693337678909,0.059678349643945694,0.02710755355656147
conv,0,42,train_084,5,0.09449034929275513,0.128684863448143,0.26509368419647217,0.2249881774187088,0.2867429554462433
conv,0,42,train_085,3,0.12449503690004349,0.15806104242801666,0.26162081956863403,0.21524284780025482,0.240580216050148
conv,0,42,train_086,2,0.5314258337020874,0.3138602375984192,0.08999206870794296,0.04627419263124466,0.018447715789079666
conv,0,42,train_087,3,0.3410884439945221,0.08537634462118149,0.2995675504207611,0.2560519576072693,0.01791565492749214
conv,0,42,train_088,2,0.31245920062065125,0.33141300082206726,0.24237027764320374,0.07701104134321213,0.03674647957086563
conv,0,42,train_089,2,0.20753790438175201,0.21441391110420227,0.20534534752368927,0.16858462989330292,0.20411814749240875
conv,0,42,train_090,4,0.18002504110336304,0.3071935176849365,0.06846239417791367,0.08436492085456848,0.35995417833328247
conv,0,42,train_091,2,0.12026474624872208,0.1880124807357788,0.39137735962867737,0.20824217796325684,0.09210320562124252
conv,0,42,train_092,2,0.07475193589925766,0.19372670352458954,0.18136826157569885,0.3448684513568878,0.20528468489646912
conv,0,42,train_093,3,0.07345442473888397,0.28189173340797424,0.07355543971061707,0.14138948917388916,0.42970895767211914
conv,0,42,train_094,3,0.24377727508544922,0.21736295521259308,0.21044966578483582,0.19039572775363922,0.13801433145999908
conv,0,42,train_095,3,0.06874191015958786,0.17832231521606445,0.21144944429397583,0.35235098004341125,0.1891353577375412
conv,0,42,train_096,2,0.15112656354904175,0.20437689125537872,0.2473728060722351,0.21678122878074646,0.18034254014492035
conv,0,42,train_097,3,0.2810695171356201,0.23252412676811218,0.20056137442588806,0.16443313658237457,0.12141180783510208
conv,0,42,train_098,1,0.15047326683998108,0.20531323552131653,0.25817549228668213,0.21219703555107117,0.17384101450443268
conv,0,42,train_099,3,0.08734335005283356,0.1366456151008606,0.3029673099517822,0.3595297932624817,0.11351393163204193
conv,0,42,train_100,5,0.1706380695104599,0.18921443819999695,0.230677530169487,0.2212727814912796,0.18819716572761536
conv,0,42,train_101,2,0.11292965710163116,0.1447896957397461,0.26294806599617004,0.22495433688163757,0.2543782591819763
conv,0,42,train_102,2,0.16481903195381165,0.18633970618247986,0.22670093178749084,0.2203489989042282,0.20179134607315063
conv,0,42,train_103,3,0.10153547674417496,0.12926091253757477,0.2685953378677368,0.23042042553424835,0.2701878249645233
conv,0,42,train_104,1,0.09274334460496902,0.12582217156887054,0.4253098964691162,0.2976551949977875,0.05846938118338585
conv,0,42,train_105,4,0.1750909984111786,0.21304647624492645,0.17368684709072113,0.2688148021697998,0.16936086118221283
conv,0,42,train_106,1,0.5859581828117371,0.15541282296180725,0.19671766459941864,0.05488097295165062,0.007030438166111708
conv,0,42,train_107,3,0.17540498077869415,0.19075478613376617,0.23144271969795227,0.21545398235321045,0.18694347143173218
conv,0,42,train_108,1,0.1673833429813385,0.19107390940189362,0.22389352321624756,0.21806995570659637,0.19957922399044037
conv,0,42,train_109,3,0.12667301297187805,0.1320514678955078,0.48602595925331116,0.20708560943603516,0.0481639988720417
conv,0,42,train_110,1,0.2402169406414032,0.3998377025127411,0.11641684919595718,0.14463864266872406,0.09888990968465805
conv,0,42,train_111,3,0.1740933656692505,0.19186778366565704,0.2327265739440918,0.21517270803451538,0.18613958358764648
conv,0,42,train_112,1,0.20984913408756256,0.20403602719306946,0.2235514223575592,0.20583084225654602,0.15673252940177917
conv,0,42,train_113,3,0.11686548590660095,0.1497216373682022,0.23503799736499786,0.2099616527557373,0.2884131968021393
conv,0,42,train_114,3,0.06993942707777023,0.15200772881507874,0.22396676242351532,0.39797040820121765,0.15611565113067627
conv,0,42,train_115,3,0.10136561095714569,0.1340375691652298,0.28066083788871765,0.22914579510688782,0.25479021668434143
conv,0,42,train_116,4,0.16935603320598602,0.18868432939052582,0.22097672522068024,0.21699361503124237,0.20398928225040436
conv,0,42,train_117,1,0.46927782893180847,0.2175876945257187,0.13473106920719147,0.1211903989315033,0.05721299350261688
conv,0,42,train_118,2,0.0783178061246872,0.21634085476398468,0.15084439516067505,0.2973853647708893,0.2571115493774414
conv,0,42,train_119,2,0.07155324518680573,0.2037467509508133,0.16516844928264618,0.3070559501647949,0.2524755895137787
conv,0,42,train_120,5,0.0845266655087471,0.1861308068037033,0.2538240849971771,0.32703763246536255,0.14848081767559052
conv,0,7,train_001,2,0.5867136120796204,0.29869288206100464,0.05068923532962799,0.023863356560468674,0.040040966123342514
conv,0,7,train_002,5,0.1289973258972168,0.20917071402072906,0.19102638959884644,0.1995088756084442,0.27129676938056946
conv,0,7,train_003,2,0.23961062729358673,0.20115239918231964,0.25589361786842346,0.16480989754199982,0.13853347301483154
conv,0,7,train_004,4,0.13116596639156342,0.19180594384670258,0.2959845960140228,0.1685546189546585,0.21248887479305267
conv,0,7,train_005,5,0.12930600345134735,0.1815565675497055,0.24444706737995148,0.19733504951000214,0.2473553717136383
conv,0,7,train_006,2,0.1563321202993393,0.19626997411251068,0.24775445461273193,0.2148522138595581,0.18479123711585999
conv,0,7,train_007,2,0.17415472865104675,0.17992793023586273,0.21624994277954102,0.2515137791633606,0.1781536042690277
conv,0,7,train_008,5,0.18626254796981812,0.19184288382530212,0.20822639763355255,0.23081013560295105,0.18285809457302094
conv,0,7,train_009,3,0.1525355726480484,0.18767063319683075,0.2895301878452301,0.17331770062446594,0.1969459354877472
conv,0,7,train_010,2,0.015965105965733528,0.2376420944929123,0.17945697903633118,0.10926485061645508,0.4576708972454071
conv,0,7,train_011,3,0.13823065161705017,0.21284060180187225,0.24810412526130676,0.21671922504901886,0.18410541117191315
conv,0,7,train_012,5,0.21562182903289795,0.18942439556121826,0.21961024403572083,0.20309798419475555,0.1722455769777298
conv,0,7,train_013,2,0.1514025181531906,0.18661512434482574,0.21256829798221588,0.2537727355957031,0.19564129412174225
conv,0,7,train_014,5,0.13304167985916138,0.15830424427986145,0.21259066462516785,0.24439755082130432,0.251665860414505
conv,0,7,train_015,3,0.14337554574012756,0.204518660902977,0.27948570251464844,0.1512841433286667,0.22133594751358032
conv,0,7,train_016,4,0.11951036006212234,0.19789433479309082,0.2626494765281677,0.17258267104625702,0.2473631501197815
conv,0,7,train_017,2,0.4189870357513428,0.24797119200229645,0.17246098816394806,0.08660319447517395,0.07397762686014175
conv,0,7,train_018,5,0.19780947268009186,0.2731488347053528,0.21291270852088928,0.15072782337665558,0.1654011607170105
conv,0,7,train_019,3,0.1421961784362793,0.2021118402481079,0.2650277316570282,0.1719602346420288,0.2187039852142334
conv,0,7,train_020,2,0.1536884605884552,0.1850089132785797,0.21188044548034668,0.25215381383895874,0.19726841151714325
conv,0,7,train_021,5,0.16337449848651886,0.17631877958774567,0.21213173866271973,0.26145312190055847,0.1867218315601349
conv,0,7,train_022,4,0.04103272780776024,0.36461764574050903,0.13314057886600494,0.12077313661575317,0.3404358923435211
conv,0,7,train_023,3,0.14381296932697296,0.18732978403568268,0.20187965035438538,0.25412899255752563,0.21284863352775574
conv,0,7,train_024,5,0.09408534318208694,0.7645813822746277,0.10855787992477417,0.008848326280713081,0.023927034810185432
conv,0,7,train_025,5,0.1534423530101776,0.22771047055721283,0.24210089445114136,0.19290275871753693,0.1838434487581253
conv,0,7,train_026,3,0.17326532304286957,0.17786043882369995,0.21388626098632812,0.25165173411369324,0.1833363026380539
conv,0,7,train_027,2,0.312642902135849,0.2763003706932068,0.1435251086950302,0.12857608497142792,0.1389554888010025
conv,0,7,train_028,4,0.1257573813199997,0.20863649249076843,0.2524120509624481,0.22574764490127563,0.1874464452266693
conv,0,7,train_029,2,0.3733126223087311,0.3378501236438751,0.09081034362316132,0.07060600817203522,0.12742094695568085
conv,0,7,train_030,5,0.1887773722410202,0.20139068365097046,0.1993090659379959,0.2218201458454132,0.18870268762111664
conv,0,7,train_031,4,0.15706996619701385,0.1762944459915161,0.2100284993648529,0.26368194818496704,0.19292517006397247
conv,0,7,train_032,3,0.139644056558609,0.21839725971221924,0.24155132472515106,0.21223022043704987,0.18817713856697083
conv,0,7,train_033,1,0.26982635259628296,0.24699372053146362,0.1608632355928421,0.162857785820961,0.15945890545845032
conv,0,7,train_034,2,0.14613968133926392,0.18627163767814636,0.21083761751651764,0.25774821639060974,0.19900281727313995
conv,0,7,train_035,2,0.4509616494178772,0.2629616856575012,0.057442087680101395,0.10457601398229599,0.12405861914157867
conv,0,7,train_036,2,0.1329478919506073,0.30826714634895325,0.527498185634613,0.022648818790912628,0.008637909777462482
conv,0,7,train_037,2,0.13915860652923584,0.2927147448062897,0.18700899183750153,0.13588085770606995,0.24523679912090302
conv,0,7,train_038,3,0.2067623734474182,0.16723476350307465,0.16956962645053864,0.23947735130786896,0.21695584058761597
conv,0,7,train_039,3,0.1836857795715332,0.15796835720539093,0.2008328139781952,0.243708997964859,0.21380409598350525
conv,0,7,train_040,2,0.18892334401607513,0.23387441039085388,0.1708756387233734,0.1548423320055008,0.25148430466651917
conv,0,7,train_041,3,0.16597793996334076,0.18488366901874542,0.21180875599384308,0.24817486107349396,0.18915477395057678
conv,0,7,train_042,2,0.2157846987247467,0.2855391800403595,0.21151956915855408,0.13077881932258606,0.1563776731491089
conv,0,7,train_043,4,0.12528027594089508,0.17335307598114014,0.24264468252658844,0.2209038883447647,0.23781806230545044
conv,0,7,train_044,3,0.17279459536075592,0.18713383376598358,0.21020711958408356,0.24035827815532684,0.18950612843036652
conv,0,7,train_045,3,0.14210812747478485,0.16946418583393097,0.2409975528717041,0.22882837057113647,0.2186017632484436
conv,0,7,train_046,4,0.1436215341091156,0.18543288111686707,0.2837565541267395,0.18338438868522644,0.20380458235740662
conv,0,7,train_047,2,0.2073708474636078,0.20987878739833832,0.2655009329319,0.16496360301971436,0.15228581428527832
conv,0,7,train_048,4,0.15642087161540985,0.1610109657049179,0.24510399997234344,0.23310746252536774,0.20435675978660583
conv,0,7,train_049,2,0.014973652549088001,0.29763779044151306,0.21760687232017517,0.1192467212677002,0.35053494572639465
conv,0,7,train_050,4,0.009942623786628246,0.23296178877353668,0.13838596642017365,0.14311091601848602,0.47559869289398193
conv,0,7,train_051,3,0.17648206651210785,0.1959482580423355,0.2476261705160141,0.17876513302326202,0.20117829740047455
conv,0,7,train_052,3,0.15664342045783997,0.17554959654808044,0.21472342312335968,0.264579713344574,0.18850386142730713
conv,0,7,train_053,3,0.19415295124053955,0.2661430835723877,0.5071980357170105,0.02291424199938774,0.00959165021777153
conv,0,7,train_054,2,0.1328611820936203,0.19113896787166595,0.23150452971458435,0.19379422068595886,0.2507011294364929
conv,0,7,train_055,3,0.164954274892807,0.17422287166118622,0.2162102609872818,0.26395708322525024,0.18065547943115234
conv,0,7,train_056,1,0.13786695897579193,0.21319012343883514,0.2508736252784729,0.21223381161689758,0.18583543598651886
conv,0,7,train_057,1,0.03294670581817627,0.31900709867477417,0.2594774067401886,0.231976717710495,0.15659205615520477
conv,0,7,train_058,1,0.138796865940094,0.21530473232269287,0.2476426661014557,0.21316206455230713,0.18509367108345032
conv,0,7,train_059,2,0.22256626188755035,0.21070896089076996,0.17805127799510956,0.21157141029834747,0.17710216343402863
conv,0,7,train_060,3,0.22543229162693024,0.17618635296821594,0.21914608776569366,0.21605412662029266,0.1631810963153839
conv,0,7,train_061,2,0.007037406787276268,0.28113293647766113,0.20842857658863068,0.02542649768292904,0.47797465324401855
conv,0,7,train_062,3,0.18667170405387878,0.20556601881980896,0.20505760610103607,0.21532407402992249,0.1873805671930313
conv,0,7,train_063,2,0.07821645587682724,0.5959941148757935,0.17508649826049805,0.10441220551729202,0.04629067704081535
conv,0,7,train_064,2,0.14171046018600464,0.21885673701763153,0.24714097380638123,0.2059968262910843,0.1862950176000595
conv,0,7,train_065,3,0.16739802062511444,0.19490253925323486,0.25519561767578125,0.1803688108921051,0.20213502645492554
conv,0,7,train_066,2,0.14704138040542603,0.18980444967746735,0.2575523555278778,0.21046558022499084,0.19513627886772156
conv,0,7,train_067,3,0.3384071886539459,0.18317349255084991,0.4416752755641937,0.026598846539855003,0.010145185515284538
conv,0,7,train_068,3,0.1770005226135254,0.20028573274612427,0.27594587206840515,0.16788411140441895,0.17888374626636505
conv,0,7,train_069,2,0.206654891371727,0.1915697157382965,0.19706366956233978,0.23041526973247528,0.17429645359516144
conv,0,7,train_070,2,0.2422230839729309,0.2000618875026703,0.2562107443809509,0.17010611295700073,0.13139815628528595
conv,0,7,train_071,4,0.011126945726573467,0.22220352292060852,0.21993814408779144,0.0244771558791399,0.5222542881965637
conv,0,7,train_072,4,0.25104689598083496,0.302291601896286,0.1883900910615921,0.11721105128526688,0.14106036722660065
conv,0,7,train_073,2,0.1348385512828827,0.2094125598669052,0.2436073124408722,0.2253962904214859,0.18674524128437042
conv,0,7,train_074,3,0.21359148621559143,0.26558080315589905,0.5043092966079712,0.011647575534880161,0.004870864562690258
conv,0,7,train_075,2,0.14265796542167664,0.19992634654045105,0.2640237808227539,0.1633029282093048,0.2300889790058136
conv,0,7,train_076,2,0.3349175751209259,0.2897423207759857,0.10734262317419052,0.10366114974021912,0.16433629393577576
conv,0,7,train_077,3,0.15097159147262573,0.18839704990386963,0.25580111145973206,0.20034493505954742,0.20448526740074158
conv,0,7,train_078,3,0.09726542979478836,0.8069815039634705,0.08593128621578217,0.005916283931583166,0.0039055240340530872
conv,0,7,train_079,2,0.2165270298719406,0.289274662733078,0.2159186750650406,0.12465435266494751,0.15362530946731567
conv,0,7,train_080,1,0.08059670776128769,0.7102268934249878,0.18412648141384125,0.005148191470652819,0.019901715219020844
conv,0,7,train_081,3,0.2375531941652298,0.24146077036857605,0.2901723384857178,0.11455205082893372,0.11626161634922028
conv,0,7,train_082,3,0.24894703924655914,0.3174566626548767,0.18069519102573395,0.11155661940574646,0.14134445786476135
conv,0,7,train_083,1,0.6001783609390259,0.3747512102127075,0.01524990051984787,0.00910892989486456,0.0007116206106729805
conv,0,7,train_084,5,0.010715107433497906,0.19049927592277527,0.14321269094944,0.10798004269599915,0.5475929379463196
conv,0,7,train_085,3,0.009709659032523632,0.47466132044792175,0.09950108826160431,0.013348659500479698,0.4027791917324066
conv,0,7,train_086,2,0.2578934133052826,0.7171676158905029,0.022610168904066086,0.0016670607728883624,0.0006617731996811926
conv,0,7,train_087,3,0.17309601604938507,0.17673908174037933,0.21201039850711823,0.25819042325019836,0.1799640655517578
conv,0,7,train_088,2,0.22224634885787964,0.23534278571605682,0.18975238502025604,0.1776573359966278,0.1750011295080185
conv,0,7,train_089,2,0.18941406905651093,0.37695857882499695,0.14379315078258514,0.203790083527565,0.08604409545660019
conv,0,7,train_090,4,0.26024624705314636,0.3141587972640991,0.17428123950958252,0.10996804386377335,0.14134560525417328
conv,0,7,train_091,2,0.15545153617858887,0.23000706732273102,0.24029920995235443,0.187446728348732,0.1867954581975937
conv,0,7,train_092,2,0.13232620060443878,0.21273507177829742,0.2448136955499649,0.22141127288341522,0.18871380388736725
conv,0,7,train_093,3,0.1498919129371643,0.2371027171611786,0.23831437528133392,0.1877094954252243,0.18698152899742126
conv,0,7,train_094,3,0.23256921768188477,0.21514898538589478,0.1585082709789276,0.17700836062431335,0.21676522493362427
conv,0,7,train_095,3,0.1293269693851471,0.21171964704990387,0.24673311412334442,0.22080601751804352,0.19141420722007751
conv,0,7,train_096,2,0.1237882524728775,0.19625288248062134,0.21145443618297577,0.20490626990795135,0.26359814405441284
conv,0,7,train_097,3,0.24022136628627777,0.2739472985267639,0.13516372442245483,0.13044120371341705,0.22022639214992523
conv,0,7,train_098,1,0.13417589664459229,0.18471835553646088,0.2380232810974121,0.20404663681983948,0.23903584480285645
conv,0,7,train_099,3,0.13248619437217712,0.20777252316474915,0.2456122636795044,0.2269611805677414,0.18716789782047272
conv,0,7,train_100,5,0.10878258943557739,0.19944438338279724,0.19522643089294434,0.22194267809391022,0.2746039032936096
conv,0,7,train_101,2,0.050343405455350876,0.3092704713344574,0.2965600788593292,0.1047874167561531,0.23903855681419373
conv,0,7,train_102,2,0.12730136513710022,0.1815497726202011,0.24119432270526886,0.20628482103347778,0.24366968870162964
conv,0,7,train_103,3,0.02061305195093155,0.21067997813224792,0.17803575098514557,0.16946998238563538,0.42120128870010376
conv,0,7,train_104,1,0.13436540961265564,0.20777949690818787,0.24772045016288757,0.22459043562412262,0.1855442076921463
conv,0,7,train_105,4,0.1844940185546875,0.19484677910804749,0.20016033947467804,0.2303822636604309,0.19011656939983368
conv,0,7,train_106,1,0.24273693561553955,0.21691760420799255,0.1789165884256363,0.19370225071907043,0.16772671043872833
conv,0,7,train_107,3,0.23211607336997986,0.22904928028583527,0.2772654592990875,0.1316247433423996,0.12994444370269775
conv,0,7,train_108,1,0.2075754851102829,0.16891618072986603,0.2537107765674591,0.20232173800468445,0.16747580468654633
conv,0,7,train_109,3,0.15338937938213348,0.22154533863067627,0.2434094399213791,0.20074929296970367,0.18090657889842987
conv,0,7,train_110,1,0.2718105614185333,0.28059378266334534,0.1397104561328888,0.1426892876625061,0.16519588232040405
conv,0,7,train_111,3,0.21468107402324677,0.22919373214244843,0.2787027657032013,0.13627275824546814,0.14114968478679657
conv,0,7,train_112,1,0.5335503816604614,0.2597910761833191,0.09544093906879425,0.06192565709352493,0.049292005598545074
conv,0,7,train_113,3,0.009600462391972542,0.12002585083246231,0.09961242228746414,0.08197887986898422,0.6887823939323425
conv,0,7,train_114,3,0.12469346076250076,0.2068868726491928,0.24569502472877502,0.2323085367679596,0.1904161423444748
conv,0,7,train_115,3,0.04431837797164917,0.29900848865509033,0.295921266078949,0.24680952727794647,0.11394236236810684
conv,0,7,train_116,4,0.1652151495218277,0.14625827968120575,0.2150917798280716,0.25916215777397156,0.2142726182937622
conv,0,7,train_117,1,0.5512124300003052,0.27409839630126953,0.045429784804582596,0.052339788526296616,0.07691960036754608
conv,0,7,train_118,2,0.1307498812675476,0.2155391126871109,0.243963360786438,0.2196650356054306,0.19008253514766693
conv,0,7,train_119,2,0.1329323649406433,0.2161775827407837,0.2459293007850647,0.21382388472557068,0.19113686680793762
conv,0,7,train_120,5,0.13310281932353973,0.21334728598594666,0.24621032178401947,0.2167205959558487,0.19061893224716187
conv,0,123,train_001,2,0.6646347641944885,0.21135760843753815,0.032116152346134186,0.05284854769706726,0.03904292359948158
conv,0,123,train_002,5,0.15537592768669128,0.23757264018058777,0.1990639567375183,0.2159440517425537,0.19204343855381012
conv,0,123,train_003,2,0.2202911525964737,0.077513687312603,0.40406355261802673,0.2196619063615799,0.0784696713089943
conv,0,123,train_004,4,0.1186351552605629,0.22922347486019135,0.25494328141212463,0.20986570417881012,0.187332421541214
conv,0,123,train_005,5,0.13152147829532623,0.21095994114875793,0.22977034747600555,0.2302551120519638,0.19749309122562408
conv,0,123,train_006,2,0.07758254557847977,0.48428699374198914,0.2158602625131607,0.16494058072566986,0.05732954293489456
conv,0,123,train_007,2,0.2662922739982605,0.13995657861232758,0.3532353937625885,0.16579322516918182,0.0747225284576416
conv,0,123,train_008,5,0.18578408658504486,0.19105872511863708,0.27240094542503357,0.1418933868408203,0.20886290073394775
conv,0,123,train_009,3,0.13829728960990906,0.22716295719146729,0.24662314355373383,0.2027621567249298,0.18515436351299286
conv,0,123,train_010,2,0.21385784447193146,0.21375271677970886,0.2880004942417145,0.18688645958900452,0.09750252962112427
conv,0,123,train_011,3,0.10428176820278168,0.16402235627174377,0.29304441809654236,0.41521045565605164,0.023440951481461525
conv,0,123,train_012,5,0.168394073843956,0.18501725792884827,0.19743087887763977,0.35257428884506226,0.09658344089984894
conv,0,123,train_013,2,0.11207277327775955,0.25548607110977173,0.18936172127723694,0.23572994768619537,0.207349494099617
conv,0,123,train_014,5,0.013947972096502781,0.03880937770009041,0.1171429306268692,0.21409031748771667,0.6160094141960144
conv,0,123,train_015,3,0.14812196791172028,0.23993150889873505,0.23350602388381958,0.18905554711818695,0.18938502669334412
conv,0,123,train_016,4,0.12445080280303955,0.22740325331687927,0.2393125593662262,0.20871350169181824,0.20011985301971436
conv,0,123,train_017,2,0.5332294702529907,0.07269298285245895,0.24230685830116272,0.11787746101617813,0.03389318659901619
conv,0,123,train_018,5,0.10779672116041183,0.2717500925064087,0.029262175783514977,0.030586447566747665,0.5606045126914978
conv,0,123,train_019,3,0.14172667264938354,0.2429928481578827,0.23016610741615295,0.20033232867717743,0.18478205800056458
conv,0,123,train_020,2,0.14621616899967194,0.2316695600748062,0.23343811929225922,0.18742795288562775,0.20124822854995728
conv,0,123,train_021,5,0.1742168366909027,0.1707402765750885,0.26759466528892517,0.28177139163017273,0.10567688941955566
conv,0,123,train_022,4,0.3148305416107178,0.3689807057380676,0.09716396778821945,0.1044013649225235,0.11462339758872986
conv,0,123,train_023,3,0.07415267825126648,0.22563928365707397,0.12587600946426392,0.14740458130836487,0.42692750692367554
conv,0,123,train_024,5,0.43633800745010376,0.4880965054035187,0.04363057017326355,0.018467655405402184,0.01346719078719616
conv,0,123,train_025,5,0.11223002523183823,0.12956929206848145,0.38714975118637085,0.24713589251041412,0.12391500174999237
conv,0,123,train_026,3,0.23972079157829285,0.1558241993188858,0.3426864445209503,0.17822983860969543,0.08353869616985321
conv,0,123,train_027,2,0.21816673874855042,0.47707921266555786,0.1379120647907257,0.08453387022018433,0.08230801671743393
conv,0,123,train_028,4,0.05623811110854149,0.17661817371845245,0.21206258237361908,0.4901404082775116,0.06494076550006866
conv,0,123,train_029,2,0.46936044096946716,0.30391931533813477,0.055609364062547684,0.095408134162426,0.0757027268409729
conv,0,123,train_030,5,0.09529773145914078,0.1830512136220932,0.17551715672016144,0.13134074211120605,0.4147931635379791
conv,0,123,train_031,4,0.15496209263801575,0.18239568173885345,0.22840887308120728,0.27810943126678467,0.15612393617630005
conv,0,123,train_032,3,0.04983000457286835,0.22866412997245789,0.06637739390134811,0.11485888808965683,0.5402695536613464
conv,0,123,train_033,1,0.3408532738685608,0.27578628063201904,0.17887288331985474,0.1078190878033638,0.09666842222213745
conv,0,123,train_034,2,0.09802640229463577,0.2632814347743988,0.1793307363986969,0.23118460178375244,0.22817683219909668
conv,0,123,train_035,2,0.5639632940292358,0.22343584895133972,0.036554139107465744,0.11876078695058823,0.05728595703840256
conv,0,123,train_036,2,0.49356383085250854,0.16621355712413788,0.2530462443828583,0.07078401744365692,0.01639234833419323
conv,0,123,train_037,2,0.027031026780605316,0.1353123039007187,0.1645607203245163,0.17643867433071136,0.49665728211402893
conv,0,123,train_038,3,0.23422960937023163,0.1836005002260208,0.1513732373714447,0.252075731754303,0.17872095108032227
conv,0,123,train_039,3,0.049901124089956284,0.052064619958400726,0.15961037576198578,0.40922537446022034,0.3291985094547272
conv,0,123,train_040,2,0.24125732481479645,0.2549508213996887,0.15530090034008026,0.17963215708732605,0.16885879635810852
conv,0,123,train_041,3,0.20948052406311035,0.19157442450523376,0.3072393536567688,0.20663997530937195,0.08506572991609573
conv,0,123,train_042,2,0.3806189298629761,0.20841756463050842,0.14434735476970673,0.043948378413915634,0.22266776859760284
conv,0,123,train_043,4,0.02587207220494747,0.09462867677211761,0.18909841775894165,0.24103276431560516,0.44936802983283997
conv,0,123,train_044,3,0.2527219355106354,0.17352478206157684,0.34684479236602783,0.13469791412353516,0.0922105461359024
conv,0,123,train_045,3,0.02308610826730728,0.0774875357747078,0.17366592586040497,0.2594245672225952,0.46633586287498474
conv,0,123,train_046,4,0.12552395462989807,0.22779212892055511,0.2487799972295761,0.21586032211780548,0.18204359710216522
conv,0,123,train_047,2,0.2643735706806183,0.11208157241344452,0.4044952094554901,0.15608753263950348,0.06296207010746002
conv,0,123,train_048,4,0.048778604716062546,0.08490249514579773,0.22028109431266785,0.3918132483959198,0.2542245388031006
conv,0,123,train_049,2,0.11644447594881058,0.21801374852657318,0.2840545177459717,0.28379660844802856,0.0976906344294548
conv,0,123,train_050,4,0.08905556797981262,0.18213202059268951,0.23819111287593842,0.3849566876888275,0.10566455870866776
conv,0,123,train_051,3,0.17593710124492645,0.23560059070587158,0.20597948133945465,0.20399567484855652,0.1784871518611908
conv,0,123,train_052,3,0.196816548705101,0.1703067272901535,0.26854681968688965,0.26712125539779663,0.0972086638212204
conv,0,123,train_053,3,0.49812254309654236,0.1680058389902115,0.24928748607635498,0.06554915755987167,0.019034892320632935
conv,0,123,train_054,2,0.1375141441822052,0.2204149216413498,0.2139076590538025,0.23147863149642944,0.19668462872505188
conv,0,123,train_055,3,0.24203544855117798,0.13886378705501556,0.3156784474849701,0.2530219554901123,0.05040039122104645
conv,0,123,train_056,1,0.18988755345344543,0.12163051217794418,0.5367827415466309,0.13015535473823547,0.021543774753808975
conv,0,123,train_057,1,0.19624845683574677,0.19941303133964539,0.2929983139038086,0.2681506872177124,0.043189506977796555
conv,0,123,train_058,1,0.07718855142593384,0.12158022820949554,0.28507786989212036,0.47982171177864075,0.036331553012132645
conv,0,123,train_059,2,0.16206638514995575,0.20379972457885742,0.16496194899082184,0.1754063069820404,0.2937656342983246
conv,0,123,train_060,3,0.06332945078611374,0.07253298908472061,0.19231334328651428,0.4530835449695587,0.21874070167541504
conv,0,123,train_061,2,0.11931852251291275,0.3669933080673218,0.2742881178855896,0.116109699010849,0.12329033017158508
conv,0,123,train_062,3,0.24719461798667908,0.22288784384727478,0.3136519491672516,0.10125511884689331,0.11501049250364304
conv,0,123,train_063,2,0.28835365176200867,0.43332210183143616,0.06853783130645752,0.16725574433803558,0.04253067821264267
conv,0,123,train_064,2,0.12243680655956268,0.18518495559692383,0.40618589520454407,0.24751296639442444,0.03867941349744797
conv,0,123,train_065,3,0.16173486411571503,0.23437008261680603,0.21400493383407593,0.20840957760810852,0.1814804971218109
conv,0,123,train_066,2,0.06045689433813095,0.1469850093126297,0.2484046369791031,0.3422044813632965,0.20194901525974274
conv,0,123,train_067,3,0.6664907932281494,0.11397828161716461,0.1553245335817337,0.05196414142847061,0.012242168188095093
conv,0,123,train_068,3,0.15223634243011475,0.1326671838760376,0.41334301233291626,0.17549937963485718,0.12625406682491302
conv,0,123,train_069,2,0.2504546344280243,0.13864243030548096,0.3073987364768982,0.19941972196102142,0.10408447682857513
conv,0,123,train_070,2,0.27183255553245544,0.08608275651931763,0.4046146273612976,0.1944262981414795,0.04304373636841774
conv,0,123,train_071,4,0.23157282173633575,0.23255018889904022,0.3302222490310669,0.11790339648723602,0.08775132149457932
conv,0,123,train_072,4,0.6401404142379761,0.12403073906898499,0.12126781791448593,0.0495329387485981,0.06502809375524521
conv,0,123,train_073,2,0.08075732737779617,0.1274750828742981,0.1643964797258377,0.46249353885650635,0.16487759351730347
conv,0,123,train_074,3,0.5373802781105042,0.17150595784187317,0.21936321258544922,0.056984126567840576,0.014766433276236057
conv,0,123,train_075,2,0.14414849877357483,0.24049000442028046,0.23134182393550873,0.20043282210826874,0.18358685076236725
conv,0,123,train_076,2,0.4071078896522522,0.26878079771995544,0.07883840054273605,0.13580994307994843,0.1094629094004631
conv,0,123,train_077,3,0.03427473083138466,0.10184018313884735,0.21072016656398773,0.26638609170913696,0.3867788314819336
conv,0,123,train_078,3,0.22371071577072144,0.6840637922286987,0.04871874675154686,0.03135661780834198,0.012150132097303867
conv,0,123,train_079,2,0.25260257720947266,0.34275102615356445,0.059680819511413574,0.022088130936026573,0.3228774070739746
conv,0,123,train_080,1,0.5043179392814636,0.400771826505661,0.06038506329059601,0.02074858918786049,0.013776570558547974
conv,0,123,train_081,3,0.3143797218799591,0.08114924281835556,0.4687855541706085,0.08475442975759506,0.05093103647232056
conv,0,123,train_082,3,0.10846950858831406,0.6496660113334656,0.03043695166707039,0.02379237860441208,0.18763509392738342
conv,0,123,train_083,1,0.7812126874923706,0.18339264392852783,0.008049636147916317,0.02626909129321575,0.0010759667493402958
conv,0,123,train_084,5,0.08898290991783142,0.19880056381225586,0.2654326558113098,0.2890629172325134,0.15772098302841187
conv,0,123,train_085,3,0.12076058238744736,0.6779342293739319,0.10265710949897766,0.03378738462924957,0.06486058980226517
conv,0,123,train_086,2,0.424057275056839,0.550071656703949,0.01458827592432499,0.008961771614849567,0.002321091713383794
conv,0,123,train_087,3,0.24428454041481018,0.13242283463478088,0.3258369565010071,0.23691019415855408,0.060545485466718674
conv,0,123,train_088,2,0.22827135026454926,0.3176003694534302,0.2398543506860733,0.08139576017856598,0.13287822902202606
conv,0,123,train_089,2,0.42867937684059143,0.3232392370700836,0.06566040217876434,0.13554367423057556,0.04687734320759773
conv,0,123,train_090,4,0.37016966938972473,0.21087178587913513,0.04730892926454544,0.06490512192249298,0.3067444860935211
conv,0,123,train_091,2,0.12357986718416214,0.14425866305828094,0.5031407475471497,0.17694202065467834,0.05207877606153488
conv,0,123,train_092,2,0.05104498937726021,0.3077320456504822,0.1107461228966713,0.3717654049396515,0.15871138870716095
conv,0,123,train_093,3,0.0449671670794487,0.3308747112751007,0.051312126219272614,0.03384343162178993,0.5390025973320007
conv,0,123,train_094,3,0.29455307126045227,0.2356576919555664,0.1260569840669632,0.19046705961227417,0.15326520800590515
conv,0,123,train_095,3,0.04336157441139221,0.2224239856004715,0.1488564908504486,0.4335983991622925,0.151759535074234
conv,0,123,train_096,2,0.1371854692697525,0.22508235275745392,0.21105098724365234,0.23267851769924164,0.19400259852409363
conv,0,123,train_097,3,0.355486124753952,0.283651739358902,0.09757915884256363,0.1400887668132782,0.1231941357254982
conv,0,123,train_098,1,0.13731896877288818,0.21667152643203735,0.22021128237247467,0.23411686718463898,0.1916813999414444
conv,0,123,train_099,3,0.07295813411474228,0.13442060351371765,0.21887695789337158,0.49552446603775024,0.07821980118751526
conv,0,123,train_100,5,0.017588840797543526,0.061945490539073944,0.13081791996955872,0.23084864020347595,0.5587990880012512
conv,0,123,train_101,2,0.31126582622528076,0.23549741506576538,0.2751362919807434,0.11081970483064651,0.06728077679872513
conv,0,123,train_102,2,0.03691278025507927,0.21047575771808624,0.23945684731006622,0.19563066959381104,0.3175239562988281
conv,0,123,train_103,3,0.13856551051139832,0.15668396651744843,0.27989521622657776,0.32566240429878235,0.09919289499521255
conv,0,123,train_104,1,0.10958491265773773,0.11312702298164368,0.349575400352478,0.4006575047969818,0.027055177837610245
conv,0,123,train_105,4,0.1985553503036499,0.20127429068088531,0.24780307710170746,0.13599851727485657,0.2163686901330948
conv,0,123,train_106,1,0.42945852875709534,0.16097205877304077,0.25158172845840454,0.08983124792575836,0.06815644353628159
conv,0,123,train_107,3,0.29893502593040466,0.07517047226428986,0.44753897190093994,0.12027330696582794,0.05808214098215103
conv,0,123,train_108,1,0.29653358459472656,0.061417870223522186,0.38019800186157227,0.1906725913286209,0.07117801159620285
conv,0,123,train_109,3,0.21632559597492218,0.12021216750144958,0.467544823884964,0.17979829013347626,0.016119109466671944
conv,0,123,train_110,1,0.1731649786233902,0.4023471474647522,0.1248079389333725,0.14638231694698334,0.15329767763614655
conv,0,123,train_111,3,0.14266160130500793,0.11666156351566315,0.40936070680618286,0.18871855735778809,0.14259761571884155
conv,0,123,train_112,1,0.7561869621276855,0.09583287686109543,0.10253860056400299,0.03361505642533302,0.01182651985436678
conv,0,123,train_113,3,0.169234499335289,0.19087553024291992,0.17702949047088623,0.1648980975151062,0.29796233773231506
conv,0,123,train_114,3,0.03800254687666893,0.13372530043125153,0.1273564100265503,0.6415680050849915,0.059347815811634064
conv,0,123,train_115,3,0.2597056031227112,0.17965370416641235,0.3117740750312805,0.21945594251155853,0.0294107086956501
conv,0,123,train_116,4,0.043032899498939514,0.0558970607817173,0.17918048799037933,0.45811891555786133,0.2637706696987152
conv,0,123,train_117,1,0.64070063829422,0.21709804236888885,0.02623632550239563,0.0756053775548935,0.04035959020256996
conv,0,123,train_118,2,0.07342545688152313,0.42006540298461914,0.0989856868982315,0.21102562546730042,0.1964978575706482
conv,0,123,train_119,2,0.04971681907773018,0.341695100069046,0.11173836141824722,0.21071502566337585,0.28613466024398804
conv,0,123,train_120,5,0.0598091222345829,0.26512065529823303,0.20008596777915955,0.33004435896873474,0.1449398547410965
conv,0,ensemble,train_001,2,0.5960802237192789,0.24305446445941925,0.07644712676604588,0.048203847060600914,0.03621435227493445
conv,0,ensemble,train_002,5,0.1496769736210505,0.21891903380552927,0.2096087783575058,0.2089608112970988,0.21283443768819174
conv,0,ensemble,train_003,2,0.21198877692222595,0.15656585743029913,0.2961721469958623,0.20028448104858398,0.1349887177348137
conv,0,ensemble,train_004,4,0.13034473111232123,0.2103969305753708,0.28423064947128296,0.1874405244986216,0.18758715192476907
conv,0,ensemble,train_005,5,0.13592863082885742,0.19911559919516245,0.2469381789366404,0.21092285215854645,0.20709474881490073
conv,0,ensemble,train_006,2,0.13314119229714075,0.2887018471956253,0.2315825621287028,0.20086114605267844,0.1457132175564766
conv,0,ensemble,train_007,2,0.25934747854868573,0.14499392112096152,0.29468124111493427,0.20934431751569113,0.09163304232060909
conv,0,ensemble,train_008,5,0.19125263889630637,0.19893824557463327,0.2309523473183314,0.20830878615379333,0.17054801682631174
conv,0,ensemble,train_009,3,0.1496254801750183,0.20856355130672455,0.27743793030579883,0.18595673143863678,0.1784162869056066
conv,0,ensemble,train_010,2,0.11059311094383399,0.19704059263070425,0.24244596560796103,0.16913941502571106,0.28078092137972516
conv,0,ensemble,train_011,3,0.11343955993652344,0.1747621347506841,0.30615002910296124,0.30991608401139575,0.09573216798404853
conv,0,ensemble,train_012,5,0.18680409093697867,0.18904146055380502,0.21392683684825897,0.25821128487586975,0.15201631685098013
conv,0,ensemble,train_013,2,0.12702411661545435,0.20207369327545166,0.19322162369887033,0.28715138137340546,0.19052918752034506
conv,0,ensemble,train_014,5,0.10427440485606591,0.12914836034178734,0.1835265060265859,0.22541232407093048,0.3576384236415227
conv,0,ensemble,train_015,3,0.15119908253351846,0.22210985918839773,0.2666385968526204,0.17092006901899973,0.18913241724173227
conv,0,ensemble,train_016,4,0.12856231878201166,0.21114876866340637,0.2629557251930237,0.18960468471050262,0.20772848526636759
conv,0,ensemble,train_017,2,0.3817466547091802,0.17331129560867944,0.21557668348153433,0.1387189601858457,0.09064638490478198
conv,0,ensemble,train_018,5,0.13492895166079202,0.27526846528053284,0.10204131094117959,0.10077882433931033,0.38698244094848633
conv,0,ensemble,train_019,3,0.147881547609965,0.2202145904302597,0.25746769706408185,0.1869975874821345,0.1874385525782903
conv,0,ensemble,train_020,2,0.16783906519412994,0.2033174087603887,0.22597563763459524,0.23809807002544403,0.16476982831954956
conv,0,ensemble,train_021,5,0.17857572436332703,0.1531823476155599,0.23939771950244904,0.30952100952466327,0.11932320147752762
conv,0,ensemble,train_022,4,0.18024379884203276,0.31275660296281177,0.14815731098254523,0.13299066325028738,0.22585158546765646
conv,0,ensemble,train_023,3,0.09138297289609909,0.19102482994397482,0.14168175806601843,0.22898404796918234,0.34692641099294025
conv,0,ensemble,train_024,5,0.2524627471963565,0.4948080778121948,0.11840728422005971,0.06248635798692703,0.07183552781740825
conv,0,ensemble,train_025,5,0.12288989871740341,0.17770481606324515,0.30973856647809345,0.23782109220822653,0.15184557437896729
conv,0,ensemble,train_026,3,0.24588517844676971,0.1480265681942304,0.2877773543198903,0.22136589388052622,0.09694503309826057
conv,0,ensemble,train_027,2,0.2606489559014638,0.41199753681818646,0.13569645583629608,0.09821943938732147,0.09343755493561427
conv,0,ensemble,train_028,4,0.08614486828446388,0.17758641640345255,0.2691439539194107,0.3521151642004649,0.11500962575276692
conv,0,ensemble,train_029,2,0.40972750385602313,0.2954220672448476,0.10558319215973218,0.096531276901563,0.09273597598075867
conv,0,ensemble,train_030,5,0.1314494883020719,0.19568992157777151,0.18021486699581146,0.2082500159740448,0.2843957046667735
conv,0,ensemble,train_031,4,0.16853101551532745,0.1597639669974645,0.22019109626611075,0.30904428164164227,0.14246966193119684
conv,0,ensemble,train_032,3,0.08608201146125793,0.22328594823678335,0.1390139584740003,0.19122978299856186,0.3603882888952891
conv,0,ensemble,train_033,1,0.3800482551256816,0.25889212886492413,0.16090058286984762,0.11016618212064107,0.08999283115069072
conv,0,ensemble,train_034,2,0.12042853484551112,0.20477893948554993,0.19196799397468567,0.28581855694452923,0.19700596729914346
conv,0,ensemble,train_035,2,0.4726427495479584,0.2327290028333664,0.07883849740028381,0.12861016392707825,0.0871795987089475
conv,0,ensemble,train_036,2,0.24795633306105933,0.20754005014896393,0.3534099956353505,0.10328783343235652,0.08780576381832361
conv,0,ensemble,train_037,2,0.11674455553293228,0.20880749821662903,0.1943746656179428,0.17485998570919037,0.3052133123079936
conv,0,ensemble,train_038,3,0.21783432364463806,0.18168624738852182,0.17944538593292236,0.2370589276154836,0.1839751253525416
conv,0,ensemble,train_039,3,0.13696973398327827,0.13498684018850327,0.1937377800544103,0.28904969493548077,0.2452559620141983
conv,0,ensemble,train_040,2,0.21321099003156027,0.2401112218697866,0.18159661690394083,0.17351257304350534,0.19156860808531442
conv,0,ensemble,train_041,3,0.2375952551762263,0.16613943626483282,0.2784574280182521,0.21966652572155,0.09814136972030003
conv,0,ensemble,train_042,2,0.2863483528296153,0.25169965624809265,0.20366276800632477,0.08975846444567044,0.16853074232737222
conv,0,ensemble,train_043,4,0.10475533890227477,0.15135214229424795,0.22011399269104004,0.22763259708881378,0.2961458961168925
conv,0,ensemble,train_044,3,0.2713108907143275,0.16720200578371683,0.29012641807397205,0.171881894270579,0.09947875266273816
conv,0,ensemble,train_045,3,0.11036975930134456,0.14443200578292212,0.2139976272980372,0.23622473080952963,0.29497585197289783
conv,0,ensemble,train_046,4,0.13987985253334045,0.20774616301059723,0.27308299640814465,0.19771899779637656,0.1815719703833262
conv,0,ensemble,train_047,2,0.21519885957241058,0.17069745560487112,0.2996756931145986,0.1791469951470693,0.13528096675872803
conv,0,ensemble,train_048,4,0.12360595042506854,0.14432051281134287,0.2306268314520518,0.28142737845579785,0.22001933058102927
conv,0,ensemble,train_049,2,0.07630993829419215,0.21767843763033548,0.2560976445674896,0.20608611901601157,0.24382785707712173
conv,0,ensemble,train_050,4,0.06514785780260961,0.18285566568374634,0.21468284726142883,0.250231275955836,0.28708233684301376
conv,0,ensemble,train_051,3,0.1807628571987152,0.21571810046831766,0.23853487769762674,0.1900705248117447,0.17491361498832703
conv,0,ensemble,train_052,3,0.20053279399871826,0.1518178234497706,0.25029883285363513,0.28762320677439374,0.10972735037406285
conv,0,ensemble,train_053,3,0.27629393339157104,0.19884034991264343,0.3483618199825287,0.0961495799322923,0.08035428201158841
conv,0,ensemble,train_054,2,0.14164542158444723,0.20662774642308554,0.2345647613207499,0.21005627512931824,0.20710578560829163
conv,0,ensemble,train_055,3,0.24764088789621988,0.1324505383769671,0.2788430502017339,0.25825754801432294,0.08280796743929386
conv,0,ensemble,train_056,1,0.1419456129272779,0.14950724939505258,0.4469600319862366,0.17992699146270752,0.08166008690992992
conv,0,ensemble,train_057,1,0.11031350245078404,0.21816072861353555,0.2740607460339864,0.24164884289105734,0.15581616635123888
conv,0,ensemble,train_058,1,0.10313602288564046,0.1609437664349874,0.29293177525202435,0.33571286002794903,0.10727553690473239
conv,0,ensemble,train_059,2,0.1785994271437327,0.21298639476299286,0.15633327762285867,0.2208763211965561,0.23120459914207458
conv,0,ensemble,train_060,3,0.15534465263287225,0.14741907268762589,0.2116422007481257,0.29496373732884723,0.1906303217013677
conv,0,ensemble,train_061,2,0.0771471057087183,0.26592335601647693,0.24611803392569223,0.11500933455924194,0.2958021859327952
conv,0,ensemble,train_062,3,0.26633047064145404,0.21571814020474753,0.2674935807784398,0.14147118479013443,0.10898660247524579
conv,0,ensemble,train_063,2,0.17863280326128006,0.41986695925394696,0.14723233381907144,0.1361934021115303,0.11807448789477348
conv,0,ensemble,train_064,2,0.12337650110324223,0.19596717754999796,0.34701991081237793,0.23045345147450766,0.10318298637866974
conv,0,ensemble,train_065,3,0.16994521021842957,0.21468536059061685,0.24586303035418192,0.19246549904346466,0.17704091469446817
conv,0,ensemble,train_066,2,0.12464960167805354,0.1739779363075892,0.24579602976640066,0.25761330624421436,0.1979631632566452
conv,0,ensemble,train_067,3,0.38160066306591034,0.14789754152297974,0.29045336941878,0.10163514253993829,0.07841322757303715
conv,0,ensemble,train_068,3,0.16601221760114035,0.17414869368076324,0.3054489145676295,0.18666870892047882,0.16772144536177316
conv,0,ensemble,train_069,2,0.27926760415236157,0.14430595686038336,0.25636500616868335,0.22064882516860962,0.09941260640819867
conv,0,ensemble,train_070,2,0.2298520803451538,0.15895854433377585,0.2965642660856247,0.19376297295093536,0.12086212759216626
conv,0,ensemble,train_071,4,0.11958168788502614,0.19879510005315146,0.26924706995487213,0.12202997567752998,0.2903461729486783
conv,0,ensemble,train_072,4,0.401067316532135,0.25082623958587646,0.1511914605895678,0.08556685720880826,0.11134814967711766
conv,0,ensemble,train_073,2,0.09861801813046138,0.164292241136233,0.20691554248332977,0.35167570412158966,0.17849846680959067
conv,0,ensemble,train_074,3,0.2967359970013301,0.19991964598496756,0.33783096075057983,0.0899520196641485,0.07556139801939328
conv,0,ensemble,train_075,2,0.14941107233365378,0.22192098200321198,0.2555767943461736,0.18292108178138733,0.1901700794696808
conv,0,ensemble,train_076,2,0.3570268253485362,0.2652398149172465,0.12304493288199107,0.13013777136802673,0.12455062071482341
conv,0,ensemble,train_077,3,0.11766913160681725,0.15900229414304098,0.23169350127379099,0.22868582606315613,0.26294923822085065
conv,0,ensemble,train_078,3,0.2120109722018242,0.6021417776743571,0.10622340813279152,0.041748948860913515,0.037874921380231776
conv,0,ensemble,train_079,2,0.23235508302847543,0.3388652205467224,0.15961644550164542,0.06545539759099483,0.2037078539530436
conv,0,ensemble,train_080,1,0.2559341564774513,0.4422682573397954,0.15656625727812448,0.061938844776401915,0.08329248676697414
conv,0,ensemble,train_081,3,0.2421725591023763,0.17114509890476862,0.33066603044668835,0.13803547869126,0.11798081795374553
conv,0,ensemble,train_082,3,0.17404592782258987,0.4724168082078298,0.09729747846722603,0.07026750842730205,0.18597222367922464
conv,0,ensemble,train_083,1,0.6382269859313965,0.2794737120469411,0.04098215668151776,0.03168545694400867,0.00963171363885825
conv,0,ensemble,train_084,5,0.06472945554802816,0.1726615677277247,0.22457967698574066,0.2073437124490738,0.33068562547365826
conv,0,ensemble,train_085,3,0.0849884261066715,0.4368855307499568,0.15459300577640533,0.08745963064332803,0.23607333252827326
conv,0,ensemble,train_086,2,0.40445884068806964,0.5270331700642904,0.04239683784544468,0.01896767500632753,0.0071435269007148845
conv,0,ensemble,train_087,3,0.25282300015290576,0.13151275366544724,0.2791383018096288,0.25038419167200726,0.08614173531532288
conv,0,ensemble,train_088,2,0.25432563324769336,0.29478538533051807,0.2239923377831777,0.11202137917280197,0.11487527936697006
conv,0,ensemble,train_089,2,0.2752104500929515,0.3048705756664276,0.1382663001616796,0.16930612921714783,0.1123465287188689
conv,0,ensemble,train_090,4,0.2701469858487447,0.27740803360939026,0.09668418765068054,0.08641269554694493,0.26934808989365894
conv,0,ensemble,train_091,2,0.13309871653715769,0.18742607037226358,0.37827243904272717,0.19087697565555573,0.11032581329345703
conv,0,ensemble,train_092,2,0.08604104196031888,0.2380646069844564,0.1789760266741117,0.3126817097266515,0.18423662583033243
conv,0,ensemble,train_093,3,0.08943783491849899,0.28328972061475116,0.12106064707040787,0.1209808054069678,0.38523102800051373
conv,0,ensemble,train_094,3,0.2569665213425954,0.2227232108513514,0.16500497361024222,0.1859570493300756,0.16934825479984283
conv,0,ensemble,train_095,3,0.08047681798537572,0.20415531595547995,0.20234634975592294,0.3355851322412491,0.17743636667728424
conv,0,ensemble,train_096,2,0.1373667617638906,0.20857070883115134,0.22329274316628775,0.21812200546264648,0.21264776090780893
conv,0,ensemble,train_097,3,0.2922590027252833,0.263374388217926,0.1444347525636355,0.14498770236968994,0.1549441119035085
conv,0,ensemble,train_098,1,0.14065604408582053,0.20223437249660492,0.2388033519188563,0.21678684651851654,0.20151941974957785
conv,0,ensemble,train_099,3,0.09759589284658432,0.15961291392644247,0.25581884384155273,0.36067181328932446,0.12630054354667664
conv,0,ensemble,train_100,5,0.09900316658119361,0.15020143737395605,0.18557396034399667,0.22468803326288858,0.34053338567415875
conv,0,ensemble,train_101,2,0.1581796295940876,0.22985252737998962,0.27821481227874756,0.14685381948947906,0.1868991975982984
conv,0,ensemble,train_102,2,0.10967772578199704,0.19278841217358908,0.2357840339342753,0.20742149651050568,0.25432833035786945
conv,0,ensemble,train_103,3,0.0869046797355016,0.1655416190624237,0.24217543502648672,0.24185093740622202,0.26352733621994656
conv,0,ensemble,train_104,1,0.11223122229178746,0.14890956381956735,0.3408685823281606,0.307634378472964,0.09035625557104747
conv,0,ensemble,train_105,4,0.18604678908983865,0.2030558486779531,0.2072167545557022,0.21173186103502908,0.1919487069050471
conv,0,ensemble,train_106,1,0.41938454906145733,0.17776749531428018,0.20907199382781982,0.11280482386549313,0.08097119738037388
conv,0,ensemble,train_107,3,0.23548536002635956,0.16499151289463043,0.3187490502993266,0.155784010887146,0.12499001870552699
conv,0,ensemble,train_108,1,0.22383080422878265,0.14046932011842728,0.28593410054842633,0.20368809501330057,0.14607768009106317
conv,0,ensemble,train_109,3,0.16546266277631125,0.1579363246758779,0.3989934076865514,0.19587773084640503,0.0817298957457145
conv,0,ensemble,train_110,1,0.22839749356110892,0.36092621088027954,0.12697841475407282,0.14457008242607117,0.1391278232137362
conv,0,ensemble,train_111,3,0.1771453469991684,0.1792410264412562,0.306930015484492,0.18005467454592386,0.1566289613644282
conv,0,ensemble,train_112,1,0.4998621592919032,0.186553326745828,0.14051032066345215,0.10045718525846799,0.07261701828489701
conv,0,ensemble,train_113,3,0.09856681587795417,0.15354100614786148,0.1705599700411161,0.15227954337994257,0.4250526428222656
conv,0,ensemble,train_114,3,0.07754514490564664,0.16420663396517435,0.1990060657262802,0.4239489833513896,0.13529320309559503
conv,0,ensemble,train_115,3,0.13512986401716867,0.20423325399557749,0.29611872633298236,0.23180375496546426,0.13271442924936613
conv,0,ensemble,train_116,4,0.12586802740891775,0.1302798899511496,0.2050829976797104,0.3114248961210251,0.2273441900809606
conv,0,ensemble,train_117,1,0.5537302990754446,0.23626137773195902,0.06879905983805656,0.08304518833756447,0.058164061357577644
conv,0,ensemble,train_118,2,0.09416438142458598,0.2839817901452382,0.16459781428178152,0.2426920086145401,0.2145639806985855
conv,0,ensemble,train_119,2,0.08473414306839307,0.253873144586881,0.1742787038286527,0.24386495351791382,0.24324903885523477
conv,0,ensemble,train_120,5,0.09247953568895657,0.22153291602929434,0.23337345818678537,0.291267529129982,0.16134653488794962
conv,1,42,train_001,2,0.5216490626335144,0.22188371419906616,0.1182354986667633,0.09039054065942764,0.0478411540389061
conv,1,42,train_002,5,0.1587262600660324,0.19489432871341705,0.20857897400856018,0.22498683631420135,0.2128135710954666
conv,1,42,train_003,2,0.1695997267961502,0.039633240550756454,0.701305091381073,0.08557511121034622,0.003886873833835125
conv,1,42,train_004,4,0.1389540433883667,0.0761006623506546,0.6061515212059021,0.16907836496829987,0.009715401567518711
conv,1,42,train_005,5,0.14116232097148895,0.20400308072566986,0.20376120507717133,0.2558676302433014,0.19520579278469086
conv,1,42,train_006,2,0.1403789073228836,0.19207878410816193,0.19606207311153412,0.2690878212451935,0.20239238440990448
conv,1,42,train_007,2,0.15680326521396637,0.15918144583702087,0.2496567964553833,0.2504507303237915,0.18390777707099915
conv,1,42,train_008,5,0.1499275118112564,0.2160874754190445,0.20138859748840332,0.20935359597206116,0.2232428640127182
conv,1,42,train_009,3,0.17581261694431305,0.168235644698143,0.2638297379016876,0.21064499020576477,0.18147702515125275
conv,1,42,train_010,2,0.2336198091506958,0.31231242418289185,0.3521271347999573,0.0911245122551918,0.010816085152328014
conv,1,42,train_011,3,0.1263464391231537,0.20534789562225342,0.2128733992576599,0.2175021469593048,0.2379300892353058
conv,1,42,train_012,5,0.46952417492866516,0.2191389501094818,0.27266591787338257,0.03712029382586479,0.0015506846830248833
conv,1,42,train_013,2,0.17095249891281128,0.16923078894615173,0.2601136267185211,0.21133746206760406,0.1883656531572342
conv,1,42,train_014,5,0.14007097482681274,0.1461394727230072,0.22522561252117157,0.27038243412971497,0.21818150579929352
conv,1,42,train_015,3,0.07416986674070358,0.05296105891466141,0.7709504961967468,0.08253511786460876,0.019383421167731285
conv,1,42,train_016,4,0.06364211440086365,0.03639589995145798,0.6853193640708923,0.14112256467342377,0.07352010160684586
conv,1,42,train_017,2,0.29770752787590027,0.06710539758205414,0.5993519425392151,0.03331908956170082,0.0025160389486700296
conv,1,42,train_018,5,0.1690150946378708,0.22887851297855377,0.18211376667022705,0.20015420019626617,0.21983838081359863
conv,1,42,train_019,3,0.16312959790229797,0.23113605380058289,0.26686349511146545,0.21603380143642426,0.1228371113538742
conv,1,42,train_020,2,0.14472034573554993,0.18271991610527039,0.2443171590566635,0.2675810754299164,0.1606615036725998
conv,1,42,train_021,5,0.11697494238615036,0.19621485471725464,0.21307256817817688,0.2199907898902893,0.2537468373775482
conv,1,42,train_022,4,0.24277529120445251,0.21522307395935059,0.09281708300113678,0.13964000344276428,0.3095445930957794
conv,1,42,train_023,3,0.008782854303717613,0.025594152510166168,0.0879342257976532,0.20943297445774078,0.6682558059692383
conv,1,42,train_024,5,0.32643812894821167,0.6114627122879028,0.0367526076734066,0.02418835647404194,0.0011581858852878213
conv,1,42,train_025,5,0.16816098988056183,0.17930525541305542,0.23953202366828918,0.23880961537361145,0.17419211566448212
conv,1,42,train_026,3,0.12297873944044113,0.20218656957149506,0.20940230786800385,0.21543140709400177,0.2500009834766388
conv,1,42,train_027,2,0.38796716928482056,0.3185116946697235,0.12707875669002533,0.1081065908074379,0.05833582207560539
conv,1,42,train_028,4,0.10877037048339844,0.19877921044826508,0.2193683236837387,0.22000321745872498,0.2530788779258728
conv,1,42,train_029,2,0.40691590309143066,0.2505446672439575,0.13783061504364014,0.12183663994073868,0.08287219703197479
conv,1,42,train_030,5,0.19770817458629608,0.19617554545402527,0.2356060892343521,0.18595097959041595,0.18455921113491058
conv,1,42,train_031,4,0.17599773406982422,0.1634063720703125,0.24675264954566956,0.2128443419933319,0.20099884271621704
conv,1,42,train_032,3,0.1223527044057846,0.2049400806427002,0.2068556845188141,0.21470430493354797,0.25114724040031433
conv,1,42,train_033,1,0.3441382944583893,0.2861301302909851,0.14403949677944183,0.14324969053268433,0.08244235813617706
conv,1,42,train_034,2,0.13945864140987396,0.16694605350494385,0.23857398331165314,0.24765144288539886,0.20736995339393616
conv,1,42,train_035,2,0.5640445947647095,0.21713154017925262,0.07180231809616089,0.05824951082468033,0.0887719914317131
conv,1,42,train_036,2,0.12425930052995682,0.20651455223560333,0.21434621512889862,0.21470120549201965,0.24017870426177979
conv,1,42,train_037,2,0.01835573837161064,0.163994699716568,0.1312369853258133,0.08391949534416199,0.6024930477142334
conv,1,42,train_038,3,0.2225787192583084,0.182476207613945,0.2162853181362152,0.18885602056980133,0.18980376422405243
conv,1,42,train_039,3,0.18698476254940033,0.20613719522953033,0.17238086462020874,0.20948973298072815,0.22500747442245483
conv,1,42,train_040,2,0.18722809851169586,0.2511732280254364,0.17112086713314056,0.1861276626586914,0.20435014367103577
conv,1,42,train_041,3,0.12440758943557739,0.204257532954216,0.2107493132352829,0.21701791882514954,0.24356770515441895
conv,1,42,train_042,2,0.2588939666748047,0.15274092555046082,0.18782666325569153,0.19026988744735718,0.2102685123682022
conv,1,42,train_043,4,0.1637461930513382,0.16677676141262054,0.25805163383483887,0.21329961717128754,0.19812588393688202
conv,1,42,train_044,3,0.13112032413482666,0.20804090797901154,0.20653538405895233,0.2127562165260315,0.24154715240001678
conv,1,42,train_045,3,0.16980840265750885,0.166587233543396,0.25483790040016174,0.21237704157829285,0.19638945162296295
conv,1,42,train_046,4,0.14950908720493317,0.236349418759346,0.3050699234008789,0.2128523588180542,0.09621920436620712
conv,1,42,train_047,2,0.18898412585258484,0.17813396453857422,0.25595638155937195,0.2000449150800705,0.17688065767288208
conv,1,42,train_048,4,0.14783771336078644,0.15156283974647522,0.24775467813014984,0.26234671473503113,0.19049803912639618
conv,1,42,train_049,2,0.14046554267406464,0.19057656824588776,0.48556187748908997,0.15851226449012756,0.024883713573217392
conv,1,42,train_050,4,0.14730626344680786,0.16764669120311737,0.23919197916984558,0.24675393104553223,0.19910113513469696
conv,1,42,train_051,3,0.19770081341266632,0.17943820357322693,0.25073909759521484,0.19831490516662598,0.17380698025226593
conv,1,42,train_052,3,0.1452656388282776,0.1853078156709671,0.29469597339630127,0.25569063425064087,0.11903991550207138
conv,1,42,train_053,3,0.17479002475738525,0.20872843265533447,0.4041728675365448,0.15043789148330688,0.06187081336975098
conv,1,42,train_054,2,0.17850089073181152,0.17311498522758484,0.24966546893119812,0.20615079998970032,0.1925678253173828
conv,1,42,train_055,3,0.179677814245224,0.1606408953666687,0.2516668140888214,0.21528692543506622,0.19272753596305847
conv,1,42,train_056,1,0.4850214421749115,0.1287604570388794,0.37801480293273926,0.008088290691375732,0.0001150005409726873
conv,1,42,train_057,1,0.11499758064746857,0.20067894458770752,0.21249492466449738,0.21840041875839233,0.253428190946579
conv,1,42,train_058,1,0.1256205141544342,0.20773084461688995,0.20826363563537598,0.2159809023141861,0.242404043674469
conv,1,42,train_059,2,0.2660927474498749,0.19994334876537323,0.2005617618560791,0.17185020446777344,0.16155187785625458
conv,1,42,train_060,3,0.15087804198265076,0.21619148552417755,0.19926717877388,0.20975510776042938,0.22390812635421753
conv,1,42,train_061,2,0.1858026087284088,0.1842186450958252,0.24708643555641174,0.1980079710483551,0.18488430976867676
conv,1,42,train_062,3,0.15828581154346466,0.22074423730373383,0.20375119149684906,0.20589210093021393,0.21132664382457733
conv,1,42,train_063,2,0.25258126854896545,0.19192753732204437,0.07175192981958389,0.11692946404218674,0.3668098449707031
conv,1,42,train_064,2,0.12834306061267853,0.20938347280025482,0.2132975161075592,0.21422602236270905,0.2347499132156372
conv,1,42,train_065,3,0.17774151265621185,0.18345025181770325,0.2448662966489792,0.2304534614086151,0.1634884923696518
conv,1,42,train_066,2,0.09269232302904129,0.09058096259832382,0.39206093549728394,0.38435494899749756,0.04031083732843399
conv,1,42,train_067,3,0.2503044605255127,0.03822189196944237,0.6067346930503845,0.10126940160989761,0.0034695533104240894
conv,1,42,train_068,3,0.161608025431633,0.22188691794872284,0.31828179955482483,0.2011069804430008,0.09711626917123795
conv,1,42,train_069,2,0.18433183431625366,0.2257484346628189,0.185263991355896,0.2023124396800995,0.20234327018260956
conv,1,42,train_070,2,0.293611615896225,0.05260813981294632,0.6073302626609802,0.04566348344087601,0.0007865341613069177
conv,1,42,train_071,4,0.14563030004501343,0.15819624066352844,0.213605135679245,0.2553212344646454,0.22724708914756775
conv,1,42,train_072,4,0.24999183416366577,0.2184579223394394,0.21141323447227478,0.16449426114559174,0.15564270317554474
conv,1,42,train_073,2,0.1481919288635254,0.1541716307401657,0.226885125041008,0.26453477144241333,0.20621651411056519
conv,1,42,train_074,3,0.18438631296157837,0.18305546045303345,0.271808922290802,0.19660969078540802,0.16413964331150055
conv,1,42,train_075,2,0.1441861391067505,0.22685112059116364,0.1998709738254547,0.20294024050235748,0.2261514961719513
conv,1,42,train_076,2,0.31635385751724243,0.32695674896240234,0.14628280699253082,0.12425198405981064,0.08615460246801376
conv,1,42,train_077,3,0.15136881172657013,0.17021891474723816,0.2463439553976059,0.24174663424491882,0.1903216540813446
conv,1,42,train_078,3,0.3292573094367981,0.2582356631755829,0.16087695956230164,0.13509948551654816,0.11653061211109161
conv,1,42,train_079,2,0.2613011598587036,0.274709552526474,0.19477829337120056,0.11959535628557205,0.14961566030979156
conv,1,42,train_080,1,0.22307118773460388,0.21636797487735748,0.2248089462518692,0.16902029514312744,0.1667315512895584
conv,1,42,train_081,3,0.19379949569702148,0.19423066079616547,0.2748475670814514,0.20155467092990875,0.1355675607919693
conv,1,42,train_082,3,0.24097101390361786,0.23436111211776733,0.2159920036792755,0.15811200439929962,0.1505638211965561
conv,1,42,train_083,1,0.5923376679420471,0.28526902198791504,0.0763719454407692,0.0249906238168478,0.021030737087130547
conv,1,42,train_084,5,0.1367470771074295,0.2048417329788208,0.20722787082195282,0.26569685339927673,0.18548640608787537
conv,1,42,train_085,3,0.09330905973911285,0.8299424052238464,0.03907023370265961,0.027829322963953018,0.009849006310105324
conv,1,42,train_086,2,0.38023075461387634,0.2690145671367645,0.17248129844665527,0.10593319684267044,0.0723402127623558
conv,1,42,train_087,3,0.14463771879673004,0.04929778724908829,0.3879900276660919,0.3973460793495178,0.02072836086153984
conv,1,42,train_088,2,0.2831169068813324,0.25546908378601074,0.15456955134868622,0.12213338166475296,0.18471106886863708
conv,1,42,train_089,2,0.29232126474380493,0.1994718611240387,0.08430413156747818,0.13184748589992523,0.29205524921417236
conv,1,42,train_090,4,0.003941379487514496,0.012183241546154022,0.026833606883883476,0.060736555606126785,0.89630526304245
conv,1,42,train_091,2,0.1449141949415207,0.2158461958169937,0.20430321991443634,0.20789839327335358,0.22703807055950165
conv,1,42,train_092,2,0.15268950164318085,0.17002806067466736,0.23921291530132294,0.24594582617282867,0.19212369620800018
conv,1,42,train_093,3,0.12685617804527283,0.2047327607870102,0.10382641851902008,0.20356173813343048,0.3610229194164276
conv,1,42,train_094,3,0.2270786017179489,0.24853257834911346,0.1752069741487503,0.18789231777191162,0.16128955781459808
conv,1,42,train_095,3,0.02137555368244648,0.03953036665916443,0.2771826982498169,0.3200283646583557,0.34188300371170044
conv,1,42,train_096,2,0.11985137313604355,0.20156410336494446,0.20649975538253784,0.2161369025707245,0.2559478282928467
conv,1,42,train_097,3,0.3526904881000519,0.236297607421875,0.1314769685268402,0.10720198601484299,0.1723330020904541
conv,1,42,train_098,1,0.14427319169044495,0.16567116975784302,0.22070088982582092,0.25194838643074036,0.21740639209747314
conv,1,42,train_099,3,0.15079182386398315,0.15229789912700653,0.23643048107624054,0.2634600102901459,0.19701974093914032
conv,1,42,train_100,5,0.18121741712093353,0.1945006102323532,0.24251125752925873,0.1925632804632187,0.18920744955539703
conv,1,42,train_101,2,0.14972539246082306,0.16152280569076538,0.23610080778598785,0.25213444232940674,0.20051658153533936
conv,1,42,train_102,2,0.18530428409576416,0.19597558677196503,0.49479779601097107,0.1120978519320488,0.011824462562799454
conv,1,42,train_103,3,0.028027454391121864,0.03467166796326637,0.23289184272289276,0.4104624390602112,0.29394662380218506
conv,1,42,train_104,1,0.12284369766712189,0.20055533945560455,0.21761295199394226,0.21972334384918213,0.2392645627260208
conv,1,42,train_105,4,0.16051506996154785,0.21671056747436523,0.19614623486995697,0.21054302155971527,0.2160850316286087
conv,1,42,train_106,1,0.38486313819885254,0.20731563866138458,0.1457231044769287,0.12036663293838501,0.14173153042793274
conv,1,42,train_107,3,0.15098989009857178,0.035093650221824646,0.7770330309867859,0.03540375456213951,0.0014797102194279432
conv,1,42,train_108,1,0.1777675747871399,0.16636967658996582,0.25359445810317993,0.20766012370586395,0.19460813701152802
conv,1,42,train_109,3,0.1807512491941452,0.1858949363231659,0.23656339943408966,0.22859665751457214,0.1681937724351883
conv,1,42,train_110,1,0.320818692445755,0.24759787321090698,0.18586204946041107,0.13209499418735504,0.11362641304731369
conv,1,42,train_111,3,0.1914464235305786,0.18884222209453583,0.2592276334762573,0.19157026708126068,0.16891346871852875
conv,1,42,train_112,1,0.3261440694332123,0.2798587679862976,0.15743611752986908,0.14785809814929962,0.08870290964841843
conv,1,42,train_113,3,0.15866370499134064,0.17947594821453094,0.11151856929063797,0.20132747292518616,0.3490143120288849
conv,1,42,train_114,3,0.1421816647052765,0.15310892462730408,0.241295725107193,0.26279088854789734,0.2006228268146515
conv,1,42,train_115,3,0.14784513413906097,0.16067449748516083,0.2594086825847626,0.24888363480567932,0.1831880360841751
conv,1,42,train_116,4,0.14746002852916718,0.20186708867549896,0.2734043002128601,0.25224241614341736,0.12502622604370117
conv,1,42,train_117,1,0.7457340955734253,0.1747921109199524,0.07428454607725143,0.00512100663036108,6.827881588833407e-05
conv,1,42,train_118,2,0.17110559344291687,0.16919003427028656,0.2513798475265503,0.21081553399562836,0.1975090205669403
conv,1,42,train_119,2,0.17010073363780975,0.17181117832660675,0.25286972522735596,0.2078167051076889,0.19740165770053864
conv,1,42,train_120,5,0.15551047027111053,0.1702398657798767,0.2482358068227768,0.2390642762184143,0.18694958090782166
conv,1,7,train_001,2,0.2948624789714813,0.23301231861114502,0.12547582387924194,0.14969687163829803,0.19695255160331726
conv,1,7,train_002,5,0.056399304419755936,0.32079842686653137,0.2632063329219818,0.13213492929935455,0.22746098041534424
conv,1,7,train_003,2,0.24401409924030304,0.16096408665180206,0.5427904725074768,0.04765354096889496,0.00457784254103899
conv,1,7,train_004,4,0.1645023077726364,0.2136618047952652,0.5040550827980042,0.10825563967227936,0.009525157511234283
conv,1,7,train_005,5,0.14368131756782532,0.19985641539096832,0.22750838100910187,0.2255718857049942,0.20338201522827148
conv,1,7,train_006,2,0.13467589020729065,0.20845487713813782,0.2015029340982437,0.23097185790538788,0.22439448535442352
conv,1,7,train_007,2,0.19112537801265717,0.20887917280197144,0.413959264755249,0.14085032045841217,0.045185789465904236
conv,1,7,train_008,5,0.2105199545621872,0.1895819902420044,0.178823783993721,0.1867646872997284,0.23430949449539185
conv,1,7,train_009,3,0.1989874392747879,0.14861653745174408,0.278267502784729,0.1847507655620575,0.18937772512435913
conv,1,7,train_010,2,0.12242881208658218,0.30056774616241455,0.42458897829055786,0.10622482746839523,0.046189647167921066
conv,1,7,train_011,3,0.20041687786579132,0.18895545601844788,0.188794806599617,0.1901789754629135,0.23165380954742432
conv,1,7,train_012,5,0.27988681197166443,0.22315172851085663,0.43615230917930603,0.05146735534071922,0.00934180524200201
conv,1,7,train_013,2,0.10856838524341583,0.16421569883823395,0.20868408679962158,0.24023869633674622,0.27829307317733765
conv,1,7,train_014,5,0.0506892204284668,0.21139322221279144,0.221233531832695,0.25131040811538696,0.2653736174106598
conv,1,7,train_015,3,0.17050544917583466,0.20898865163326263,0.5757831931114197,0.0368800051510334,0.007842694409191608
conv,1,7,train_016,4,0.10418485105037689,0.22812187671661377,0.38376548886299133,0.17186610400676727,0.11206164956092834
conv,1,7,train_017,2,0.48429766297340393,0.19328933954238892,0.3124275505542755,0.008299570530653,0.0016858949093148112
conv,1,7,train_018,5,0.21493852138519287,0.19085200130939484,0.17854520678520203,0.18642175197601318,0.22924256324768066
conv,1,7,train_019,3,0.15643981099128723,0.22351951897144318,0.2817723751068115,0.19439686834812164,0.14387142658233643
conv,1,7,train_020,2,0.14434745907783508,0.20341797173023224,0.23688682913780212,0.22624719142913818,0.1891004890203476
conv,1,7,train_021,5,0.1971333622932434,0.18642838299274445,0.18901503086090088,0.19406317174434662,0.2333601415157318
conv,1,7,train_022,4,0.21098943054676056,0.2145986557006836,0.09809741377830505,0.1794968694448471,0.2968176305294037
conv,1,7,train_023,3,0.021420858800411224,0.13066507875919342,0.10048088431358337,0.1641712188720703,0.5832619667053223
conv,1,7,train_024,5,0.4520935118198395,0.4497224986553192,0.04848041385412216,0.04120142385363579,0.008502190932631493
conv,1,7,train_025,5,0.17252132296562195,0.19378730654716492,0.24126514792442322,0.20298312604427338,0.18944311141967773
conv,1,7,train_026,3,0.20066779851913452,0.18685942888259888,0.18539586663246155,0.19049477577209473,0.23658207058906555
conv,1,7,train_027,2,0.28055500984191895,0.48276400566101074,0.13415569067001343,0.04548442363739014,0.057040877640247345
conv,1,7,train_028,4,0.19188639521598816,0.18884234130382538,0.19512389600276947,0.19029195606708527,0.23385541141033173
conv,1,7,train_029,2,0.2614215016365051,0.21783463656902313,0.14820297062397003,0.16029338538646698,0.21224752068519592
conv,1,7,train_030,5,0.11849531531333923,0.19350716471672058,0.19193032383918762,0.18608975410461426,0.3099774420261383
conv,1,7,train_031,4,0.12940700352191925,0.11941148340702057,0.1819322556257248,0.26468321681022644,0.30456605553627014
conv,1,7,train_032,3,0.1966870129108429,0.18769167363643646,0.19039610028266907,0.19081218540668488,0.23441295325756073
conv,1,7,train_033,1,0.5837879776954651,0.3048150837421417,0.0645708218216896,0.03162764757871628,0.015198376029729843
conv,1,7,train_034,2,0.0660099983215332,0.29922235012054443,0.33266615867614746,0.1945725679397583,0.1075289249420166
conv,1,7,train_035,2,0.47350963950157166,0.292932391166687,0.06391064077615738,0.07013488560914993,0.09951241314411163
conv,1,7,train_036,2,0.19904884696006775,0.1886310577392578,0.18919213116168976,0.18852052092552185,0.23460736870765686
conv,1,7,train_037,2,0.024217037484049797,0.41145604848861694,0.16905108094215393,0.024419613182544708,0.3708561658859253
conv,1,7,train_038,3,0.21289582550525665,0.11904687434434891,0.1285553127527237,0.23673021793365479,0.30277177691459656
conv,1,7,train_039,3,0.1827535331249237,0.18325304985046387,0.19666621088981628,0.22244597971439362,0.2148812711238861
conv,1,7,train_040,2,0.03944643586874008,0.33167052268981934,0.22871536016464233,0.07366988807916641,0.3264978229999542
conv,1,7,train_041,3,0.19874411821365356,0.18702436983585358,0.18837618827819824,0.19037696719169617,0.23547841608524323
conv,1,7,train_042,2,0.24987918138504028,0.18749280273914337,0.1748887598514557,0.16969525814056396,0.21804404258728027
conv,1,7,train_043,4,0.08602233231067657,0.15502005815505981,0.1898735761642456,0.24676957726478577,0.32231438159942627
conv,1,7,train_044,3,0.20213070511817932,0.1872238963842392,0.1852007955312729,0.18847866356372833,0.23696595430374146
conv,1,7,train_045,3,0.10138866305351257,0.14366663992404938,0.19057318568229675,0.2500501871109009,0.3143213093280792
conv,1,7,train_046,4,0.1482848972082138,0.2202869951725006,0.32489249110221863,0.19572582840919495,0.1108097955584526
conv,1,7,train_047,2,0.2048654705286026,0.18080085515975952,0.28760063648223877,0.14940744638442993,0.17732562124729156
conv,1,7,train_048,4,0.13032808899879456,0.21903996169567108,0.37206628918647766,0.22068320214748383,0.057882413268089294
conv,1,7,train_049,2,0.11460313946008682,0.28736525774002075,0.4266074001789093,0.13026303052902222,0.04116124287247658
conv,1,7,train_050,4,0.06101175770163536,0.2879086434841156,0.26914945244789124,0.22987553477287292,0.1520545929670334
conv,1,7,train_051,3,0.24833627045154572,0.16099368035793304,0.26009535789489746,0.1532154381275177,0.1773592233657837
conv,1,7,train_052,3,0.1544685959815979,0.20265857875347137,0.29130375385284424,0.22043822705745697,0.13113079965114594
conv,1,7,train_053,3,0.17279376089572906,0.23734498023986816,0.383325457572937,0.1272784322500229,0.07925738394260406
conv,1,7,train_054,2,0.12764877080917358,0.14611494541168213,0.20162370800971985,0.22913387417793274,0.2954786419868469
conv,1,7,train_055,3,0.20735931396484375,0.11804787069559097,0.2311083972454071,0.22818595170974731,0.21529856324195862
conv,1,7,train_056,1,0.22147639095783234,0.16308169066905975,0.5913221836090088,0.021784044802188873,0.00233566970564425
conv,1,7,train_057,1,0.19243337213993073,0.18705998361110687,0.19430290162563324,0.19148565828800201,0.2347181737422943
conv,1,7,train_058,1,0.20073696970939636,0.18746234476566315,0.18611681461334229,0.19007250666618347,0.23561140894889832
conv,1,7,train_059,2,0.33495602011680603,0.13776461780071259,0.08330310136079788,0.1982370913028717,0.24573910236358643
conv,1,7,train_060,3,0.21213071048259735,0.1892453283071518,0.17814037203788757,0.18908177316188812,0.23140178620815277
conv,1,7,train_061,2,0.10902627557516098,0.18857155740261078,0.1882498562335968,0.20978853106498718,0.30436381697654724
conv,1,7,train_062,3,0.21007709205150604,0.19213993847370148,0.18151728808879852,0.18344935774803162,0.23281630873680115
conv,1,7,train_063,2,0.18218307197093964,0.27501827478408813,0.0761902704834938,0.14610734581947327,0.32050102949142456
conv,1,7,train_064,2,0.19826002418994904,0.19016866385936737,0.19106656312942505,0.18828906118869781,0.23221567273139954
conv,1,7,train_065,3,0.22522082924842834,0.27452731132507324,0.41802138090133667,0.06430606544017792,0.01792440190911293
conv,1,7,train_066,2,0.10497168451547623,0.2401915192604065,0.3369219899177551,0.26568877696990967,0.052226074039936066
conv,1,7,train_067,3,0.29956454038619995,0.14056044816970825,0.5117207765579224,0.044075366109609604,0.004078842233866453
conv,1,7,train_068,3,0.16126303374767303,0.2204584777355194,0.32493898272514343,0.17664207518100739,0.11669737845659256
conv,1,7,train_069,2,0.2246362417936325,0.1897878497838974,0.16686217486858368,0.18756753206253052,0.2311462163925171
conv,1,7,train_070,2,0.2589326500892639,0.15738387405872345,0.5520473122596741,0.02960837446153164,0.002027795184403658
conv,1,7,train_071,4,0.06816257536411285,0.1879497617483139,0.29637572169303894,0.19275912642478943,0.2547527849674225
conv,1,7,train_072,4,0.34261757135391235,0.20144180953502655,0.1193106546998024,0.13163241744041443,0.20499755442142487
conv,1,7,train_073,2,0.1142616868019104,0.2126588225364685,0.3193184435367584,0.2491111010313034,0.10464994609355927
conv,1,7,train_074,3,0.24730469286441803,0.21691785752773285,0.350509911775589,0.08212193846702576,0.10314564406871796
conv,1,7,train_075,2,0.20693814754486084,0.1940014809370041,0.18305271863937378,0.1839449554681778,0.2320626974105835
conv,1,7,train_076,2,0.17105050384998322,0.5978090763092041,0.1595650613307953,0.032347869127988815,0.03922748938202858
conv,1,7,train_077,3,0.09612497687339783,0.2880820631980896,0.34803614020347595,0.1873994618654251,0.0803573802113533
conv,1,7,train_078,3,0.2394590824842453,0.20876266062259674,0.1641465425491333,0.16507588326931,0.22255584597587585
conv,1,7,train_079,2,0.24493753910064697,0.26490670442581177,0.24300269782543182,0.10788460820913315,0.13926845788955688
conv,1,7,train_080,1,0.23329035937786102,0.24851658940315247,0.21040281653404236,0.11000587046146393,0.19778436422348022
conv,1,7,train_081,3,0.2695649266242981,0.29683879017829895,0.41262590885162354,0.01503994781523943,0.005930397193878889
conv,1,7,train_082,3,0.1435127556324005,0.37455275654792786,0.1097978800535202,0.12211032211780548,0.2500263452529907
conv,1,7,train_083,1,0.4731012284755707,0.42175206542015076,0.05185094103217125,0.02236541546881199,0.030930306762456894
conv,1,7,train_084,5,0.13724496960639954,0.20628847181797028,0.22005271911621094,0.23313070833683014,0.2032831758260727
conv,1,7,train_085,3,0.036359548568725586,0.425371915102005,0.0653160810470581,0.06562475115060806,0.4073277413845062
conv,1,7,train_086,2,0.6682168841362,0.2949131727218628,0.02317114546895027,0.00446935323998332,0.009229416958987713
conv,1,7,train_087,3,0.23802946507930756,0.15054568648338318,0.3712877333164215,0.22598879039287567,0.014148324728012085
conv,1,7,train_088,2,0.2577004134654999,0.26507368683815,0.19350990653038025,0.11307236552238464,0.1706436276435852
conv,1,7,train_089,2,0.24791587889194489,0.23164738714694977,0.08184853941202164,0.16643080115318298,0.2721574008464813
conv,1,7,train_090,4,0.031213557347655296,0.16280816495418549,0.06622917950153351,0.06850701570510864,0.6712420582771301
conv,1,7,train_091,2,0.2051573246717453,0.18963995575904846,0.18391849100589752,0.1846715807914734,0.23661266267299652
conv,1,7,train_092,2,0.08659731596708298,0.290199875831604,0.30453062057495117,0.22526909410953522,0.09340311586856842
conv,1,7,train_093,3,0.10967057198286057,0.21016865968704224,0.1335316002368927,0.20062726736068726,0.34600192308425903
conv,1,7,train_094,3,0.4430765211582184,0.3805240988731384,0.13018614053726196,0.026661520823836327,0.019551800563931465
conv,1,7,train_095,3,0.06950400024652481,0.24318309128284454,0.3039264380931854,0.2269970178604126,0.15638941526412964
conv,1,7,train_096,2,0.19421471655368805,0.18610930442810059,0.1927317976951599,0.19259682297706604,0.234347403049469
conv,1,7,train_097,3,0.2873263657093048,0.27371588349342346,0.13043545186519623,0.114270880818367,0.1942514181137085
conv,1,7,train_098,1,0.08766380697488785,0.24121034145355225,0.3286888301372528,0.2086951732635498,0.1337418109178543
conv,1,7,train_099,3,0.1475813239812851,0.20392897725105286,0.35753965377807617,0.22168347239494324,0.06926661729812622
conv,1,7,train_100,5,0.06227704882621765,0.2080913484096527,0.12537036836147308,0.22341960668563843,0.38084155321121216
conv,1,7,train_101,2,0.09162186086177826,0.22657684981822968,0.34846174716949463,0.21956996619701385,0.11376956105232239
conv,1,7,train_102,2,0.11495736986398697,0.28092923760414124,0.4487535357475281,0.11800836771726608,0.037351563572883606
conv,1,7,train_103,3,0.09539281576871872,0.18039506673812866,0.2494940310716629,0.36033904552459717,0.11437911540269852
conv,1,7,train_104,1,0.19906355440616608,0.18838192522525787,0.18957950174808502,0.19089072942733765,0.23208431899547577
conv,1,7,train_105,4,0.21495294570922852,0.18880639970302582,0.1763397455215454,0.18714788556098938,0.23275302350521088
conv,1,7,train_106,1,0.3454419672489166,0.21392539143562317,0.15947078168392181,0.13205862045288086,0.14910323917865753
conv,1,7,train_107,3,0.2224489450454712,0.15945126116275787,0.5992032885551453,0.017071817070245743,0.0018247239058837295
conv,1,7,train_108,1,0.1987122744321823,0.13444949686527252,0.24747468531131744,0.18403472006320953,0.2353287786245346
conv,1,7,train_109,3,0.3011430501937866,0.26774898171424866,0.3841262459754944,0.03480881452560425,0.012172919698059559
conv,1,7,train_110,1,0.31862831115722656,0.34544315934181213,0.040245167911052704,0.12077601999044418,0.17490729689598083
conv,1,7,train_111,3,0.2219061702489853,0.2099815458059311,0.3180241286754608,0.10597079247236252,0.1441173404455185
conv,1,7,train_112,1,0.48107850551605225,0.3727256953716278,0.1224164292216301,0.014723064377903938,0.009056380949914455
conv,1,7,train_113,3,0.15010550618171692,0.18060298264026642,0.1215815544128418,0.22981607913970947,0.3178938329219818
conv,1,7,train_114,3,0.09567437320947647,0.23732808232307434,0.3170175552368164,0.25909656286239624,0.09088341146707535
conv,1,7,train_115,3,0.10788312554359436,0.2537115812301636,0.3897821009159088,0.1940375417470932,0.05458571016788483
conv,1,7,train_116,4,0.1582896113395691,0.20284879207611084,0.26241496205329895,0.2306399941444397,0.14580662548542023
conv,1,7,train_117,1,0.6398016214370728,0.2948185205459595,0.06280363351106644,0.0022824970073997974,0.0002937373938038945
conv,1,7,train_118,2,0.1052369624376297,0.1557842344045639,0.182912677526474,0.24117723107337952,0.3148888945579529
conv,1,7,train_119,2,0.09564400464296341,0.1594945639371872,0.19303826987743378,0.22397807240486145,0.32784509658813477
conv,1,7,train_120,5,0.09452399611473083,0.27622222900390625,0.3162803649902344,0.2161504030227661,0.09682296961545944
conv,1,123,train_001,2,0.2290475070476532,0.7377460598945618,0.016582880169153214,0.011187994852662086,0.005435581784695387
conv,1,123,train_002,5,0.1612659990787506,0.20410482585430145,0.237592875957489,0.20632606744766235,0.1907101571559906
conv,1,123,train_003,2,0.1524071991443634,0.19278812408447266,0.2534836232662201,0.16623786091804504,0.23508314788341522
conv,1,123,train_004,4,0.10276152193546295,0.17292439937591553,0.2745540738105774,0.20524975657463074,0.2445102483034134
conv,1,123,train_005,5,0.03756560757756233,0.4910811483860016,0.24765561521053314,0.11404101550579071,0.10965663194656372
conv,1,123,train_006,2,0.06795768439769745,0.6040223240852356,0.19757796823978424,0.04777572304010391,0.08266627788543701
conv,1,123,train_007,2,0.15335364639759064,0.20061933994293213,0.2470797598361969,0.21795554459095,0.1809917390346527
conv,1,123,train_008,5,0.11594798415899277,0.23933351039886475,0.10108084231615067,0.07172474265098572,0.4719129800796509
conv,1,123,train_009,3,0.32871556282043457,0.1728459894657135,0.2600066363811493,0.2120753526687622,0.0263565331697464
conv,1,123,train_010,2,0.13136525452136993,0.18619810044765472,0.24724127352237701,0.1734200417995453,0.26177531480789185
conv,1,123,train_011,3,0.0928487628698349,0.2919465899467468,0.4296231269836426,0.17580409348011017,0.009777458384633064
conv,1,123,train_012,5,0.17671410739421844,0.19706213474273682,0.21411877870559692,0.14520218968391418,0.2669028043746948
conv,1,123,train_013,2,0.13916926085948944,0.1873728334903717,0.20844700932502747,0.40583598613739014,0.059174906462430954
conv,1,123,train_014,5,0.14961624145507812,0.19421087205410004,0.2490278035402298,0.22331732511520386,0.18382777273654938
conv,1,123,train_015,3,0.14720652997493744,0.20108936727046967,0.252348393201828,0.14916862547397614,0.2501870095729828
conv,1,123,train_016,4,0.10211861878633499,0.16993965208530426,0.2736320197582245,0.193391352891922,0.26091837882995605
conv,1,123,train_017,2,0.39949658513069153,0.29851028323173523,0.10899188369512558,0.06984009593725204,0.12316110730171204
conv,1,123,train_018,5,0.06536037474870682,0.4016721546649933,0.10572165250778198,0.13223828375339508,0.29500752687454224
conv,1,123,train_019,3,0.06918162852525711,0.609231173992157,0.24730689823627472,0.020242629572749138,0.05403769761323929
conv,1,123,train_020,2,0.09686943888664246,0.46357598900794983,0.3117581605911255,0.0668352022767067,0.06096114590764046
conv,1,123,train_021,5,0.03948970511555672,0.13843120634555817,0.3101619780063629,0.4728550910949707,0.039062123745679855
conv,1,123,train_022,4,0.1460336148738861,0.21769705414772034,0.07067470997571945,0.03430190682411194,0.531292736530304
conv,1,123,train_023,3,0.1070309430360794,0.17060349881649017,0.2490634173154831,0.20219673216342926,0.27110540866851807
conv,1,123,train_024,5,0.3676125705242157,0.2787853479385376,0.10812512040138245,0.10070670396089554,0.14477021992206573
conv,1,123,train_025,5,0.029279597103595734,0.08061093837022781,0.10593289136886597,0.04281829297542572,0.7413583397865295
conv,1,123,train_026,3,0.11054547876119614,0.16872096061706543,0.5048354268074036,0.17985668778419495,0.03604141250252724
conv,1,123,train_027,2,0.2258407324552536,0.2719632089138031,0.15686160326004028,0.18339261412620544,0.16194182634353638
conv,1,123,train_028,4,0.025003433227539062,0.31563079357147217,0.3267137408256531,0.31229153275489807,0.020360494032502174
conv,1,123,train_029,2,0.2132587432861328,0.7242626547813416,0.0307509396225214,0.023357132449746132,0.008370514959096909
conv,1,123,train_030,5,0.10249205678701401,0.2782163918018341,0.29861971735954285,0.19545437395572662,0.1252174824476242
conv,1,123,train_031,4,0.18876400589942932,0.1334613561630249,0.20536284148693085,0.4150337278842926,0.05737806484103203
conv,1,123,train_032,3,0.020961420610547066,0.2615422308444977,0.14971761405467987,0.13949115574359894,0.4282875955104828
conv,1,123,train_033,1,0.21448096632957458,0.2538299262523651,0.1731971651315689,0.18994680047035217,0.16854509711265564
conv,1,123,train_034,2,0.14853639900684357,0.19727115333080292,0.2535180151462555,0.2154620736837387,0.18521235883235931
conv,1,123,train_035,2,0.8652523159980774,0.01586655154824257,0.007106173317879438,0.10783450305461884,0.00394048634916544
conv,1,123,train_036,2,0.19706867635250092,0.14446021616458893,0.5604304671287537,0.0893716961145401,0.008668948896229267
conv,1,123,train_037,2,0.2857477068901062,0.3178809583187103,0.12947514653205872,0.08325580507516861,0.18364039063453674
conv,1,123,train_038,3,0.2777951657772064,0.105608731508255,0.2128603160381317,0.2803705334663391,0.12336527556180954
conv,1,123,train_039,3,0.17686827480793,0.23678825795650482,0.1428040862083435,0.11953344196081161,0.32400596141815186
conv,1,123,train_040,2,0.19119296967983246,0.2385585457086563,0.19605451822280884,0.193494513630867,0.18069951236248016
conv,1,123,train_041,3,0.08357499539852142,0.170624777674675,0.5204479694366455,0.2143680304288864,0.01098426803946495
conv,1,123,train_042,2,0.14675793051719666,0.13981622457504272,0.19707578420639038,0.07934365421533585,0.4370064437389374
conv,1,123,train_043,4,0.11076890677213669,0.18442966043949127,0.20237870514392853,0.41872483491897583,0.0836978405714035
conv,1,123,train_044,3,0.18129228055477142,0.21586623787879944,0.48569032549858093,0.09060151129961014,0.02654961124062538
conv,1,123,train_045,3,0.12317870557308197,0.1693587750196457,0.2053632289171219,0.41746073961257935,0.08463853597640991
conv,1,123,train_046,4,0.09231090545654297,0.6113758683204651,0.22919908165931702,0.04448261484503746,0.022631540894508362
conv,1,123,train_047,2,0.3303280472755432,0.20247584581375122,0.28559619188308716,0.1543889194726944,0.027210989966988564
conv,1,123,train_048,4,0.14716972410678864,0.19454941153526306,0.25408270955085754,0.22144554555416107,0.1827525645494461
conv,1,123,train_049,2,0.11625074595212936,0.18352261185646057,0.261105477809906,0.18616318702697754,0.25295794010162354
conv,1,123,train_050,4,0.15072183310985565,0.1993948519229889,0.24989722669124603,0.21496538817882538,0.18502068519592285
conv,1,123,train_051,3,0.4462498724460602,0.1552639752626419,0.24547936022281647,0.12923899292945862,0.0237678624689579
conv,1,123,train_052,3,0.1692143678665161,0.2051297128200531,0.28841206431388855,0.24590934813022614,0.09133445471525192
conv,1,123,train_053,3,0.08929657936096191,0.2955999970436096,0.5795751810073853,0.016796700656414032,0.01873154379427433
conv,1,123,train_054,2,0.21980690956115723,0.17808273434638977,0.2606995403766632,0.2783026397228241,0.0631081834435463
conv,1,123,train_055,3,0.3189622759819031,0.1221640482544899,0.20423290133476257,0.3256801664829254,0.028960613533854485
conv,1,123,train_056,1,0.12531079351902008,0.1792469173669815,0.27033281326293945,0.18002131581306458,0.2450881451368332
conv,1,123,train_057,1,0.01676473766565323,0.47327879071235657,0.20380467176437378,0.26551538705825806,0.04063635692000389
conv,1,123,train_058,1,0.06690050661563873,0.306104451417923,0.378970205783844,0.21582898497581482,0.03219584748148918
conv,1,123,train_059,2,0.6414073705673218,0.06782183051109314,0.08309306204319,0.10212729871273041,0.10555044561624527
conv,1,123,train_060,3,0.13070455193519592,0.1762310117483139,0.3414667546749115,0.24805764853954315,0.10354005545377731
conv,1,123,train_061,2,0.1336570829153061,0.23619846999645233,0.27360886335372925,0.2622113525867462,0.09432428330183029
conv,1,123,train_062,3,0.1969744712114334,0.3810606300830841,0.26813700795173645,0.055802032351493835,0.0980258360505104
conv,1,123,train_063,2,0.2859317362308502,0.2933299243450165,0.15305721759796143,0.1834021359682083,0.08427903056144714
conv,1,123,train_064,2,0.11053704470396042,0.2180176079273224,0.5150570869445801,0.1407332569360733,0.0156550370156765
conv,1,123,train_065,3,0.15696175396442413,0.20749466121196747,0.24196313321590424,0.21230290830135345,0.1812775880098343
conv,1,123,train_066,2,0.10406448692083359,0.17783604562282562,0.2708582580089569,0.2099645882844925,0.23727668821811676
conv,1,123,train_067,3,0.14683124423027039,0.17761994898319244,0.25584036111831665,0.18666307628154755,0.23304538428783417
conv,1,123,train_068,3,0.0770774781703949,0.4738790988922119,0.408505380153656,0.02526121214032173,0.015276841819286346
conv,1,123,train_069,2,0.3273319602012634,0.07953900843858719,0.3993060290813446,0.16291876137256622,0.030904319137334824
conv,1,123,train_070,2,0.1461355835199356,0.18928730487823486,0.2587987780570984,0.17382854223251343,0.2319497913122177
conv,1,123,train_071,4,0.1554674655199051,0.19524036347866058,0.24510644376277924,0.21944907307624817,0.18473665416240692
conv,1,123,train_072,4,0.5731593370437622,0.1557745486497879,0.12842826545238495,0.07002577930688858,0.07261204719543457
conv,1,123,train_073,2,0.15121182799339294,0.19532757997512817,0.24890005588531494,0.22095520794391632,0.18360531330108643
conv,1,123,train_074,3,0.3730931282043457,0.22303076088428497,0.2958221435546875,0.08686196804046631,0.021192003041505814
conv,1,123,train_075,2,0.013905507512390614,0.673975944519043,0.15629158914089203,0.07455302774906158,0.08127393573522568
conv,1,123,train_076,2,0.21736043691635132,0.2659401297569275,0.1636340320110321,0.17986898124217987,0.17319642007350922
conv,1,123,train_077,3,0.15193858742713928,0.20185571908950806,0.24781794846057892,0.21416836977005005,0.1842193603515625
conv,1,123,train_078,3,0.19000647962093353,0.7039833068847656,0.03562777116894722,0.05339572951197624,0.01698675937950611
conv,1,123,train_079,2,0.0392644964158535,0.4206012785434723,0.11736903339624405,0.004072193056344986,0.41869300603866577
conv,1,123,train_080,1,0.3161265254020691,0.3559444844722748,0.23683775961399078,0.056203264743089676,0.03488801792263985
conv,1,123,train_081,3,0.16302810609340668,0.21793679893016815,0.2339775711297989,0.20547331869602203,0.17958420515060425
conv,1,123,train_082,3,0.10415666550397873,0.5359703302383423,0.1812351793050766,0.09674470871686935,0.08189308643341064
conv,1,123,train_083,1,0.41547825932502747,0.42420727014541626,0.12267874926328659,0.03542453050613403,0.002211222657933831
conv,1,123,train_084,5,0.035929176956415176,0.5051259994506836,0.24291439354419708,0.088234543800354,0.12779586017131805
conv,1,123,train_085,3,0.14131182432174683,0.1984153836965561,0.25069886445999146,0.17759519815444946,0.23197875916957855
conv,1,123,train_086,2,0.6348688006401062,0.3449803590774536,0.011381501331925392,0.005392353981733322,0.0033769772853702307
conv,1,123,train_087,3,0.13217617571353912,0.17120996117591858,0.25242188572883606,0.2092161625623703,0.23497579991817474
conv,1,123,train_088,2,0.07052705436944962,0.4075573682785034,0.17251144349575043,0.009095356799662113,0.34030881524086
conv,1,123,train_089,2,0.22892768681049347,0.08667881041765213,0.033903174102306366,0.22643662989139557,0.42405369877815247
conv,1,123,train_090,4,0.3563753664493561,0.27344149351119995,0.10381116718053818,0.08876598626375198,0.17760595679283142
conv,1,123,train_091,2,0.17797397077083588,0.22870710492134094,0.38851386308670044,0.07664981484413147,0.1281552016735077
conv,1,123,train_092,2,0.15191824734210968,0.20085807144641876,0.24836193025112152,0.21503087878227234,0.18383090198040009
conv,1,123,train_093,3,0.008128496818244457,0.3164638578891754,0.05489660054445267,0.011863312683999538,0.6086477041244507
conv,1,123,train_094,3,0.19028806686401367,0.23030537366867065,0.20116326212882996,0.19788943231105804,0.18035392463207245
conv,1,123,train_095,3,0.10896031558513641,0.1764882653951645,0.2672876715660095,0.19647181034088135,0.25079190731048584
conv,1,123,train_096,2,0.021392690017819405,0.333147257566452,0.14411795139312744,0.11432917416095734,0.38701295852661133
conv,1,123,train_097,3,0.2525533139705658,0.3318907916545868,0.333557665348053,0.03138444200158119,0.050613824278116226
conv,1,123,train_098,1,0.1546238511800766,0.19850489497184753,0.24508744478225708,0.21713264286518097,0.184651181101799
conv,1,123,train_099,3,0.15038952231407166,0.1954679936170578,0.2500479817390442,0.22078511118888855,0.1833093911409378
conv,1,123,train_100,5,0.06329768896102905,0.21579493582248688,0.22673094272613525,0.2325902134180069,0.26158618927001953
conv,1,123,train_101,2,0.1523996740579605,0.19909948110580444,0.24863380193710327,0.2173345983028412,0.1825324445962906
conv,1,123,train_102,2,0.10462778806686401,0.1730486899614334,0.2563529312610626,0.19944192469120026,0.2665286660194397
conv,1,123,train_103,3,0.11552412062883377,0.1675625443458557,0.25610169768333435,0.21140487492084503,0.24940675497055054
conv,1,123,train_104,1,0.1179884672164917,0.20591674745082855,0.5011845231056213,0.1671341508626938,0.0077760792337358
conv,1,123,train_105,4,0.1118273213505745,0.23388980329036713,0.09980008006095886,0.12948933243751526,0.4249934256076813
conv,1,123,train_106,1,0.6054185628890991,0.19040614366531372,0.0840306431055069,0.01235755905508995,0.10778705030679703
conv,1,123,train_107,3,0.15934723615646362,0.20504260063171387,0.2558293044567108,0.15255875885486603,0.22722207009792328
conv,1,123,train_108,1,0.3664304316043854,0.15836390852928162,0.2867162525653839,0.15122176706790924,0.037267714738845825
conv,1,123,train_109,3,0.16035844385623932,0.20885251462459564,0.2377721667289734,0.2121414691209793,0.18087546527385712
conv,1,123,train_110,1,0.5395969748497009,0.3026450276374817,0.03206977993249893,0.07214426249265671,0.05354391410946846
conv,1,123,train_111,3,0.302659273147583,0.2452203780412674,0.3155476748943329,0.11098764091730118,0.025585027411580086
conv,1,123,train_112,1,0.2072656899690628,0.24865125119686127,0.18268343806266785,0.19168119132518768,0.16971847414970398
conv,1,123,train_113,3,0.04000769928097725,0.06403225660324097,0.022666649892926216,0.058586493134498596,0.8147068619728088
conv,1,123,train_114,3,0.14729724824428558,0.19396357238292694,0.2537345886230469,0.2207619994878769,0.1842426061630249
conv,1,123,train_115,3,0.1479349285364151,0.19907718896865845,0.2536296248435974,0.21705575287342072,0.18230248987674713
conv,1,123,train_116,4,0.12203827500343323,0.28769707679748535,0.3071511685848236,0.25344860553741455,0.029664894565939903
conv,1,123,train_117,1,0.5133636593818665,0.36927464604377747,0.03768952563405037,0.03422021493315697,0.04545199126005173
conv,1,123,train_118,2,0.17933772504329681,0.19258983433246613,0.23850135505199432,0.33171701431274414,0.0578540600836277
conv,1,123,train_119,2,0.14306508004665375,0.20136494934558868,0.24245017766952515,0.3325466215610504,0.0805731862783432
conv,1,123,train_120,5,0.1536082774400711,0.20278844237327576,0.24634388089179993,0.21309109032154083,0.18416821956634521
conv,1,ensemble,train_001,2,0.3485196828842163,0.3975473642349243,0.08676473423838615,0.08375846905012925,0.08340976247563958
conv,1,ensemble,train_002,5,0.12546385452151299,0.23993252714474997,0.23645939429601034,0.1878159443537394,0.21032823622226715
conv,1,ensemble,train_003,2,0.18867367506027222,0.13112848376234373,0.4991930623849233,0.09982217103242874,0.08118262141942978
conv,1,ensemble,train_004,4,0.13540595769882202,0.15422895550727844,0.4615868926048279,0.16086125373840332,0.08791693579405546
conv,1,ensemble,train_005,5,0.10746974870562553,0.29831354816754657,0.22630840043226877,0.19849351048469543,0.169414813319842
conv,1,ensemble,train_006,2,0.11433749397595723,0.3348519951105118,0.1983809918165207,0.18261180073022842,0.169817715883255
conv,1,ensemble,train_007,2,0.16709409654140472,0.18955998619397482,0.3035652736822764,0.20308553179105124,0.13669510185718536
conv,1,ensemble,train_008,5,0.15879848351081213,0.21500099201997122,0.160431074599425,0.15594767530759177,0.30982177952925366
conv,1,ensemble,train_009,3,0.23450520634651184,0.16323272387186685,0.267367959022522,0.20249036947886148,0.13240376114845276
conv,1,ensemble,train_010,2,0.16247129191954932,0.2663594235976537,0.34131912887096405,0.12358979384104411,0.10626034904271364
conv,1,ensemble,train_011,3,0.13987069328625998,0.22874998052914938,0.27709711094697315,0.19449507196744284,0.1597871190557877
conv,1,ensemble,train_012,5,0.30870836476484936,0.21311760445435843,0.30764566858609516,0.0779299462834994,0.09259843143324058
conv,1,ensemble,train_013,2,0.13956338167190552,0.17360644042491913,0.2257482409477234,0.28580404818058014,0.17527787759900093
conv,1,ensemble,train_014,5,0.11345881223678589,0.18391452232996622,0.23182898263136545,0.24833672245343527,0.22246096531550089
conv,1,ensemble,train_015,3,0.13062728196382523,0.1543463592727979,0.5330273608366648,0.0895279161632061,0.09247104171663523
conv,1,ensemble,train_016,4,0.08998186141252518,0.144819142917792,0.4475722908973694,0.1687933405240377,0.1488333766659101
conv,1,ensemble,train_017,2,0.3938339253266652,0.18630167345205942,0.3402571255962054,0.037152918676535286,0.04245434705323229
conv,1,ensemble,train_018,5,0.14977133025725684,0.27380088965098065,0.1554602086544037,0.17293807864189148,0.24802949031194052
conv,1,ensemble,train_019,3,0.1295836791396141,0.35462891558806103,0.2653142561515172,0.14355776645243168,0.10691541184981664
conv,1,ensemble,train_020,2,0.12864574790000916,0.2832379589478175,0.2643207162618637,0.18688782304525375,0.13690771286686262
conv,1,ensemble,train_021,5,0.11786600326498349,0.17369148135185242,0.23741652568181357,0.2956363509098689,0.1753897008796533
conv,1,ensemble,train_022,4,0.19993277887503305,0.21583959460258484,0.08719640225172043,0.11781292657057445,0.37921832005182904
conv,1,ensemble,train_023,3,0.04574488538006941,0.10895424336194992,0.14582617580890656,0.1919336418310801,0.5075410604476929
conv,1,ensemble,train_024,5,0.3820480704307556,0.44665685296058655,0.06445271397630374,0.05536549476285776,0.051476865579995014
conv,1,ensemble,train_025,5,0.1233206366499265,0.15123450011014938,0.19557668765385947,0.16153701146443686,0.3683311889568965
conv,1,ensemble,train_026,3,0.14473067224025726,0.18592231969038645,0.299877867102623,0.19526095688343048,0.17420815552274385
conv,1,ensemble,train_027,2,0.29812097052733105,0.35774630308151245,0.13936535020669302,0.1123278761903445,0.09243950868646304
conv,1,ensemble,train_028,4,0.10855339964230855,0.23441744844118753,0.24706865350405374,0.24086223542690277,0.16909826112290224
conv,1,ensemble,train_029,2,0.2938653826713562,0.39754731953144073,0.10559484176337719,0.10182905259231727,0.1011634108920892
conv,1,ensemble,train_030,5,0.13956518222888312,0.22263303399085999,0.24205204347769418,0.1891650358835856,0.2065847118695577
conv,1,ensemble,train_031,4,0.1647229144970576,0.13875973721345267,0.2113492488861084,0.2975204288959503,0.1876476543645064
conv,1,ensemble,train_032,3,0.11333371264239152,0.21805799504121146,0.18232313295205435,0.18166921536127725,0.30461592972278595
conv,1,ensemble,train_033,1,0.38080241282780963,0.2815917134284973,0.12726916124423346,0.12160804619391759,0.08872861042618752
conv,1,ensemble,train_034,2,0.11800167957941692,0.2211465189854304,0.27491938571135205,0.21922869483629862,0.1667037457227707
conv,1,ensemble,train_035,2,0.6342688500881195,0.1753101609647274,0.04760637739673257,0.07873963316281636,0.06407496364166339
conv,1,ensemble,train_036,2,0.17345894128084183,0.17986860871315002,0.32132293780644733,0.16419780751069388,0.16115167395522198
conv,1,ensemble,train_037,2,0.10944016091525555,0.2977772355079651,0.14325440426667532,0.0638649712006251,0.3856632014115651
conv,1,ensemble,train_038,3,0.23775657018025717,0.13571060448884964,0.18590031564235687,0.23531892398993173,0.20531360556681952
conv,1,ensemble,train_039,3,0.18220219016075134,0.208726167678833,0.17061705390612283,0.18382305155197778,0.25463156898816425
conv,1,ensemble,train_040,2,0.13928916802008948,0.27380076547463733,0.19863024850686392,0.15109735478957495,0.2371824930111567
conv,1,ensemble,train_041,3,0.13557556768258414,0.1873022268215815,0.30652449031670886,0.2072543054819107,0.16334346309304237
conv,1,ensemble,train_042,2,0.21851035952568054,0.1600166509548823,0.18659706910451254,0.14643626660108566,0.28843966623147327
conv,1,ensemble,train_043,4,0.12017914404471715,0.16874216000239053,0.21676797171433768,0.29293134311834973,0.2013793687025706
conv,1,ensemble,train_044,3,0.17151443660259247,0.20371034741401672,0.29247550169626874,0.16394546379645666,0.16835423931479454
conv,1,ensemble,train_045,3,0.13145859042803446,0.15987088282903036,0.2169247716665268,0.2932959894339244,0.19844976564248404
conv,1,ensemble,train_046,4,0.13003496328989664,0.3560040940841039,0.2863871653874715,0.15102026735742888,0.07655351360638936
conv,1,ensemble,train_047,2,0.24139254788557687,0.18713688850402832,0.2763844033082326,0.1679470936457316,0.12713908962905407
conv,1,ensemble,train_048,4,0.1417785088221232,0.1883840709924698,0.291301225622495,0.23482515414555868,0.1437110056479772
conv,1,ensemble,train_049,2,0.12377314269542694,0.22048814594745636,0.39109158515930176,0.1583128273487091,0.10633429884910583
conv,1,ensemble,train_050,4,0.11967995141943295,0.21831672887007395,0.25274621943632763,0.23053161799907684,0.17872547109921774
conv,1,ensemble,train_051,3,0.2974289854367574,0.16523195306460062,0.25210460523764294,0.16025644540786743,0.1249780220290025
conv,1,ensemble,train_052,3,0.15631620089213052,0.19769870241483053,0.29147059718767804,0.240679403146108,0.11383505662282307
conv,1,ensemble,train_053,3,0.14562678833802542,0.2472244699796041,0.4556911687056224,0.0981710081299146,0.05328658036887646
conv,1,ensemble,train_054,2,0.17531885703404745,0.16577088832855225,0.23732957243919373,0.23786243796348572,0.18371821691592535
conv,1,ensemble,train_055,3,0.23533313473065695,0.13361760477224985,0.22900270422299704,0.25638434787591297,0.14566223757962385
conv,1,ensemble,train_056,1,0.27726954221725464,0.15702968835830688,0.4132232666015625,0.06996455043554306,0.08251293846115004
conv,1,ensemble,train_057,1,0.1080652301510175,0.28700590630372363,0.20353416601816812,0.22513382136821747,0.17626090720295906
conv,1,ensemble,train_058,1,0.13108599682648978,0.23376588026682535,0.25778355201085407,0.20729413131872812,0.1700704333682855
conv,1,ensemble,train_059,2,0.41415204604466754,0.13517659902572632,0.12231930842002232,0.15740486482779184,0.1709471419453621
conv,1,ensemble,train_060,3,0.16457110146681467,0.19388927519321442,0.2396247684955597,0.2156315098206202,0.1862833226720492
conv,1,ensemble,train_061,2,0.1428286557396253,0.20299622416496277,0.23631505171457926,0.22333595156669617,0.19452413668235144
conv,1,ensemble,train_062,3,0.1884457916021347,0.26464826862017315,0.21780182917912802,0.1483811636765798,0.1807229295372963
conv,1,ensemble,train_063,2,0.2402320255835851,0.2534252454837163,0.10033313930034637,0.14881298194328943,0.2571966350078583
conv,1,ensemble,train_064,2,0.14571337650219598,0.20585658152898154,0.3064737220605214,0.18108278016249338,0.1608735409875711
conv,1,ensemble,train_065,3,0.1866413652896881,0.22182407478491464,0.30161693692207336,0.16902081171671549,0.120896827429533
conv,1,ensemble,train_066,2,0.1005761648217837,0.1695361758271853,0.33328039447466534,0.28666943808396655,0.10993786652882893
conv,1,ensemble,train_067,3,0.23223341504732767,0.11880076304078102,0.4580986102422078,0.11066928133368492,0.08019792661070824
conv,1,ensemble,train_068,3,0.13331617911656699,0.30540816485881805,0.35057538747787476,0.1343367559214433,0.07636349648237228
conv,1,ensemble,train_069,2,0.24543334543704987,0.1650250976284345,0.2504773984352748,0.18426624437173209,0.15479793523748717
conv,1,ensemble,train_070,2,0.23289328316847482,0.1330931062499682,0.47272545099258423,0.08303346671164036,0.07825470688597609
conv,1,ensemble,train_071,4,0.12308678030967712,0.18046212196350098,0.25169576704502106,0.22250981132189432,0.22224550942579904
conv,1,ensemble,train_072,4,0.3885895808537801,0.19189142684141794,0.15305071820815405,0.12205081929763158,0.1444174349308014
conv,1,ensemble,train_073,2,0.1378884812196096,0.1873860110839208,0.2650345414876938,0.24486702680587769,0.16482392450173697
conv,1,ensemble,train_074,3,0.268261378010114,0.20766802628835043,0.3060469925403595,0.12186453243096669,0.09615909680724144
conv,1,ensemble,train_075,2,0.12167659805466731,0.36494284868240356,0.17973842720190683,0.15381274123986563,0.17982937643925348
conv,1,ensemble,train_076,2,0.23492159942785898,0.3969019850095113,0.15649396677811941,0.11215627814332645,0.09952617064118385
conv,1,ensemble,train_077,3,0.13314412534236908,0.22005223234494528,0.2807326813538869,0.21443815529346466,0.15163279821475348
conv,1,ensemble,train_078,3,0.2529076238473256,0.39032721022764844,0.12021709109346072,0.1178570327659448,0.11869107248882453
conv,1,ensemble,train_079,2,0.18183439845840135,0.32007251183191937,0.1850500081976255,0.07718405251701672,0.23585904141267142
conv,1,ensemble,train_080,1,0.25749602417151135,0.2736096829175949,0.22401650746663412,0.11174314344922702,0.1331346444785595
conv,1,ensemble,train_081,3,0.2087975094715754,0.23633541663487753,0.30715034902095795,0.14068931248039007,0.10702738771215081
conv,1,ensemble,train_082,3,0.16288014501333237,0.3816280663013458,0.16900835434595743,0.12565567841132483,0.1608277509609858
conv,1,ensemble,train_083,1,0.4936390519142151,0.377076119184494,0.08363387857874234,0.027593523263931274,0.01805742216917376
conv,1,ensemble,train_084,5,0.10330707455674808,0.3054187347491582,0.2233983278274536,0.19568736851215363,0.1721884806950887
conv,1,ensemble,train_085,3,0.09032681087652843,0.4845765680074692,0.11836172640323639,0.09034975742300351,0.21638516895473003
conv,1,ensemble,train_086,2,0.5611054797967275,0.302969366312027,0.06901131508251031,0.038598301354795694,0.028315535668904584
conv,1,ensemble,train_087,3,0.17161445319652557,0.12368447830279668,0.33723321557044983,0.2775170107682546,0.08995082850257556
conv,1,ensemble,train_088,2,0.20378145823876062,0.30936671296755475,0.1735303004582723,0.08143370132893324,0.23188783725102743
conv,1,ensemble,train_089,2,0.25638827681541443,0.17259935289621353,0.0666852816939354,0.1749049723148346,0.32942211627960205
conv,1,ensemble,train_090,4,0.13051010109484196,0.1494776333371798,0.06562465118865173,0.0726698525249958,0.5817177593708038
conv,1,ensemble,train_091,2,0.17601516346136728,0.21139775216579437,0.2589118580023448,0.15640659630298615,0.1972686449686686
conv,1,ensemble,train_092,2,0.13040168831745783,0.2203620026508967,0.2640351553757985,0.22874859968821207,0.1564525713523229
conv,1,ensemble,train_093,3,0.08155174894879262,0.24378842612107596,0.09741820643345515,0.13868410605937243,0.43855751554171246
conv,1,ensemble,train_094,3,0.2868143965800603,0.28645401696364087,0.16885212560494742,0.13748109030226865,0.12039842767020066
conv,1,ensemble,train_095,3,0.0666132898380359,0.15306724111239114,0.2827989359696706,0.2478323976198832,0.24968810876210532
conv,1,ensemble,train_096,2,0.11181959323585033,0.24027355511983237,0.18111650149027506,0.17435429990291595,0.29243606328964233
conv,1,ensemble,train_097,3,0.2975233892599742,0.2806347608566284,0.19849002858002981,0.08428576961159706,0.13906608149409294
conv,1,ensemble,train_098,1,0.12885361661513647,0.2017954687277476,0.2648257215817769,0.22592540085315704,0.17859979470570883
conv,1,ensemble,train_099,3,0.14958755671977997,0.1838982899983724,0.281339372197787,0.2353095312913259,0.14986524979273477
conv,1,ensemble,train_100,5,0.10226405163606007,0.2061289648214976,0.1982041895389557,0.216191033522288,0.2772117306788762
conv,1,ensemble,train_101,2,0.1312489757935206,0.1957330455382665,0.27773211896419525,0.22967966894308725,0.1656061957279841
conv,1,ensemble,train_102,2,0.13496314734220505,0.21665117144584656,0.39996808767318726,0.14318271478017172,0.10523489738504092
conv,1,ensemble,train_103,3,0.07964813026289146,0.12754309301575026,0.24616252382596335,0.3274021198352178,0.2192441647251447
conv,1,ensemble,train_104,1,0.14663190642992655,0.19828467071056366,0.3027923256158829,0.19258274137973785,0.15970832031841078
conv,1,ensemble,train_105,4,0.16243177900711694,0.2131355901559194,0.1574286868174871,0.17572674651940665,0.29127716024716693
conv,1,ensemble,train_106,1,0.4452412227789561,0.20388239125410715,0.12974150975545248,0.0882609374821186,0.1328739399711291
conv,1,ensemble,train_107,3,0.17759535710016885,0.13319583733876547,0.544021874666214,0.06834477682908376,0.07684216807441165
conv,1,ensemble,train_108,1,0.24763676027456918,0.1530610273281733,0.26259513199329376,0.18097220361232758,0.15573487679163614
conv,1,ensemble,train_109,3,0.21408424774805704,0.22083214422067007,0.28615393737951916,0.15851564705371857,0.12041405246903499
conv,1,ensemble,train_110,1,0.3930146594842275,0.29856202006340027,0.08605899910132091,0.10833842555681865,0.11402587468425433
conv,1,ensemble,train_111,3,0.23867062230904898,0.2146813819805781,0.29759981234868366,0.13617623349030814,0.11287194552520911
conv,1,ensemble,train_112,1,0.33816275497277576,0.3004119048515956,0.15417866160472235,0.11808745128413041,0.08915925491601229
conv,1,ensemble,train_113,3,0.11625897015134494,0.1413703958193461,0.085255591198802,0.16324334839979807,0.49387166897455853
conv,1,ensemble,train_114,3,0.1283844287196795,0.19480019311110178,0.27068262298901874,0.24754981696605682,0.15858294814825058
conv,1,ensemble,train_115,3,0.13455439607302347,0.20448775589466095,0.3009401361147563,0.21999230980873108,0.1400254120429357
conv,1,ensemble,train_116,4,0.1425959716240565,0.2308043191830317,0.2809901436169942,0.2454436719417572,0.10016591536502044
conv,1,ensemble,train_117,1,0.6329664587974548,0.2796284258365631,0.05825923507412275,0.013874572856972614,0.015271335823247986
conv,1,ensemble,train_118,2,0.15189342697461447,0.17252136766910553,0.22426462670167288,0.26123659312725067,0.19008399173617363
conv,1,ensemble,train_119,2,0.13626993944247565,0.17755689720312753,0.22945272425810495,0.25478046635786694,0.20193998018900552
conv,1,ensemble,train_120,5,0.13454758127530417,0.21641684571901956,0.270286684234937,0.22276858985424042,0.1559802566965421
conv,2,42,train_001,2,0.5666294693946838,0.37408730387687683,0.047977082431316376,0.008472760207951069,0.0028333785012364388
conv,2,42,train_002,5,0.11742257326841354,0.19525876641273499,0.221781387925148,0.2550937235355377,0.21044355630874634
conv,2,42,train_003,2,0.1792646050453186,0.17127825319766998,0.29132577776908875,0.24280156195163727,0.1153298169374466
conv,2,42,train_004,4,0.1544763594865799,0.17865431308746338,0.2542478144168854,0.22657209634780884,0.1860494464635849
conv,2,42,train_005,5,0.14999699592590332,0.21789149940013885,0.21704630553722382,0.22916868329048157,0.18589656054973602
conv,2,42,train_006,2,0.1429036557674408,0.21650642156600952,0.2254321426153183,0.23447981476783752,0.18067795038223267
conv,2,42,train_007,2,0.11100652068853378,0.2842157781124115,0.32293587923049927,0.2247772365808487,0.057064611464738846
conv,2,42,train_008,5,0.1666349470615387,0.18267536163330078,0.24395087361335754,0.22142808139324188,0.18531081080436707
conv,2,42,train_009,3,0.1350458711385727,0.1451527178287506,0.30581554770469666,0.2812739312648773,0.13271193206310272
conv,2,42,train_010,2,0.11586820334196091,0.16860464215278625,0.24785707890987396,0.28166159987449646,0.1860085129737854
conv,2,42,train_011,3,0.2650705873966217,0.3272736668586731,0.2704029381275177,0.12725882232189178,0.009993975050747395
conv,2,42,train_012,5,0.14424677193164825,0.18545736372470856,0.2288847267627716,0.2637847065925598,0.17762644588947296
conv,2,42,train_013,2,0.05771089345216751,0.20074914395809174,0.2469591349363327,0.3391435742378235,0.15543724596500397
conv,2,42,train_014,5,0.15625272691249847,0.18261854350566864,0.2420983761548996,0.22568489611148834,0.19334553182125092
conv,2,42,train_015,3,0.15951308608055115,0.19625471532344818,0.28155213594436646,0.22497525811195374,0.13770480453968048
conv,2,42,train_016,4,0.08328256011009216,0.17548760771751404,0.32556065917015076,0.2963930666446686,0.11927607655525208
conv,2,42,train_017,2,0.3993458151817322,0.30298101902008057,0.23635289072990417,0.05233033373951912,0.008989970199763775
conv,2,42,train_018,5,0.1911236196756363,0.24476312100887299,0.1995905637741089,0.2026856541633606,0.16183705627918243
conv,2,42,train_019,3,0.16073966026306152,0.1800173670053482,0.24911557137966156,0.22465194761753082,0.18547554314136505
conv,2,42,train_020,2,0.17218872904777527,0.33105960488319397,0.2908564507961273,0.1753111332654953,0.03058410994708538
conv,2,42,train_021,5,0.10566840320825577,0.14156407117843628,0.272222101688385,0.4276048243045807,0.05294056981801987
conv,2,42,train_022,4,0.16514423489570618,0.25042951107025146,0.16885967552661896,0.20512036979198456,0.21044626832008362
conv,2,42,train_023,3,0.14262917637825012,0.21326081454753876,0.21817664802074432,0.23399221897125244,0.19194112718105316
conv,2,42,train_024,5,0.20199847221374512,0.638207197189331,0.11225076764822006,0.039262935519218445,0.008280604146420956
conv,2,42,train_025,5,0.07774072140455246,0.17865748703479767,0.1778177171945572,0.2354487180709839,0.3303353786468506
conv,2,42,train_026,3,0.15294788777828217,0.21410143375396729,0.21906797587871552,0.23116889595985413,0.18271379172801971
conv,2,42,train_027,2,0.3448883593082428,0.28185203671455383,0.16436411440372467,0.1288737654685974,0.08002173155546188
conv,2,42,train_028,4,0.11031870543956757,0.17205657064914703,0.34599775075912476,0.33332106471061707,0.03830590844154358
conv,2,42,train_029,2,0.21670633554458618,0.19510523974895477,0.24121223390102386,0.1918686032295227,0.15510761737823486
conv,2,42,train_030,5,0.0844377875328064,0.1994861215353012,0.09781493246555328,0.1994790881872177,0.418782114982605
conv,2,42,train_031,4,0.08666466921567917,0.20005865395069122,0.2684551179409027,0.3375306725502014,0.10729091614484787
conv,2,42,train_032,3,0.03196380287408829,0.14088545739650726,0.06062799692153931,0.2496088147163391,0.5169139504432678
conv,2,42,train_033,1,0.42996057868003845,0.3005253076553345,0.12552538514137268,0.09327308088541031,0.05071568489074707
conv,2,42,train_034,2,0.06709962338209152,0.19145216047763824,0.18212316930294037,0.410688579082489,0.14863644540309906
conv,2,42,train_035,2,0.3424172103404999,0.27945783734321594,0.1656598150730133,0.13292232155799866,0.07954280078411102
conv,2,42,train_036,2,0.1378682255744934,0.16077233850955963,0.30188730359077454,0.25917041301727295,0.1403016597032547
conv,2,42,train_037,2,0.07279986143112183,0.23180586099624634,0.07341809570789337,0.12857785820960999,0.4933983087539673
conv,2,42,train_038,3,0.17183607816696167,0.18940642476081848,0.23153094947338104,0.21786780655384064,0.18935877084732056
conv,2,42,train_039,3,0.17545199394226074,0.2260715663433075,0.2078099548816681,0.21810448169708252,0.17256195843219757
conv,2,42,train_040,2,0.10750798881053925,0.2878262400627136,0.14845870435237885,0.17422400414943695,0.28198301792144775
conv,2,42,train_041,3,0.17321006953716278,0.13341954350471497,0.47998490929603577,0.2020823359489441,0.011303171515464783
conv,2,42,train_042,2,0.27649861574172974,0.19634178280830383,0.28045356273651123,0.08960345387458801,0.15710261464118958
conv,2,42,train_043,4,0.09533333033323288,0.14425209164619446,0.25947821140289307,0.3091215491294861,0.19181481003761292
conv,2,42,train_044,3,0.1986815184354782,0.13614465296268463,0.5196057558059692,0.13439878821372986,0.01116926223039627
conv,2,42,train_045,3,0.09930625557899475,0.14372439682483673,0.2609419524669647,0.3115544319152832,0.1844729334115982
conv,2,42,train_046,4,0.11770448088645935,0.1425582319498062,0.2938167452812195,0.2931092381477356,0.15281130373477936
conv,2,42,train_047,2,0.1553298681974411,0.17236891388893127,0.2934659719467163,0.24795415997505188,0.13088108599185944
conv,2,42,train_048,4,0.1552836298942566,0.17970214784145355,0.24873709678649902,0.22703279554843903,0.18924430012702942
conv,2,42,train_049,2,0.14785796403884888,0.21837686002254486,0.22316031157970428,0.22849373519420624,0.18211118876934052
conv,2,42,train_050,4,0.14358602464199066,0.21319691836833954,0.2249978631734848,0.23391981422901154,0.18429937958717346
conv,2,42,train_051,3,0.27918514609336853,0.13094110786914825,0.4841761887073517,0.1007785052061081,0.004919091705232859
conv,2,42,train_052,3,0.11269710212945938,0.1311907023191452,0.27734607458114624,0.3197541832923889,0.15901191532611847
conv,2,42,train_053,3,0.18044129014015198,0.17944519221782684,0.32023102045059204,0.21369433403015137,0.10618815571069717
conv,2,42,train_054,2,0.12990686297416687,0.19603188335895538,0.27121084928512573,0.3033779561519623,0.09947244077920914
conv,2,42,train_055,3,0.15643183887004852,0.18035998940467834,0.24718894064426422,0.22634758055210114,0.18967172503471375
conv,2,42,train_056,1,0.1600310504436493,0.1551973670721054,0.31258368492126465,0.25434228777885437,0.11784569174051285
conv,2,42,train_057,1,0.1460406631231308,0.21422117948532104,0.22360730171203613,0.2334635853767395,0.18266721069812775
conv,2,42,train_058,1,0.1545475423336029,0.2192198932170868,0.21974095702171326,0.22991275787353516,0.1765788346529007
conv,2,42,train_059,2,0.24384941160678864,0.239115372300148,0.18888822197914124,0.19089210033416748,0.13725486397743225
conv,2,42,train_060,3,0.17543095350265503,0.22626225650310516,0.21184401214122772,0.21863994002342224,0.16782280802726746
conv,2,42,train_061,2,0.1643918752670288,0.18171289563179016,0.2461058348417282,0.22361961007118225,0.184169739484787
conv,2,42,train_062,3,0.18349365890026093,0.3223888576030731,0.31918802857398987,0.13864518702030182,0.03628435358405113
conv,2,42,train_063,2,0.27758991718292236,0.4511958062648773,0.18485590815544128,0.06876018643379211,0.017598161473870277
conv,2,42,train_064,2,0.16055001318454742,0.18069453537464142,0.25044018030166626,0.22394785284996033,0.18436741828918457
conv,2,42,train_065,3,0.1589760035276413,0.16582652926445007,0.2881004512310028,0.2613207995891571,0.12577620148658752
conv,2,42,train_066,2,0.09055155515670776,0.1802310198545456,0.2825121283531189,0.38847556710243225,0.0582297220826149
conv,2,42,train_067,3,0.41621145606040955,0.1669960767030716,0.2982487678527832,0.11374139785766602,0.004802296869456768
conv,2,42,train_068,3,0.1616634577512741,0.15364539623260498,0.5151582956314087,0.15857256948947906,0.010960238985717297
conv,2,42,train_069,2,0.2009141743183136,0.23492524027824402,0.19869987666606903,0.20630133152008057,0.15915937721729279
conv,2,42,train_070,2,0.16445599496364594,0.1819288730621338,0.24815940856933594,0.2215493619441986,0.18390627205371857
conv,2,42,train_071,4,0.16053180396556854,0.18544939160346985,0.24046047031879425,0.2224397212266922,0.19111864268779755
conv,2,42,train_072,4,0.44840383529663086,0.2178100049495697,0.13402798771858215,0.1208685114979744,0.07888965308666229
conv,2,42,train_073,2,0.10724439471960068,0.13596348464488983,0.25827756524086,0.32046276330947876,0.17805179953575134
conv,2,42,train_074,3,0.16424550116062164,0.22744321823120117,0.23335421085357666,0.21727749705314636,0.15767957270145416
conv,2,42,train_075,2,0.16888287663459778,0.24189913272857666,0.21411097049713135,0.21207062900066376,0.16303642094135284
conv,2,42,train_076,2,0.19340266287326813,0.4917311668395996,0.0683179572224617,0.09623203426599503,0.15031616389751434
conv,2,42,train_077,3,0.11098508536815643,0.15600892901420593,0.27242645621299744,0.2899821102619171,0.17059741914272308
conv,2,42,train_078,3,0.2767082154750824,0.3004077076911926,0.19318661093711853,0.13617126643657684,0.09352617710828781
conv,2,42,train_079,2,0.18909795582294464,0.2613842189311981,0.23071712255477905,0.16293515264987946,0.1558655947446823
conv,2,42,train_080,1,0.16520774364471436,0.5586180090904236,0.20558346807956696,0.05245206132531166,0.018138663843274117
conv,2,42,train_081,3,0.20419177412986755,0.1219971552491188,0.6274812817573547,0.04394207522273064,0.002387670101597905
conv,2,42,train_082,3,0.0837857723236084,0.31341713666915894,0.05173701420426369,0.15124152600765228,0.3998185694217682
conv,2,42,train_083,1,0.6742606163024902,0.2698698937892914,0.04905502498149872,0.006567127071321011,0.00024729323922656476
conv,2,42,train_084,5,0.029453130438923836,0.14610308408737183,0.2070900946855545,0.2870384454727173,0.3303152322769165
conv,2,42,train_085,3,0.03315027430653572,0.17317382991313934,0.03509655222296715,0.15344345569610596,0.6051359176635742
conv,2,42,train_086,2,0.3023585379123688,0.6522797346115112,0.04011152684688568,0.005036419723182917,0.00021374417701736093
conv,2,42,train_087,3,0.15882061421871185,0.18342050909996033,0.2437697947025299,0.22429874539375305,0.1896902620792389
conv,2,42,train_088,2,0.2191019058227539,0.2691408097743988,0.20321416854858398,0.178606316447258,0.1299367994070053
conv,2,42,train_089,2,0.18642371892929077,0.19082440435886383,0.23491957783699036,0.21262206137180328,0.1752101480960846
conv,2,42,train_090,4,0.238343745470047,0.2647756040096283,0.1818394958972931,0.1741706132888794,0.140870600938797
conv,2,42,train_091,2,0.1886589080095291,0.16531777381896973,0.5195919871330261,0.10938164591789246,0.017049673944711685
conv,2,42,train_092,2,0.11177997291088104,0.15662746131420135,0.2628486752510071,0.2966257929801941,0.17211812734603882
conv,2,42,train_093,3,0.16218657791614532,0.18172971904277802,0.24833296239376068,0.22362272441387177,0.1841280162334442
conv,2,42,train_094,3,0.17784881591796875,0.188173308968544,0.23922359943389893,0.21421067416667938,0.18054360151290894
conv,2,42,train_095,3,0.028520790860056877,0.1374501734972,0.21329845488071442,0.3051470220088959,0.3155834972858429
conv,2,42,train_096,2,0.16175523400306702,0.1804969608783722,0.24409455060958862,0.2252269685268402,0.18842627108097076
conv,2,42,train_097,3,0.3347449004650116,0.36816203594207764,0.13225610554218292,0.09022491425275803,0.07461202144622803
conv,2,42,train_098,1,0.09870278090238571,0.15017542243003845,0.24566341936588287,0.3039860129356384,0.20147234201431274
conv,2,42,train_099,3,0.11940204352140427,0.19354477524757385,0.28445419669151306,0.3380254805088043,0.0645735040307045
conv,2,42,train_100,5,0.16417621076107025,0.18250001966953278,0.24576544761657715,0.22319072484970093,0.18436752259731293
conv,2,42,train_101,2,0.15832580626010895,0.18263958394527435,0.24494096636772156,0.22502699494361877,0.18906666338443756
conv,2,42,train_102,2,0.08651912212371826,0.29229602217674255,0.2794295847415924,0.24765519797801971,0.09410011768341064
conv,2,42,train_103,3,0.14757539331912994,0.2097802758216858,0.22062619030475616,0.23557811975479126,0.18644005060195923
conv,2,42,train_104,1,0.16733518242835999,0.1367502510547638,0.4581320285797119,0.22659456729888916,0.011188006959855556
conv,2,42,train_105,4,0.1818820834159851,0.2274584174156189,0.21186667680740356,0.21552295982837677,0.16326983273029327
conv,2,42,train_106,1,0.47002166509628296,0.40707215666770935,0.10111623257398605,0.02041570656001568,0.0013741992879658937
conv,2,42,train_107,3,0.31304192543029785,0.22380121052265167,0.372467577457428,0.08598948270082474,0.004699828568845987
conv,2,42,train_108,1,0.18256330490112305,0.13564369082450867,0.49330440163612366,0.17017430067062378,0.018314337357878685
conv,2,42,train_109,3,0.35274526476860046,0.3066641688346863,0.26691192388534546,0.07009236514568329,0.003586262697353959
conv,2,42,train_110,1,0.335234671831131,0.27576005458831787,0.16708211600780487,0.13641047477722168,0.08551262319087982
conv,2,42,train_111,3,0.17241084575653076,0.23445184528827667,0.2233070284128189,0.21216531097888947,0.15766504406929016
conv,2,42,train_112,1,0.19302406907081604,0.1950773149728775,0.23425905406475067,0.20544594526290894,0.17219364643096924
conv,2,42,train_113,3,0.16566476225852966,0.18660274147987366,0.23608537018299103,0.22156596183776855,0.19008110463619232
conv,2,42,train_114,3,0.10435432940721512,0.21772471070289612,0.27708086371421814,0.33216533064842224,0.06867479532957077
conv,2,42,train_115,3,0.1553187370300293,0.17877939343452454,0.2511153221130371,0.22709520161151886,0.18769137561321259
conv,2,42,train_116,4,0.17239797115325928,0.1839238852262497,0.2733156681060791,0.3389093577861786,0.03145309537649155
conv,2,42,train_117,1,0.20670552551746368,0.19807061553001404,0.2373742312192917,0.19526463747024536,0.16258502006530762
conv,2,42,train_118,2,0.15733756124973297,0.17939941585063934,0.24720241129398346,0.22793753445148468,0.1881231665611267
conv,2,42,train_119,2,0.07945934683084488,0.3137234151363373,0.26680999994277954,0.2286696434020996,0.11133766174316406
conv,2,42,train_120,5,0.013362133875489235,0.0645596832036972,0.1181734949350357,0.21639536321163177,0.5875093340873718
conv,2,7,train_001,2,0.5553929805755615,0.3863503932952881,0.0509549118578434,0.0025391888339072466,0.004762537311762571
conv,2,7,train_002,5,0.1359451711177826,0.24330687522888184,0.20661857724189758,0.19658628106117249,0.21754300594329834
conv,2,7,train_003,2,0.14420510828495026,0.23152358829975128,0.22303426265716553,0.19498804211616516,0.20624904334545135
conv,2,7,train_004,4,0.20271316170692444,0.1646633744239807,0.2994518280029297,0.23287129402160645,0.10030032694339752
conv,2,7,train_005,5,0.017316635698080063,0.23826108872890472,0.15487153828144073,0.3390931487083435,0.2504575550556183
conv,2,7,train_006,2,0.038176167756319046,0.333031564950943,0.2140164077281952,0.33383235335350037,0.0809435099363327
conv,2,7,train_007,2,0.1344985067844391,0.24478819966316223,0.25900426506996155,0.2058897763490677,0.15581928193569183
conv,2,7,train_008,5,0.20710331201553345,0.14313621819019318,0.13852891325950623,0.32780003547668457,0.1834315061569214
conv,2,7,train_009,3,0.12439894676208496,0.21418429911136627,0.23828548192977905,0.21285465359687805,0.21027669310569763
conv,2,7,train_010,2,0.12925411760807037,0.23092034459114075,0.2193712741136551,0.20223164558410645,0.21822254359722137
conv,2,7,train_011,3,0.1350914090871811,0.24798841774463654,0.25743886828422546,0.2043399214744568,0.15514139831066132
conv,2,7,train_012,5,0.14744703471660614,0.24382346868515015,0.20176933705806732,0.19491146504878998,0.21204876899719238
conv,2,7,train_013,2,0.12369544059038162,0.24188494682312012,0.26336342096328735,0.20582960546016693,0.16522660851478577
conv,2,7,train_014,5,0.09356092661619186,0.11364667117595673,0.06678128987550735,0.39901313185691833,0.3269979953765869
conv,2,7,train_015,3,0.13441279530525208,0.2352728396654129,0.22686287760734558,0.1916845291852951,0.21176697313785553
conv,2,7,train_016,4,0.09404543787240982,0.21970921754837036,0.35156315565109253,0.21660582721233368,0.11807634681463242
conv,2,7,train_017,2,0.22779373824596405,0.34001296758651733,0.18215250968933105,0.12678754329681396,0.1232532262802124
conv,2,7,train_018,5,0.019970480352640152,0.30072298645973206,0.0885726734995842,0.1737722009420395,0.4169616997241974
conv,2,7,train_019,3,0.21860696375370026,0.18994496762752533,0.24406588077545166,0.22786831855773926,0.1195138618350029
conv,2,7,train_020,2,0.1245507150888443,0.23702023923397064,0.2625073492527008,0.2047198861837387,0.17120175063610077
conv,2,7,train_021,5,0.12952931225299835,0.2096414715051651,0.37457823753356934,0.2200557440519333,0.06619519740343094
conv,2,7,train_022,4,0.22102674841880798,0.28996458649635315,0.15692833065986633,0.14759007096290588,0.18449033796787262
conv,2,7,train_023,3,0.009934765286743641,0.2788466513156891,0.12476398050785065,0.1727999448776245,0.4136546552181244
conv,2,7,train_024,5,0.2091405987739563,0.31153154373168945,0.1893717497587204,0.15525998175144196,0.13469615578651428
conv,2,7,train_025,5,0.15279246866703033,0.22176994383335114,0.3597351014614105,0.15181608498096466,0.11388637125492096
conv,2,7,train_026,3,0.08341214060783386,0.1521141529083252,0.27711963653564453,0.40238356590270996,0.08497048914432526
conv,2,7,train_027,2,0.11894598603248596,0.6472437381744385,0.06684275716543198,0.054611921310424805,0.11235560476779938
conv,2,7,train_028,4,0.11813894659280777,0.222992405295372,0.45351770520210266,0.15578284859657288,0.04956807196140289
conv,2,7,train_029,2,0.2975669205188751,0.5365727543830872,0.09583984315395355,0.03122696280479431,0.03879358991980553
conv,2,7,train_030,5,0.18405424058437347,0.2629883885383606,0.25597262382507324,0.13147103786468506,0.16551372408866882
conv,2,7,train_031,4,0.12614844739437103,0.22954730689525604,0.25803062319755554,0.21770955622196198,0.1685640662908554
conv,2,7,train_032,3,0.08429867774248123,0.21794024109840393,0.2147529274225235,0.2701071500778198,0.21290098130702972
conv,2,7,train_033,1,0.3038034737110138,0.3429373800754547,0.12051404267549515,0.09958571940660477,0.13315942883491516
conv,2,7,train_034,2,0.08439772576093674,0.23107928037643433,0.29344579577445984,0.2587845027446747,0.1322927623987198
conv,2,7,train_035,2,0.3295971751213074,0.4778341054916382,0.046490609645843506,0.09324522316455841,0.05283285677433014
conv,2,7,train_036,2,0.12856443226337433,0.2222248762845993,0.23864737153053284,0.20105551183223724,0.20950788259506226
conv,2,7,train_037,2,0.11641424894332886,0.32329240441322327,0.10878284275531769,0.11739172786474228,0.3341187834739685
conv,2,7,train_038,3,0.18188178539276123,0.10316166281700134,0.0626283809542656,0.39244017004966736,0.25988802313804626
conv,2,7,train_039,3,0.05880183354020119,0.12021831423044205,0.17410849034786224,0.5332005620002747,0.11367078870534897
conv,2,7,train_040,2,0.23923252522945404,0.3445340096950531,0.14854753017425537,0.10703645646572113,0.1606493890285492
conv,2,7,train_041,3,0.13903707265853882,0.21601645648479462,0.43527737259864807,0.15758931636810303,0.052079856395721436
conv,2,7,train_042,2,0.3479337692260742,0.2819977104663849,0.23742525279521942,0.04527994617819786,0.08736328780651093
conv,2,7,train_043,4,0.11169183999300003,0.21503877639770508,0.23227541148662567,0.22011858224868774,0.22087536752223969
conv,2,7,train_044,3,0.17292749881744385,0.21891242265701294,0.44524621963500977,0.11166711896657944,0.051246777176856995
conv,2,7,train_045,3,0.1149081364274025,0.2160644829273224,0.23151147365570068,0.2194366753101349,0.21807923913002014
conv,2,7,train_046,4,0.11998432129621506,0.21161383390426636,0.24101954698562622,0.21576827764511108,0.21161392331123352
conv,2,7,train_047,2,0.13730059564113617,0.22955022752285004,0.22961366176605225,0.19618676602840424,0.2073488086462021
conv,2,7,train_048,4,0.16247348487377167,0.1342800259590149,0.17206670343875885,0.3626779019832611,0.16850189864635468
conv,2,7,train_049,2,0.01862414740025997,0.38364940881729126,0.19608838856220245,0.2632848620414734,0.13835319876670837
conv,2,7,train_050,4,0.014458205550909042,0.3466995656490326,0.14787167310714722,0.3036178648471832,0.18735267221927643
conv,2,7,train_051,3,0.21753516793251038,0.24045255780220032,0.43900078535079956,0.07187995314598083,0.03113153763115406
conv,2,7,train_052,3,0.11639280617237091,0.2072075456380844,0.232914999127388,0.2270648032426834,0.21641981601715088
conv,2,7,train_053,3,0.13981696963310242,0.23433761298656464,0.23407427966594696,0.18489417433738708,0.2068769931793213
conv,2,7,train_054,2,0.1313752979040146,0.22754961252212524,0.3465661108493805,0.179908886551857,0.1146000325679779
conv,2,7,train_055,3,0.23013083636760712,0.12825417518615723,0.22740651667118073,0.3058309257030487,0.10837752372026443
conv,2,7,train_056,1,0.12759357690811157,0.22026988863945007,0.2349977046251297,0.20560993254184723,0.21152888238430023
conv,2,7,train_057,1,0.026112640276551247,0.2955617904663086,0.19129911065101624,0.4068845212459564,0.08014187961816788
conv,2,7,train_058,1,0.06738424301147461,0.1705237478017807,0.2590758800506592,0.4486103057861328,0.054405830800533295
conv,2,7,train_059,2,0.1290193796157837,0.23927874863147736,0.06789419054985046,0.3110494017601013,0.25275829434394836
conv,2,7,train_060,3,0.09687425196170807,0.13128721714019775,0.22215981781482697,0.46636074781417847,0.08331803232431412
conv,2,7,train_061,2,0.11592403799295425,0.17053158581256866,0.09473682940006256,0.32267048954963684,0.2961370050907135
conv,2,7,train_062,3,0.1559840440750122,0.2715078592300415,0.2375597506761551,0.17622965574264526,0.1587187498807907
conv,2,7,train_063,2,0.22754739224910736,0.3519517779350281,0.16603811085224152,0.11149956285953522,0.14296315610408783
conv,2,7,train_064,2,0.22527913749217987,0.20176558196544647,0.3249208629131317,0.1609509289264679,0.08708351850509644
conv,2,7,train_065,3,0.13567310571670532,0.2272227704524994,0.22761379182338715,0.20200277864933014,0.20748761296272278
conv,2,7,train_066,2,0.09187700599431992,0.23081299662590027,0.35547131299972534,0.23335008323192596,0.08848867565393448
conv,2,7,train_067,3,0.14755043387413025,0.24942877888679504,0.24760034680366516,0.20022785663604736,0.15519258379936218
conv,2,7,train_068,3,0.14514374732971191,0.22749340534210205,0.47536033391952515,0.11038990318775177,0.04161259904503822
conv,2,7,train_069,2,0.16271473467350006,0.11163292825222015,0.2676001191139221,0.37383341789245605,0.08421875536441803
conv,2,7,train_070,2,0.28748300671577454,0.18284130096435547,0.3526880145072937,0.1251431703567505,0.051844533532857895
conv,2,7,train_071,4,0.1427920013666153,0.12502458691596985,0.10370927304029465,0.35282009840011597,0.27565398812294006
conv,2,7,train_072,4,0.43808484077453613,0.3028654158115387,0.1444249004125595,0.043355830013751984,0.07126903533935547
conv,2,7,train_073,2,0.12400566786527634,0.21078169345855713,0.22562375664710999,0.22299091517925262,0.21659792959690094
conv,2,7,train_074,3,0.2521425485610962,0.22948305308818817,0.4573235511779785,0.04552684724330902,0.015524010173976421
conv,2,7,train_075,2,0.0261821448802948,0.2675824463367462,0.17866544425487518,0.3472142815589905,0.18035560846328735
conv,2,7,train_076,2,0.3135557174682617,0.48061421513557434,0.07914257049560547,0.038595445454120636,0.0880921259522438
conv,2,7,train_077,3,0.11953050643205643,0.22269979119300842,0.23383589088916779,0.20873123407363892,0.21520265936851501
conv,2,7,train_078,3,0.18332995474338531,0.6910403966903687,0.06149349361658096,0.024854913353919983,0.03928125277161598
conv,2,7,train_079,2,0.2016020268201828,0.29686689376831055,0.18858841061592102,0.13081181049346924,0.18213090300559998
conv,2,7,train_080,1,0.18906638026237488,0.3111558258533478,0.20753982663154602,0.15035974979400635,0.14187821745872498
conv,2,7,train_081,3,0.23045851290225983,0.2693394422531128,0.45697879791259766,0.0281312745064497,0.015091932378709316
conv,2,7,train_082,3,0.19711413979530334,0.40000244975090027,0.09917072206735611,0.08978722989559174,0.21392545104026794
conv,2,7,train_083,1,0.34723201394081116,0.4453335702419281,0.08500898629426956,0.057432640343904495,0.06499279290437698
conv,2,7,train_084,5,0.1246652603149414,0.23408055305480957,0.25964653491973877,0.21128132939338684,0.1703263223171234
conv,2,7,train_085,3,0.15353697538375854,0.2917124927043915,0.2853262722492218,0.14554108679294586,0.12388312071561813
conv,2,7,train_086,2,0.32854998111724854,0.4779949188232422,0.08479399979114532,0.052886053919792175,0.055774979293346405
conv,2,7,train_087,3,0.25015491247177124,0.13209812343120575,0.22295041382312775,0.27910950779914856,0.1156870499253273
conv,2,7,train_088,2,0.2281053364276886,0.38082024455070496,0.1699453890323639,0.08060894906520844,0.1405201107263565
conv,2,7,train_089,2,0.20384874939918518,0.1879647821187973,0.03427455574274063,0.31740543246269226,0.2565065026283264
conv,2,7,train_090,4,0.018440308049321175,0.2740379571914673,0.08961164951324463,0.10645297914743423,0.511457085609436
conv,2,7,train_091,2,0.16825416684150696,0.2470303475856781,0.4064985513687134,0.10376126319169998,0.07445571571588516
conv,2,7,train_092,2,0.12032048404216766,0.2219114452600479,0.23062416911125183,0.2136470228433609,0.21349689364433289
conv,2,7,train_093,3,0.07661395519971848,0.19073964655399323,0.08670663833618164,0.27141261100769043,0.3745271563529968
conv,2,7,train_094,3,0.4032987058162689,0.2454601675271988,0.12147703766822815,0.13545134663581848,0.09431269019842148
conv,2,7,train_095,3,0.12269914895296097,0.2395888715982437,0.26402491331100464,0.2038298398256302,0.1698572188615799
conv,2,7,train_096,2,0.0800846591591835,0.13796085119247437,0.06589995324611664,0.37477633357048035,0.3412781357765198
conv,2,7,train_097,3,0.2594289481639862,0.36936256289482117,0.13282863795757294,0.0937785655260086,0.1446012556552887
conv,2,7,train_098,1,0.1250438541173935,0.2187240719795227,0.22461655735969543,0.21679939329624176,0.214816153049469
conv,2,7,train_099,3,0.12832625210285187,0.23414768278598785,0.25896602869033813,0.2140236496925354,0.16453641653060913
conv,2,7,train_100,5,0.06240715831518173,0.16004987061023712,0.05234171822667122,0.30159226059913635,0.4236089587211609
conv,2,7,train_101,2,0.16350600123405457,0.15792755782604218,0.16444924473762512,0.32137423753738403,0.19274300336837769
conv,2,7,train_102,2,0.11989400535821915,0.2344019114971161,0.26246872544288635,0.20469556748867035,0.17853978276252747
conv,2,7,train_103,3,0.028699390590190887,0.2072199285030365,0.15348663926124573,0.49609386920928955,0.1145002469420433
conv,2,7,train_104,1,0.14833129942417145,0.2215741127729416,0.4685467481613159,0.12672355771064758,0.03482431918382645
conv,2,7,train_105,4,0.029520537704229355,0.18384501338005066,0.12456605583429337,0.17645058035850525,0.48561787605285645
conv,2,7,train_106,1,0.22339549660682678,0.31613844633102417,0.18432854115962982,0.14968785643577576,0.12644965946674347
conv,2,7,train_107,3,0.1507565975189209,0.2701450288295746,0.2471427321434021,0.1791568547487259,0.15279880166053772
conv,2,7,train_108,1,0.17749568819999695,0.21002456545829773,0.45816755294799805,0.10828854143619537,0.04602361097931862
conv,2,7,train_109,3,0.14796163141727448,0.25911465287208557,0.24672812223434448,0.19441519677639008,0.1517803966999054
conv,2,7,train_110,1,0.09456612169742584,0.5407482385635376,0.07932710647583008,0.1122172400355339,0.17314133048057556
conv,2,7,train_111,3,0.18074655532836914,0.21149942278862,0.42723414301872253,0.14273765683174133,0.03778226673603058
conv,2,7,train_112,1,0.4801693856716156,0.33745846152305603,0.10970417410135269,0.04211847484111786,0.03054954670369625
conv,2,7,train_113,3,0.10018123686313629,0.11874724179506302,0.04387427493929863,0.3841162621974945,0.35308101773262024
conv,2,7,train_114,3,0.12005271762609482,0.23200450837612152,0.2648627758026123,0.2142578512430191,0.16882212460041046
conv,2,7,train_115,3,0.16012489795684814,0.15682709217071533,0.2083950787782669,0.3213951289653778,0.15325778722763062
conv,2,7,train_116,4,0.12567156553268433,0.23205792903900146,0.25935402512550354,0.2199227511882782,0.16299369931221008
conv,2,7,train_117,1,0.5083132982254028,0.39549368619918823,0.037485841661691666,0.03190184757113457,0.026805264875292778
conv,2,7,train_118,2,0.15105709433555603,0.1559191644191742,0.1284996122121811,0.3496639132499695,0.21486015617847443
conv,2,7,train_119,2,0.12443090975284576,0.24007657170295715,0.2598215639591217,0.20242096483707428,0.1732499748468399
conv,2,7,train_120,5,0.12826764583587646,0.24104250967502594,0.2601533532142639,0.20090723037719727,0.1696292906999588
conv,2,123,train_001,2,0.6603025794029236,0.2763083577156067,0.020206311717629433,0.022283032536506653,0.02089970000088215
conv,2,123,train_002,5,0.12420203536748886,0.1830814778804779,0.24700473248958588,0.2162654548883438,0.22944630682468414
conv,2,123,train_003,2,0.12695470452308655,0.1835024207830429,0.25174981355667114,0.22352167963981628,0.2142714112997055
conv,2,123,train_004,4,0.13451917469501495,0.2647640109062195,0.38892102241516113,0.12933073937892914,0.08246506750583649
conv,2,123,train_005,5,0.05666372552514076,0.15189963579177856,0.24853791296482086,0.3202030658721924,0.22269566357135773
conv,2,123,train_006,2,0.05148967728018761,0.1819777935743332,0.25430235266685486,0.30432212352752686,0.207908034324646
conv,2,123,train_007,2,0.1526743769645691,0.20124508440494537,0.24715556204319,0.19088533520698547,0.20803968608379364
conv,2,123,train_008,5,0.19199500977993011,0.19488376379013062,0.32192108035087585,0.15492327511310577,0.13627687096595764
conv,2,123,train_009,3,0.10723525285720825,0.16985365748405457,0.2684817910194397,0.2404995858669281,0.21392971277236938
conv,2,123,train_010,2,0.11576717346906662,0.17479507625102997,0.2530902028083801,0.22803659737110138,0.2283109426498413
conv,2,123,train_011,3,0.15947407484054565,0.20757447183132172,0.23713649809360504,0.19298183917999268,0.20283310115337372
conv,2,123,train_012,5,0.1379481703042984,0.17623744904994965,0.22677218914031982,0.22237801551818848,0.23666417598724365
conv,2,123,train_013,2,0.1301463395357132,0.21636635065078735,0.2563037872314453,0.18739062547683716,0.2097928524017334
conv,2,123,train_014,5,0.08365950733423233,0.19009247422218323,0.18360008299350739,0.29300233721733093,0.24964559078216553
conv,2,123,train_015,3,0.11824453622102737,0.18264511227607727,0.25569260120391846,0.2219383269548416,0.22147947549819946
conv,2,123,train_016,4,0.09360931068658829,0.16539150476455688,0.2791505455970764,0.2127901166677475,0.24905847012996674
conv,2,123,train_017,2,0.2767762541770935,0.27801811695098877,0.16850513219833374,0.12843042612075806,0.14827007055282593
conv,2,123,train_018,5,0.06812424957752228,0.18791064620018005,0.2198662906885147,0.21965382993221283,0.3044449985027313
conv,2,123,train_019,3,0.1274474710226059,0.2785149812698364,0.3802112936973572,0.11724468320608139,0.0965816080570221
conv,2,123,train_020,2,0.12683847546577454,0.18803811073303223,0.24440467357635498,0.19184499979019165,0.2488737404346466
conv,2,123,train_021,5,0.10165318101644516,0.1718948781490326,0.271384596824646,0.2469121217727661,0.20815524458885193
conv,2,123,train_022,4,0.22635892033576965,0.22228357195854187,0.16818168759346008,0.17382130026817322,0.20935463905334473
conv,2,123,train_023,3,0.044179148972034454,0.17459343373775482,0.23624271154403687,0.3071303069591522,0.23785440623760223
conv,2,123,train_024,5,0.3023275136947632,0.27660781145095825,0.1318826973438263,0.14329050481319427,0.1458914875984192
conv,2,123,train_025,5,0.14241363108158112,0.17699699103832245,0.251388281583786,0.18392203748226166,0.24527904391288757
conv,2,123,train_026,3,0.09857545047998428,0.14309383928775787,0.26506343483924866,0.29085126519203186,0.2024160474538803
conv,2,123,train_027,2,0.45744967460632324,0.3275633752346039,0.06666097044944763,0.06052951142191887,0.08779637515544891
conv,2,123,train_028,4,0.09376368671655655,0.18569155037403107,0.28960558772087097,0.227328822016716,0.2036103755235672
conv,2,123,train_029,2,0.12323371320962906,0.6294193863868713,0.18002702295780182,0.03110724315047264,0.036212582141160965
conv,2,123,train_030,5,0.17605279386043549,0.19939851760864258,0.2116631716489792,0.17171254754066467,0.24117304384708405
conv,2,123,train_031,4,0.15095755457878113,0.16500845551490784,0.2205803543329239,0.21870069205760956,0.24475301802158356
conv,2,123,train_032,3,0.11021896451711655,0.1797502040863037,0.2441791445016861,0.21870805323123932,0.24714364111423492
conv,2,123,train_033,1,0.3578711450099945,0.2792699635028839,0.10089318454265594,0.12130046635866165,0.140665203332901
conv,2,123,train_034,2,0.08677675575017929,0.1844392865896225,0.2658466100692749,0.23614901304244995,0.22678831219673157
conv,2,123,train_035,2,0.6364240646362305,0.22230249643325806,0.03590020537376404,0.04484580457210541,0.060527414083480835
conv,2,123,train_036,2,0.11109445244073868,0.17833320796489716,0.2679222524166107,0.22907701134681702,0.21357305347919464
conv,2,123,train_037,2,0.27205443382263184,0.2543569505214691,0.12408237904310226,0.12124629318714142,0.22825995087623596
conv,2,123,train_038,3,0.27158188819885254,0.11413479596376419,0.14806810021400452,0.19492319226264954,0.2712920606136322
conv,2,123,train_039,3,0.09730914235115051,0.13629642128944397,0.240650475025177,0.29571500420570374,0.23002895712852478
conv,2,123,train_040,2,0.2289302945137024,0.2792529761791229,0.1548379361629486,0.14984019100666046,0.1871386170387268
conv,2,123,train_041,3,0.12325480580329895,0.1860901415348053,0.26710045337677,0.21301625669002533,0.2105383276939392
conv,2,123,train_042,2,0.26412880420684814,0.19141091406345367,0.18427179753780365,0.1313527673482895,0.22883570194244385
conv,2,123,train_043,4,0.0979248657822609,0.16125322878360748,0.26752182841300964,0.24706600606441498,0.2262340933084488
conv,2,123,train_044,3,0.12614551186561584,0.18118540942668915,0.2653624415397644,0.2025723159313202,0.2247343212366104
conv,2,123,train_045,3,0.10044482350349426,0.16123104095458984,0.26301613450050354,0.2489190548658371,0.22638888657093048
conv,2,123,train_046,4,0.10271496325731277,0.1681312471628189,0.2709200084209442,0.24369125068187714,0.21454256772994995
conv,2,123,train_047,2,0.1208471730351448,0.18451595306396484,0.26042798161506653,0.2220083475112915,0.2122005671262741
conv,2,123,train_048,4,0.12750600278377533,0.24501945078372955,0.28786492347717285,0.23901066184043884,0.10059895366430283
conv,2,123,train_049,2,0.050710391253232956,0.19489112496376038,0.2625742554664612,0.2773045599460602,0.2145196795463562
conv,2,123,train_050,4,0.04716738313436508,0.1837044060230255,0.2502536177635193,0.31092569231987,0.20794887840747833
conv,2,123,train_051,3,0.1574718952178955,0.20010825991630554,0.25612324476242065,0.1897655874490738,0.1965310424566269
conv,2,123,train_052,3,0.10127401351928711,0.156027689576149,0.2627412974834442,0.25606870651245117,0.22388827800750732
conv,2,123,train_053,3,0.12054671347141266,0.19143785536289215,0.26436707377433777,0.21566960215568542,0.2079787701368332
conv,2,123,train_054,2,0.10781660676002502,0.16991111636161804,0.25111135840415955,0.21884125471115112,0.25231969356536865
conv,2,123,train_055,3,0.2443665713071823,0.1721833050251007,0.31114470958709717,0.1957196295261383,0.07658577710390091
conv,2,123,train_056,1,0.10982850939035416,0.17111480236053467,0.2632147967815399,0.23801027238368988,0.2178315818309784
conv,2,123,train_057,1,0.053111374378204346,0.1783341020345688,0.25451424717903137,0.3122243285179138,0.20181593298912048
conv,2,123,train_058,1,0.08397408574819565,0.1526755392551422,0.26481345295906067,0.2974153459072113,0.20112156867980957
conv,2,123,train_059,2,0.21014907956123352,0.14169751107692719,0.18228936195373535,0.20129449665546417,0.26456961035728455
conv,2,123,train_060,3,0.12064927071332932,0.14242997765541077,0.2510773241519928,0.27012717723846436,0.21571624279022217
conv,2,123,train_061,2,0.07029592990875244,0.2956611216068268,0.26506394147872925,0.13565312325954437,0.23332589864730835
conv,2,123,train_062,3,0.15219122171401978,0.23095805943012238,0.2450101673603058,0.15718401968479156,0.2146565318107605
conv,2,123,train_063,2,0.21157900989055634,0.2731451392173767,0.1441527158021927,0.12870022654533386,0.24242287874221802
conv,2,123,train_064,2,0.13204996287822723,0.2660413980484009,0.43669331073760986,0.07922814786434174,0.08598720282316208
conv,2,123,train_065,3,0.11942296475172043,0.18057295680046082,0.2574281096458435,0.22820031642913818,0.21437564492225647
conv,2,123,train_066,2,0.09458941966295242,0.19380445778369904,0.2792115807533264,0.22609105706214905,0.2063034474849701
conv,2,123,train_067,3,0.18335290253162384,0.20028339326381683,0.23189334571361542,0.1844588667154312,0.20001140236854553
conv,2,123,train_068,3,0.11399505287408829,0.19226083159446716,0.2776739299297333,0.2118758261203766,0.20419436693191528
conv,2,123,train_069,2,0.19380272924900055,0.13683275878429413,0.2250010222196579,0.23060940206050873,0.21375414729118347
conv,2,123,train_070,2,0.2522500455379486,0.1887418031692505,0.42773962020874023,0.07249650359153748,0.058772023767232895
conv,2,123,train_071,4,0.12530358135700226,0.18614323437213898,0.2509065270423889,0.14579318463802338,0.29185348749160767
conv,2,123,train_072,4,0.4346632659435272,0.20991148054599762,0.10287483036518097,0.09635331481695175,0.15619716048240662
conv,2,123,train_073,2,0.10811547935009003,0.15744778513908386,0.2563793957233429,0.25119462609291077,0.22686271369457245
conv,2,123,train_074,3,0.16090081632137299,0.18146640062332153,0.29020094871520996,0.19789080321788788,0.16954103112220764
conv,2,123,train_075,2,0.06254546344280243,0.19059643149375916,0.2773074507713318,0.26649972796440125,0.2030508816242218
conv,2,123,train_076,2,0.5143259763717651,0.2859797775745392,0.050246406346559525,0.061866145581007004,0.08758167177438736
conv,2,123,train_077,3,0.10457555949687958,0.17230577766895294,0.2659096419811249,0.23643487691879272,0.22077414393424988
conv,2,123,train_078,3,0.44286710023880005,0.3936222791671753,0.05464830622076988,0.04494272172451019,0.06391958892345428
conv,2,123,train_079,2,0.20278789103031158,0.24345318973064423,0.19037143886089325,0.17173439264297485,0.19165317714214325
conv,2,123,train_080,1,0.2000139206647873,0.270913690328598,0.19922654330730438,0.13995850086212158,0.18988732993602753
conv,2,123,train_081,3,0.1675337255001068,0.2167765498161316,0.27967631816864014,0.16571266949176788,0.17030073702335358
conv,2,123,train_082,3,0.3361968398094177,0.2865777611732483,0.10204605013132095,0.10603922605514526,0.16914014518260956
conv,2,123,train_083,1,0.6360973119735718,0.3064837157726288,0.013754515908658504,0.027626561000943184,0.01603802666068077
conv,2,123,train_084,5,0.13186147809028625,0.18423344194889069,0.24297267198562622,0.19997629523277283,0.2409561723470688
conv,2,123,train_085,3,0.142699733376503,0.2060103565454483,0.24663062393665314,0.1946377456188202,0.21002158522605896
conv,2,123,train_086,2,0.44762611389160156,0.5066709518432617,0.015485572628676891,0.019580062478780746,0.010637296363711357
conv,2,123,train_087,3,0.24385985732078552,0.17144571244716644,0.34746813774108887,0.13694988191127777,0.1002763956785202
conv,2,123,train_088,2,0.2657723128795624,0.27995356917381287,0.16862228512763977,0.11359786987304688,0.1720539778470993
conv,2,123,train_089,2,0.2440248727798462,0.21812520921230316,0.08520946651697159,0.23010000586509705,0.2225404530763626
conv,2,123,train_090,4,0.16786840558052063,0.19818677008152008,0.14607687294483185,0.14370426535606384,0.3441636860370636
conv,2,123,train_091,2,0.14999303221702576,0.19838657975196838,0.24982315301895142,0.17807255685329437,0.22372476756572723
conv,2,123,train_092,2,0.10634228587150574,0.17043538391590118,0.2636750042438507,0.23843508958816528,0.22111231088638306
conv,2,123,train_093,3,0.05116255208849907,0.3111893832683563,0.2864861786365509,0.1038273274898529,0.24733449518680573
conv,2,123,train_094,3,0.3774283826351166,0.3065611720085144,0.16583123803138733,0.06153535470366478,0.08864390850067139
conv,2,123,train_095,3,0.12619343400001526,0.2093965858221054,0.25721246004104614,0.1780797392129898,0.229117751121521
conv,2,123,train_096,2,0.07150683552026749,0.2407596856355667,0.18930736184120178,0.26051628589630127,0.23790986835956573
conv,2,123,train_097,3,0.30743539333343506,0.3104928135871887,0.10866352915763855,0.11846262216567993,0.15494559705257416
conv,2,123,train_098,1,0.11012576520442963,0.16266171634197235,0.25626280903816223,0.24196280539035797,0.22898690402507782
conv,2,123,train_099,3,0.15091846883296967,0.1783437281847,0.23113662004470825,0.20996211469173431,0.22963914275169373
conv,2,123,train_100,5,0.06481891125440598,0.22845512628555298,0.21982313692569733,0.15958502888679504,0.3273177444934845
conv,2,123,train_101,2,0.12419383972883224,0.25935181975364685,0.3425282835960388,0.13378743827342987,0.1401386857032776
conv,2,123,train_102,2,0.12246983498334885,0.1879003942012787,0.24346153438091278,0.18618221580982208,0.259986013174057
conv,2,123,train_103,3,0.06108212471008301,0.1478317677974701,0.24200914800167084,0.3438309133052826,0.20524603128433228
conv,2,123,train_104,1,0.11766843497753143,0.18933533132076263,0.2828521430492401,0.21805013716220856,0.19209393858909607
conv,2,123,train_105,4,0.1309274435043335,0.1547456532716751,0.24920490384101868,0.22845135629177094,0.2366705685853958
conv,2,123,train_106,1,0.3661563992500305,0.24946695566177368,0.11739378422498703,0.13849253952503204,0.12849029898643494
conv,2,123,train_107,3,0.15377096831798553,0.25799456238746643,0.26414886116981506,0.14872950315475464,0.17535607516765594
conv,2,123,train_108,1,0.11443741619586945,0.16566523909568787,0.2793627679347992,0.21627160906791687,0.2242630124092102
conv,2,123,train_109,3,0.17810186743736267,0.21744444966316223,0.23030133545398712,0.17905335128307343,0.19509901106357574
conv,2,123,train_110,1,0.41140875220298767,0.2798807621002197,0.07715563476085663,0.08193112909793854,0.1496237963438034
conv,2,123,train_111,3,0.14705577492713928,0.17854931950569153,0.2784024178981781,0.20872610807418823,0.18726636469364166
conv,2,123,train_112,1,0.47014209628105164,0.3209574520587921,0.1359354853630066,0.03137526661157608,0.04158974066376686
conv,2,123,train_113,3,0.12815700471401215,0.14531069993972778,0.1320355385541916,0.2285495549440384,0.3659471571445465
conv,2,123,train_114,3,0.13642020523548126,0.18347172439098358,0.2375699132680893,0.20961184799671173,0.23292632400989532
conv,2,123,train_115,3,0.10495943576097488,0.2975761294364929,0.3238236606121063,0.1802821010351181,0.09335867315530777
conv,2,123,train_116,4,0.16389326751232147,0.17195382714271545,0.21658632159233093,0.22877030074596405,0.21879632771015167
conv,2,123,train_117,1,0.4905487298965454,0.4095233380794525,0.055675752460956573,0.03137063607573509,0.012881523929536343
conv,2,123,train_118,2,0.09215877950191498,0.2801012098789215,0.26296859979629517,0.20619624853134155,0.158575177192688
conv,2,123,train_119,2,0.12499717622995377,0.1935095191001892,0.24412678182125092,0.18354657292366028,0.25381994247436523
conv,2,123,train_120,5,0.1335335224866867,0.20459626615047455,0.25119882822036743,0.17570970952510834,0.23496167361736298
conv,2,ensemble,train_001,2,0.5941083431243896,0.3455820182959239,0.039712768668929734,0.011098327192788323,0.009498538604627052
conv,2,ensemble,train_002,5,0.12585659325122833,0.2072157065073649,0.22513489921887717,0.222648486495018,0.21914428969224295
conv,2,ensemble,train_003,2,0.15014147261778513,0.19543475409348807,0.2553699513276418,0.22043709456920624,0.17861675719420114
conv,2,ensemble,train_004,4,0.16390289862950644,0.20269389947255453,0.3142068882783254,0.19625804324944815,0.12293828030427296
conv,2,ensemble,train_005,5,0.07465911904970805,0.20268407464027405,0.20681858559449515,0.2961549659570058,0.21968325972557068
conv,2,ensemble,train_006,2,0.07752316693464915,0.2438385933637619,0.23125030100345612,0.29087809721628827,0.15650983154773712
conv,2,ensemble,train_007,2,0.13272646814584732,0.24341635406017303,0.2763652354478836,0.20718411604563394,0.14030785982807478
conv,2,ensemble,train_008,5,0.18857775628566742,0.17356511453787485,0.23480028907457987,0.23471713066101074,0.16833972930908203
conv,2,ensemble,train_009,3,0.12222669025262196,0.17639689147472382,0.2708609402179718,0.24487605690956116,0.18563944598038992
conv,2,ensemble,train_010,2,0.1202964981396993,0.191440020998319,0.24010618527730307,0.23730994760990143,0.21084733307361603
conv,2,ensemble,train_011,3,0.18654535710811615,0.26094551881154376,0.2549927681684494,0.17486019432544708,0.12265615817159414
conv,2,ensemble,train_012,5,0.1432139923175176,0.20183942715326944,0.21914208432038626,0.2270247290531794,0.20877979695796967
conv,2,ensemble,train_013,2,0.1038508911927541,0.2196668138106664,0.2555421143770218,0.2441212683916092,0.17681890229384103
conv,2,ensemble,train_014,5,0.11115772028764088,0.16211922963460287,0.16415991634130478,0.3059001217285792,0.2566630393266678
conv,2,ensemble,train_015,3,0.13739013920227686,0.20472422242164612,0.25470253825187683,0.21286603808403015,0.19031708439191183
conv,2,ensemble,train_016,4,0.09031243622303009,0.18686277667681375,0.3187581201394399,0.2419296701749166,0.1621369644999504
conv,2,ensemble,train_017,2,0.30130526920159656,0.30700403451919556,0.19567017753918967,0.10251610105236371,0.09350442234426737
conv,2,ensemble,train_018,5,0.09307278320193291,0.2444655845562617,0.1693431759874026,0.19870389501253763,0.29441458483537036
conv,2,ensemble,train_019,3,0.16893136501312256,0.21615910530090332,0.2911309152841568,0.18992164979378381,0.13385700434446335
conv,2,ensemble,train_020,2,0.1411926398674647,0.2520393182833989,0.2659228245417277,0.19062533974647522,0.15021986700594425
conv,2,ensemble,train_021,5,0.1122836321592331,0.17436680694421133,0.30606164534886676,0.29819089670976,0.10909700393676758
conv,2,ensemble,train_022,4,0.2041766345500946,0.2542258898417155,0.16465656459331512,0.1755105803410212,0.201430415113767
conv,2,ensemble,train_023,3,0.06558103021234274,0.22223363320032755,0.19306111335754395,0.23797415693600973,0.2811500628789266
conv,2,ensemble,train_024,5,0.23782219489415488,0.4087821841239929,0.14450173825025558,0.11260447402795155,0.09628941584378481
conv,2,ensemble,train_025,5,0.12431560705105464,0.19247480730215707,0.2629803667465846,0.1903956135114034,0.2298335979382197
conv,2,ensemble,train_026,3,0.11164515962203343,0.16976980865001678,0.25375034908453625,0.3081345756848653,0.1567001094420751
conv,2,ensemble,train_027,2,0.307094673315684,0.41888638337453205,0.09928928067286809,0.08133839940031369,0.09339123715957005
conv,2,ensemble,train_028,4,0.10740711291631062,0.1935801754395167,0.3630403478940328,0.23881091177463531,0.09716145197550456
conv,2,ensemble,train_029,2,0.21250232309103012,0.45369912683963776,0.17235970000425974,0.08473426972826321,0.07670459647973378
conv,2,ensemble,train_030,5,0.1481816073258718,0.22062434256076813,0.18848357597986856,0.1675542245308558,0.27515629430611926
conv,2,ensemble,train_031,4,0.12125689039627711,0.19820480545361838,0.24902203182379404,0.25798030694325763,0.17353600015242895
conv,2,ensemble,train_032,3,0.07549381504456203,0.17952530086040497,0.17318668961524963,0.2461413393417994,0.3256528576215108
conv,2,ensemble,train_033,1,0.36387839913368225,0.30757755041122437,0.11564420411984126,0.10471975555022557,0.10818010568618774
conv,2,ensemble,train_034,2,0.07942470163106918,0.20232357581456503,0.2471385250488917,0.30187403162320453,0.16923917333285013
conv,2,ensemble,train_035,2,0.43614615003267926,0.3265314797560374,0.08268354336420695,0.09033778309822083,0.06430102388064067
conv,2,ensemble,train_036,2,0.1258423700928688,0.18711014091968536,0.26948564251263935,0.22976764539877573,0.18779419859250387
conv,2,ensemble,train_037,2,0.1537561813990275,0.2698184053103129,0.1020944391687711,0.12240529308716457,0.35192568103472394
conv,2,ensemble,train_038,3,0.2084332505861918,0.13556762784719467,0.14740914354721704,0.2684103896220525,0.24017961819966635
conv,2,ensemble,train_039,3,0.11052098994453748,0.1608621006210645,0.20752297341823578,0.34900668263435364,0.17208723475535712
conv,2,ensemble,train_040,2,0.19189026951789856,0.30387107531229657,0.15061472356319427,0.14370021720727286,0.20992367466290793
conv,2,ensemble,train_041,3,0.14516731599966684,0.1785087138414383,0.3941209117571513,0.19089596966902414,0.09130711853504181
conv,2,ensemble,train_042,2,0.29618706305821735,0.2232501357793808,0.23405020435651144,0.08874538913369179,0.15776720146338144
conv,2,ensemble,train_043,4,0.1016500120361646,0.17351469894250235,0.2530918171008428,0.2587687124808629,0.21297475695610046
conv,2,ensemble,train_044,3,0.16591817637284598,0.17874749501546225,0.4100714723269145,0.14954607437054315,0.09571678688128789
conv,2,ensemble,train_045,3,0.10488640516996384,0.17367330690224966,0.25182318687438965,0.2599700540304184,0.20964701970418295
conv,2,ensemble,train_046,4,0.11346792181332906,0.17410110433896384,0.2685854335625966,0.2508562554915746,0.19298926492532095
conv,2,ensemble,train_047,2,0.13782587895790735,0.19547836482524872,0.2611692051092784,0.2220497578382492,0.18347682058811188
conv,2,ensemble,train_048,4,0.14842103918393454,0.18633387486139932,0.23622290790081024,0.2762404531240463,0.15278171747922897
conv,2,ensemble,train_049,2,0.07239750089744727,0.2656391312678655,0.22727431853612265,0.25636105239391327,0.1783280223608017
conv,2,ensemble,train_050,4,0.06840387110908826,0.24786696334679922,0.2077077180147171,0.28282112379868823,0.19320031007130942
conv,2,ensemble,train_051,3,0.2180640697479248,0.19050064186255136,0.3931000729401906,0.12080801526705424,0.0775272239310046
conv,2,ensemble,train_052,3,0.1101213072737058,0.16480864584445953,0.2576674570639928,0.2676292310158412,0.19977333645025888
conv,2,ensemble,train_053,3,0.1469349910815557,0.20174022018909454,0.2728907912969589,0.2047527035077413,0.17368130634228388
conv,2,ensemble,train_054,2,0.12303292254606883,0.19783087074756622,0.2896294395128886,0.23404269913832346,0.15546405563751856
conv,2,ensemble,train_055,3,0.21030974884827933,0.1602658232053121,0.26191338896751404,0.24263271192709604,0.1248783419529597
conv,2,ensemble,train_056,1,0.13248437891403833,0.18219401935736337,0.2702653954426448,0.23265416423479715,0.18240205198526382
conv,2,ensemble,train_057,1,0.07508822592596213,0.22937235732873282,0.22314021984736124,0.31752414504686993,0.15487500776847204
conv,2,ensemble,train_058,1,0.10196862369775772,0.1808063934246699,0.24787676334381104,0.3253128031889598,0.14403541137774786
conv,2,ensemble,train_059,2,0.19433929026126862,0.20669721066951752,0.14635725816090903,0.23441199958324432,0.2181942562262217
conv,2,ensemble,train_060,3,0.13098482539256415,0.16665981709957123,0.2283603847026825,0.31837595502535504,0.15561902771393457
conv,2,ensemble,train_061,2,0.1168706143895785,0.2159685343503952,0.20196886857350668,0.2273144076267878,0.23787754774093628
conv,2,ensemble,train_062,3,0.16388964156309763,0.27495159208774567,0.26725264887015027,0.15735295414924622,0.1365532117585341
conv,2,ensemble,train_063,2,0.23890543977419534,0.35876424113909405,0.1650155782699585,0.10298665861288707,0.1343280654400587
conv,2,ensemble,train_064,2,0.17262637118498483,0.21616717179616293,0.3373514513174693,0.1547089765469233,0.11914604653914769
conv,2,ensemble,train_065,3,0.13802402466535568,0.19120741883913675,0.2577141175667445,0.23050796488920847,0.18254648645718893
conv,2,ensemble,train_066,2,0.09233932693799336,0.2016161580880483,0.3057316740353902,0.28263890246550244,0.11767394840717316
conv,2,ensemble,train_067,3,0.24903826415538788,0.20556941628456116,0.25924748679002124,0.16614270706971487,0.12000209434578817
conv,2,ensemble,train_068,3,0.1402674193183581,0.1911332110563914,0.42273085316022235,0.1602794329325358,0.08558906832089026
conv,2,ensemble,train_069,2,0.1858105460802714,0.16113030910491943,0.23043367266654968,0.27024805049101513,0.1523774266242981
conv,2,ensemble,train_070,2,0.2347296824057897,0.18450399239857992,0.34286234776179,0.13972967863082886,0.09817427645126979
conv,2,ensemble,train_071,4,0.14287579556306204,0.16553907096385956,0.1983587568004926,0.2403510014216105,0.2528753727674484
conv,2,ensemble,train_072,4,0.44038398067156476,0.24352896710236868,0.1271092394987742,0.08685921877622604,0.10211861630280812
conv,2,ensemble,train_073,2,0.11312184731165568,0.1680643210808436,0.24676023920377096,0.26488276819388074,0.20717081427574158
conv,2,ensemble,train_074,3,0.19242962201436362,0.21279755731423697,0.3269595702489217,0.15356504917144775,0.11424820466587941
conv,2,ensemble,train_075,2,0.085870161652565,0.23335933685302734,0.22336128850777945,0.2752615461746852,0.18214763700962067
conv,2,ensemble,train_076,2,0.34042811890443164,0.41944171984990436,0.06590231135487556,0.0655645417670409,0.10866332054138184
conv,2,ensemble,train_077,3,0.11169705043236415,0.18367149929205576,0.25739066302776337,0.24504940708478293,0.20219140748182932
conv,2,ensemble,train_078,3,0.3009684234857559,0.46169012784957886,0.10310947025815646,0.06865630050500234,0.0655756729344527
conv,2,ensemble,train_079,2,0.19782929122447968,0.26723476747671765,0.20322565734386444,0.1551604519287745,0.1765498916308085
conv,2,ensemble,train_080,1,0.18476268152395883,0.3802291750907898,0.2041166126728058,0.11425677066047986,0.1166347370793422
conv,2,ensemble,train_081,3,0.2007280041774114,0.2027043824394544,0.4547121326128642,0.07926200640698274,0.06259344650122027
conv,2,ensemble,train_082,3,0.20569891730944315,0.33333244919776917,0.08431792880098025,0.11568932731946309,0.2609613885482152
conv,2,ensemble,train_083,1,0.5525299807389578,0.3405623932679494,0.049272842394808926,0.03054210947205623,0.027092704268094774
conv,2,ensemble,train_084,5,0.0953266229480505,0.1881390263636907,0.23656976719697317,0.23276535669962564,0.2471992423137029
conv,2,ensemble,train_085,3,0.10979566102226575,0.2236322263876597,0.1890178161362807,0.164540762702624,0.31301354120175046
conv,2,ensemble,train_086,2,0.35951154430707294,0.5456485350926717,0.04679703308890263,0.025834178707251947,0.022208673278025042
conv,2,ensemble,train_087,3,0.21761179467042288,0.16232144832611084,0.27139611542224884,0.21345271170139313,0.1352179025610288
conv,2,ensemble,train_088,2,0.23765985171000162,0.30997154116630554,0.1805939475695292,0.12427104512850444,0.14750362932682037
conv,2,ensemble,train_089,2,0.2114324470361074,0.1989714652299881,0.11813453336556752,0.2533758332331975,0.21808570126692453
conv,2,ensemble,train_090,4,0.14155081969996294,0.24566677709420523,0.1391760061184565,0.14144261926412582,0.33216379086176556
conv,2,ensemble,train_091,2,0.1689687023560206,0.20357823371887207,0.391971230506897,0.13040515532096228,0.10507671907544136
conv,2,ensemble,train_092,2,0.11281424760818481,0.18299143016338348,0.25238261620203656,0.24956930180390677,0.20224244395891824
conv,2,ensemble,train_093,3,0.09665436173478763,0.2278862496217092,0.20717525978883108,0.19962088763713837,0.2686632225910823
conv,2,ensemble,train_094,3,0.3195253014564514,0.24673154950141907,0.1755106250445048,0.13706579183538756,0.1211667334040006
conv,2,ensemble,train_095,3,0.09247112460434437,0.19547854363918304,0.2448452760775884,0.22901886701583862,0.2381861557563146
conv,2,ensemble,train_096,2,0.10444890956083934,0.1864058325688044,0.16643395523230234,0.2868398626645406,0.2558714250723521
conv,2,ensemble,train_097,3,0.3005364139874776,0.34933913747469586,0.1245827575524648,0.10082203398148219,0.12471962471803029
conv,2,ensemble,train_098,1,0.11129080007473628,0.17718707025051117,0.2421809285879135,0.2542494038740794,0.21509179969628653
conv,2,ensemble,train_099,3,0.13288225481907526,0.2020120620727539,0.25818561514218646,0.25400374829769135,0.15291635443766913
conv,2,ensemble,train_100,5,0.09713409344355266,0.1903350055217743,0.17264343425631523,0.22812267144521078,0.31176474193731946
conv,2,ensemble,train_101,2,0.1486752157409986,0.1999729871749878,0.25063949823379517,0.22672955691814423,0.17398278415203094
conv,2,ensemble,train_102,2,0.10962765415509541,0.23819944262504578,0.2617866148551305,0.21284432709217072,0.17754197120666504
conv,2,ensemble,train_103,3,0.07911896953980128,0.1882773240407308,0.20537399252255759,0.35850096742312115,0.1687287762761116
conv,2,ensemble,train_104,1,0.14444497227668762,0.182553231716156,0.40317697326342267,0.19045608739058176,0.07936875491092603
conv,2,ensemble,train_105,4,0.11411002154151599,0.1886830280224482,0.19521254549423853,0.20680829882621765,0.2951860924561818
conv,2,ensemble,train_106,1,0.35319118698438007,0.32422585288683575,0.1342795193195343,0.10286536750694115,0.08543805258038144
conv,2,ensemble,train_107,3,0.20585649708906809,0.2506469339132309,0.2945863902568817,0.13795861353476843,0.11095156846567988
conv,2,ensemble,train_108,1,0.15816546976566315,0.17044449845949808,0.4102782408396403,0.16491148372491202,0.0962003202488025
conv,2,ensemble,train_109,3,0.22626958787441254,0.261074423789978,0.24798046052455902,0.14785363773504892,0.1168218901536117
conv,2,ensemble,train_110,1,0.28040318191051483,0.3654630184173584,0.10785495241483052,0.11018628130356471,0.1360925833384196
conv,2,ensemble,train_111,3,0.1667377253373464,0.2081668625275294,0.3096478631099065,0.187876358628273,0.1275712251663208
conv,2,ensemble,train_112,1,0.3811118503411611,0.2844977428515752,0.15996623784303665,0.09297989557186763,0.08144431126614411
conv,2,ensemble,train_113,3,0.1313343346118927,0.1502202277382215,0.13733172789216042,0.27807725965976715,0.303036426504453
conv,2,ensemble,train_114,3,0.12027575075626373,0.21106698115666708,0.2598378509283066,0.25201167662938434,0.15680774797995886
conv,2,ensemble,train_115,3,0.14013435691595078,0.2110608716805776,0.2611113538344701,0.2429241438706716,0.14476927866538367
conv,2,ensemble,train_116,4,0.1539876013994217,0.19597854713598886,0.24975200494130453,0.26253413657347363,0.13774770746628442
conv,2,ensemble,train_117,1,0.4018558512131373,0.33436254660288495,0.11017860844731331,0.08617904037237167,0.06742393629004557
conv,2,ensemble,train_118,2,0.13351781169573465,0.20513993004957834,0.21289020776748657,0.26126589874426526,0.18718616664409637
conv,2,ensemble,train_119,2,0.1096291442712148,0.24910316864649454,0.25691944857438404,0.2048790603876114,0.1794691930214564
conv,2,ensemble,train_120,5,0.09172110073268414,0.17006615300973257,0.20984189212322235,0.19767076770464578,0.3307000994682312
conv,3,42,train_001,2,0.6526086926460266,0.2642100751399994,0.060425225645303726,0.016119100153446198,0.006636875215917826
conv,3,42,train_002,5,0.1542053073644638,0.23202788829803467,0.18628166615962982,0.1732315570116043,0.2542535662651062
conv,3,42,train_003,2,0.4040083885192871,0.16108068823814392,0.3660096824169159,0.06035516783595085,0.008546085096895695
conv,3,42,train_004,4,0.17362934350967407,0.18828973174095154,0.24042144417762756,0.18630507588386536,0.21135446429252625
conv,3,42,train_005,5,0.11868517100811005,0.15023761987686157,0.2725054621696472,0.2599257528781891,0.19864599406719208
conv,3,42,train_006,2,0.1766454577445984,0.19325244426727295,0.22937461733818054,0.18480132520198822,0.21592608094215393
conv,3,42,train_007,2,0.10871155560016632,0.17488974332809448,0.3252875804901123,0.23853588104248047,0.15257525444030762
conv,3,42,train_008,5,0.21501637995243073,0.20297670364379883,0.2246076762676239,0.17132484912872314,0.18607443571090698
conv,3,42,train_009,3,0.18538691103458405,0.19135111570358276,0.2383074164390564,0.18387311697006226,0.20108146965503693
conv,3,42,train_010,2,0.08649230748414993,0.20146338641643524,0.21521440148353577,0.23433203995227814,0.2624978721141815
conv,3,42,train_011,3,0.32114091515541077,0.22316232323646545,0.3489953577518463,0.0926140546798706,0.014087346382439137
conv,3,42,train_012,5,0.32874077558517456,0.4972539246082306,0.10448186099529266,0.046224456280469894,0.02329893223941326
conv,3,42,train_013,2,0.01562853716313839,0.1733282506465912,0.11156488209962845,0.2926872968673706,0.4067910313606262
conv,3,42,train_014,5,0.0634278655052185,0.1639614999294281,0.21776922047138214,0.2696705758571625,0.28517088294029236
conv,3,42,train_015,3,0.12609104812145233,0.1651579886674881,0.3021128177642822,0.23173454403877258,0.17490360140800476
conv,3,42,train_016,4,0.027621576562523842,0.27128446102142334,0.11381006985902786,0.20679618418216705,0.3804877698421478
conv,3,42,train_017,2,0.3323485553264618,0.2040780931711197,0.21745607256889343,0.11872180551290512,0.12739545106887817
conv,3,42,train_018,5,0.1629435271024704,0.211621955037117,0.13834035396575928,0.16911828517913818,0.3179759085178375
conv,3,42,train_019,3,0.12196631729602814,0.15293091535568237,0.29015985131263733,0.2512419521808624,0.18370096385478973
conv,3,42,train_020,2,0.10773491114377975,0.13630925118923187,0.28037914633750916,0.27017873525619507,0.20539797842502594
conv,3,42,train_021,5,0.029075389727950096,0.10998362302780151,0.24206474423408508,0.4065518081188202,0.2123243808746338
conv,3,42,train_022,4,0.22821857035160065,0.24598568677902222,0.21534498035907745,0.17598898708820343,0.13446177542209625
conv,3,42,train_023,3,0.06426221877336502,0.18290644884109497,0.1798626184463501,0.2509376108646393,0.3220311105251312
conv,3,42,train_024,5,0.2798531651496887,0.28966256976127625,0.194168820977211,0.14039774239063263,0.095917709171772
conv,3,42,train_025,5,0.1054159477353096,0.20080700516700745,0.25847315788269043,0.22287318110466003,0.21243076026439667
conv,3,42,train_026,3,0.1467452198266983,0.15747562050819397,0.22245438396930695,0.19556553661823273,0.2777591943740845
conv,3,42,train_027,2,0.38209792971611023,0.23643092811107635,0.18468274176120758,0.10811883956193924,0.08866959810256958
conv,3,42,train_028,4,0.12728865444660187,0.18357166647911072,0.24061207473278046,0.2017315775156021,0.24679605662822723
conv,3,42,train_029,2,0.3405894637107849,0.5461292862892151,0.08452526479959488,0.02056923136115074,0.008186722174286842
conv,3,42,train_030,5,0.16564828157424927,0.21422654390335083,0.1937578022480011,0.16513380408287048,0.26123353838920593
conv,3,42,train_031,4,0.13980457186698914,0.15177170932292938,0.20395344495773315,0.20888526737689972,0.2955849766731262
conv,3,42,train_032,3,0.008520592004060745,0.1353415697813034,0.06512472778558731,0.20539076626300812,0.5856223702430725
conv,3,42,train_033,1,0.4897434413433075,0.23092153668403625,0.10983617603778839,0.08904459327459335,0.08045434206724167
conv,3,42,train_034,2,0.17162160575389862,0.18896566331386566,0.22951801121234894,0.18825362622737885,0.2216411679983139
conv,3,42,train_035,2,0.6021484136581421,0.23336200416088104,0.0766548439860344,0.05026274174451828,0.03757195919752121
conv,3,42,train_036,2,0.3749540150165558,0.13084283471107483,0.4302250146865845,0.057636771351099014,0.006341335829347372
conv,3,42,train_037,2,0.20414339005947113,0.27028346061706543,0.22843624651432037,0.15078197419643402,0.14635488390922546
conv,3,42,train_038,3,0.23212206363677979,0.14556588232517242,0.165715754032135,0.18371152877807617,0.2728847861289978
conv,3,42,train_039,3,0.09417638182640076,0.18865324556827545,0.18656949698925018,0.2453160583972931,0.2852848172187805
conv,3,42,train_040,2,0.1001468151807785,0.2552773952484131,0.10289864242076874,0.18128402531147003,0.36039313673973083
conv,3,42,train_041,3,0.1547929346561432,0.17858484387397766,0.22823724150657654,0.19239123165607452,0.2459937483072281
conv,3,42,train_042,2,0.20066006481647491,0.1798478215932846,0.21280133724212646,0.15561853349208832,0.2510721981525421
conv,3,42,train_043,4,0.1057935357093811,0.13370586931705475,0.278322696685791,0.2745848596096039,0.20759305357933044
conv,3,42,train_044,3,0.13126835227012634,0.2047554850578308,0.3035089373588562,0.20913992822170258,0.1513272523880005
conv,3,42,train_045,3,0.17672766745090485,0.18924830853939056,0.2270873337984085,0.18562643229961395,0.22131019830703735
conv,3,42,train_046,4,0.06046205759048462,0.15982972085475922,0.34001290798187256,0.344461590051651,0.09523369371891022
conv,3,42,train_047,2,0.13271589577198029,0.16247302293777466,0.2945474088191986,0.2408261001110077,0.16943757236003876
conv,3,42,train_048,4,0.09172455221414566,0.1692870855331421,0.3114933371543884,0.2556151747703552,0.17187990248203278
conv,3,42,train_049,2,0.11346876621246338,0.14317627251148224,0.2775466740131378,0.26044270396232605,0.2053656429052353
conv,3,42,train_050,4,0.07727404683828354,0.18952676653862,0.2343813180923462,0.2512752413749695,0.2475426346063614
conv,3,42,train_051,3,0.5087860226631165,0.1266433298587799,0.3188552260398865,0.041477400809526443,0.0042379493825137615
conv,3,42,train_052,3,0.17432518303394318,0.18620017170906067,0.22959555685520172,0.18768398463726044,0.2221950739622116
conv,3,42,train_053,3,0.17437374591827393,0.215251624584198,0.3667430579662323,0.15781709551811218,0.085814468562603
conv,3,42,train_054,2,0.09401927888393402,0.20399446785449982,0.23413017392158508,0.2376508116722107,0.23020528256893158
conv,3,42,train_055,3,0.130270853638649,0.09721069782972336,0.4722370207309723,0.2709012031555176,0.02938026748597622
conv,3,42,train_056,1,0.1413954794406891,0.17861756682395935,0.261696994304657,0.1826150268316269,0.2356749027967453
conv,3,42,train_057,1,0.05372842028737068,0.30480363965034485,0.19677196443080902,0.26449328660964966,0.1802026480436325
conv,3,42,train_058,1,0.19179300963878632,0.19606612622737885,0.22619721293449402,0.17829494178295135,0.20764870941638947
conv,3,42,train_059,2,0.08424831926822662,0.47794878482818604,0.08540429919958115,0.1489233374595642,0.2034752517938614
conv,3,42,train_060,3,0.21017318964004517,0.2038961499929428,0.21806712448596954,0.16964024305343628,0.198223277926445
conv,3,42,train_061,2,0.12346899509429932,0.1621837615966797,0.2721840441226959,0.24505196511745453,0.19711126387119293
conv,3,42,train_062,3,0.16958943009376526,0.2564389109611511,0.25565677881240845,0.17473144829273224,0.14358346164226532
conv,3,42,train_063,2,0.12946173548698425,0.5675597786903381,0.09828794747591019,0.12208978086709976,0.08260075002908707
conv,3,42,train_064,2,0.19337651133537292,0.19807879626750946,0.2332882583141327,0.17784997820854187,0.19740642607212067
conv,3,42,train_065,3,0.20489159226417542,0.19828297197818756,0.22771838307380676,0.17658731341362,0.19251970946788788
conv,3,42,train_066,2,0.17768420279026031,0.18901261687278748,0.23589342832565308,0.18876753747463226,0.20864221453666687
conv,3,42,train_067,3,0.14008302986621857,0.1560298204421997,0.2856351435184479,0.2526259422302246,0.16562609374523163
conv,3,42,train_068,3,0.11986542493104935,0.1484823226928711,0.292434424161911,0.25474363565444946,0.1844741851091385
conv,3,42,train_069,2,0.27265432476997375,0.17816472053527832,0.17516997456550598,0.17117922008037567,0.20283174514770508
conv,3,42,train_070,2,0.4529429078102112,0.12736059725284576,0.3672683537006378,0.047559961676597595,0.0048681460320949554
conv,3,42,train_071,4,0.18870078027248383,0.19472047686576843,0.21451331675052643,0.17728596925735474,0.22477944195270538
conv,3,42,train_072,4,0.16233056783676147,0.49887967109680176,0.10927058756351471,0.1289282590150833,0.10059087723493576
conv,3,42,train_073,2,0.08709515631198883,0.1909550130367279,0.31619682908058167,0.3137941360473633,0.09195886552333832
conv,3,42,train_074,3,0.49492695927619934,0.11285681277513504,0.3624289333820343,0.02651536464691162,0.003271992551162839
conv,3,42,train_075,2,0.08897998183965683,0.2277664691209793,0.17852115631103516,0.21258307993412018,0.29214927554130554
conv,3,42,train_076,2,0.33625534176826477,0.2400442212820053,0.19613289833068848,0.11907808482646942,0.1084894984960556
conv,3,42,train_077,3,0.18499575555324554,0.19233644008636475,0.2299572378396988,0.18351709842681885,0.20919348299503326
conv,3,42,train_078,3,0.2834329307079315,0.4636530876159668,0.14503465592861176,0.04734367877244949,0.06053566932678223
conv,3,42,train_079,2,0.2402244210243225,0.21697001159191132,0.22889895737171173,0.1510140597820282,0.16289249062538147
conv,3,42,train_080,1,0.24381102621555328,0.22250176966190338,0.2112465351819992,0.14994943141937256,0.17249125242233276
conv,3,42,train_081,3,0.5068717002868652,0.11359377205371857,0.35177311301231384,0.02454167790710926,0.0032197253312915564
conv,3,42,train_082,3,0.1460592895746231,0.3049650490283966,0.11265238374471664,0.16434602439403534,0.2719772458076477
conv,3,42,train_083,1,0.6775146126747131,0.24104757606983185,0.050169311463832855,0.02248442731797695,0.008784103207290173
conv,3,42,train_084,5,0.07050599157810211,0.17039382457733154,0.2250063121318817,0.2647060453891754,0.2693878710269928
conv,3,42,train_085,3,0.15223892033100128,0.2303069829940796,0.1847619116306305,0.17927172780036926,0.25342050194740295
conv,3,42,train_086,2,0.6361834406852722,0.27155113220214844,0.05726677551865578,0.023778343573212624,0.011220334097743034
conv,3,42,train_087,3,0.18899491429328918,0.191897913813591,0.22193504869937897,0.1807950884103775,0.21637700498104095
conv,3,42,train_088,2,0.22288112342357635,0.32552534341812134,0.19273537397384644,0.10995285958051682,0.14890527725219727
conv,3,42,train_089,2,0.33653518557548523,0.22591476142406464,0.13175807893276215,0.13186700642108917,0.17392490804195404
conv,3,42,train_090,4,0.24874988198280334,0.2138204127550125,0.1258738934993744,0.13721200823783875,0.2743437886238098
conv,3,42,train_091,2,0.15708979964256287,0.21032175421714783,0.2445870190858841,0.16389454901218414,0.2241068333387375
conv,3,42,train_092,2,0.11487249284982681,0.14224140346050262,0.2787848114967346,0.2668113708496094,0.1972898691892624
conv,3,42,train_093,3,0.013067958876490593,0.23039181530475616,0.06356064230203629,0.17232292890548706,0.5206565856933594
conv,3,42,train_094,3,0.2553609311580658,0.22318994998931885,0.20917397737503052,0.14962545037269592,0.16264967620372772
conv,3,42,train_095,3,0.12123161554336548,0.19019652903079987,0.21966856718063354,0.18934620916843414,0.27955710887908936
conv,3,42,train_096,2,0.11749690026044846,0.14364147186279297,0.25996145606040955,0.26628023386001587,0.21261990070343018
conv,3,42,train_097,3,0.6317396759986877,0.26560571789741516,0.08740992099046707,0.011727645993232727,0.0035171261988580227
conv,3,42,train_098,1,0.08006564527750015,0.1868988424539566,0.2162851244211197,0.2549583911895752,0.26179203391075134
conv,3,42,train_099,3,0.11831692606210709,0.13996779918670654,0.2731739580631256,0.27572229504585266,0.1928189992904663
conv,3,42,train_100,5,0.009549539536237717,0.15731100738048553,0.05380960926413536,0.18385206162929535,0.595477819442749
conv,3,42,train_101,2,0.18522879481315613,0.19241882860660553,0.22503188252449036,0.18126605451107025,0.21605445444583893
conv,3,42,train_102,2,0.10690895467996597,0.13499656319618225,0.26953980326652527,0.2719365060329437,0.21661809086799622
conv,3,42,train_103,3,0.11792361736297607,0.14158056676387787,0.272513210773468,0.27217191457748413,0.1958107054233551
conv,3,42,train_104,1,0.12258882075548172,0.14366163313388824,0.2919807434082031,0.2652689516544342,0.1764998435974121
conv,3,42,train_105,4,0.22180882096290588,0.20656852424144745,0.21619907021522522,0.1691112071275711,0.18631242215633392
conv,3,42,train_106,1,0.28069907426834106,0.22765973210334778,0.19960258901119232,0.14252421259880066,0.14951437711715698
conv,3,42,train_107,3,0.18749766051769257,0.22707295417785645,0.3334093689918518,0.15992118418216705,0.09209887683391571
conv,3,42,train_108,1,0.13595904409885406,0.18007364869117737,0.3563244640827179,0.21016418933868408,0.11747866123914719
conv,3,42,train_109,3,0.18287965655326843,0.17406825721263885,0.2321871519088745,0.18458327651023865,0.22628165781497955
conv,3,42,train_110,1,0.14608947932720184,0.48981836438179016,0.107811339199543,0.14884953200817108,0.10743138194084167
conv,3,42,train_111,3,0.16812872886657715,0.23707322776317596,0.2973437011241913,0.17340466380119324,0.12404966354370117
conv,3,42,train_112,1,0.3386319875717163,0.3017323911190033,0.19190585613250732,0.11031264066696167,0.05741715058684349
conv,3,42,train_113,3,0.1501801311969757,0.17715227603912354,0.23336943984031677,0.24266640841960907,0.19663171470165253
conv,3,42,train_114,3,0.10797642171382904,0.13295988738536835,0.2768198549747467,0.2802678346633911,0.201976016163826
conv,3,42,train_115,3,0.1309722363948822,0.19104845821857452,0.23367555439472198,0.1989169865846634,0.24538683891296387
conv,3,42,train_116,4,0.11855760216712952,0.13774612545967102,0.2676568031311035,0.28447291254997253,0.19156654179096222
conv,3,42,train_117,1,0.5923224687576294,0.2916002571582794,0.0657324567437172,0.029769184067845345,0.020575687289237976
conv,3,42,train_118,2,0.1277502328157425,0.19720758497714996,0.1921270191669464,0.19468282163143158,0.28823235630989075
conv,3,42,train_119,2,0.07703681290149689,0.1945657581090927,0.22278687357902527,0.24171482026576996,0.26389577984809875
conv,3,42,train_120,5,0.18524590134620667,0.1926073431968689,0.23340311646461487,0.18345245718955994,0.20529118180274963
conv,3,7,train_001,2,0.5701735019683838,0.371062308549881,0.03575630486011505,0.010384773835539818,0.012623182497918606
conv,3,7,train_002,5,0.0630577802658081,0.46164822578430176,0.22812755405902863,0.07984566688537598,0.16732078790664673
conv,3,7,train_003,2,0.2762489318847656,0.11668936163187027,0.5346429944038391,0.06274762749671936,0.0096711665391922
conv,3,7,train_004,4,0.12395814806222916,0.20951421558856964,0.28592678904533386,0.19918428361415863,0.1814166009426117
conv,3,7,train_005,5,0.0993567481637001,0.16412073373794556,0.301381379365921,0.21263554692268372,0.22250555455684662
conv,3,7,train_006,2,0.10862205922603607,0.22160474956035614,0.2395632416009903,0.20652224123477936,0.22368766367435455
conv,3,7,train_007,2,0.11928411573171616,0.18402361869812012,0.3130521774291992,0.22055397927761078,0.16308608651161194
conv,3,7,train_008,5,0.17634762823581696,0.2222243696451187,0.25778234004974365,0.1689389944076538,0.17470668256282806
conv,3,7,train_009,3,0.15134304761886597,0.20846675336360931,0.28791359066963196,0.1880486160516739,0.16422803699970245
conv,3,7,train_010,2,0.10611987113952637,0.19769252836704254,0.2523776590824127,0.19736948609352112,0.24644048511981964
conv,3,7,train_011,3,0.31416335701942444,0.18358023464679718,0.44318053126335144,0.052931200712919235,0.006144586950540543
conv,3,7,train_012,5,0.5165499448776245,0.3784372806549072,0.0792417973279953,0.011032852344214916,0.014738072641193867
conv,3,7,train_013,2,0.008762001059949398,0.10621815174818039,0.154715895652771,0.4578787684440613,0.27242517471313477
conv,3,7,train_014,5,0.08981510251760483,0.1637735515832901,0.2378421127796173,0.26149100065231323,0.24707822501659393
conv,3,7,train_015,3,0.17045150697231293,0.21838703751564026,0.4646942615509033,0.07783298194408417,0.06863421201705933
conv,3,7,train_016,4,0.012928328476846218,0.09377343207597733,0.1037176102399826,0.25059443712234497,0.5389862656593323
conv,3,7,train_017,2,0.5672138929367065,0.1352684050798416,0.27621182799339294,0.01245778426527977,0.008848057128489017
conv,3,7,train_018,5,0.06822974234819412,0.372120201587677,0.05832626298069954,0.2106696367263794,0.2906542122364044
conv,3,7,train_019,3,0.14672037959098816,0.20110291242599487,0.3641361892223358,0.15436433255672455,0.1336761862039566
conv,3,7,train_020,2,0.1457383781671524,0.18440911173820496,0.3205857276916504,0.15904749929904938,0.19021928310394287
conv,3,7,train_021,5,0.028892645612359047,0.06325522065162659,0.2256656140089035,0.521153450012207,0.16103306412696838
conv,3,7,train_022,4,0.13411810994148254,0.22100871801376343,0.10843389481306076,0.14677193760871887,0.3896673619747162
conv,3,7,train_023,3,0.08710383623838425,0.18003876507282257,0.22957877814769745,0.23019567131996155,0.273082971572876
conv,3,7,train_024,5,0.523225724697113,0.37366053462028503,0.08555516600608826,0.011776105500757694,0.005782534833997488
conv,3,7,train_025,5,0.12422086298465729,0.20084835588932037,0.26041653752326965,0.18367686867713928,0.23083734512329102
conv,3,7,train_026,3,0.22772984206676483,0.0984591394662857,0.32101473212242126,0.2436627745628357,0.10913348197937012
conv,3,7,train_027,2,0.49067223072052,0.32828885316848755,0.0938204824924469,0.036134231835603714,0.05108426883816719
conv,3,7,train_028,4,0.16574013233184814,0.20813730359077454,0.3344202935695648,0.24328887462615967,0.048413436859846115
conv,3,7,train_029,2,0.2858133912086487,0.6004708409309387,0.10481730848550797,0.0045485179871320724,0.004349939059466124
conv,3,7,train_030,5,0.07263319939374924,0.16986165940761566,0.17686393857002258,0.13578471541404724,0.44485652446746826
conv,3,7,train_031,4,0.15712830424308777,0.11522739380598068,0.21562938392162323,0.4186784029006958,0.09333650022745132
conv,3,7,train_032,3,0.0022568104322999716,0.049344923347234726,0.06634321063756943,0.1343034952878952,0.7477514743804932
conv,3,7,train_033,1,0.4965316951274872,0.45303329825401306,0.03364359214901924,0.012371083721518517,0.004420352168381214
conv,3,7,train_034,2,0.10228247940540314,0.21367821097373962,0.2372182309627533,0.21155771613121033,0.2352633774280548
conv,3,7,train_035,2,0.8857572078704834,0.055947963148355484,0.020650852471590042,0.032724779099226,0.0049191368743777275
conv,3,7,train_036,2,0.3019556701183319,0.13213446736335754,0.5416487455368042,0.021342184394598007,0.0029188869521021843
conv,3,7,train_037,2,0.08338595181703568,0.31243443489074707,0.22018437087535858,0.09999419748783112,0.28400108218193054
conv,3,7,train_038,3,0.14782701432704926,0.04660666733980179,0.09868276864290237,0.363328754901886,0.3435547947883606
conv,3,7,train_039,3,0.14309003949165344,0.17832185328006744,0.19838574528694153,0.22862203419208527,0.2515803575515747
conv,3,7,train_040,2,0.24716782569885254,0.34327980875968933,0.11549057066440582,0.10237422585487366,0.19168759882450104
conv,3,7,train_041,3,0.2116832137107849,0.19901436567306519,0.5170535445213318,0.06273002177476883,0.009518880397081375
conv,3,7,train_042,2,0.09457029402256012,0.09123574197292328,0.0887661948800087,0.17988812923431396,0.5455396771430969
conv,3,7,train_043,4,0.06188521906733513,0.12335773557424545,0.1684763878583908,0.23490938544273376,0.41137123107910156
conv,3,7,train_044,3,0.1255921572446823,0.20513209700584412,0.3009546101093292,0.18673159182071686,0.18158957362174988
conv,3,7,train_045,3,0.11350864171981812,0.203239306807518,0.24068628251552582,0.21149863302707672,0.23106718063354492
conv,3,7,train_046,4,0.050452087074518204,0.11637920141220093,0.36596718430519104,0.42526429891586304,0.04193719103932381
conv,3,7,train_047,2,0.19246496260166168,0.21229082345962524,0.5035715103149414,0.0704619362950325,0.021210748702287674
conv,3,7,train_048,4,0.09989990293979645,0.1769796758890152,0.3110498785972595,0.2512666583061218,0.1608038693666458
conv,3,7,train_049,2,0.06508219242095947,0.12781170010566711,0.18477477133274078,0.184404194355011,0.43792712688446045
conv,3,7,train_050,4,0.09295792132616043,0.18768395483493805,0.274811714887619,0.22954943776130676,0.21499696373939514
conv,3,7,train_051,3,0.40385735034942627,0.12514476478099823,0.4412553310394287,0.026445357128977776,0.0032972374465316534
conv,3,7,train_052,3,0.1294689178466797,0.19330409169197083,0.2534633278846741,0.2183944433927536,0.205369234085083
conv,3,7,train_053,3,0.145206019282341,0.23919780552387238,0.3603147864341736,0.13246925175189972,0.12281215190887451
conv,3,7,train_054,2,0.10843314230442047,0.1936330497264862,0.2614905536174774,0.20915283262729645,0.22729043662548065
conv,3,7,train_055,3,0.12013909220695496,0.07051174342632294,0.3993190824985504,0.39006802439689636,0.019962018355727196
conv,3,7,train_056,1,0.1972607970237732,0.2081039696931839,0.5757178664207458,0.01254881639033556,0.006368551403284073
conv,3,7,train_057,1,0.04441451653838158,0.25292056798934937,0.30069267749786377,0.323408842086792,0.07856340706348419
conv,3,7,train_058,1,0.14819368720054626,0.20496411621570587,0.25546514987945557,0.1953074038028717,0.1960696578025818
conv,3,7,train_059,2,0.3164658844470978,0.5139219760894775,0.039067342877388,0.041724659502506256,0.08882012218236923
conv,3,7,train_060,3,0.17451545596122742,0.20674186944961548,0.23439159989356995,0.18940135836601257,0.19494974613189697
conv,3,7,train_061,2,0.09489905089139938,0.19893735647201538,0.26933223009109497,0.11564002186059952,0.32119137048721313
conv,3,7,train_062,3,0.1571643352508545,0.2484303116798401,0.2664783298969269,0.13966873288154602,0.18825829029083252
conv,3,7,train_063,2,0.055965572595596313,0.6174899935722351,0.10310633480548859,0.143466055393219,0.07997201383113861
conv,3,7,train_064,2,0.13957186043262482,0.22634445130825043,0.2766827344894409,0.1770285815000534,0.18037240207195282
conv,3,7,train_065,3,0.16698600351810455,0.22076766192913055,0.26213860511779785,0.1767604649066925,0.17334729433059692
conv,3,7,train_066,2,0.11708208173513412,0.21893909573554993,0.2624507248401642,0.20317208766937256,0.1983560174703598
conv,3,7,train_067,3,0.26415976881980896,0.18596906960010529,0.46514618396759033,0.06454180181026459,0.020183157175779343
conv,3,7,train_068,3,0.1717851608991623,0.19925478100776672,0.5115597248077393,0.08891915529966354,0.028481129556894302
conv,3,7,train_069,2,0.4702567458152771,0.0670991912484169,0.2694489359855652,0.15604041516780853,0.03715473785996437
conv,3,7,train_070,2,0.3647880256175995,0.12020394206047058,0.48347508907318115,0.02832895703613758,0.003203991102054715
conv,3,7,train_071,4,0.13505618274211884,0.18237394094467163,0.21283866465091705,0.2215079516172409,0.24822326004505157
conv,3,7,train_072,4,0.33477094769477844,0.2974459230899811,0.1107613667845726,0.12972411513328552,0.12729763984680176
conv,3,7,train_073,2,0.09679464995861053,0.11060895770788193,0.3605431318283081,0.3758261501789093,0.05622711405158043
conv,3,7,train_074,3,0.3275946378707886,0.12125787883996964,0.5322397947311401,0.016221702098846436,0.0026859387289732695
conv,3,7,train_075,2,0.14152026176452637,0.2295985221862793,0.23006030917167664,0.15071596205234528,0.24810488522052765
conv,3,7,train_076,2,0.3465970456600189,0.36917147040367126,0.13616035878658295,0.054397426545619965,0.0936737060546875
conv,3,7,train_077,3,0.12076541781425476,0.2152843028306961,0.2561105489730835,0.19495652616024017,0.21288320422172546
conv,3,7,train_078,3,0.029836416244506836,0.9190918207168579,0.04554259404540062,0.0005904108402319252,0.004938731901347637
conv,3,7,train_079,2,0.20702232420444489,0.2556185722351074,0.28205442428588867,0.1123596653342247,0.14294499158859253
conv,3,7,train_080,1,0.1959378719329834,0.24637466669082642,0.2203214466571808,0.139881432056427,0.19748447835445404
conv,3,7,train_081,3,0.3416925072669983,0.12044662237167358,0.5221172571182251,0.01301787979900837,0.0027258088812232018
conv,3,7,train_082,3,0.25685301423072815,0.3428826928138733,0.1091836616396904,0.10797051340341568,0.18311011791229248
conv,3,7,train_083,1,0.6293981075286865,0.31165218353271484,0.02500191703438759,0.01727793738245964,0.016669804230332375
conv,3,7,train_084,5,0.09300415962934494,0.17304463684558868,0.26307955384254456,0.24853383004665375,0.22233781218528748
conv,3,7,train_085,3,0.04580022022128105,0.6646115779876709,0.05194816365838051,0.04158535227179527,0.196054607629776
conv,3,7,train_086,2,0.6137092113494873,0.3282855153083801,0.028333498165011406,0.014359625987708569,0.015312121249735355
conv,3,7,train_087,3,0.16078120470046997,0.18969476222991943,0.24629740417003632,0.20715737342834473,0.19606922566890717
conv,3,7,train_088,2,0.12931221723556519,0.6371405720710754,0.19334687292575836,0.008700530976057053,0.03149980306625366
conv,3,7,train_089,2,0.34137988090515137,0.0947440043091774,0.08552927523851395,0.34785422682762146,0.13049261271953583
conv,3,7,train_090,4,0.1266232132911682,0.15725316107273102,0.07611194998025894,0.2206394374370575,0.4193722605705261
conv,3,7,train_091,2,0.15918302536010742,0.20863695442676544,0.5810461044311523,0.03298862278461456,0.018145332112908363
conv,3,7,train_092,2,0.06591737270355225,0.11958189308643341,0.1538650095462799,0.24567106366157532,0.4149647057056427
conv,3,7,train_093,3,0.0027775245252996683,0.11289393901824951,0.058097295463085175,0.1096915677189827,0.716539740562439
conv,3,7,train_094,3,0.23914915323257446,0.2499963343143463,0.20654615759849548,0.135608971118927,0.16869942843914032
conv,3,7,train_095,3,0.04448532685637474,0.3584482967853546,0.20083960890769958,0.20631802082061768,0.1899086833000183
conv,3,7,train_096,2,0.01460848469287157,0.04915241524577141,0.04027089849114418,0.08807764202356339,0.8078904747962952
conv,3,7,train_097,3,0.6252401471138,0.27811378240585327,0.0917888954281807,0.0025041440967470407,0.0023530260659754276
conv,3,7,train_098,1,0.10437922179698944,0.17765074968338013,0.24531817436218262,0.2395700365304947,0.2330818474292755
conv,3,7,train_099,3,0.1368398815393448,0.15496398508548737,0.28960394859313965,0.24439941346645355,0.17419272661209106
conv,3,7,train_100,5,0.0022194383200258017,0.06880773603916168,0.04512494429945946,0.16791154444217682,0.7159363627433777
conv,3,7,train_101,2,0.13868005573749542,0.19950708746910095,0.25187039375305176,0.20631355047225952,0.20362891256809235
conv,3,7,train_102,2,0.07210651785135269,0.12993067502975464,0.19205693900585175,0.17327497899532318,0.43263086676597595
conv,3,7,train_103,3,0.08764495700597763,0.1253451704978943,0.1930379420518875,0.29033535718917847,0.3036365509033203
conv,3,7,train_104,1,0.16085004806518555,0.1545972228050232,0.3289908170700073,0.2625392973423004,0.09302259981632233
conv,3,7,train_105,4,0.18818120658397675,0.21651288866996765,0.21362723410129547,0.18017874658107758,0.20149995386600494
conv,3,7,train_106,1,0.3420650064945221,0.2449093610048294,0.1674325168132782,0.11466985195875168,0.1309232860803604
conv,3,7,train_107,3,0.1577363908290863,0.2423059195280075,0.33031874895095825,0.13650238513946533,0.13313652575016022
conv,3,7,train_108,1,0.12196247279644012,0.18553292751312256,0.3101113736629486,0.2152378112077713,0.16715538501739502
conv,3,7,train_109,3,0.28431907296180725,0.17066392302513123,0.5192731618881226,0.020725831389427185,0.005018033552914858
conv,3,7,train_110,1,0.10238198190927505,0.35625720024108887,0.07497566193342209,0.33213070034980774,0.13425445556640625
conv,3,7,train_111,3,0.15743441879749298,0.24062836170196533,0.3066743314266205,0.13685359060764313,0.15840931236743927
conv,3,7,train_112,1,0.5517909526824951,0.3334660828113556,0.10821709036827087,0.0055274260230362415,0.0009984122589230537
conv,3,7,train_113,3,0.022111305966973305,0.05558614805340767,0.047138214111328125,0.10148268938064575,0.7736815810203552
conv,3,7,train_114,3,0.10227839648723602,0.14381392300128937,0.23922206461429596,0.2901220917701721,0.22456352412700653
conv,3,7,train_115,3,0.10308711975812912,0.3606645166873932,0.3012566864490509,0.19953274726867676,0.035458967089653015
conv,3,7,train_116,4,0.1314471811056137,0.14041639864444733,0.27003979682922363,0.34200647473335266,0.11609016358852386
conv,3,7,train_117,1,0.5116618275642395,0.4331474006175995,0.052585236728191376,0.0016066149109974504,0.0009989141253754497
conv,3,7,train_118,2,0.05524154007434845,0.6582896709442139,0.22366495430469513,0.047905899584293365,0.01489791925996542
conv,3,7,train_119,2,0.0946681872010231,0.19174617528915405,0.26419296860694885,0.20682185888290405,0.24257084727287292
conv,3,7,train_120,5,0.12502077221870422,0.2176588773727417,0.2653476595878601,0.19039542973041534,0.20157723128795624
conv,3,123,train_001,2,0.6229611039161682,0.23448117077350616,0.03429905325174332,0.04974249005317688,0.05851614102721214
conv,3,123,train_002,5,0.12314846366643906,0.19424229860305786,0.23946315050125122,0.23832648992538452,0.20481961965560913
conv,3,123,train_003,2,0.3111666738986969,0.08353959769010544,0.5620723366737366,0.030724991112947464,0.012496358714997768
conv,3,123,train_004,4,0.07357991486787796,0.21100136637687683,0.2717192769050598,0.3223436176776886,0.12135583907365799
conv,3,123,train_005,5,0.15316304564476013,0.18393629789352417,0.24786722660064697,0.2162075638771057,0.19882582128047943
conv,3,123,train_006,2,0.06205189228057861,0.2458486258983612,0.24342508614063263,0.29689982533454895,0.15177452564239502
conv,3,123,train_007,2,0.11024507880210876,0.19392208755016327,0.3014993369579315,0.1886405050754547,0.20569303631782532
conv,3,123,train_008,5,0.116117462515831,0.2268163412809372,0.28718215227127075,0.23198632895946503,0.13789771497249603
conv,3,123,train_009,3,0.1599130481481552,0.18377266824245453,0.3188852369785309,0.26444363594055176,0.0729854479432106
conv,3,123,train_010,2,0.12211631238460541,0.21127450466156006,0.26587584614753723,0.1773616075515747,0.2233717143535614
conv,3,123,train_011,3,0.3496139347553253,0.22937501966953278,0.3811650574207306,0.029888393357396126,0.009957613423466682
conv,3,123,train_012,5,0.625001847743988,0.30668318271636963,0.05590002238750458,0.005392751656472683,0.007022221107035875
conv,3,123,train_013,2,0.008060946129262447,0.24961672723293304,0.31034356355667114,0.26585519313812256,0.16612353920936584
conv,3,123,train_014,5,0.09362803399562836,0.18309564888477325,0.3011430501937866,0.20477133989334106,0.21736198663711548
conv,3,123,train_015,3,0.1588173359632492,0.19115713238716125,0.24534693360328674,0.20960651338100433,0.19507203996181488
conv,3,123,train_016,4,0.05799664556980133,0.24350003898143768,0.3348056972026825,0.10067060589790344,0.2630269527435303
conv,3,123,train_017,2,0.4343015253543854,0.20685812830924988,0.13054229319095612,0.10485436767339706,0.12344370037317276
conv,3,123,train_018,5,0.16229259967803955,0.1845569610595703,0.19006510078907013,0.2193136066198349,0.2437717765569687
conv,3,123,train_019,3,0.15513929724693298,0.18839916586875916,0.25012266635894775,0.20991314947605133,0.19642578065395355
conv,3,123,train_020,2,0.15286971628665924,0.1828487664461136,0.24907414615154266,0.21430636942386627,0.20090101659297943
conv,3,123,train_021,5,0.016382858157157898,0.059948571026325226,0.32974836230278015,0.49092504382133484,0.10299520194530487
conv,3,123,train_022,4,0.17894718050956726,0.1980518400669098,0.2308807522058487,0.20452484488487244,0.1875954419374466
conv,3,123,train_023,3,0.09923820197582245,0.19709274172782898,0.2845223844051361,0.19289551675319672,0.22625112533569336
conv,3,123,train_024,5,0.17981290817260742,0.19906485080718994,0.22964264452457428,0.20897558331489563,0.18250399827957153
conv,3,123,train_025,5,0.13420940935611725,0.21362505853176117,0.2615456283092499,0.1725614219903946,0.21805843710899353
conv,3,123,train_026,3,0.15432025492191315,0.14370019733905792,0.22757023572921753,0.2585360109806061,0.21587331593036652
conv,3,123,train_027,2,0.27475401759147644,0.3928016722202301,0.09504108130931854,0.12570452690124512,0.11169876158237457
conv,3,123,train_028,4,0.12170812487602234,0.18669439852237701,0.23320068418979645,0.27764615416526794,0.18075060844421387
conv,3,123,train_029,2,0.15289132297039032,0.791229784488678,0.046979378908872604,0.00595647469162941,0.0029430824797600508
conv,3,123,train_030,5,0.1657542884349823,0.19113758206367493,0.2426019310951233,0.18370600044727325,0.21680015325546265
conv,3,123,train_031,4,0.13940511643886566,0.14175979793071747,0.19754450023174286,0.31289681792259216,0.20839376747608185
conv,3,123,train_032,3,0.002264824928715825,0.09021800011396408,0.15771497786045074,0.11119374632835388,0.6386085152626038
conv,3,123,train_033,1,0.5174041390419006,0.17806488275527954,0.0749414786696434,0.1213010847568512,0.10828836262226105
conv,3,123,train_034,2,0.04694365710020065,0.2025727927684784,0.22458615899085999,0.29165971279144287,0.2342376559972763
conv,3,123,train_035,2,0.6313037872314453,0.2696155309677124,0.019951408728957176,0.04861551150679588,0.030513795092701912
conv,3,123,train_036,2,0.44864538311958313,0.11648250371217728,0.41163691878318787,0.016756201162934303,0.006479040253907442
conv,3,123,train_037,2,0.18184590339660645,0.20342515408992767,0.2231145203113556,0.1978728175163269,0.1937415599822998
conv,3,123,train_038,3,0.2699873447418213,0.10486186295747757,0.16531410813331604,0.22735777497291565,0.23247888684272766
conv,3,123,train_039,3,0.15410831570625305,0.19971811771392822,0.24175705015659332,0.1805867850780487,0.22382977604866028
conv,3,123,train_040,2,0.3322111666202545,0.2617226839065552,0.11169646680355072,0.11170019954442978,0.18266955018043518
conv,3,123,train_041,3,0.1447995901107788,0.16636507213115692,0.23371821641921997,0.2612099349498749,0.19390717148780823
conv,3,123,train_042,2,0.22306783497333527,0.15243391692638397,0.20364026725292206,0.18059487640857697,0.24026305973529816
conv,3,123,train_043,4,0.1488887518644333,0.18118131160736084,0.25183743238449097,0.21544212102890015,0.20265035331249237
conv,3,123,train_044,3,0.12232533097267151,0.2102787345647812,0.2747346758842468,0.17805388569831848,0.2146073579788208
conv,3,123,train_045,3,0.05726276710629463,0.19735018908977509,0.2254476696252823,0.3565906584262848,0.16334867477416992
conv,3,123,train_046,4,0.05351812392473221,0.21198324859142303,0.48173287510871887,0.22186937928199768,0.030896402895450592
conv,3,123,train_047,2,0.1580176204442978,0.19263744354248047,0.2487664818763733,0.20784763991832733,0.19273081421852112
conv,3,123,train_048,4,0.09249479323625565,0.18601122498512268,0.3159397542476654,0.20065942406654358,0.20489482581615448
conv,3,123,train_049,2,0.15345096588134766,0.18539689481258392,0.24939988553524017,0.2100210040807724,0.20173129439353943
conv,3,123,train_050,4,0.10148341953754425,0.20257392525672913,0.2967075705528259,0.18724170327186584,0.21199335157871246
conv,3,123,train_051,3,0.5214035511016846,0.09555807709693909,0.360110878944397,0.018159866333007812,0.004767632111907005
conv,3,123,train_052,3,0.08917920291423798,0.17308638989925385,0.24796001613140106,0.3908115327358246,0.09896281361579895
conv,3,123,train_053,3,0.13579772412776947,0.23130181431770325,0.27314865589141846,0.16066494584083557,0.19908690452575684
conv,3,123,train_054,2,0.11141765117645264,0.20212359726428986,0.2761819660663605,0.18914355337619781,0.22113318741321564
conv,3,123,train_055,3,0.11113039404153824,0.053568243980407715,0.6191193461418152,0.20461086928844452,0.011571046896278858
conv,3,123,train_056,1,0.1435823142528534,0.1668325662612915,0.2497793585062027,0.23870868980884552,0.2010970562696457
conv,3,123,train_057,1,0.031705260276794434,0.6076545119285583,0.24739375710487366,0.07275976240634918,0.04048670083284378
conv,3,123,train_058,1,0.0907360166311264,0.21177837252616882,0.27726075053215027,0.28658148646354675,0.13364338874816895
conv,3,123,train_059,2,0.2683183550834656,0.654033362865448,0.03912341222167015,0.010211803950369358,0.02831306681036949
conv,3,123,train_060,3,0.07840561866760254,0.19803206622600555,0.2325628101825714,0.21884365379810333,0.2721558213233948
conv,3,123,train_061,2,0.15954099595546722,0.187968447804451,0.2444974035024643,0.20994438230991364,0.19804881513118744
conv,3,123,train_062,3,0.161786749958992,0.24029625952243805,0.23105455935001373,0.1549520641565323,0.21191030740737915
conv,3,123,train_063,2,0.13064761459827423,0.6802746057510376,0.0923672616481781,0.08910319209098816,0.007607340347021818
conv,3,123,train_064,2,0.08186595141887665,0.23373423516750336,0.28784164786338806,0.24307900667190552,0.1534791886806488
conv,3,123,train_065,3,0.1444806605577469,0.20812009274959564,0.28890618681907654,0.26697590947151184,0.09151718020439148
conv,3,123,train_066,2,0.0616014190018177,0.20589587092399597,0.2334926575422287,0.35472410917282104,0.1442859023809433
conv,3,123,train_067,3,0.15824617445468903,0.19106078147888184,0.24789531528949738,0.2124847024679184,0.19031304121017456
conv,3,123,train_068,3,0.1531381458044052,0.1883731484413147,0.25023481249809265,0.21064291894435883,0.19761095941066742
conv,3,123,train_069,2,0.2929063141345978,0.1452237069606781,0.18858498334884644,0.19204214215278625,0.18124288320541382
conv,3,123,train_070,2,0.46375328302383423,0.08160659670829773,0.42999839782714844,0.019300077110528946,0.00534161226823926
conv,3,123,train_071,4,0.050795890390872955,0.1440371423959732,0.19397492706775665,0.22548751533031464,0.38570454716682434
conv,3,123,train_072,4,0.4953455328941345,0.23184742033481598,0.18649107217788696,0.05292748659849167,0.033388473093509674
conv,3,123,train_073,2,0.12875527143478394,0.17132042348384857,0.526917576789856,0.13816307485103607,0.034843623638153076
conv,3,123,train_074,3,0.3863552212715149,0.08532951027154922,0.5030604600906372,0.017835117876529694,0.007419699802994728
conv,3,123,train_075,2,0.15387602150440216,0.22861608862876892,0.23565278947353363,0.16481952369213104,0.21703554689884186
conv,3,123,train_076,2,0.1829923540353775,0.42266398668289185,0.12568451464176178,0.13706135749816895,0.13159775733947754
conv,3,123,train_077,3,0.06580683588981628,0.21612083911895752,0.24341000616550446,0.3237473666667938,0.1509149819612503
conv,3,123,train_078,3,0.20303381979465485,0.6813731789588928,0.04996419697999954,0.0346105583012104,0.031018270179629326
conv,3,123,train_079,2,0.11721338331699371,0.2998659014701843,0.25897324085235596,0.10848624259233475,0.21546119451522827
conv,3,123,train_080,1,0.09992832690477371,0.2771587371826172,0.20370414853096008,0.14312918484210968,0.2760796546936035
conv,3,123,train_081,3,0.4053783714771271,0.08724945783615112,0.4846852123737335,0.014977495186030865,0.007709450088441372
conv,3,123,train_082,3,0.3223553001880646,0.2688417434692383,0.11313257366418839,0.11239341646432877,0.1832769513130188
conv,3,123,train_083,1,0.6714218258857727,0.19287873804569244,0.027704188600182533,0.05002029612660408,0.057974923402071
conv,3,123,train_084,5,0.09912203252315521,0.18710008263587952,0.2995446026325226,0.197160005569458,0.21707333624362946
conv,3,123,train_085,3,0.13050557672977448,0.2269766926765442,0.2538812756538391,0.19597843289375305,0.1926579624414444
conv,3,123,train_086,2,0.6511903405189514,0.21052581071853638,0.030553439632058144,0.049590568989515305,0.05813980475068092
conv,3,123,train_087,3,0.08221516013145447,0.15976457297801971,0.24517922103405,0.33737343549728394,0.17546765506267548
conv,3,123,train_088,2,0.2037523239850998,0.3916245400905609,0.18022431433200836,0.10513629764318466,0.11926253885030746
conv,3,123,train_089,2,0.34589460492134094,0.19071687757968903,0.11559759825468063,0.17926479876041412,0.16852617263793945
conv,3,123,train_090,4,0.33281877636909485,0.18579529225826263,0.1104840636253357,0.16827426850795746,0.20262756943702698
conv,3,123,train_091,2,0.1333887130022049,0.18767638504505157,0.2623598277568817,0.21100124716758728,0.20557385683059692
conv,3,123,train_092,2,0.15204378962516785,0.18412525951862335,0.251104474067688,0.21331267058849335,0.19941379129886627
conv,3,123,train_093,3,0.004886329639703035,0.3762694001197815,0.15696465969085693,0.0547538697719574,0.4071258008480072
conv,3,123,train_094,3,0.20201309025287628,0.3227311074733734,0.18446776270866394,0.13077999651432037,0.1600079983472824
conv,3,123,train_095,3,0.11528487503528595,0.18919190764427185,0.2354062795639038,0.26322802901268005,0.19688889384269714
conv,3,123,train_096,2,0.15337039530277252,0.1822894662618637,0.24881327152252197,0.21290041506290436,0.2026265263557434
conv,3,123,train_097,3,0.701478123664856,0.22189000248908997,0.06911034137010574,0.005216776859015226,0.0023048087023198605
conv,3,123,train_098,1,0.1136799305677414,0.19605301320552826,0.27943670749664307,0.19108504056930542,0.21974533796310425
conv,3,123,train_099,3,0.1510458141565323,0.18275879323482513,0.25116264820098877,0.21681299805641174,0.19821980595588684
conv,3,123,train_100,5,0.003064012387767434,0.08169771730899811,0.12193549424409866,0.1521838754415512,0.6411189436912537
conv,3,123,train_101,2,0.06729993224143982,0.18663983047008514,0.24512512981891632,0.29656583070755005,0.20436927676200867
conv,3,123,train_102,2,0.1499498188495636,0.1802012175321579,0.24958233535289764,0.21454714238643646,0.20571942627429962
conv,3,123,train_103,3,0.15207667648792267,0.18302544951438904,0.251219779253006,0.21587222814559937,0.19780585169792175
conv,3,123,train_104,1,0.15219420194625854,0.18730071187019348,0.25315991044044495,0.21332132816314697,0.19402377307415009
conv,3,123,train_105,4,0.17193181812763214,0.2291392683982849,0.2360459417104721,0.23234808444976807,0.13053494691848755
conv,3,123,train_106,1,0.31843486428260803,0.2688230872154236,0.14436957240104675,0.12744565308094025,0.14092686772346497
conv,3,123,train_107,3,0.15123428404331207,0.23388835787773132,0.2563599944114685,0.1572996824979782,0.2012176811695099
conv,3,123,train_108,1,0.1069086343050003,0.1917828619480133,0.2975911498069763,0.1919286847114563,0.21178866922855377
conv,3,123,train_109,3,0.1674233227968216,0.15347641706466675,0.23521634936332703,0.2430391162633896,0.20084472000598907
conv,3,123,train_110,1,0.20762999355793,0.5052391290664673,0.08913926035165787,0.18265584111213684,0.015335768461227417
conv,3,123,train_111,3,0.1537814885377884,0.23484587669372559,0.2499246895313263,0.15741711854934692,0.20403078198432922
conv,3,123,train_112,1,0.19611015915870667,0.21492134034633636,0.2213699221611023,0.19730044901371002,0.17029815912246704
conv,3,123,train_113,3,0.16134093701839447,0.18483155965805054,0.24330005049705505,0.214695543050766,0.19583185017108917
conv,3,123,train_114,3,0.14789657294750214,0.17999684810638428,0.2528356909751892,0.21778437495231628,0.2014864981174469
conv,3,123,train_115,3,0.12116797268390656,0.19358542561531067,0.23703311383724213,0.27004802227020264,0.1781654804944992
conv,3,123,train_116,4,0.1479490101337433,0.18012067675590515,0.25291943550109863,0.21966013312339783,0.1993507295846939
conv,3,123,train_117,1,0.5546185374259949,0.37231290340423584,0.01803561858832836,0.031980860978364944,0.023052051663398743
conv,3,123,train_118,2,0.11137206107378006,0.1890845149755478,0.2147039920091629,0.29215604066848755,0.1926833689212799
conv,3,123,train_119,2,0.10183721035718918,0.202772319316864,0.28819167613983154,0.18775662779808044,0.2194421887397766
conv,3,123,train_120,5,0.08926962316036224,0.22352334856987,0.26940858364105225,0.3134719133377075,0.1043265238404274
conv,3,ensemble,train_001,2,0.6152477661768595,0.28991785148779553,0.04349352791905403,0.025415454680720966,0.025925399580349524
conv,3,ensemble,train_002,5,0.11347051709890366,0.2959728042284648,0.21795745690663657,0.16380123794078827,0.20879799127578735
conv,3,ensemble,train_003,2,0.3304746647675832,0.12043654918670654,0.4875750044981639,0.051275928815205894,0.010237870117028555
conv,3,ensemble,train_004,4,0.12372246881326039,0.20293510456879935,0.2660225033760071,0.23594432572523752,0.17137563476959863
conv,3,ensemble,train_005,5,0.1237349882721901,0.16609821716944376,0.2739180227120717,0.22958962122599283,0.20665912330150604
conv,3,ensemble,train_006,2,0.11577313641707103,0.22023527324199677,0.23745431502660116,0.2294077972571055,0.1971294234196345
conv,3,ensemble,train_007,2,0.11274691671133041,0.18427848319212595,0.31327969829241437,0.21591012179851532,0.1737847924232483
conv,3,ensemble,train_008,5,0.1691604902346929,0.21733913818995157,0.25652405619621277,0.19075005749861398,0.16622627774874368
conv,3,ensemble,train_009,3,0.1655476689338684,0.19453017910321554,0.28170208136240643,0.21212178965409598,0.14609831819931665
conv,3,ensemble,train_010,2,0.10490949700276057,0.2034768064816793,0.24448930223782858,0.20302104453245798,0.2441033571958542
conv,3,ensemble,train_011,3,0.32830606897672016,0.21203919251759848,0.39111364881197613,0.05847788291672865,0.010063182252148787
conv,3,ensemble,train_012,5,0.4900975227355957,0.39412479599316913,0.07987456023693085,0.020883353427052498,0.015019741995881
conv,3,ensemble,train_013,2,0.010817161450783411,0.17638770987590155,0.1922081137696902,0.3388070861498515,0.2817799150943756
conv,3,ensemble,train_014,5,0.08229033400615056,0.17027690013249716,0.252251461148262,0.24531097213427225,0.24987036486466727
conv,3,ensemble,train_015,3,0.15178663035233816,0.19156738619009653,0.3373846709728241,0.17305801312128702,0.146203284462293
conv,3,ensemble,train_016,4,0.03284885020305713,0.20285264402627945,0.184111125767231,0.18602040906747183,0.3941669960816701
conv,3,ensemble,train_017,2,0.44462132453918457,0.18206820885340372,0.20807006458441415,0.07867798581719398,0.08656240285684665
conv,3,ensemble,train_018,5,0.13115528970956802,0.2560997058947881,0.12891057257850966,0.19970050950845084,0.28413396577040356
conv,3,ensemble,train_019,3,0.1412753313779831,0.1808109978834788,0.30147290229797363,0.20517314473787943,0.17126764357089996
conv,3,ensemble,train_020,2,0.13544766853253046,0.16785570979118347,0.28334634006023407,0.2145108679930369,0.19883942604064941
conv,3,ensemble,train_021,5,0.024783631165822346,0.07772913823525111,0.2658262401819229,0.47287676731745404,0.15878421564896902
conv,3,ensemble,train_022,4,0.18042795360088348,0.22168208161989847,0.18488654245932898,0.17576192319393158,0.23724152644475302
conv,3,ensemble,train_023,3,0.08353475232919057,0.18667931854724884,0.23132126033306122,0.22467626631259918,0.2737884024779002
conv,3,ensemble,train_024,5,0.32763059933980304,0.28746265172958374,0.16978887716929117,0.12038314373542865,0.09473474742844701
conv,3,ensemble,train_025,5,0.12128207335869472,0.20509347319602966,0.26014510790507,0.19303715725739798,0.22044218083222708
conv,3,ensemble,train_026,3,0.17626510560512543,0.13321165243784586,0.25701311727364856,0.23258810738722482,0.20092199742794037
conv,3,ensemble,train_027,2,0.3825080593427022,0.31917381783326465,0.12451476852099101,0.08998586609959602,0.08381754284103711
conv,3,ensemble,train_028,4,0.13824563721815744,0.19280112286408743,0.26941101749738056,0.24088886876900992,0.1586533673107624
conv,3,ensemble,train_029,2,0.25976472596327466,0.645943303902944,0.07877398406465848,0.010358074679970741,0.005159914571171005
conv,3,ensemble,train_030,5,0.1346785898009936,0.1917419284582138,0.20440789063771567,0.16154150664806366,0.30763007203737897
conv,3,ensemble,train_031,4,0.14544599751631418,0.13625296701987585,0.20570910970369974,0.31348682940006256,0.19910508145888647
conv,3,ensemble,train_032,3,0.004347409121692181,0.09163483108083408,0.09639430542786916,0.15029600262641907,0.6573274532953898
conv,3,ensemble,train_033,1,0.5012264251708984,0.2873399058977763,0.07280708228548367,0.07423892058432102,0.06438768561929464
conv,3,ensemble,train_034,2,0.10694924741983414,0.20173888901869455,0.23044080038865408,0.23049035171667734,0.23038073380788168
conv,3,ensemble,train_035,2,0.7064031362533569,0.18630849942564964,0.039085701728860535,0.043867677450180054,0.024334963721533615
conv,3,ensemble,train_036,2,0.3751850227514903,0.12648660192886987,0.4611702263355255,0.03191171896954378,0.0052464210117856664
conv,3,ensemble,train_037,2,0.15645841509103775,0.2620476831992467,0.2239117125670115,0.149549663066864,0.20803250869115195
conv,3,ensemble,train_038,3,0.21664547423521677,0.09901147087415059,0.14323754360278448,0.2581326862176259,0.28297282258669537
conv,3,ensemble,train_039,3,0.13045824567476907,0.18889773885409036,0.208904097477595,0.21817495922247568,0.2535649836063385
conv,3,ensemble,train_040,2,0.22650860249996185,0.2867599626382192,0.11002855996290843,0.1317861502369245,0.244916761914889
conv,3,ensemble,train_041,3,0.17042524615923563,0.1813214272260666,0.3263363341490428,0.17211039612690607,0.14980660006403923
conv,3,ensemble,train_042,2,0.17276606460412344,0.1411724934975306,0.16840259979168573,0.17203384637832642,0.34562497834364575
conv,3,ensemble,train_043,4,0.10552250221371651,0.14608163883288702,0.23287883897622427,0.2416454553604126,0.2738715459903081
conv,3,ensemble,train_044,3,0.12639528016249338,0.2067221055428187,0.29306607445081073,0.19130846858024597,0.1825080613295237
conv,3,ensemble,train_045,3,0.11583302542567253,0.19661260147889456,0.23107376197973886,0.25123857458432514,0.2052420179049174
conv,3,ensemble,train_046,4,0.054810756196578346,0.16273072361946106,0.3959043224652608,0.3305317560831706,0.056022429217894874
conv,3,ensemble,train_047,2,0.16106615960597992,0.18913376331329346,0.34896180033683777,0.17304522544145584,0.12779304509361586
conv,3,ensemble,train_048,4,0.09470641613006592,0.17742599546909332,0.3128276566664378,0.2358470857143402,0.17919286588827768
conv,3,ensemble,train_049,2,0.11066730817159016,0.15212828914324442,0.23724044362703958,0.2182893007993698,0.28167468806107837
conv,3,ensemble,train_050,4,0.09057179590066274,0.1932615488767624,0.26863353451093036,0.22268879413604736,0.22484431664148966
conv,3,ensemble,train_051,3,0.4780156413714091,0.1157820572455724,0.37340714534123737,0.02869420809050401,0.00410093964698414
conv,3,ensemble,train_052,3,0.1309911012649536,0.18419688443342844,0.24367296695709229,0.2656299869219462,0.17550904055436453
conv,3,ensemble,train_053,3,0.1517924964427948,0.22858374814192453,0.33340216676394147,0.15031709770361582,0.13590450833241144
conv,3,ensemble,train_054,2,0.10462335745493571,0.19991703828175864,0.257267564535141,0.21198239922523499,0.22620963553587595
conv,3,ensemble,train_055,3,0.1205134466290474,0.07376356174548467,0.4968918164571126,0.2885266989469528,0.02030444424599409
conv,3,ensemble,train_056,1,0.16074619690577188,0.18451803425947824,0.36239807307720184,0.144624177676936,0.14771350348989168
conv,3,ensemble,train_057,1,0.043282732367515564,0.38845957318941754,0.24828613301118216,0.22022063036759695,0.09975091864665349
conv,3,ensemble,train_058,1,0.14357423782348633,0.2042695383230845,0.25297437111536664,0.22006127734978995,0.17912058532238007
conv,3,ensemble,train_059,2,0.22301085293293,0.5486347079277039,0.0545316847662131,0.06695326697081327,0.10686948026220004
conv,3,ensemble,train_060,3,0.15436475475629172,0.20289002855618796,0.22834051152070364,0.19262841840585074,0.22177628179391226
conv,3,ensemble,train_061,2,0.1259696806470553,0.18302985529104868,0.2620045592387517,0.19021212309598923,0.23878381649653116
conv,3,ensemble,train_062,3,0.16284683843453726,0.2483884940544764,0.2510632226864497,0.15645074844360352,0.18125068644682565
conv,3,ensemble,train_063,2,0.10535830756028493,0.6217747926712036,0.09792051464319229,0.11821967611710231,0.056726701402415834
conv,3,ensemble,train_064,2,0.13827144106229147,0.21938582758108774,0.26593754688898724,0.19931918879350027,0.17708600560824075
conv,3,ensemble,train_065,3,0.17211941878000894,0.2090569088856379,0.25958772500356037,0.20677456259727478,0.15246139466762543
conv,3,ensemble,train_066,2,0.11878923450907071,0.20461586117744446,0.24394560356934866,0.24888791143894196,0.18376137812932333
conv,3,ensemble,train_067,3,0.18749632438023886,0.17768655717372894,0.33289221425851184,0.17655081550280252,0.12537409737706184
conv,3,ensemble,train_068,3,0.14826291054487228,0.17870341738065085,0.351409653822581,0.1847685699661573,0.1368554246922334
conv,3,ensemble,train_069,2,0.3452724615732829,0.13016253958145776,0.21106796463330588,0.17308725913365683,0.1404097887376944
conv,3,ensemble,train_070,2,0.42716140548388165,0.1097237120072047,0.42691394686698914,0.03172966527442137,0.00447124980079631
conv,3,ensemble,train_071,4,0.12485095113515854,0.1737105200688044,0.20710896948973337,0.20809381206830344,0.2862357497215271
conv,3,ensemble,train_072,4,0.33081568280855816,0.34272433817386627,0.13550767550865808,0.10385995358228683,0.08709233005841573
conv,3,ensemble,train_073,2,0.10421502590179443,0.15762813140948614,0.4012191792329152,0.27592778702576953,0.061009867737690605
conv,3,ensemble,train_074,3,0.4029589394728343,0.10648140062888463,0.46590972940127057,0.02019072820742925,0.0044592103610436125
conv,3,ensemble,train_075,2,0.12812542170286179,0.22866035997867584,0.21474475165208182,0.1760395218928655,0.25242990255355835
conv,3,ensemble,train_076,2,0.2886149138212204,0.3439598927895228,0.15265925725301108,0.10351228962341945,0.11125365396340688
conv,3,ensemble,train_077,3,0.1238560030857722,0.2079138606786728,0.24315926432609558,0.23407366375128427,0.19099722305933634
conv,3,ensemble,train_078,3,0.1721010555823644,0.6880393624305725,0.08018048231800397,0.02751488263796394,0.0321642238025864
conv,3,ensemble,train_079,2,0.18815337618192038,0.257484828432401,0.2566422075033188,0.12395332256952922,0.17376622557640076
conv,3,ensemble,train_080,1,0.17989240835110346,0.248678391178449,0.2117573767900467,0.14432001610596976,0.21535179515679678
conv,3,ensemble,train_081,3,0.4179808596769969,0.10709661742051442,0.45285852750142414,0.0175123509640495,0.004551661433652043
conv,3,ensemble,train_082,3,0.24175586799780527,0.30556316177050274,0.11165620634953181,0.12823665142059326,0.21278810501098633
conv,3,ensemble,train_083,1,0.6594448486963908,0.24852616588274637,0.03429180569946766,0.029927553609013557,0.02780961027989785
conv,3,ensemble,train_084,5,0.08754406124353409,0.17684618135293326,0.2625434895356496,0.23679996033509573,0.23626633981863657
conv,3,ensemble,train_085,3,0.10951490576068561,0.3739650845527649,0.16353045031428337,0.1389451709886392,0.2140443573395411
conv,3,ensemble,train_086,2,0.6336943308512369,0.2701208194096883,0.03871790443857511,0.029242846183478832,0.028224086699386437
conv,3,ensemble,train_087,3,0.14399709304173788,0.18045241634051004,0.2378038913011551,0.24177529911200205,0.1959712952375412
conv,3,ensemble,train_088,2,0.18531522154808044,0.45143015185991925,0.18876885374387106,0.07459656273325284,0.09988920638958614
conv,3,ensemble,train_089,2,0.34126989046732586,0.17045854777097702,0.11096165080865224,0.21966201066970825,0.15764789779980978
conv,3,ensemble,train_090,4,0.23606395721435547,0.18562295536200205,0.10415663570165634,0.17537523806095123,0.2987812062104543
conv,3,ensemble,train_091,2,0.1498871793349584,0.20221169789632162,0.36266431709130603,0.13596147298812866,0.14927534076074758
conv,3,ensemble,train_092,2,0.1109445517261823,0.1486495186885198,0.22791809837023416,0.24193170169989267,0.27055612206459045
conv,3,ensemble,train_093,3,0.0069106043471644325,0.23985171814759573,0.0928741991519928,0.11225612213214238,0.5481073757012686
conv,3,ensemble,train_094,3,0.23217439154783884,0.2653057972590129,0.20006263256072998,0.13867147266864777,0.16378570099671683
conv,3,ensemble,train_095,3,0.09366727247834206,0.24594557782014212,0.21863815188407898,0.2196307530005773,0.22211822867393494
conv,3,ensemble,train_096,2,0.09515859341869752,0.12502778445680937,0.18301520869135857,0.1890860969821612,0.40771230061848956
conv,3,ensemble,train_097,3,0.6528193155924479,0.2552031675974528,0.08276971926291783,0.006482855649664998,0.0027249869890511036
conv,3,ensemble,train_098,1,0.09937493254741032,0.18686753511428833,0.24701333542664847,0.2285378227631251,0.23820640643437704
conv,3,ensemble,train_099,3,0.13540087391932806,0.1592301925023397,0.27131351828575134,0.24564490218957266,0.1884105106194814
conv,3,ensemble,train_100,5,0.004944330081343651,0.10260548690954845,0.07362334926923116,0.16798249383767447,0.6508443752924601
conv,3,ensemble,train_101,2,0.1304029275973638,0.1928552488485972,0.2406758020321528,0.22804847856362662,0.20801754792531332
conv,3,ensemble,train_102,2,0.10965509712696075,0.14837615191936493,0.2370596925417582,0.21991954247156778,0.28498946130275726
conv,3,ensemble,train_103,3,0.11921508361895879,0.14998372892538706,0.2389236440261205,0.25945983330408734,0.23241770267486572
conv,3,ensemble,train_104,1,0.14521102358897528,0.16185318926970163,0.29137715697288513,0.2470431923866272,0.15451540549596152
conv,3,ensemble,train_105,4,0.1939739485581716,0.2174068937699,0.22195741534233093,0.19387934605280557,0.17278244098027548
conv,3,ensemble,train_106,1,0.31373298168182373,0.2471307267745336,0.17046822607517242,0.12821323921283087,0.14045484364032745
conv,3,ensemble,train_107,3,0.1654894451300303,0.23442241052786508,0.3066960374514262,0.1512410839398702,0.14215102791786194
conv,3,ensemble,train_108,1,0.12161005040009816,0.1857964793841044,0.3213423291842143,0.20577689508597055,0.16547423849503198
conv,3,ensemble,train_109,3,0.21154068410396576,0.1660695324341456,0.32889222105344135,0.1494494080543518,0.14404813712462783
conv,3,ensemble,train_110,1,0.1520338182648023,0.4504382312297821,0.09064208716154099,0.22121202449003854,0.08567386865615845
conv,3,ensemble,train_111,3,0.1597815454006195,0.23751582205295563,0.28464757402737934,0.1558917909860611,0.1621632526318232
conv,3,ensemble,train_112,1,0.36217769980430603,0.28337327142556507,0.17383095622062683,0.10438017190123598,0.07623790732274453
conv,3,ensemble,train_113,3,0.1112107913941145,0.13918999458352724,0.17460256814956665,0.18628154695034027,0.3887150486310323
conv,3,ensemble,train_114,3,0.1193837970495224,0.15225688616434732,0.25629253685474396,0.2627247671286265,0.2093420128027598
conv,3,ensemble,train_115,3,0.11840910961230595,0.24843280017375946,0.2573217848936717,0.22283258537451425,0.15300376216570535
conv,3,ensemble,train_116,4,0.13265126446882883,0.15276106695334116,0.2635386784871419,0.282046506802241,0.16900247832139334
conv,3,ensemble,train_117,1,0.552867611249288,0.3656868537267049,0.04545110402007898,0.02111888665240258,0.014875551026004056
conv,3,ensemble,train_118,2,0.098121277987957,0.3481939236323039,0.21016532182693481,0.17824825396140417,0.16527121483037868
conv,3,ensemble,train_119,2,0.09118073681990306,0.19636141757170358,0.25839050610860187,0.2120977689822515,0.2419696052869161
conv,3,ensemble,train_120,5,0.13317876557509103,0.2112631897131602,0.2560531198978424,0.22910660008589426,0.17039831231037775
transformer,0,42,train_001,2,0.5303495526313782,0.30412647128105164,0.10333553701639175,0.03039645031094551,0.03179197385907173
transformer,0,42,train_002,5,0.12031038105487823,0.21148264408111572,0.1965109258890152,0.23889759182929993,0.23279841244220734
transformer,0,42,train_003,2,0.17536810040473938,0.217467799782753,0.2143997699022293,0.18673086166381836,0.20603343844413757
transformer,0,42,train_004,4,0.12520956993103027,0.2374347746372223,0.2618906795978546,0.1863611936569214,0.18910376727581024
transformer,0,42,train_005,5,0.12196546047925949,0.2136811465024948,0.21764934062957764,0.22280852496623993,0.22389549016952515
transformer,0,42,train_006,2,0.14999747276306152,0.20929624140262604,0.20682229101657867,0.20592492818832397,0.22795914113521576
transformer,0,42,train_007,2,0.20060595870018005,0.15046969056129456,0.27548518776893616,0.2469283789396286,0.12651081383228302
transformer,0,42,train_008,5,0.21349138021469116,0.1904323548078537,0.3077091872692108,0.181837260723114,0.10652977973222733
transformer,0,42,train_009,3,0.15734246373176575,0.23742535710334778,0.2650960087776184,0.17039865255355835,0.16973750293254852
transformer,0,42,train_010,2,0.11785998195409775,0.22428399324417114,0.2682458460330963,0.1985919326543808,0.1910182535648346
transformer,0,42,train_011,3,0.05094195529818535,0.16581590473651886,0.22562195360660553,0.3411429822444916,0.2164772003889084
transformer,0,42,train_012,5,0.18939290940761566,0.22422908246517181,0.19546949863433838,0.18265098333358765,0.20825745165348053
transformer,0,42,train_013,2,0.15579424798488617,0.18146422505378723,0.2542758882045746,0.2678290903568268,0.14063654839992523
transformer,0,42,train_014,5,0.1493179351091385,0.1864444613456726,0.20350079238414764,0.22037367522716522,0.24036316573619843
transformer,0,42,train_015,3,0.13314442336559296,0.2881835997104645,0.25247418880462646,0.15424777567386627,0.17195002734661102
transformer,0,42,train_016,4,0.11804690957069397,0.2356526106595993,0.2514289319515228,0.19046097993850708,0.20441056787967682
transformer,0,42,train_017,2,0.26531437039375305,0.27503442764282227,0.1901940554380417,0.1245417445898056,0.1449154019355774
transformer,0,42,train_018,5,0.029985336586833,0.22515186667442322,0.06153378263115883,0.22296154499053955,0.46036747097969055
transformer,0,42,train_019,3,0.14066950976848602,0.24127592146396637,0.24592915177345276,0.1827733963727951,0.18935205042362213
transformer,0,42,train_020,2,0.1454908847808838,0.18050071597099304,0.24507004022598267,0.26678115129470825,0.16215716302394867
transformer,0,42,train_021,5,0.17097973823547363,0.1462302803993225,0.22626934945583344,0.3004013001918793,0.15611925721168518
transformer,0,42,train_022,4,0.33095574378967285,0.3451239764690399,0.16730162501335144,0.06711025536060333,0.0895083099603653
transformer,0,42,train_023,3,0.11545004695653915,0.1663411408662796,0.18117138743400574,0.31881070137023926,0.21822676062583923
transformer,0,42,train_024,5,0.4040931761264801,0.3130006492137909,0.15988634526729584,0.05572657659649849,0.06729326397180557
transformer,0,42,train_025,5,0.06798044592142105,0.18662510812282562,0.29356706142425537,0.2505967915058136,0.20123063027858734
transformer,0,42,train_026,3,0.19333678483963013,0.13500401377677917,0.24886547029018402,0.2737712860107422,0.14902247488498688
transformer,0,42,train_027,2,0.36160042881965637,0.343534380197525,0.1964551955461502,0.0507575124502182,0.04765255004167557
transformer,0,42,train_028,4,0.04644332453608513,0.163282111287117,0.21308554708957672,0.360349178314209,0.21683983504772186
transformer,0,42,train_029,2,0.3925527036190033,0.38363832235336304,0.11472431570291519,0.04630644619464874,0.0627783015370369
transformer,0,42,train_030,5,0.1689492017030716,0.23813709616661072,0.280660480260849,0.18191102147102356,0.13034223020076752
transformer,0,42,train_031,4,0.14455266296863556,0.10446932911872864,0.16042126715183258,0.36114200949668884,0.2294146716594696
transformer,0,42,train_032,3,0.03090188466012478,0.1941225677728653,0.10096865892410278,0.3208245635032654,0.353182315826416
transformer,0,42,train_033,1,0.3639795184135437,0.2505562901496887,0.2306007295846939,0.08477339893579483,0.07009007036685944
transformer,0,42,train_034,2,0.12887811660766602,0.17959704995155334,0.21381999552249908,0.3013956546783447,0.17630916833877563
transformer,0,42,train_035,2,0.4673249423503876,0.27684205770492554,0.09316210448741913,0.07573351263999939,0.08693736791610718
transformer,0,42,train_036,2,0.21781472861766815,0.30542004108428955,0.2956180274486542,0.09656474739313126,0.08458245545625687
transformer,0,42,train_037,2,0.23525425791740417,0.28847211599349976,0.17859049141407013,0.13635949790477753,0.1613236367702484
transformer,0,42,train_038,3,0.193587988615036,0.1768859475851059,0.1740422546863556,0.24012254178524017,0.21536123752593994
transformer,0,42,train_039,3,0.1756848394870758,0.20652148127555847,0.19797354936599731,0.19630026817321777,0.22351984679698944
transformer,0,42,train_040,2,0.17654675245285034,0.35283634066581726,0.19098129868507385,0.12599019706249237,0.1536453664302826
transformer,0,42,train_041,3,0.1874110847711563,0.20310841500759125,0.3014542758464813,0.2006700336933136,0.10735621303319931
transformer,0,42,train_042,2,0.2334049642086029,0.19696716964244843,0.45130276679992676,0.0539136677980423,0.06441140174865723
transformer,0,42,train_043,4,0.14188025891780853,0.1968156099319458,0.20836241543293,0.217477947473526,0.2354637235403061
transformer,0,42,train_044,3,0.18192026019096375,0.23439708352088928,0.31644630432128906,0.16656085848808289,0.10067550837993622
transformer,0,42,train_045,3,0.1448177546262741,0.19599425792694092,0.20693950355052948,0.21638941764831543,0.23585909605026245
transformer,0,42,train_046,4,0.14424186944961548,0.21485140919685364,0.24722540378570557,0.20322830975055695,0.19045302271842957
transformer,0,42,train_047,2,0.16696789860725403,0.21722747385501862,0.21582747995853424,0.19084931910037994,0.20912782847881317
transformer,0,42,train_048,4,0.14337310194969177,0.18866676092147827,0.21089914441108704,0.22025050222873688,0.23681043088436127
transformer,0,42,train_049,2,0.12247802317142487,0.2520543932914734,0.28809958696365356,0.17775006592273712,0.15961790084838867
transformer,0,42,train_050,4,0.11701227724552155,0.20567001402378082,0.28547415137290955,0.21955245733261108,0.17229102551937103
transformer,0,42,train_051,3,0.1896112859249115,0.24867288768291473,0.24179978668689728,0.16050995886325836,0.15940606594085693
transformer,0,42,train_052,3,0.17517970502376556,0.1353774070739746,0.2317480891942978,0.30270496010780334,0.1549898236989975
transformer,0,42,train_053,3,0.21571028232574463,0.3900138735771179,0.2731126546859741,0.05970975384116173,0.06145345792174339
transformer,0,42,train_054,2,0.12189154326915741,0.21466071903705597,0.2177962362766266,0.22113925218582153,0.22451235353946686
transformer,0,42,train_055,3,0.20121155679225922,0.14015837013721466,0.2564028203487396,0.2749212980270386,0.12730593979358673
transformer,0,42,train_056,1,0.08672501146793365,0.13775186240673065,0.44567248225212097,0.22157296538352966,0.10827773809432983
transformer,0,42,train_057,1,0.1396217942237854,0.21079657971858978,0.2967586815357208,0.19921407103538513,0.15360890328884125
transformer,0,42,train_058,1,0.05744439363479614,0.1541730910539627,0.2492782473564148,0.32495206594467163,0.2141522318124771
transformer,0,42,train_059,2,0.24730251729488373,0.17718008160591125,0.21683400869369507,0.20880751311779022,0.1498759239912033
transformer,0,42,train_060,3,0.18116548657417297,0.2116852104663849,0.2039038985967636,0.18912877142429352,0.2141166627407074
transformer,0,42,train_061,2,0.13321201503276825,0.2986926734447479,0.2634764313697815,0.1478075385093689,0.15681129693984985
transformer,0,42,train_062,3,0.16796347498893738,0.3044089376926422,0.3202447295188904,0.11953260004520416,0.08785022050142288
transformer,0,42,train_063,2,0.18864771723747253,0.4723537564277649,0.13346412777900696,0.07210641354322433,0.13342797756195068
transformer,0,42,train_064,2,0.04953138530254364,0.20516622066497803,0.2173735648393631,0.2888513505458832,0.23907747864723206
transformer,0,42,train_065,3,0.17653436958789825,0.23063893616199493,0.24179528653621674,0.17833705246448517,0.1726943403482437
transformer,0,42,train_066,2,0.14410077035427094,0.2020467221736908,0.21615047752857208,0.2108660340309143,0.22683605551719666
transformer,0,42,train_067,3,0.25502416491508484,0.20046189427375793,0.29510262608528137,0.13970670104026794,0.10970459878444672
transformer,0,42,train_068,3,0.1548500955104828,0.2080213874578476,0.21590453386306763,0.20252658426761627,0.21869733929634094
transformer,0,42,train_069,2,0.24558821320533752,0.1283891648054123,0.23152868449687958,0.2502942681312561,0.1441996693611145
transformer,0,42,train_070,2,0.17211082577705383,0.2148684710264206,0.21645888686180115,0.1887885332107544,0.20777329802513123
transformer,0,42,train_071,4,0.21202126145362854,0.22894805669784546,0.2686123251914978,0.15657497942447662,0.13384339213371277
transformer,0,42,train_072,4,0.3286738693714142,0.24085469543933868,0.28779664635658264,0.055144015699625015,0.08753077685832977
transformer,0,42,train_073,2,0.04083694517612457,0.14276349544525146,0.13611923158168793,0.376993328332901,0.30328696966171265
transformer,0,42,train_074,3,0.23884758353233337,0.3797982335090637,0.26819244027137756,0.05609237775206566,0.05706941708922386
transformer,0,42,train_075,2,0.14093157649040222,0.27384889125823975,0.23345939815044403,0.16986528038978577,0.18189483880996704
transformer,0,42,train_076,2,0.2975558936595917,0.3806327283382416,0.13924352824687958,0.08261135965585709,0.0999564602971077
transformer,0,42,train_077,3,0.14889968931674957,0.20337024331092834,0.21114741265773773,0.20925942063331604,0.2273232787847519
transformer,0,42,train_078,3,0.29965367913246155,0.5553221702575684,0.10654521733522415,0.015155541710555553,0.023323414847254753
transformer,0,42,train_079,2,0.20172105729579926,0.4320284426212311,0.2763640582561493,0.030493654310703278,0.059392768889665604
transformer,0,42,train_080,1,0.29640400409698486,0.42049306631088257,0.17519928514957428,0.04526585340499878,0.0626378208398819
transformer,0,42,train_081,3,0.17503772675991058,0.23076827824115753,0.22323164343833923,0.17756612598896027,0.19339613616466522
transformer,0,42,train_082,3,0.044621363282203674,0.44945961236953735,0.06784946471452713,0.12012039870023727,0.3179491460323334
transformer,0,42,train_083,1,0.6271193623542786,0.294792503118515,0.05751226469874382,0.008350816555321217,0.012225056067109108
transformer,0,42,train_084,5,0.11325349658727646,0.18983158469200134,0.2627031207084656,0.23690156638622284,0.19731026887893677
transformer,0,42,train_085,3,0.1919623613357544,0.3255840539932251,0.2763645350933075,0.10676779597997665,0.09932128340005875
transformer,0,42,train_086,2,0.5432122945785522,0.36575081944465637,0.07128478586673737,0.008039573207497597,0.011712528765201569
transformer,0,42,train_087,3,0.1965598613023758,0.12683235108852386,0.23191018402576447,0.29517662525177,0.14952096343040466
transformer,0,42,train_088,2,0.17508117854595184,0.34680384397506714,0.2788328528404236,0.10162767022848129,0.09765442460775375
transformer,0,42,train_089,2,0.38264527916908264,0.3373028039932251,0.1389322578907013,0.05627574771642685,0.08484389632940292
transformer,0,42,train_090,4,0.0508468896150589,0.24982495605945587,0.059947479516267776,0.17167724668979645,0.4677034914493561
transformer,0,42,train_091,2,0.05965036898851395,0.19012068212032318,0.26419129967689514,0.2705044746398926,0.21553315222263336
transformer,0,42,train_092,2,0.04030829668045044,0.17692920565605164,0.15597744286060333,0.3598524332046509,0.2669326364994049
transformer,0,42,train_093,3,0.027123022824525833,0.23825514316558838,0.0795031264424324,0.2598033845424652,0.39531534910202026
transformer,0,42,train_094,3,0.2681361138820648,0.2929328978061676,0.17670053243637085,0.12142451107501984,0.14080595970153809
transformer,0,42,train_095,3,0.037603288888931274,0.17711669206619263,0.1464846283197403,0.3576590418815613,0.28113627433776855
transformer,0,42,train_096,2,0.12686844170093536,0.21018464863300323,0.21087731420993805,0.22584308683872223,0.22622647881507874
transformer,0,42,train_097,3,0.2780885696411133,0.40259867906570435,0.1546367108821869,0.0704730674624443,0.09420297294855118
transformer,0,42,train_098,1,0.13089485466480255,0.20188644528388977,0.2183201014995575,0.22856637835502625,0.22033224999904633
transformer,0,42,train_099,3,0.042166516184806824,0.14705605804920197,0.15374238789081573,0.3803158700466156,0.27671918272972107
transformer,0,42,train_100,5,0.17646723985671997,0.2379741221666336,0.19093558192253113,0.18221820890903473,0.2124047875404358
transformer,0,42,train_101,2,0.19302240014076233,0.2508351802825928,0.28814154863357544,0.14835862815380096,0.11964225769042969
transformer,0,42,train_102,2,0.14573007822036743,0.20048679411411285,0.20459279417991638,0.2153991162776947,0.23379120230674744
transformer,0,42,train_103,3,0.13464529812335968,0.16307644546031952,0.27336931228637695,0.24556881189346313,0.1833401471376419
transformer,0,42,train_104,1,0.06539026647806168,0.14900600910186768,0.298673152923584,0.3237791657447815,0.16315139830112457
transformer,0,42,train_105,4,0.19331611692905426,0.23511914908885956,0.2844151258468628,0.1724700927734375,0.11467955261468887
transformer,0,42,train_106,1,0.31813177466392517,0.21094107627868652,0.26368802785873413,0.12198086082935333,0.08525830507278442
transformer,0,42,train_107,3,0.17714203894138336,0.23088841140270233,0.2166205644607544,0.17850100994110107,0.196848064661026
transformer,0,42,train_108,1,0.16303357481956482,0.193295419216156,0.21201662719249725,0.20595195889472961,0.2257024496793747
transformer,0,42,train_109,3,0.07574563473463058,0.16008462011814117,0.3301545977592468,0.263317734003067,0.170697420835495
transformer,0,42,train_110,1,0.3240666389465332,0.38795971870422363,0.17941895127296448,0.053865641355514526,0.054689016193151474
transformer,0,42,train_111,3,0.17896002531051636,0.2351832091808319,0.21485838294029236,0.17532137036323547,0.1956770271062851
transformer,0,42,train_112,1,0.2737969160079956,0.2601752281188965,0.1863097846508026,0.12944760918617249,0.15027044713497162
transformer,0,42,train_113,3,0.17292611300945282,0.1862052083015442,0.2202044129371643,0.20750866830348969,0.21315553784370422
transformer,0,42,train_114,3,0.040571004152297974,0.1554792821407318,0.15187214314937592,0.3846909999847412,0.2673865556716919
transformer,0,42,train_115,3,0.1424439400434494,0.2232697308063507,0.3146657347679138,0.1868983656167984,0.13272227346897125
transformer,0,42,train_116,4,0.14423397183418274,0.1803516000509262,0.2066517472267151,0.2258830964565277,0.24287958443164825
transformer,0,42,train_117,1,0.5046725869178772,0.3119976818561554,0.08410640060901642,0.04525294527411461,0.053970374166965485
transformer,0,42,train_118,2,0.031120475381612778,0.18233108520507812,0.10260742157697678,0.3426649570465088,0.341276079416275
transformer,0,42,train_119,2,0.035129908472299576,0.18279168009757996,0.13048776984214783,0.34226977825164795,0.3093207776546478
transformer,0,42,train_120,5,0.042055945843458176,0.18901914358139038,0.1858910620212555,0.33666613698005676,0.24636775255203247
transformer,0,7,train_001,2,0.18803104758262634,0.2141495794057846,0.19123059511184692,0.24738888442516327,0.15919987857341766
transformer,0,7,train_002,5,0.1824900209903717,0.22570420801639557,0.1857553869485855,0.2314242720603943,0.17462609708309174
transformer,0,7,train_003,2,0.46740227937698364,0.037422969937324524,0.44236642122268677,0.050621017813682556,0.0021873468067497015
transformer,0,7,train_004,4,0.17946456372737885,0.22933420538902283,0.18386134505271912,0.23265133798122406,0.17468851804733276
transformer,0,7,train_005,5,0.1816575676202774,0.22820207476615906,0.18272018432617188,0.23138003051280975,0.1760401576757431
transformer,0,7,train_006,2,0.04208768531680107,0.7415501475334167,0.058321479707956314,0.08291245251893997,0.07512829452753067
transformer,0,7,train_007,2,0.23209841549396515,0.1140357255935669,0.38062939047813416,0.25520679354667664,0.018029700964689255
transformer,0,7,train_008,5,0.24692745506763458,0.16186881065368652,0.34101635217666626,0.21330522000789642,0.036882102489471436
transformer,0,7,train_009,3,0.18088330328464508,0.22417095303535461,0.1876387596130371,0.23136647045612335,0.17594042420387268
transformer,0,7,train_010,2,0.2080700695514679,0.22949697077274323,0.2104511857032776,0.17371249198913574,0.17826923727989197
transformer,0,7,train_011,3,0.19213522970676422,0.2231214940547943,0.2054191529750824,0.18923987448215485,0.19008418917655945
transformer,0,7,train_012,5,0.6074267625808716,0.11753004789352417,0.20608653128147125,0.06483829021453857,0.004118400625884533
transformer,0,7,train_013,2,0.09183802455663681,0.24161726236343384,0.12233954668045044,0.36787959933280945,0.17632551491260529
transformer,0,7,train_014,5,0.1308828592300415,0.15964452922344208,0.13033989071846008,0.04827321693301201,0.5308595895767212
transformer,0,7,train_015,3,0.1778036206960678,0.2320922464132309,0.18308213353157043,0.23707862198352814,0.16994339227676392
transformer,0,7,train_016,4,0.1784060001373291,0.23008011281490326,0.18289661407470703,0.2357771247625351,0.17284011840820312
transformer,0,7,train_017,2,0.7597351670265198,0.019473372027277946,0.20263125002384186,0.01669490523636341,0.0014652595855295658
transformer,0,7,train_018,5,0.20429104566574097,0.22227022051811218,0.20577125251293182,0.1765739917755127,0.19109341502189636
transformer,0,7,train_019,3,0.1806725561618805,0.22567036747932434,0.18561935424804688,0.2336481511592865,0.17438964545726776
transformer,0,7,train_020,2,0.13592517375946045,0.23199248313903809,0.21885141730308533,0.3279186487197876,0.08531229943037033
transformer,0,7,train_021,5,0.1334337294101715,0.12495391815900803,0.2817407250404358,0.4251304566860199,0.03474123030900955
transformer,0,7,train_022,4,0.21524906158447266,0.22387464344501495,0.2144504338502884,0.1650085151195526,0.1814173460006714
transformer,0,7,train_023,3,0.07553517818450928,0.2430175095796585,0.07635684311389923,0.20277296006679535,0.40231749415397644
transformer,0,7,train_024,5,0.21495606005191803,0.22355714440345764,0.21403491497039795,0.16460192203521729,0.1828499138355255
transformer,0,7,train_025,5,0.19695544242858887,0.22439944744110107,0.20573709905147552,0.18569862842559814,0.18720939755439758
transformer,0,7,train_026,3,0.22041839361190796,0.09674026817083359,0.38750383257865906,0.27945634722709656,0.015881163999438286
transformer,0,7,train_027,2,0.06283983588218689,0.2931629419326782,0.09028588235378265,0.29201075434684753,0.26170065999031067
transformer,0,7,train_028,4,0.1903582215309143,0.2242135852575302,0.20452633500099182,0.19350525736808777,0.18739663064479828
transformer,0,7,train_029,2,0.18430685997009277,0.22155681252479553,0.18776072561740875,0.24854864180088043,0.15782701969146729
transformer,0,7,train_030,5,0.10498912632465363,0.27182164788246155,0.1333988904953003,0.18022520840168,0.30956512689590454
transformer,0,7,train_031,4,0.1486741155385971,0.11591595411300659,0.31241583824157715,0.3993491530418396,0.023644931614398956
transformer,0,7,train_032,3,0.19499468803405762,0.22267930209636688,0.2045232057571411,0.1866418570280075,0.19116096198558807
transformer,0,7,train_033,1,0.2080775499343872,0.3538842499256134,0.169364795088768,0.11783911287784576,0.1508343368768692
transformer,0,7,train_034,2,0.10103141516447067,0.26822131872177124,0.12260671705007553,0.28329041600227356,0.2248501032590866
transformer,0,7,train_035,2,0.18186959624290466,0.21792078018188477,0.18554146587848663,0.2467440813779831,0.16792406141757965
transformer,0,7,train_036,2,0.20319116115570068,0.2304621934890747,0.21241819858551025,0.17665334045886993,0.1772751808166504
transformer,0,7,train_037,2,0.020293734967708588,0.5732906460762024,0.03908561170101166,0.2792353332042694,0.08809464424848557
transformer,0,7,train_038,3,0.18553426861763,0.21658971905708313,0.18865706026554108,0.22960451245307922,0.17961440980434418
transformer,0,7,train_039,3,0.05266927555203438,0.09522078931331635,0.2502323389053345,0.49058929085731506,0.11128829419612885
transformer,0,7,train_040,2,0.18192213773727417,0.23263868689537048,0.18242353200912476,0.2384040206670761,0.1646115928888321
transformer,0,7,train_041,3,0.18634523451328278,0.09650596976280212,0.36475151777267456,0.33527541160583496,0.01712189055979252
transformer,0,7,train_042,2,0.20439079403877258,0.2239178866147995,0.20723360776901245,0.17858846485614777,0.1858692318201065
transformer,0,7,train_043,4,0.05661537125706673,0.37345173954963684,0.2093220204114914,0.33937644958496094,0.02123446576297283
transformer,0,7,train_044,3,0.23980841040611267,0.11235915869474411,0.38156646490097046,0.24414655566215515,0.022119423374533653
transformer,0,7,train_045,3,0.10320468246936798,0.23874135315418243,0.32102906703948975,0.32500454783439636,0.012020359747111797
transformer,0,7,train_046,4,0.18316538631916046,0.2230118215084076,0.18728028237819672,0.22821077704429626,0.17833174765110016
transformer,0,7,train_047,2,0.40344947576522827,0.0798390805721283,0.44398245215415955,0.06930176913738251,0.00342726893723011
transformer,0,7,train_048,4,0.05488138273358345,0.3076655864715576,0.2442467212677002,0.2557668685913086,0.13743938505649567
transformer,0,7,train_049,2,0.20625047385692596,0.2302163541316986,0.20977140963077545,0.1754874736070633,0.17827428877353668
transformer,0,7,train_050,4,0.20510831475257874,0.22975775599479675,0.2088666707277298,0.17658206820487976,0.17968526482582092
transformer,0,7,train_051,3,0.18138279020786285,0.2217627614736557,0.18800370395183563,0.23417559266090393,0.17467518150806427
transformer,0,7,train_052,3,0.14685088396072388,0.10102833062410355,0.3234862685203552,0.410907506942749,0.01772698201239109
transformer,0,7,train_053,3,0.20236968994140625,0.23303097486495972,0.21569588780403137,0.17628325521945953,0.17262011766433716
transformer,0,7,train_054,2,0.17977383732795715,0.22936713695526123,0.18175096809864044,0.23545870184898376,0.17364943027496338
transformer,0,7,train_055,3,0.17238768935203552,0.08681903034448624,0.36032363772392273,0.36548981070518494,0.014979933388531208
transformer,0,7,train_056,1,0.19210559129714966,0.22522783279418945,0.20536288619041443,0.19131392240524292,0.18598979711532593
transformer,0,7,train_057,1,0.20470218360424042,0.22971275448799133,0.20949621498584747,0.17686797678470612,0.17922084033489227
transformer,0,7,train_058,1,0.19354189932346344,0.22361735999584198,0.20488189160823822,0.18938776850700378,0.188571035861969
transformer,0,7,train_059,2,0.09217046201229095,0.2282017022371292,0.11327225714921951,0.1959095001220703,0.3704460859298706
transformer,0,7,train_060,3,0.4078426659107208,0.06781874597072601,0.4446163475513458,0.07576022297143936,0.0039620003663003445
transformer,0,7,train_061,2,0.20908093452453613,0.22928735613822937,0.21062131226062775,0.17267107963562012,0.17833930253982544
transformer,0,7,train_062,3,0.19206248223781586,0.3356741964817047,0.19684749841690063,0.1330612450838089,0.1423545777797699
transformer,0,7,train_063,2,0.22193986177444458,0.22545510530471802,0.21523860096931458,0.16335470974445343,0.1740117073059082
transformer,0,7,train_064,2,0.19382692873477936,0.22376848757266998,0.20570647716522217,0.18842080235481262,0.18827728927135468
transformer,0,7,train_065,3,0.1821862906217575,0.2217736393213272,0.18805289268493652,0.23219728469848633,0.1757899522781372
transformer,0,7,train_066,2,0.08685429394245148,0.3023318648338318,0.2873179018497467,0.30887049436569214,0.014625413343310356
transformer,0,7,train_067,3,0.2038784921169281,0.22897012531757355,0.21373219788074493,0.17470934987068176,0.17870979011058807
transformer,0,7,train_068,3,0.3225037455558777,0.06329124420881271,0.5124981999397278,0.09816697984933853,0.0035398437175899744
transformer,0,7,train_069,2,0.2951320707798004,0.09493884444236755,0.38937920331954956,0.1987500786781311,0.021799802780151367
transformer,0,7,train_070,2,0.4764254093170166,0.03782694786787033,0.4377647340297699,0.046005334705114365,0.0019775712862610817
transformer,0,7,train_071,4,0.20604944229125977,0.22639517486095428,0.20996785163879395,0.17279011011123657,0.18479736149311066
transformer,0,7,train_072,4,0.2053840011358261,0.22239592671394348,0.20796169340610504,0.17556118965148926,0.1886972188949585
transformer,0,7,train_073,2,0.19248341023921967,0.22183793783187866,0.20462581515312195,0.18834541738033295,0.19270740449428558
transformer,0,7,train_074,3,0.2022808939218521,0.23286446928977966,0.21580231189727783,0.1758895069360733,0.1731627732515335
transformer,0,7,train_075,2,0.18001556396484375,0.2342524528503418,0.18023253977298737,0.23575975000858307,0.1697397083044052
transformer,0,7,train_076,2,0.1828080415725708,0.22841790318489075,0.18426381051540375,0.242905855178833,0.16160434484481812
transformer,0,7,train_077,3,0.14055290818214417,0.2779572904109955,0.3314235210418701,0.23926188051700592,0.010804375633597374
transformer,0,7,train_078,3,0.2154272496700287,0.23480269312858582,0.21787400543689728,0.16959552466869354,0.16230052709579468
transformer,0,7,train_079,2,0.19987304508686066,0.22743648290634155,0.20699024200439453,0.18345364928245544,0.18224656581878662
transformer,0,7,train_080,1,0.21361671388149261,0.22753651440143585,0.21548858284950256,0.16703766584396362,0.17632050812244415
transformer,0,7,train_081,3,0.5002309679985046,0.029809020459651947,0.4293422996997833,0.03878481313586235,0.0018328999867662787
transformer,0,7,train_082,3,0.20568816363811493,0.22481971979141235,0.20767799019813538,0.17565619945526123,0.18615788221359253
transformer,0,7,train_083,1,0.22474966943264008,0.2229640632867813,0.22228042781352997,0.1590092033147812,0.17099659144878387
transformer,0,7,train_084,5,0.2057080864906311,0.2294505387544632,0.20830753445625305,0.1757420301437378,0.18079176545143127
transformer,0,7,train_085,3,0.20496690273284912,0.23147572576999664,0.21197298169136047,0.17425639927387238,0.17732791602611542
transformer,0,7,train_086,2,0.22343282401561737,0.2276884764432907,0.22116731107234955,0.16057555377483368,0.16713577508926392
transformer,0,7,train_087,3,0.149624764919281,0.10299709439277649,0.3139704167842865,0.4022332429885864,0.031174514442682266
transformer,0,7,train_088,2,0.19903415441513062,0.5187866687774658,0.12876249849796295,0.08229810744524002,0.07111857086420059
transformer,0,7,train_089,2,0.21850040555000305,0.22088183462619781,0.21623899042606354,0.1627376526594162,0.18164107203483582
transformer,0,7,train_090,4,0.20854520797729492,0.21924026310443878,0.20792710781097412,0.17083875834941864,0.19344860315322876
transformer,0,7,train_091,2,0.19747263193130493,0.2236940860748291,0.20634500682353973,0.18557490408420563,0.1869133710861206
transformer,0,7,train_092,2,0.19267244637012482,0.22304049134254456,0.20473232865333557,0.18949419260025024,0.19006045162677765
transformer,0,7,train_093,3,0.1985095888376236,0.22430157661437988,0.20505459606647491,0.184718519449234,0.1874157041311264
transformer,0,7,train_094,3,0.17958912253379822,0.22355476021766663,0.18412163853645325,0.24212011694908142,0.1706143021583557
transformer,0,7,train_095,3,0.1924574226140976,0.22381317615509033,0.20420406758785248,0.19080936908721924,0.18871594965457916
transformer,0,7,train_096,2,0.18215319514274597,0.22529461979866028,0.18358749151229858,0.23248663544654846,0.17647801339626312
transformer,0,7,train_097,3,0.17888124287128448,0.22952772676944733,0.18246130645275116,0.24722915887832642,0.16190052032470703
transformer,0,7,train_098,1,0.18123693764209747,0.22615209221839905,0.1836933195590973,0.23322297632694244,0.17569462954998016
transformer,0,7,train_099,3,0.19189824163913727,0.2225729078054428,0.20438945293426514,0.18977275490760803,0.19136665761470795
transformer,0,7,train_100,5,0.04414765164256096,0.13367021083831787,0.09444398432970047,0.20567262172698975,0.5220655798912048
transformer,0,7,train_101,2,0.20383240282535553,0.22967445850372314,0.21048492193222046,0.17626093327999115,0.17974723875522614
transformer,0,7,train_102,2,0.054703664034605026,0.48358282446861267,0.13540644943714142,0.16753457486629486,0.1587725132703781
transformer,0,7,train_103,3,0.20413817465305328,0.2285231649875641,0.20942851901054382,0.17637620866298676,0.18153394758701324
transformer,0,7,train_104,1,0.19070027768611908,0.2227250337600708,0.20569734275341034,0.19034865498542786,0.19052870571613312
transformer,0,7,train_105,4,0.10923270881175995,0.283816397190094,0.12508992850780487,0.18993394076824188,0.2919270694255829
transformer,0,7,train_106,1,0.398969829082489,0.14346179366111755,0.31207844614982605,0.10224909335374832,0.04324081167578697
transformer,0,7,train_107,3,0.5020016431808472,0.028215918689966202,0.4255485236644745,0.04238663986325264,0.0018473175587132573
transformer,0,7,train_108,1,0.46402809023857117,0.057562027126550674,0.4232926070690155,0.052809007465839386,0.0023082448169589043
transformer,0,7,train_109,3,0.19448146224021912,0.22291943430900574,0.20604901015758514,0.18664239346981049,0.18990768492221832
transformer,0,7,train_110,1,0.2577165961265564,0.5405566692352295,0.09743870794773102,0.0638604462146759,0.040427565574645996
transformer,0,7,train_111,3,0.4393535554409027,0.09204017370939255,0.403865247964859,0.06085342913866043,0.003887596307322383
transformer,0,7,train_112,1,0.8207179307937622,0.04005182534456253,0.13041377067565918,0.007494010031223297,0.0013224597787484527
transformer,0,7,train_113,3,0.21096140146255493,0.22505958378314972,0.21002672612667084,0.17027737200260162,0.1836749017238617
transformer,0,7,train_114,3,0.19107159972190857,0.22271452844142914,0.2037927508354187,0.1912192404270172,0.19120189547538757
transformer,0,7,train_115,3,0.20253834128379822,0.23091350495815277,0.20967811346054077,0.17867448925971985,0.1781955510377884
transformer,0,7,train_116,4,0.0705065205693245,0.09968949854373932,0.37901005148887634,0.43978118896484375,0.01101269107311964
transformer,0,7,train_117,1,0.18158330023288727,0.21824273467063904,0.18461066484451294,0.2530798316001892,0.16248349845409393
transformer,0,7,train_118,2,0.19352540373802185,0.2224983274936676,0.20384369790554047,0.18927663564682007,0.1908559501171112
transformer,0,7,train_119,2,0.19433799386024475,0.22402401268482208,0.20410534739494324,0.18906207382678986,0.1884705126285553
transformer,0,7,train_120,5,0.19307349622249603,0.22423917055130005,0.20497113466262817,0.18993733823299408,0.18777881562709808
transformer,0,123,train_001,2,0.5576982498168945,0.2661406099796295,0.10610935837030411,0.03044881857931614,0.03960293531417847
transformer,0,123,train_002,5,0.15572045743465424,0.25869980454444885,0.25899824500083923,0.12592259049415588,0.200658917427063
transformer,0,123,train_003,2,0.1617460697889328,0.14854075014591217,0.2857724726200104,0.2096753716468811,0.19426532089710236
transformer,0,123,train_004,4,0.14115235209465027,0.2775030732154846,0.33234894275665283,0.08209685981273651,0.16689884662628174
transformer,0,123,train_005,5,0.10552985966205597,0.2291291505098343,0.2809419631958008,0.15259674191474915,0.23180226981639862
transformer,0,123,train_006,2,0.13299663364887238,0.1685768961906433,0.2653469741344452,0.22370363771915436,0.20937584340572357
transformer,0,123,train_007,2,0.44329890608787537,0.07040484994649887,0.28012189269065857,0.16726617515087128,0.03890823945403099
transformer,0,123,train_008,5,0.18996119499206543,0.1781872659921646,0.3640435039997101,0.11958788335323334,0.14822013676166534
transformer,0,123,train_009,3,0.18698254227638245,0.2645838260650635,0.32161271572113037,0.07124095410108566,0.15557990968227386
transformer,0,123,train_010,2,0.11266246438026428,0.15245431661605835,0.23089788854122162,0.2422848790884018,0.26170045137405396
transformer,0,123,train_011,3,0.058697961270809174,0.1394166797399521,0.27770358324050903,0.30512624979019165,0.21905557811260223
transformer,0,123,train_012,5,0.15255337953567505,0.15972726047039032,0.2543558180332184,0.21803390979766846,0.2153296172618866
transformer,0,123,train_013,2,0.11078489571809769,0.15727201104164124,0.17722605168819427,0.38887083530426025,0.16584622859954834
transformer,0,123,train_014,5,0.12048418074846268,0.1537434607744217,0.26708081364631653,0.24632829427719116,0.21236324310302734
transformer,0,123,train_015,3,0.1957653909921646,0.2934815585613251,0.3122047781944275,0.05739707499742508,0.14115118980407715
transformer,0,123,train_016,4,0.16367186605930328,0.2799207866191864,0.30660489201545715,0.07475251704454422,0.17504991590976715
transformer,0,123,train_017,2,0.3133845627307892,0.23326411843299866,0.18573671579360962,0.13892650604248047,0.1286880224943161
transformer,0,123,train_018,5,0.14640581607818604,0.2236941158771515,0.11884184181690216,0.1182127371430397,0.3928454518318176
transformer,0,123,train_019,3,0.17939728498458862,0.29077184200286865,0.2890569567680359,0.07406468689441681,0.16670918464660645
transformer,0,123,train_020,2,0.07434482127428055,0.30046096444129944,0.23014439642429352,0.17415118217468262,0.2208985835313797
transformer,0,123,train_021,5,0.17067034542560577,0.16976799070835114,0.31763261556625366,0.2562689781188965,0.08566009998321533
transformer,0,123,train_022,4,0.21583493053913116,0.23816104233264923,0.18958188593387604,0.12290340662002563,0.23351871967315674
transformer,0,123,train_023,3,0.029501814395189285,0.20011913776397705,0.10020613670349121,0.20455318689346313,0.46561968326568604
transformer,0,123,train_024,5,0.2513792812824249,0.2653065621852875,0.1758185774087906,0.10782528668642044,0.19967025518417358
transformer,0,123,train_025,5,0.07242653518915176,0.12527872622013092,0.28031930327415466,0.2567923069000244,0.26518309116363525
transformer,0,123,train_026,3,0.4571194350719452,0.05421261861920357,0.21299389004707336,0.23773492872714996,0.03793914616107941
transformer,0,123,train_027,2,0.12024948745965958,0.7158917188644409,0.0819927230477333,0.05599404498934746,0.025872014462947845
transformer,0,123,train_028,4,0.04357631877064705,0.12209156900644302,0.2683505117893219,0.3556990921497345,0.21028254926204681
transformer,0,123,train_029,2,0.49521294236183167,0.3081677556037903,0.10836402326822281,0.03844631835818291,0.049808938056230545
transformer,0,123,train_030,5,0.06448189914226532,0.41868698596954346,0.20159928500652313,0.08063764870166779,0.23459415137767792
transformer,0,123,train_031,4,0.20688851177692413,0.07461973279714584,0.16873891651630402,0.44606703519821167,0.10368574410676956
transformer,0,123,train_032,3,0.06309615820646286,0.1678096503019333,0.16587914526462555,0.27017292380332947,0.33304211497306824
transformer,0,123,train_033,1,0.4361593425273895,0.3432632088661194,0.17151741683483124,0.030052432790398598,0.01900758221745491
transformer,0,123,train_034,2,0.046581871807575226,0.26830971240997314,0.15703226625919342,0.23757709562778473,0.2904990613460541
transformer,0,123,train_035,2,0.6377447843551636,0.22589096426963806,0.046357907354831696,0.04211030155420303,0.04789605364203453
transformer,0,123,train_036,2,0.13071271777153015,0.16900502145290375,0.2464660257101059,0.2166745513677597,0.23714162409305573
transformer,0,123,train_037,2,0.22876238822937012,0.31648996472358704,0.16052581369876862,0.1295354664325714,0.16468636691570282
transformer,0,123,train_038,3,0.17216074466705322,0.1883344203233719,0.202383890748024,0.17803223431110382,0.2590887248516083
transformer,0,123,train_039,3,0.1455521583557129,0.1608140617609024,0.25201699137687683,0.22049733996391296,0.22111938893795013
transformer,0,123,train_040,2,0.2116621881723404,0.33950215578079224,0.2247287482023239,0.061988890171051025,0.16211804747581482
transformer,0,123,train_041,3,0.14323697984218597,0.19177943468093872,0.6138255596160889,0.021106353029608727,0.030051691457629204
transformer,0,123,train_042,2,0.3612704277038574,0.15743635594844818,0.2326049953699112,0.05617820844054222,0.1925099939107895
transformer,0,123,train_043,4,0.13145554065704346,0.15338630974292755,0.27531442046165466,0.23439858853816986,0.20544514060020447
transformer,0,123,train_044,3,0.13018369674682617,0.22626735270023346,0.6037783622741699,0.012924173846840858,0.026846380904316902
transformer,0,123,train_045,3,0.13101886212825775,0.1464308649301529,0.27786198258399963,0.24304918944835663,0.2016390860080719
transformer,0,123,train_046,4,0.14713624119758606,0.25544509291648865,0.32056108117103577,0.09834696352481842,0.1785106509923935
transformer,0,123,train_047,2,0.16043663024902344,0.16991882026195526,0.2731480896472931,0.19523699581623077,0.20125947892665863
transformer,0,123,train_048,4,0.13383913040161133,0.14572539925575256,0.281291663646698,0.24163717031478882,0.1975065916776657
transformer,0,123,train_049,2,0.11355870217084885,0.15515395998954773,0.23449455201625824,0.24131546914577484,0.25547733902931213
transformer,0,123,train_050,4,0.11067001521587372,0.14863994717597961,0.23809735476970673,0.254239022731781,0.24835368990898132
transformer,0,123,train_051,3,0.23267599940299988,0.2752246856689453,0.28304827213287354,0.06564389914274216,0.14340713620185852
transformer,0,123,train_052,3,0.3041846752166748,0.07676677405834198,0.20750285685062408,0.356751948595047,0.054793793708086014
transformer,0,123,train_053,3,0.1441529095172882,0.18377332389354706,0.24852077662944794,0.19660161435604095,0.22695139050483704
transformer,0,123,train_054,2,0.13467873632907867,0.2661268413066864,0.2842087149620056,0.10876064747571945,0.20622500777244568
transformer,0,123,train_055,3,0.3854941129684448,0.088419608771801,0.30656898021698,0.18925538659095764,0.030261898413300514
transformer,0,123,train_056,1,0.06811535358428955,0.11781462281942368,0.39983969926834106,0.24238014221191406,0.17185018956661224
transformer,0,123,train_057,1,0.11384207755327225,0.15293946862220764,0.23905231058597565,0.2467789649963379,0.2473871409893036
transformer,0,123,train_058,1,0.05825449153780937,0.12457246333360672,0.2669859230518341,0.3022236227989197,0.24796348810195923
transformer,0,123,train_059,2,0.03612983599305153,0.18283113837242126,0.07670225948095322,0.19581855833530426,0.5085182189941406
transformer,0,123,train_060,3,0.1518450677394867,0.16588014364242554,0.25846967101097107,0.21158665418624878,0.2122184932231903
transformer,0,123,train_061,2,0.12161888182163239,0.1795293539762497,0.22235214710235596,0.20267221331596375,0.27382737398147583
transformer,0,123,train_062,3,0.13246123492717743,0.4872223138809204,0.3331972062587738,0.01784505695104599,0.02927411161363125
transformer,0,123,train_063,2,0.31075921654701233,0.3190547525882721,0.12462896853685379,0.07384312152862549,0.1717139184474945
transformer,0,123,train_064,2,0.07277698069810867,0.14618434011936188,0.2803915739059448,0.2489936351776123,0.2516534626483917
transformer,0,123,train_065,3,0.21538576483726501,0.27228444814682007,0.29040661454200745,0.06956029683351517,0.1523628830909729
transformer,0,123,train_066,2,0.14210931956768036,0.16697438061237335,0.2738185226917267,0.2151622325181961,0.20193558931350708
transformer,0,123,train_067,3,0.12986527383327484,0.14572380483150482,0.2585097849369049,0.2460946887731552,0.21980644762516022
transformer,0,123,train_068,3,0.1468997746706009,0.15367625653743744,0.28510138392448425,0.21389414370059967,0.20042847096920013
transformer,0,123,train_069,2,0.43988513946533203,0.05490078404545784,0.3088912069797516,0.15202538669109344,0.044297415763139725
transformer,0,123,train_070,2,0.1625080704689026,0.15421658754348755,0.28571218252182007,0.20509977638721466,0.19246336817741394
transformer,0,123,train_071,4,0.12379514425992966,0.15469616651535034,0.23868770897388458,0.22807763516902924,0.254743367433548
transformer,0,123,train_072,4,0.2954811751842499,0.15298929810523987,0.18312318623065948,0.07740481197834015,0.29100149869918823
transformer,0,123,train_073,2,0.04877063259482384,0.10905980318784714,0.22686442732810974,0.34400415420532227,0.2713010013103485
transformer,0,123,train_074,3,0.14850540459156036,0.19074228405952454,0.24810288846492767,0.18934935331344604,0.2233000248670578
transformer,0,123,train_075,2,0.14568130671977997,0.30258700251579285,0.29049694538116455,0.07870045304298401,0.18253423273563385
transformer,0,123,train_076,2,0.42995399236679077,0.32259196043014526,0.11861663311719894,0.043436381965875626,0.08540105074644089
transformer,0,123,train_077,3,0.1405845433473587,0.15507520735263824,0.2767374515533447,0.22437362372875214,0.20322918891906738
transformer,0,123,train_078,3,0.38350507616996765,0.3958855867385864,0.09106729179620743,0.05024631693959236,0.0792958065867424
transformer,0,123,train_079,2,0.33631443977355957,0.22261783480644226,0.24836650490760803,0.04209894314408302,0.15060222148895264
transformer,0,123,train_080,1,0.22057054936885834,0.26440757513046265,0.18574483692646027,0.10770763456821442,0.22156938910484314
transformer,0,123,train_081,3,0.1705627739429474,0.16871505975723267,0.28874871134757996,0.1832118034362793,0.1887616366147995
transformer,0,123,train_082,3,0.29032209515571594,0.42423486709594727,0.0824950784444809,0.04604526236653328,0.1569027602672577
transformer,0,123,train_083,1,0.48621100187301636,0.33326125144958496,0.07526865601539612,0.04810529202222824,0.057153839617967606
transformer,0,123,train_084,5,0.10658041387796402,0.13992486894130707,0.23461216688156128,0.2681380808353424,0.25074446201324463
transformer,0,123,train_085,3,0.1373993158340454,0.1810765415430069,0.23914113640785217,0.2037958949804306,0.23858703672885895
transformer,0,123,train_086,2,0.437779039144516,0.41907331347465515,0.05979779362678528,0.04351940378546715,0.039830345660448074
transformer,0,123,train_087,3,0.3473099172115326,0.05671362206339836,0.21584472060203552,0.32996243238449097,0.050169315189123154
transformer,0,123,train_088,2,0.19308781623840332,0.5973743796348572,0.11771219968795776,0.055835969746112823,0.03598957508802414
transformer,0,123,train_089,2,0.24728785455226898,0.2614966332912445,0.1683000922203064,0.11019565165042877,0.21271981298923492
transformer,0,123,train_090,4,0.2220505177974701,0.15794354677200317,0.09550932049751282,0.0927654430270195,0.4317311942577362
transformer,0,123,train_091,2,0.08569163084030151,0.12788958847522736,0.3012486696243286,0.22641633450984955,0.2587537169456482
transformer,0,123,train_092,2,0.04965505376458168,0.14167706668376923,0.2112845927476883,0.34573569893836975,0.25164759159088135
transformer,0,123,train_093,3,0.0948633998632431,0.22252410650253296,0.1258774697780609,0.16686217486858368,0.38987284898757935
transformer,0,123,train_094,3,0.4739096164703369,0.26844024658203125,0.10686186701059341,0.0511273555457592,0.09966088086366653
transformer,0,123,train_095,3,0.04684975743293762,0.13342218101024628,0.22498157620429993,0.3452434539794922,0.24950307607650757
transformer,0,123,train_096,2,0.1232507973909378,0.2576580345630646,0.2593875825405121,0.13579723238945007,0.22390633821487427
transformer,0,123,train_097,3,0.5204862356185913,0.27575039863586426,0.094525046646595,0.04160653054714203,0.06763173639774323
transformer,0,123,train_098,1,0.11844565719366074,0.25878363847732544,0.2782977521419525,0.1284034252166748,0.2160695493221283
transformer,0,123,train_099,3,0.04214070737361908,0.10718513280153275,0.2389974594116211,0.3781825006008148,0.23349417746067047
transformer,0,123,train_100,5,0.1315453201532364,0.1955888867378235,0.22756703197956085,0.20761902630329132,0.23767979443073273
transformer,0,123,train_101,2,0.12552540004253387,0.1612454354763031,0.24110950529575348,0.227742001414299,0.24437762796878815
transformer,0,123,train_102,2,0.1299304962158203,0.14875879883766174,0.2750045657157898,0.2382173240184784,0.20808884501457214
transformer,0,123,train_103,3,0.11162421852350235,0.1437653750181198,0.23936860263347626,0.2593936026096344,0.2458481341600418
transformer,0,123,train_104,1,0.05095725134015083,0.11640071868896484,0.3075870871543884,0.3362407386302948,0.188814178109169
transformer,0,123,train_105,4,0.03690989315509796,0.5294405817985535,0.22776661813259125,0.04329049959778786,0.16259239614009857
transformer,0,123,train_106,1,0.4765230417251587,0.23057490587234497,0.2548750042915344,0.022624580189585686,0.015402421355247498
transformer,0,123,train_107,3,0.16880010068416595,0.16308802366256714,0.2828524708747864,0.19036930799484253,0.194890096783638
transformer,0,123,train_108,1,0.14499542117118835,0.1287388652563095,0.30170828104019165,0.23641589283943176,0.18814148008823395
transformer,0,123,train_109,3,0.07457070052623749,0.13046109676361084,0.30892491340637207,0.25364992022514343,0.23239338397979736
transformer,0,123,train_110,1,0.15980005264282227,0.710831880569458,0.0716615542769432,0.04830511286854744,0.009401422925293446
transformer,0,123,train_111,3,0.164406418800354,0.1832779496908188,0.26751023530960083,0.18328890204429626,0.20151644945144653
transformer,0,123,train_112,1,0.3453585207462311,0.2719651460647583,0.14597541093826294,0.12339571118354797,0.11330521106719971
transformer,0,123,train_113,3,0.12273906916379929,0.1604025661945343,0.22086875140666962,0.2096104472875595,0.2863791584968567
transformer,0,123,train_114,3,0.038771919906139374,0.1157415434718132,0.214342400431633,0.3993476927280426,0.2317964881658554
transformer,0,123,train_115,3,0.11752370744943619,0.15097865462303162,0.24559180438518524,0.25232017040252686,0.2335856556892395
transformer,0,123,train_116,4,0.13225620985031128,0.13227103650569916,0.2857787311077118,0.2550986707210541,0.1945953220129013
transformer,0,123,train_117,1,0.629536509513855,0.23542769253253937,0.05618979036808014,0.03745467960834503,0.041391272097826004
transformer,0,123,train_118,2,0.053573545068502426,0.150934100151062,0.1909470409154892,0.311794638633728,0.2927507162094116
transformer,0,123,train_119,2,0.049338407814502716,0.1290709227323532,0.22384558618068695,0.3266826868057251,0.27106234431266785
transformer,0,123,train_120,5,0.05308502912521362,0.13845379650592804,0.26336342096328735,0.3257068395614624,0.2193908542394638
transformer,0,ensemble,train_001,2,0.42535961667696637,0.26147222022215527,0.1335584968328476,0.10274471777180831,0.07686492924888928
transformer,0,ensemble,train_002,5,0.1528402864933014,0.23196221888065338,0.21375485261281332,0.19874815146128336,0.20269447565078735
transformer,0,ensemble,train_003,2,0.26817214985688526,0.13447717328866324,0.31417955458164215,0.14900908370812735,0.13416203538266322
transformer,0,ensemble,train_004,4,0.14860882858435312,0.2480906844139099,0.2593669891357422,0.16703646381696066,0.17689704398314157
transformer,0,ensemble,train_005,5,0.13638429592053095,0.22367079059282938,0.2271038293838501,0.20226176579793295,0.2105793058872223
transformer,0,ensemble,train_006,2,0.10836059724291165,0.3731410950422287,0.17683024828632674,0.17084700614213943,0.17082109302282333
transformer,0,ensemble,train_007,2,0.2920010934273402,0.1116367553671201,0.3120788236459096,0.2231337825457255,0.06114958475033442
transformer,0,ensemble,train_008,5,0.21679334342479706,0.17682947715123495,0.33758968114852905,0.17157678802808127,0.0972106729944547
transformer,0,ensemble,train_009,3,0.1750694364309311,0.24206004540125528,0.25811582803726196,0.1576686923702558,0.1670859456062317
transformer,0,ensemble,train_010,2,0.14619750529527664,0.20207842687765756,0.23653164009253183,0.20486310124397278,0.21032931407292685
transformer,0,ensemble,train_011,3,0.10059171542525291,0.1761180261770884,0.23624822994073233,0.2785030355056127,0.20853898922602335
transformer,0,ensemble,train_012,5,0.31645768384138745,0.1671621302763621,0.218637282649676,0.15517439444859824,0.1425684898470839
transformer,0,ensemble,train_013,2,0.11947238941987355,0.1934511661529541,0.18461382885773978,0.34152650833129883,0.16093609730402628
transformer,0,ensemble,train_014,5,0.13356165836254755,0.16661081711451212,0.20030716558297476,0.1716583954791228,0.3278619994719823
transformer,0,ensemble,train_015,3,0.16890447835127512,0.27125246822834015,0.2492537001768748,0.14957449088493982,0.1610148698091507
transformer,0,ensemble,train_016,4,0.15337492525577545,0.24855117003122965,0.24697681268056235,0.16699687391519547,0.18410020073254904
transformer,0,ensemble,train_017,2,0.446144700050354,0.17592397270103297,0.1928540070851644,0.09338771862288316,0.09168956133847435
transformer,0,ensemble,train_018,5,0.12689406611025333,0.22370540102322897,0.12871562565366426,0.17258275796969733,0.34810211261113483
transformer,0,ensemble,train_019,3,0.1669131169716517,0.2525727103153865,0.24020182092984518,0.16349541147549948,0.17681696017583212
transformer,0,ensemble,train_020,2,0.11858695993820827,0.2376513878504435,0.2313552846511205,0.25628366072972614,0.1561226819952329
transformer,0,ensemble,train_021,5,0.1583612710237503,0.1469840630888939,0.27521423002084094,0.32726691166559857,0.09217352916797002
transformer,0,ensemble,train_022,4,0.25401324530442554,0.26905322074890137,0.19044464826583862,0.11834072570006053,0.1681481252113978
transformer,0,ensemble,train_023,3,0.07349567984541257,0.2031592627366384,0.11924478908379872,0.24204561611016592,0.36205464601516724
transformer,0,ensemble,train_024,5,0.29014283915360767,0.26728811860084534,0.18324661254882812,0.10938459510604541,0.1499378109971682
transformer,0,ensemble,train_025,5,0.11245414117972057,0.17876776059468588,0.25987448791662854,0.23102924227714539,0.21787437299887338
transformer,0,ensemble,train_026,3,0.2902915378411611,0.09531896685560544,0.2831210643053055,0.2636541873216629,0.06761426168183486
transformer,0,ensemble,train_027,2,0.18156325072050095,0.4508630136648814,0.12291126698255539,0.13292077059547105,0.11174174149831136
transformer,0,ensemble,train_028,4,0.0934592882792155,0.1698624218503634,0.22865413129329681,0.30318450927734375,0.2048396716515223
transformer,0,ensemble,train_029,2,0.3573575019836426,0.3044542968273163,0.13694968819618225,0.1111004687845707,0.0901380864282449
transformer,0,ensemble,train_030,5,0.11280674238999684,0.3095485766728719,0.2052195519208908,0.14759129285812378,0.22483383615811667
transformer,0,ensemble,train_031,4,0.1667050967613856,0.09833500534296036,0.21385867396990457,0.4021860659122467,0.11891511579354604
transformer,0,ensemble,train_032,3,0.09633091030021508,0.19487050672372183,0.15712366998195648,0.2592131147782008,0.2924617975950241
transformer,0,ensemble,train_033,1,0.3360721369584401,0.3159012496471405,0.19049431383609772,0.07755498153467973,0.07997732982039452
transformer,0,ensemble,train_034,2,0.0921638011932373,0.23870936036109924,0.164486326277256,0.274087722102801,0.2305527776479721
transformer,0,ensemble,train_035,2,0.4289797743161519,0.24021793405214945,0.10835382590691249,0.12152929852406184,0.10091916099190712
transformer,0,ensemble,train_036,2,0.18390620251496634,0.23496241867542267,0.25150075058142346,0.16329754640658697,0.16633308678865433
transformer,0,ensemble,train_037,2,0.16143679370482764,0.3927509089310964,0.1260673056046168,0.18171009918053946,0.13803488264481226
transformer,0,ensemble,train_038,3,0.18376100063323975,0.19393669565518698,0.18836106856664023,0.21591976284980774,0.21802145739396414
transformer,0,ensemble,train_039,3,0.12463542446494102,0.1541854441165924,0.23340762654940286,0.30246229966481525,0.18530917664368948
transformer,0,ensemble,train_040,2,0.1900436927874883,0.30832572778066,0.19937785963217416,0.14212770263353983,0.1601250022649765
transformer,0,ensemble,train_041,3,0.17233109970887503,0.1637979398171107,0.4266771177450816,0.18568393277625242,0.051509931683540344
transformer,0,ensemble,train_042,2,0.26635539531707764,0.19277380406856537,0.29704712331295013,0.09622678036491077,0.14759687582651773
transformer,0,ensemble,train_043,4,0.10998372361063957,0.24121788640817007,0.23099961876869202,0.2637509951988856,0.15404777663449445
transformer,0,ensemble,train_044,3,0.1839707891146342,0.19100786497195563,0.4339303771654765,0.14121052933235964,0.049880437552928925
transformer,0,ensemble,train_045,3,0.12634709974129996,0.19372215867042542,0.2686101843913396,0.26148105164368945,0.14983951393514872
transformer,0,ensemble,train_046,4,0.158181165655454,0.23110277454058328,0.25168892244497937,0.17659535010655722,0.18243180712064108
transformer,0,ensemble,train_047,2,0.24361800154050192,0.15566179156303406,0.310986007253329,0.15179602801799774,0.13793819211423397
transformer,0,ensemble,train_048,4,0.11069787169496219,0.21401924888292947,0.2454791764418284,0.2392181803782781,0.19058546920617422
transformer,0,ensemble,train_049,2,0.14742906639973322,0.21247490247090658,0.24412184953689575,0.19818433622519174,0.19778984288374582
transformer,0,ensemble,train_050,4,0.14426353573799133,0.1946892390648524,0.244146058956782,0.21679118275642395,0.20010999341805777
transformer,0,ensemble,train_051,3,0.20122335851192474,0.2485534449418386,0.23761725425720215,0.15344315022230148,0.15916279455025992
transformer,0,ensemble,train_052,3,0.2087384214003881,0.10439083725214005,0.2542457381884257,0.35678813854853314,0.0758368664731582
transformer,0,ensemble,train_053,3,0.18741096059481302,0.26893939077854156,0.24577643970648447,0.14419820780555406,0.15367498869697252
transformer,0,ensemble,train_054,2,0.14544803897539774,0.2367182324330012,0.22791863977909088,0.18845286717017493,0.20146226386229196
transformer,0,ensemble,train_055,3,0.2530311197042465,0.10513233641783397,0.3077651460965474,0.27655549844106037,0.057515923865139484
transformer,0,ensemble,train_056,1,0.11564865211645763,0.16026477267344794,0.3502916892369588,0.21842234333356222,0.15537257492542267
transformer,0,ensemble,train_057,1,0.15272201846043268,0.19781626760959625,0.24843573570251465,0.20762033760547638,0.1934056282043457
transformer,0,ensemble,train_058,1,0.10308026149868965,0.16745430479447046,0.24038202067216238,0.2721878190835317,0.2168955852588018
transformer,0,ensemble,train_059,2,0.12520093843340874,0.1960709740718206,0.1356028417746226,0.20017852385838827,0.34294674297173816
transformer,0,ensemble,train_060,3,0.24695107340812683,0.1484613666931788,0.30232997238636017,0.1588252161939939,0.14343238544339934
transformer,0,ensemble,train_061,2,0.15463727712631226,0.235836461186409,0.2321499635775884,0.17438361048698425,0.2029926578203837
transformer,0,ensemble,train_062,3,0.16416239738464355,0.3757684826850891,0.2834298113981883,0.09014630069335301,0.08649296996494134
transformer,0,ensemble,train_063,2,0.24044893185297647,0.33895453810691833,0.15777723242839178,0.10310141493876775,0.15971786777178446
transformer,0,ensemble,train_064,2,0.10537843157847722,0.19170634945233664,0.23449053863684335,0.2420885960261027,0.22633607685565948
transformer,0,ensemble,train_065,3,0.1913688083489736,0.24156567454338074,0.2400849312543869,0.16003154466549555,0.16694905857245126
transformer,0,ensemble,train_066,2,0.12435479462146759,0.2237843225399653,0.2590956340233485,0.24496625363826752,0.14779901939133802
transformer,0,ensemble,train_067,3,0.19625597695509592,0.19171860814094543,0.25578153630097705,0.18683691322803497,0.16940694550673166
transformer,0,ensemble,train_068,3,0.20808453857898712,0.14166296273469925,0.3378347059090932,0.17152923593918482,0.14088855132771036
transformer,0,ensemble,train_069,2,0.32686847448349,0.0927429310977459,0.3099330315987269,0.20035657783349356,0.07009896263480186
transformer,0,ensemble,train_070,2,0.27034810185432434,0.1356373354792595,0.31331193447113037,0.14663121476769447,0.13407141249626875
transformer,0,ensemble,train_071,4,0.18062194933493933,0.2033464660247167,0.23908929526805878,0.18581424156824747,0.19112804035345712
transformer,0,ensemble,train_072,4,0.2765130152304967,0.20541330675284067,0.22629384199778238,0.10270333910981815,0.1890764981508255
transformer,0,ensemble,train_073,2,0.09403032933672269,0.1578870788216591,0.1892031580209732,0.30311429997285205,0.2557651251554489
transformer,0,ensemble,train_074,3,0.19654462734858194,0.2678016622861226,0.24403254687786102,0.14044374600052834,0.15117740506927171
transformer,0,ensemble,train_075,2,0.15554281572500864,0.27022944887479144,0.23472962776819864,0.16144182781378427,0.17805625995000204
transformer,0,ensemble,train_076,2,0.30343930919965106,0.31054753065109253,0.14737465729316077,0.12298453226685524,0.1156539519627889
transformer,0,ensemble,train_077,3,0.14334571361541748,0.21213424702485403,0.2731027950843175,0.2242983082930247,0.1471189477791389
transformer,0,ensemble,train_078,3,0.29952866832415265,0.3953368167082469,0.13849550485610962,0.07833246110628049,0.08830658284326394
transformer,0,ensemble,train_079,2,0.24596951405207315,0.29402758677800495,0.24390693505605063,0.08534874891241391,0.13074718539913496
transformer,0,ensemble,train_080,1,0.24353042244911194,0.3041457186142604,0.19214423497517905,0.1066703846057256,0.15350923935572305
transformer,0,ensemble,train_081,3,0.2819438229004542,0.14309745281934738,0.3137742181619008,0.13318758085370064,0.127996890922077
transformer,0,ensemble,train_082,3,0.1802105406920115,0.366171399752299,0.11934084445238113,0.11394062017401059,0.2203365961710612
transformer,0,ensemble,train_083,1,0.446026677886645,0.2836726059516271,0.11835378284255664,0.07182177063077688,0.08012516237795353
transformer,0,ensemble,train_084,5,0.14184733231862387,0.18640233079592386,0.23520760734875998,0.22692722578843436,0.20961549878120422
transformer,0,ensemble,train_085,3,0.1781095266342163,0.24604544043540955,0.2424928843975067,0.1616066967447599,0.1717454120516777
transformer,0,ensemble,train_086,2,0.4014747192462285,0.33750420312086743,0.11741663018862407,0.07071151025593281,0.07289288317163785
transformer,0,ensemble,train_087,3,0.23116484781106314,0.09551435584823291,0.2539084404706955,0.3424574335416158,0.0769549310207367
transformer,0,ensemble,train_088,2,0.18906771639982858,0.48765496412913006,0.17510251700878143,0.07992058247327805,0.0682541901866595
transformer,0,ensemble,train_089,2,0.2828111797571182,0.27322709063688916,0.1744904468456904,0.10973635067542394,0.15973492711782455
transformer,0,ensemble,train_090,4,0.16048087179660797,0.2090029219786326,0.12112796927491824,0.1450938160220782,0.364294429620107
transformer,0,ensemble,train_091,2,0.11427154392004013,0.18056811889012656,0.2572616587082545,0.22749857107798258,0.22040008008480072
transformer,0,ensemble,train_092,2,0.09421193227171898,0.18054892122745514,0.19066478808720908,0.29836077491442364,0.23621355990568796
transformer,0,ensemble,train_093,3,0.10683200384179752,0.2283602754275004,0.13681173076232275,0.20379469295342764,0.324201300740242
transformer,0,ensemble,train_094,3,0.30721161762873334,0.2616426348686218,0.15589467932780585,0.13822399452328682,0.1370270475745201
transformer,0,ensemble,train_095,3,0.09230348964532216,0.17811734974384308,0.19189009070396423,0.29790395498275757,0.23978510002295175
transformer,0,ensemble,train_096,2,0.1440908114115397,0.23104576766490936,0.21795079608758292,0.19804231822490692,0.2088702768087387
transformer,0,ensemble,train_097,3,0.3258186827103297,0.3026256014903386,0.14387435466051102,0.11976958562930425,0.10791174322366714
transformer,0,ensemble,train_098,1,0.14352581650018692,0.22894072532653809,0.2267703910668691,0.19673092663288116,0.2040321429570516
transformer,0,ensemble,train_099,3,0.09206848839918773,0.15893803288539252,0.19904310007890066,0.3160903751850128,0.23386000593503317
transformer,0,ensemble,train_100,5,0.11738673721750577,0.18907773991425833,0.17098219941059747,0.1985032856464386,0.32405005395412445
transformer,0,ensemble,train_101,2,0.17412673433621725,0.21391835808753967,0.24657865862051645,0.1841205209493637,0.18125570813814798
transformer,0,ensemble,train_102,2,0.1101214128235976,0.2776094724734624,0.20500126977761587,0.20705033838748932,0.20021752019723257
transformer,0,ensemble,train_103,3,0.15013589709997177,0.17845499515533447,0.24072214464346567,0.22711287438869476,0.203574076294899
transformer,0,ensemble,train_104,1,0.10234926516811053,0.16271058718363443,0.27065252761046094,0.2834561864535014,0.18083142737547556
transformer,0,ensemble,train_105,4,0.11315290629863739,0.349458709359169,0.2124238908290863,0.1352315110464891,0.18973300606012344
transformer,0,ensemble,train_106,1,0.3978748818238576,0.19499259193738303,0.2768804927666982,0.08228484479089578,0.04796717936793963
transformer,0,ensemble,train_107,3,0.28264792760213214,0.14073078458507857,0.30834051966667175,0.13708565259973207,0.1311951596677924
transformer,0,ensemble,train_108,1,0.25735236207644147,0.12653210386633873,0.3123391717672348,0.16505895306666693,0.13871739152818918
transformer,0,ensemble,train_109,3,0.11493259916702907,0.17115505039691925,0.2817095071077347,0.234536682566007,0.19766616324583688
transformer,0,ensemble,train_110,1,0.2471944292386373,0.5464494228363037,0.11617307116587956,0.05534373347957929,0.03483933489769697
transformer,0,ensemble,train_111,3,0.2609066665172577,0.17016711086034775,0.29541128873825073,0.1398212338487307,0.133693690955018
transformer,0,ensemble,train_112,1,0.47995778918266296,0.19073073317607245,0.15423298875490823,0.08677911013364792,0.08829937266030659
transformer,0,ensemble,train_113,3,0.16887552787860236,0.19055578609307608,0.2170332968235016,0.1957988291978836,0.22773653268814087
transformer,0,ensemble,train_114,3,0.09013817459344864,0.1646451180179914,0.19000243147214255,0.325085977713267,0.23012831310431162
transformer,0,ensemble,train_115,3,0.15416866292556128,0.20172063012917837,0.25664521753787994,0.2059643417596817,0.18150116006533304
transformer,0,ensemble,train_116,4,0.1156655674179395,0.13743737836678824,0.29048017660776776,0.30692098538080853,0.14949586583922306
transformer,0,ensemble,train_117,1,0.43859746555487317,0.25522270301977795,0.10830228527386983,0.11192915216088295,0.08594838157296181
transformer,0,ensemble,train_118,2,0.09273980806271236,0.18525450428326926,0.16579938679933548,0.2812454104423523,0.2749609152475993
transformer,0,ensemble,train_119,2,0.09293543671568234,0.17862887183825174,0.18614623447259268,0.28600484629472095,0.25628454486529034
transformer,0,ensemble,train_120,5,0.09607149039705594,0.1839040368795395,0.21807520588239035,0.2841034382581711,0.21784580747286478
transformer,1,42,train_001,2,0.5358883738517761,0.23008571565151215,0.126347616314888,0.059662628918886185,0.04801565408706665
transformer,1,42,train_002,5,0.13740471005439758,0.19815503060817719,0.21288816630840302,0.23584790527820587,0.2157042771577835
transformer,1,42,train_003,2,0.3025933504104614,0.10111520439386368,0.5233823657035828,0.06435099244117737,0.008558168075978756
transformer,1,42,train_004,4,0.2473229169845581,0.09459012001752853,0.5060636401176453,0.1378895342350006,0.014133824035525322
transformer,1,42,train_005,5,0.071413055062294,0.0660027489066124,0.108399897813797,0.514828085899353,0.23935618996620178
transformer,1,42,train_006,2,0.007488592062145472,0.146445170044899,0.03051908314228058,0.1726577877998352,0.6428893804550171
transformer,1,42,train_007,2,0.14052993059158325,0.1836312711238861,0.23684878647327423,0.23548485338687897,0.20350515842437744
transformer,1,42,train_008,5,0.13866959512233734,0.21369808912277222,0.2541607618331909,0.2018475979566574,0.19162392616271973
transformer,1,42,train_009,3,0.18756186962127686,0.1977129429578781,0.22562474012374878,0.19260196387767792,0.19649852812290192
transformer,1,42,train_010,2,0.009228748269379139,0.33807262778282166,0.0749315395951271,0.05339917540550232,0.5243679881095886
transformer,1,42,train_011,3,0.11119232326745987,0.2020357996225357,0.25518983602523804,0.22088463604450226,0.21069736778736115
transformer,1,42,train_012,5,0.5129449963569641,0.062470898032188416,0.35231339931488037,0.06559452414512634,0.006676188204437494
transformer,1,42,train_013,2,0.17466996610164642,0.19094499945640564,0.2130742073059082,0.20627517998218536,0.21503563225269318
transformer,1,42,train_014,5,0.12260682880878448,0.15094570815563202,0.2069985568523407,0.27572470903396606,0.24372421205043793
transformer,1,42,train_015,3,0.010072941891849041,0.6393796801567078,0.11432967334985733,0.01823534071445465,0.21798238158226013
transformer,1,42,train_016,4,0.24558810889720917,0.08763670176267624,0.5040937066078186,0.14781612157821655,0.01486530527472496
transformer,1,42,train_017,2,0.5683612823486328,0.17549028992652893,0.24700762331485748,0.007038355804979801,0.002102454425767064
transformer,1,42,train_018,5,0.15142115950584412,0.21666495501995087,0.20852915942668915,0.20223747193813324,0.2211473286151886
transformer,1,42,train_019,3,0.04857603460550308,0.48517903685569763,0.285639226436615,0.09909126907587051,0.08151450008153915
transformer,1,42,train_020,2,0.04537654295563698,0.07767971605062485,0.08108245581388474,0.5130044221878052,0.28285691142082214
transformer,1,42,train_021,5,0.10209959000349045,0.1858079433441162,0.2420651614665985,0.24210910499095917,0.22791816294193268
transformer,1,42,train_022,4,0.01644987054169178,0.16161863505840302,0.023243118077516556,0.08867992460727692,0.710008442401886
transformer,1,42,train_023,3,0.009739812463521957,0.1378353387117386,0.04315144568681717,0.1332985907793045,0.6759747862815857
transformer,1,42,train_024,5,0.17357677221298218,0.6744797229766846,0.08611222356557846,0.02580668032169342,0.040024615824222565
transformer,1,42,train_025,5,0.06945794075727463,0.11487586051225662,0.1632114201784134,0.3264026939868927,0.3260520398616791
transformer,1,42,train_026,3,0.1136455163359642,0.1948334276676178,0.24862605333328247,0.22793705761432648,0.21495799720287323
transformer,1,42,train_027,2,0.32307499647140503,0.3570070266723633,0.1687615066766739,0.07708009332418442,0.07407639175653458
transformer,1,42,train_028,4,0.09495943784713745,0.20438899099826813,0.255034476518631,0.22723057866096497,0.21838653087615967
transformer,1,42,train_029,2,0.42311009764671326,0.2728801667690277,0.14411666989326477,0.08147276192903519,0.07842028886079788
transformer,1,42,train_030,5,0.21221527457237244,0.2323940247297287,0.20253705978393555,0.17069076001644135,0.18216291069984436
transformer,1,42,train_031,4,0.1750016212463379,0.16527508199214935,0.19612766802310944,0.22582846879959106,0.23776715993881226
transformer,1,42,train_032,3,0.10279926657676697,0.2025231122970581,0.23731178045272827,0.22981083393096924,0.22755494713783264
transformer,1,42,train_033,1,0.29709702730178833,0.31058555841445923,0.18851619958877563,0.10385934263467789,0.09994187206029892
transformer,1,42,train_034,2,0.12430436909198761,0.1916704922914505,0.22403843700885773,0.24460405111312866,0.2153826802968979
transformer,1,42,train_035,2,0.8977347612380981,0.04447227716445923,0.03955594450235367,0.012208604253828526,0.006028436589986086
transformer,1,42,train_036,2,0.11277734488248825,0.20864388346672058,0.2582153081893921,0.21637605130672455,0.20398738980293274
transformer,1,42,train_037,2,0.031529657542705536,0.5492730140686035,0.11490994691848755,0.03925448656082153,0.26503294706344604
transformer,1,42,train_038,3,0.2140839695930481,0.18554319441318512,0.18286949396133423,0.2048427015542984,0.2126607447862625
transformer,1,42,train_039,3,0.31190162897109985,0.11468332260847092,0.26995980739593506,0.23408803343772888,0.06936726719141006
transformer,1,42,train_040,2,0.2105974704027176,0.3180861175060272,0.21445031464099884,0.1266806423664093,0.13018549978733063
transformer,1,42,train_041,3,0.10799635946750641,0.2020655870437622,0.25196799635887146,0.22366635501384735,0.21430373191833496
transformer,1,42,train_042,2,0.5560566782951355,0.02663310430943966,0.15500511229038239,0.23126739263534546,0.031037630513310432
transformer,1,42,train_043,4,0.16738006472587585,0.18369722366333008,0.20745418965816498,0.21605545282363892,0.22541305422782898
transformer,1,42,train_044,3,0.11812184005975723,0.21137280762195587,0.24836033582687378,0.21413901448249817,0.20800599455833435
transformer,1,42,train_045,3,0.17103661596775055,0.18308191001415253,0.20638388395309448,0.2141294777393341,0.22536814212799072
transformer,1,42,train_046,4,0.17433559894561768,0.23488423228263855,0.4035443067550659,0.15322530269622803,0.03401051461696625
transformer,1,42,train_047,2,0.19849111139774323,0.22126536071300507,0.22396552562713623,0.1762499362230301,0.18002809584140778
transformer,1,42,train_048,4,0.12856170535087585,0.1726004183292389,0.22406944632530212,0.25541985034942627,0.21934863924980164
transformer,1,42,train_049,2,0.14898395538330078,0.179021954536438,0.46550849080085754,0.17263953387737274,0.03384611755609512
transformer,1,42,train_050,4,0.12827201187610626,0.19312447309494019,0.2291724979877472,0.23985417187213898,0.20957687497138977
transformer,1,42,train_051,3,0.20572128891944885,0.21936003863811493,0.21829865872859955,0.1757979542016983,0.18082205951213837
transformer,1,42,train_052,3,0.1606263965368271,0.04077944904565811,0.16086511313915253,0.5728064179420471,0.06492258608341217
transformer,1,42,train_053,3,0.19224020838737488,0.20586223900318146,0.5544821619987488,0.0396755114197731,0.007739858701825142
transformer,1,42,train_054,2,0.1822340488433838,0.19432808458805084,0.20542441308498383,0.2024812251329422,0.21553228795528412
transformer,1,42,train_055,3,0.1803581565618515,0.17177093029022217,0.20801270008087158,0.2172967940568924,0.22256135940551758
transformer,1,42,train_056,1,0.2550925612449646,0.12305839359760284,0.5709286332130432,0.04381832480430603,0.007102042902261019
transformer,1,42,train_057,1,0.09687764197587967,0.19956709444522858,0.2460974007844925,0.23260915279388428,0.224848672747612
transformer,1,42,train_058,1,0.11339583992958069,0.20078937709331512,0.24921107292175293,0.22200478613376617,0.21459892392158508
transformer,1,42,train_059,2,0.26695236563682556,0.22900904715061188,0.17829878628253937,0.16016781330108643,0.16557197272777557
transformer,1,42,train_060,3,0.14455200731754303,0.20089314877986908,0.24115446209907532,0.21126343309879303,0.20213691890239716
transformer,1,42,train_061,2,0.19003960490226746,0.21660244464874268,0.20671643316745758,0.18695834279060364,0.19968315958976746
transformer,1,42,train_062,3,0.1468239277601242,0.23566699028015137,0.2496516853570938,0.18455305695533752,0.1833043396472931
transformer,1,42,train_063,2,0.5411790609359741,0.04031900689005852,0.04572359845042229,0.22356578707695007,0.14921249449253082
transformer,1,42,train_064,2,0.11376919597387314,0.21544216573238373,0.2517906129360199,0.21222680807113647,0.20677125453948975
transformer,1,42,train_065,3,0.15185636281967163,0.21045807003974915,0.24213498830795288,0.21133308112621307,0.18421755731105804
transformer,1,42,train_066,2,0.11490652710199356,0.20241045951843262,0.3868647515773773,0.24551595747470856,0.05030236393213272
transformer,1,42,train_067,3,0.2975318133831024,0.09133551269769669,0.5145086050033569,0.08615271747112274,0.01047133095562458
transformer,1,42,train_068,3,0.12961606681346893,0.29791775345802307,0.5218146443367004,0.04086100310087204,0.00979047454893589
transformer,1,42,train_069,2,0.1688510626554489,0.18390250205993652,0.22625181078910828,0.2203553169965744,0.2006392776966095
transformer,1,42,train_070,2,0.3730619549751282,0.08094963431358337,0.48173096776008606,0.05730582773685455,0.006951534654945135
transformer,1,42,train_071,4,0.14036718010902405,0.1691126823425293,0.21423782408237457,0.2507980763912201,0.2254841923713684
transformer,1,42,train_072,4,0.270614892244339,0.25665315985679626,0.18148395419120789,0.1408776193857193,0.15037031471729279
transformer,1,42,train_073,2,0.13290630280971527,0.1679084300994873,0.21742476522922516,0.2559005320072174,0.22585995495319366
transformer,1,42,train_074,3,0.20340706408023834,0.254651814699173,0.24327409267425537,0.14868055284023285,0.14998646080493927
transformer,1,42,train_075,2,0.13280218839645386,0.22944195568561554,0.23808060586452484,0.2004467099905014,0.19922854006290436
transformer,1,42,train_076,2,0.28043127059936523,0.38111603260040283,0.1770600527524948,0.0792618989944458,0.08213075250387192
transformer,1,42,train_077,3,0.13033299148082733,0.19738532602787018,0.23536138236522675,0.23324823379516602,0.20367209613323212
transformer,1,42,train_078,3,0.3725801706314087,0.295818954706192,0.16406917572021484,0.08452954143285751,0.08300218731164932
transformer,1,42,train_079,2,0.1679506152868271,0.2941546142101288,0.17556515336036682,0.08162236958742142,0.28070729970932007
transformer,1,42,train_080,1,0.2431069016456604,0.2633509933948517,0.19435206055641174,0.1450692117214203,0.15412084758281708
transformer,1,42,train_081,3,0.17002861201763153,0.25156325101852417,0.26858311891555786,0.16691769659519196,0.1429072767496109
transformer,1,42,train_082,3,0.25171759724617004,0.28896206617355347,0.1886722296476364,0.13181528449058533,0.13883277773857117
transformer,1,42,train_083,1,0.8465844392776489,0.060133934020996094,0.06440375000238419,0.019572608172893524,0.009305158630013466
transformer,1,42,train_084,5,0.03628944605588913,0.13145431876182556,0.09960320591926575,0.4449639916419983,0.2876890301704407
transformer,1,42,train_085,3,0.00844573974609375,0.23492619395256042,0.05129507929086685,0.052953802049160004,0.6523792147636414
transformer,1,42,train_086,2,0.36673951148986816,0.3463020920753479,0.1603877693414688,0.06578397750854492,0.060786645859479904
transformer,1,42,train_087,3,0.12954679131507874,0.148988276720047,0.30978429317474365,0.3472556471824646,0.06442500650882721
transformer,1,42,train_088,2,0.030190881341695786,0.2898314893245697,0.06710872054100037,0.07025425136089325,0.5426146984100342
transformer,1,42,train_089,2,0.3460780084133148,0.1208796352148056,0.06413451582193375,0.1709616482257843,0.29794618487358093
transformer,1,42,train_090,4,0.01337436493486166,0.09836170822381973,0.04081087186932564,0.11659828573465347,0.7308548092842102
transformer,1,42,train_091,2,0.13048948347568512,0.2278178483247757,0.2481844574213028,0.19776837527751923,0.19573986530303955
transformer,1,42,train_092,2,0.13258324563503265,0.1954587996006012,0.2313375622034073,0.23489218950271606,0.20572814345359802
transformer,1,42,train_093,3,0.003026889404281974,0.15757037699222565,0.018698280677199364,0.07230760902166367,0.7483968138694763
transformer,1,42,train_094,3,0.22413082420825958,0.2776053249835968,0.2178342491388321,0.14064891636371613,0.13978064060211182
transformer,1,42,train_095,3,0.014858510345220566,0.3125113546848297,0.1089397594332695,0.10013575106859207,0.46355465054512024
transformer,1,42,train_096,2,0.0974554717540741,0.20050019025802612,0.23355628550052643,0.23476099967956543,0.23372706770896912
transformer,1,42,train_097,3,0.7620846033096313,0.06955704092979431,0.11209900677204132,0.04251469299197197,0.013744719326496124
transformer,1,42,train_098,1,0.13487572968006134,0.1810726821422577,0.22262118756771088,0.24249045550823212,0.2189399003982544
transformer,1,42,train_099,3,0.13125887513160706,0.16806749999523163,0.22085046768188477,0.256693959236145,0.22312918305397034
transformer,1,42,train_100,5,0.18891681730747223,0.22680576145648956,0.19470836222171783,0.1844436675310135,0.2051253765821457
transformer,1,42,train_101,2,0.13968230783939362,0.18548385798931122,0.2295163869857788,0.23758216202259064,0.20773525536060333
transformer,1,42,train_102,2,0.04809592664241791,0.22407248616218567,0.2088688313961029,0.32253938913345337,0.19642330706119537
transformer,1,42,train_103,3,0.008871522732079029,0.1877460926771164,0.04616084322333336,0.06904841959476471,0.6881731152534485
transformer,1,42,train_104,1,0.11012034118175507,0.20377393066883087,0.26065248250961304,0.2201080471277237,0.20534516870975494
transformer,1,42,train_105,4,0.14286155998706818,0.20824089646339417,0.2385692447423935,0.20526458323001862,0.20506365597248077
transformer,1,42,train_106,1,0.7407934069633484,0.04074868932366371,0.10584857314825058,0.08753180503845215,0.025077521800994873
transformer,1,42,train_107,3,0.3540438711643219,0.08891132473945618,0.5012250542640686,0.04895910620689392,0.006860630586743355
transformer,1,42,train_108,1,0.19090189039707184,0.1852339804172516,0.2129342406988144,0.20075929164886475,0.21017064154148102
transformer,1,42,train_109,3,0.16008061170578003,0.20871788263320923,0.24089039862155914,0.20720042288303375,0.18311074376106262
transformer,1,42,train_110,1,0.32555514574050903,0.3146335184574127,0.15637797117233276,0.09970873594284058,0.10372462123632431
transformer,1,42,train_111,3,0.20948798954486847,0.24949827790260315,0.22915421426296234,0.15429119765758514,0.1575683206319809
transformer,1,42,train_112,1,0.281719833612442,0.29513370990753174,0.2040732204914093,0.11414385586977005,0.1049293801188469
transformer,1,42,train_113,3,0.012408907525241375,0.04313722997903824,0.015402315184473991,0.21108517050743103,0.7179663777351379
transformer,1,42,train_114,3,0.12373015284538269,0.1723061352968216,0.22089293599128723,0.25911352038383484,0.22395727038383484
transformer,1,42,train_115,3,0.13032382726669312,0.1888456791639328,0.23517511785030365,0.24003902077674866,0.20561636984348297
transformer,1,42,train_116,4,0.21928301453590393,0.08339440822601318,0.2725306451320648,0.38261210918426514,0.042179785668849945
transformer,1,42,train_117,1,0.5911669731140137,0.299831360578537,0.10594283044338226,0.0019709633197635412,0.001087827025912702
transformer,1,42,train_118,2,0.17114834487438202,0.1807878315448761,0.20136049389839172,0.2163819968700409,0.2303212583065033
transformer,1,42,train_119,2,0.17478999495506287,0.19140255451202393,0.20758160948753357,0.20722569525241852,0.2190001904964447
transformer,1,42,train_120,5,0.13449877500534058,0.203105628490448,0.24134454131126404,0.22550374269485474,0.19554731249809265
transformer,1,7,train_001,2,0.22219979763031006,0.22325219213962555,0.22164222598075867,0.16073854267597198,0.17216718196868896
transformer,1,7,train_002,5,0.08880645036697388,0.2290734052658081,0.17039649188518524,0.28909292817115784,0.22263069450855255
transformer,1,7,train_003,2,0.36187389492988586,0.02936360612511635,0.5549733638763428,0.0490494966506958,0.004739669151604176
transformer,1,7,train_004,4,0.1997460126876831,0.04813193529844284,0.6153448224067688,0.13068798184394836,0.006089221220463514
transformer,1,7,train_005,5,0.15595485270023346,0.18484099209308624,0.23606616258621216,0.24481678009033203,0.17832118272781372
transformer,1,7,train_006,2,0.1494968831539154,0.18325795233249664,0.22234296798706055,0.2585524916648865,0.18634971976280212
transformer,1,7,train_007,2,0.15371546149253845,0.17695331573486328,0.34160998463630676,0.23083771765232086,0.09688356518745422
transformer,1,7,train_008,5,0.18392282724380493,0.23632337152957916,0.2190643846988678,0.1852720081806183,0.17541740834712982
transformer,1,7,train_009,3,0.18991795182228088,0.07734881341457367,0.5287351012229919,0.2009638100862503,0.003034281777217984
transformer,1,7,train_010,2,0.05844145640730858,0.2503960430622101,0.20350396633148193,0.444918155670166,0.04274041950702667
transformer,1,7,train_011,3,0.17679356038570404,0.2348875105381012,0.21985498070716858,0.19102834165096283,0.17743565142154694
transformer,1,7,train_012,5,0.551428496837616,0.061828114092350006,0.34416264295578003,0.035782940685749054,0.006797839421778917
transformer,1,7,train_013,2,0.04653465002775192,0.23289643228054047,0.2580225467681885,0.4525356888771057,0.010010628961026669
transformer,1,7,train_014,5,0.07563379406929016,0.17396637797355652,0.26916271448135376,0.341898649930954,0.13933847844600677
transformer,1,7,train_015,3,0.09144727140665054,0.207954540848732,0.16285479068756104,0.3946365416049957,0.1431068629026413
transformer,1,7,train_016,4,0.2708013951778412,0.03934141620993614,0.5996001958847046,0.08322787284851074,0.007029081229120493
transformer,1,7,train_017,2,0.6836029291152954,0.026777731254696846,0.26850828528404236,0.017169130966067314,0.003941916860640049
transformer,1,7,train_018,5,0.19648978114128113,0.2437441200017929,0.21266011893749237,0.17384566366672516,0.17326028645038605
transformer,1,7,train_019,3,0.1560288965702057,0.18639950454235077,0.2349412888288498,0.24580630660057068,0.1768239140510559
transformer,1,7,train_020,2,0.1492428183555603,0.17922453582286835,0.23907798528671265,0.2573659420013428,0.17508871853351593
transformer,1,7,train_021,5,0.17605805397033691,0.23286984860897064,0.22089195251464844,0.19144755601882935,0.17873257398605347
transformer,1,7,train_022,4,0.25757092237472534,0.24324321746826172,0.1496734470129013,0.14185363054275513,0.20765875279903412
transformer,1,7,train_023,3,0.05736076086759567,0.2808988690376282,0.06446889787912369,0.22143512964248657,0.3758363723754883
transformer,1,7,train_024,5,0.1150336042046547,0.49594199657440186,0.05901886522769928,0.15127792954444885,0.17872756719589233
transformer,1,7,train_025,5,0.1727122664451599,0.19069455564022064,0.23979613184928894,0.22389023005962372,0.172906756401062
transformer,1,7,train_026,3,0.17768339812755585,0.23569008708000183,0.2193894386291504,0.19082678854465485,0.17641034722328186
transformer,1,7,train_027,2,0.19196929037570953,0.29808756709098816,0.11607727408409119,0.2042180597782135,0.1896478235721588
transformer,1,7,train_028,4,0.17306330800056458,0.23735494911670685,0.21845145523548126,0.19689512252807617,0.17423513531684875
transformer,1,7,train_029,2,0.21347980201244354,0.23326995968818665,0.21665549278259277,0.1703580766916275,0.16623666882514954
transformer,1,7,train_030,5,0.07035018503665924,0.058741550892591476,0.10127115994691849,0.08104708790779114,0.6885899901390076
transformer,1,7,train_031,4,0.05392875894904137,0.12196968495845795,0.31515583395957947,0.5032361149787903,0.005709616933017969
transformer,1,7,train_032,3,0.17973802983760834,0.2385282665491104,0.2162865251302719,0.18978847563266754,0.17565859854221344
transformer,1,7,train_033,1,0.46546462178230286,0.26840806007385254,0.1268550306558609,0.08083187788724899,0.05844038724899292
transformer,1,7,train_034,2,0.07876282185316086,0.19424115121364594,0.22861166298389435,0.32690927386283875,0.1714750975370407
transformer,1,7,train_035,2,0.4050712287425995,0.25551435351371765,0.10213223099708557,0.08064131438732147,0.1566409170627594
transformer,1,7,train_036,2,0.1764352023601532,0.23479777574539185,0.21990925073623657,0.19317615032196045,0.17568160593509674
transformer,1,7,train_037,2,0.08801634609699249,0.5336179733276367,0.04657537490129471,0.11580323427915573,0.21598710119724274
transformer,1,7,train_038,3,0.07214800268411636,0.03522757440805435,0.11029524356126785,0.05551872029900551,0.7268104553222656
transformer,1,7,train_039,3,0.18846939504146576,0.20147410035133362,0.21819652616977692,0.20476284623146057,0.18709716200828552
transformer,1,7,train_040,2,0.08841662108898163,0.2142125815153122,0.10191439837217331,0.2397695928812027,0.35568681359291077
transformer,1,7,train_041,3,0.1769571602344513,0.23448407649993896,0.2194860577583313,0.1930357813835144,0.17603686451911926
transformer,1,7,train_042,2,0.2541942298412323,0.2242247760295868,0.19244031608104706,0.15387320518493652,0.17526750266551971
transformer,1,7,train_043,4,0.027538824826478958,0.1521448791027069,0.22290480136871338,0.5852150917053223,0.01219639927148819
transformer,1,7,train_044,3,0.1797977089881897,0.23739419877529144,0.2175966501235962,0.19105757772922516,0.1741538941860199
transformer,1,7,train_045,3,0.021242668852210045,0.11187560856342316,0.19974374771118164,0.6577677726745605,0.009370150975883007
transformer,1,7,train_046,4,0.1444002389907837,0.1747368574142456,0.2535031735897064,0.2641531229019165,0.1632065773010254
transformer,1,7,train_047,2,0.32237058877944946,0.12347152829170227,0.4633976221084595,0.08773148059844971,0.003028793027624488
transformer,1,7,train_048,4,0.08772990852594376,0.17635734379291534,0.288714736700058,0.3187890648841858,0.12840890884399414
transformer,1,7,train_049,2,0.12679323554039001,0.1314350813627243,0.45067715644836426,0.2750398516654968,0.016054686158895493
transformer,1,7,train_050,4,0.08705279976129532,0.19869139790534973,0.2646319270133972,0.3197215795516968,0.12990225851535797
transformer,1,7,train_051,3,0.5269172787666321,0.07112789899110794,0.3681708574295044,0.03127916902303696,0.002504752716049552
transformer,1,7,train_052,3,0.14242199063301086,0.16816820204257965,0.2547941505908966,0.27039432525634766,0.1642213612794876
transformer,1,7,train_053,3,0.17079730331897736,0.1907026320695877,0.25403156876564026,0.22444458305835724,0.16002388298511505
transformer,1,7,train_054,2,0.0917799100279808,0.21951931715011597,0.3504157066345215,0.33143365383148193,0.006851410027593374
transformer,1,7,train_055,3,0.07485322654247284,0.06560108065605164,0.40250512957572937,0.4513864517211914,0.00565412687137723
transformer,1,7,train_056,1,0.3856964409351349,0.02940056286752224,0.5371865630149841,0.04304618015885353,0.0046702297404408455
transformer,1,7,train_057,1,0.1750270128250122,0.23737198114395142,0.21749001741409302,0.1952054500579834,0.17490556836128235
transformer,1,7,train_058,1,0.17938487231731415,0.23816868662834167,0.21751397848129272,0.19035778939723969,0.17457468807697296
transformer,1,7,train_059,2,0.09867162257432938,0.13181018829345703,0.12499332427978516,0.11967547237873077,0.5248494148254395
transformer,1,7,train_060,3,0.1870851367712021,0.23589934408664703,0.21869176626205444,0.1803935021162033,0.17793023586273193
transformer,1,7,train_061,2,0.10742954164743423,0.1110432893037796,0.17785727977752686,0.06334040313959122,0.5403295159339905
transformer,1,7,train_062,3,0.1843707263469696,0.23772349953651428,0.21731813251972198,0.1874762326478958,0.17311139404773712
transformer,1,7,train_063,2,0.3356665372848511,0.26154953241348267,0.11389322578907013,0.10294558107852936,0.18594513833522797
transformer,1,7,train_064,2,0.17820319533348083,0.23827211558818817,0.2173106074333191,0.19172106683254242,0.1744929701089859
transformer,1,7,train_065,3,0.17309942841529846,0.21578215062618256,0.3060431182384491,0.21735477447509766,0.08772052079439163
transformer,1,7,train_066,2,0.05472138524055481,0.13995565474033356,0.2945086359977722,0.4903552830219269,0.02045905590057373
transformer,1,7,train_067,3,0.35993850231170654,0.02430558018386364,0.5632200837135315,0.048185642808675766,0.004350285045802593
transformer,1,7,train_068,3,0.15156489610671997,0.1786421239376068,0.2541126012802124,0.2511984705924988,0.16448189318180084
transformer,1,7,train_069,2,0.19282999634742737,0.2304835170507431,0.22118206322193146,0.17538440227508545,0.18011993169784546
transformer,1,7,train_070,2,0.3505256175994873,0.028424497693777084,0.5646876096725464,0.05185175687074661,0.004510498605668545
transformer,1,7,train_071,4,0.08503931015729904,0.14069902896881104,0.27723705768585205,0.2980218231678009,0.19900281727313995
transformer,1,7,train_072,4,0.12173927575349808,0.34275686740875244,0.16388390958309174,0.13462595641613007,0.23699405789375305
transformer,1,7,train_073,2,0.08592325448989868,0.17020374536514282,0.2736118733882904,0.3181639611721039,0.15209709107875824
transformer,1,7,train_074,3,0.41057997941970825,0.09991716593503952,0.43920794129371643,0.047178205102682114,0.0031167087145149708
transformer,1,7,train_075,2,0.1863851100206375,0.24387899041175842,0.2145705372095108,0.1828775852918625,0.17228776216506958
transformer,1,7,train_076,2,0.21291190385818481,0.36140677332878113,0.09651567786931992,0.1692698746919632,0.15989573299884796
transformer,1,7,train_077,3,0.10398034006357193,0.19795264303684235,0.2932727038860321,0.2921121120452881,0.11268216371536255
transformer,1,7,train_078,3,0.20574529469013214,0.24631913006305695,0.21109934151172638,0.17582613229751587,0.16101010143756866
transformer,1,7,train_079,2,0.2545413672924042,0.25386539101600647,0.18031719326972961,0.14054305851459503,0.17073306441307068
transformer,1,7,train_080,1,0.07225309312343597,0.4238903224468231,0.15808890759944916,0.13257965445518494,0.21318800747394562
transformer,1,7,train_081,3,0.4534951448440552,0.19836688041687012,0.23286636173725128,0.07616554945707321,0.039106111973524094
transformer,1,7,train_082,3,0.020400134846568108,0.5334497094154358,0.052578315138816833,0.2826535701751709,0.11091829836368561
transformer,1,7,train_083,1,0.41403570771217346,0.2744310796260834,0.1002974659204483,0.07542140781879425,0.13581427931785583
transformer,1,7,train_084,5,0.14890217781066895,0.1805422008037567,0.23480384051799774,0.25677403807640076,0.17897778749465942
transformer,1,7,train_085,3,0.09053263068199158,0.4032655656337738,0.04063921794295311,0.11392243206501007,0.35164013504981995
transformer,1,7,train_086,2,0.06425741314888,0.8871777653694153,0.0318324938416481,0.011758262291550636,0.004974115174263716
transformer,1,7,train_087,3,0.11483855545520782,0.12199651449918747,0.20572541654109955,0.4282069206237793,0.1292324960231781
transformer,1,7,train_088,2,0.27404677867889404,0.26884180307388306,0.14862094819545746,0.126546248793602,0.18194420635700226
transformer,1,7,train_089,2,0.3026842176914215,0.24010023474693298,0.13313981890678406,0.12409946322441101,0.19997626543045044
transformer,1,7,train_090,4,0.09357468783855438,0.1986585408449173,0.06820400804281235,0.15257394313812256,0.4869888424873352
transformer,1,7,train_091,2,0.18295636773109436,0.23868513107299805,0.21657931804656982,0.18974657356739044,0.17203256487846375
transformer,1,7,train_092,2,0.09924372285604477,0.19910210371017456,0.28560948371887207,0.3009660542011261,0.11507868021726608
transformer,1,7,train_093,3,0.17605708539485931,0.2077927589416504,0.20002228021621704,0.21631313860416412,0.1998148113489151
transformer,1,7,train_094,3,0.5675241947174072,0.21965894103050232,0.12808796763420105,0.04800637811422348,0.036722540855407715
transformer,1,7,train_095,3,0.1269538402557373,0.09723622351884842,0.5008190274238586,0.2619718909263611,0.01301902998238802
transformer,1,7,train_096,2,0.17811687290668488,0.23874545097351074,0.21559616923332214,0.19187207520008087,0.17566938698291779
transformer,1,7,train_097,3,0.3277686536312103,0.26339808106422424,0.1345861405134201,0.10580681264400482,0.16844025254249573
transformer,1,7,train_098,1,0.08480274677276611,0.1576736867427826,0.27150291204452515,0.30913078784942627,0.17688991129398346
transformer,1,7,train_099,3,0.09599152952432632,0.1698378026485443,0.3043784499168396,0.3047270178794861,0.1250651627779007
transformer,1,7,train_100,5,0.04598255082964897,0.07378430664539337,0.08979698270559311,0.14329193532466888,0.6471442580223083
transformer,1,7,train_101,2,0.09153662621974945,0.1577683985233307,0.29918715357780457,0.29924628138542175,0.15226155519485474
transformer,1,7,train_102,2,0.05467313900589943,0.2595197260379791,0.09408143907785416,0.34171098470687866,0.2500147521495819
transformer,1,7,train_103,3,0.06127922981977463,0.22669558227062225,0.11732375621795654,0.3938392698764801,0.20086213946342468
transformer,1,7,train_104,1,0.17466862499713898,0.23224300146102905,0.22189635038375854,0.19284981489181519,0.17834210395812988
transformer,1,7,train_105,4,0.18762090802192688,0.23610152304172516,0.2181694209575653,0.18186408281326294,0.17624397575855255
transformer,1,7,train_106,1,0.2799948751926422,0.23452697694301605,0.16960301995277405,0.13377609848976135,0.18209895491600037
transformer,1,7,train_107,3,0.39787620306015015,0.028798740357160568,0.5263531804084778,0.04231799393892288,0.0046538603492081165
transformer,1,7,train_108,1,0.4241923391819,0.08540844172239304,0.42426714301109314,0.06320503354072571,0.002927085617557168
transformer,1,7,train_109,3,0.3074253797531128,0.19838987290859222,0.29880616068840027,0.1354885995388031,0.059890031814575195
transformer,1,7,train_110,1,0.01453926507383585,0.8612020015716553,0.02315540239214897,0.08606112003326416,0.015042219310998917
transformer,1,7,train_111,3,0.3403225541114807,0.17823445796966553,0.4206693470478058,0.057428114116191864,0.0033454906661063433
transformer,1,7,train_112,1,0.5607665181159973,0.21280929446220398,0.13359437882900238,0.05067351087927818,0.04215634986758232
transformer,1,7,train_113,3,0.19335860013961792,0.20802561938762665,0.19424693286418915,0.20059753954410553,0.20377136766910553
transformer,1,7,train_114,3,0.09090176969766617,0.17924635112285614,0.2993036210536957,0.3161086440086365,0.11443965137004852
transformer,1,7,train_115,3,0.10445715487003326,0.18588094413280487,0.3093874156475067,0.290744423866272,0.10952998697757721
transformer,1,7,train_116,4,0.14143018424510956,0.16827461123466492,0.25033435225486755,0.2743307948112488,0.16563007235527039
transformer,1,7,train_117,1,0.7542965412139893,0.1272149384021759,0.102646604180336,0.01130464393645525,0.004537350498139858
transformer,1,7,train_118,2,0.07108934968709946,0.25380244851112366,0.29137372970581055,0.37359580397605896,0.010138644836843014
transformer,1,7,train_119,2,0.04009098559617996,0.32011428475379944,0.2181929647922516,0.40485304594039917,0.016748687252402306
transformer,1,7,train_120,5,0.09517233073711395,0.20348882675170898,0.258853018283844,0.30388203263282776,0.13860371708869934
transformer,1,123,train_001,2,0.49642419815063477,0.3803596794605255,0.04449561610817909,0.0520327091217041,0.026687828823924065
transformer,1,123,train_002,5,0.15233813226222992,0.1898830235004425,0.2329961061477661,0.2327570915222168,0.19202564656734467
transformer,1,123,train_003,2,0.15670201182365417,0.14785191416740417,0.25445064902305603,0.24077200889587402,0.2002233862876892
transformer,1,123,train_004,4,0.1384974867105484,0.14183969795703888,0.25280675292015076,0.25903457403182983,0.20782148838043213
transformer,1,123,train_005,5,0.1001225933432579,0.24703814089298248,0.20171323418617249,0.24966047704219818,0.20146544277668
transformer,1,123,train_006,2,0.0628000795841217,0.2482364922761917,0.14135172963142395,0.336887925863266,0.21072375774383545
transformer,1,123,train_007,2,0.1384175717830658,0.18432973325252533,0.22809813916683197,0.2553856372833252,0.1937689632177353
transformer,1,123,train_008,5,0.0602087527513504,0.20197051763534546,0.29088059067726135,0.24102652072906494,0.20591363310813904
transformer,1,123,train_009,3,0.17275816202163696,0.16554191708564758,0.24052360653877258,0.19533033668994904,0.22584593296051025
transformer,1,123,train_010,2,0.14708195626735687,0.14642569422721863,0.25312328338623047,0.24304555356502533,0.2103235274553299
transformer,1,123,train_011,3,0.041537094861269,0.18057164549827576,0.28668779134750366,0.3047495186328888,0.1864539384841919
transformer,1,123,train_012,5,0.1618998795747757,0.16557709872722626,0.24439232051372528,0.21525037288665771,0.21288028359413147
transformer,1,123,train_013,2,0.167007178068161,0.16622743010520935,0.239225834608078,0.19680513441562653,0.23073440790176392
transformer,1,123,train_014,5,0.13011512160301208,0.17302469909191132,0.22916579246520996,0.2667396068572998,0.20095482468605042
transformer,1,123,train_015,3,0.1532190591096878,0.16019394993782043,0.25235387682914734,0.2260856032371521,0.20814748108386993
transformer,1,123,train_016,4,0.13623084127902985,0.1361839920282364,0.26002365350723267,0.25431570410728455,0.21324579417705536
transformer,1,123,train_017,2,0.25125184655189514,0.27506014704704285,0.1970350593328476,0.13622421026229858,0.14042878150939941
transformer,1,123,train_018,5,0.05118617042899132,0.21041935682296753,0.1768956482410431,0.282497376203537,0.2790014445781708
transformer,1,123,train_019,3,0.11394012719392776,0.4148666262626648,0.239017516374588,0.07732409238815308,0.15485168993473053
transformer,1,123,train_020,2,0.11438850313425064,0.18554621934890747,0.21436649560928345,0.35782405734062195,0.12787476181983948
transformer,1,123,train_021,5,0.03652815520763397,0.15480013191699982,0.2663167715072632,0.3575451374053955,0.1848098337650299
transformer,1,123,train_022,4,0.25878921151161194,0.2330462485551834,0.048952579498291016,0.09282884746789932,0.3663831651210785
transformer,1,123,train_023,3,0.13418208062648773,0.13557541370391846,0.25543978810310364,0.26017042994499207,0.21463221311569214
transformer,1,123,train_024,5,0.22939185798168182,0.248157799243927,0.18971852958202362,0.17388921976089478,0.15884262323379517
transformer,1,123,train_025,5,0.19817735254764557,0.27567875385284424,0.27298006415367126,0.050828248262405396,0.20233556628227234
transformer,1,123,train_026,3,0.04328358173370361,0.1682710200548172,0.27476856112480164,0.3138883113861084,0.19978854060173035
transformer,1,123,train_027,2,0.23808756470680237,0.2951577305793762,0.16310307383537292,0.164826899766922,0.1388247162103653
transformer,1,123,train_028,4,0.034691959619522095,0.1727885901927948,0.2771022915840149,0.33091598749160767,0.18450112640857697
transformer,1,123,train_029,2,0.4578966498374939,0.39826273918151855,0.050883177667856216,0.058638203889131546,0.03431921452283859
transformer,1,123,train_030,5,0.2062121480703354,0.21628662943840027,0.22515782713890076,0.14935296773910522,0.20299047231674194
transformer,1,123,train_031,4,0.16298186779022217,0.1559028923511505,0.2378617525100708,0.2041945457458496,0.23905891180038452
transformer,1,123,train_032,3,0.0330084003508091,0.17087726294994354,0.235930934548378,0.3448805510997772,0.21530289947986603
transformer,1,123,train_033,1,0.2152753472328186,0.26526156067848206,0.1753036379814148,0.1897323876619339,0.15442708134651184
transformer,1,123,train_034,2,0.1345769613981247,0.17978455126285553,0.23509998619556427,0.254714697599411,0.19582383334636688
transformer,1,123,train_035,2,0.8553926348686218,0.08046990633010864,0.037725452333688736,0.009584014303982258,0.016828032210469246
transformer,1,123,train_036,2,0.045320745557546616,0.1818256825208664,0.28780949115753174,0.28927189111709595,0.19577215611934662
transformer,1,123,train_037,2,0.2287542074918747,0.3130740821361542,0.18836036324501038,0.12105449289083481,0.14875687658786774
transformer,1,123,train_038,3,0.1862076222896576,0.1767118275165558,0.2318211793899536,0.1810058057308197,0.2242535650730133
transformer,1,123,train_039,3,0.20111069083213806,0.2451719343662262,0.3358314633369446,0.13550251722335815,0.08238343149423599
transformer,1,123,train_040,2,0.1946876347064972,0.25689390301704407,0.19014596939086914,0.18477365374565125,0.17349885404109955
transformer,1,123,train_041,3,0.03838105872273445,0.16993442177772522,0.2766183614730835,0.3233467638492584,0.1917193979024887
transformer,1,123,train_042,2,0.4537915885448456,0.12925896048545837,0.31353262066841125,0.04823847487568855,0.05517838895320892
transformer,1,123,train_043,4,0.16097840666770935,0.16062434017658234,0.23891057074069977,0.20238831639289856,0.2370983362197876
transformer,1,123,train_044,3,0.04463517665863037,0.18002822995185852,0.27492478489875793,0.2921614646911621,0.20825031399726868
transformer,1,123,train_045,3,0.1619931161403656,0.1596585214138031,0.23895500600337982,0.20221547782421112,0.23717787861824036
transformer,1,123,train_046,4,0.1692417860031128,0.3290111720561981,0.32055899500846863,0.09374338388442993,0.08744465559720993
transformer,1,123,train_047,2,0.18459348380565643,0.18230701982975006,0.2373996526002884,0.17953389883041382,0.21616598963737488
transformer,1,123,train_048,4,0.13188476860523224,0.17335647344589233,0.23269475996494293,0.2679595947265625,0.1941044181585312
transformer,1,123,train_049,2,0.14288806915283203,0.14424146711826324,0.2549087107181549,0.24848414957523346,0.20947760343551636
transformer,1,123,train_050,4,0.13632403314113617,0.17749443650245667,0.2343132346868515,0.2572729289531708,0.19459541141986847
transformer,1,123,train_051,3,0.18591147661209106,0.18035723268985748,0.2375732809305191,0.17892655730247498,0.2172314077615738
transformer,1,123,train_052,3,0.1894966959953308,0.16810519993305206,0.29189297556877136,0.2691059708595276,0.08139922469854355
transformer,1,123,train_053,3,0.22686439752578735,0.22471681237220764,0.46348318457603455,0.05291929095983505,0.032016292214393616
transformer,1,123,train_054,2,0.17186222970485687,0.17007911205291748,0.23882704973220825,0.18837100267410278,0.23086059093475342
transformer,1,123,train_055,3,0.1632358282804489,0.15236864984035492,0.23746465146541595,0.21126914024353027,0.23566175997257233
transformer,1,123,train_056,1,0.147399440407753,0.14152896404266357,0.256844699382782,0.24914470314979553,0.20508216321468353
transformer,1,123,train_057,1,0.03309633210301399,0.17027269303798676,0.255551278591156,0.34462326765060425,0.19645646214485168
transformer,1,123,train_058,1,0.039910946041345596,0.17531166970729828,0.26452481746673584,0.31402337551116943,0.20622918009757996
transformer,1,123,train_059,2,0.22451932728290558,0.22437582910060883,0.21415618062019348,0.14452341198921204,0.1924251914024353
transformer,1,123,train_060,3,0.051915355026721954,0.1813664734363556,0.26353704929351807,0.281305730342865,0.2218754142522812
transformer,1,123,train_061,2,0.18697050213813782,0.19494758546352386,0.23315513134002686,0.16865338385105133,0.21627332270145416
transformer,1,123,train_062,3,0.0912378579378128,0.23621441423892975,0.2921466529369354,0.1849137395620346,0.1954873502254486
transformer,1,123,train_063,2,0.5955590009689331,0.10134328901767731,0.06565781682729721,0.06501874327659607,0.17242112755775452
transformer,1,123,train_064,2,0.04429737478494644,0.18723909556865692,0.26762494444847107,0.29382097721099854,0.20701763033866882
transformer,1,123,train_065,3,0.14578327536582947,0.18721164762973785,0.22804668545722961,0.25092223286628723,0.18803609907627106
transformer,1,123,train_066,2,0.14009064435958862,0.14166361093521118,0.25367164611816406,0.2602345943450928,0.20433948934078217
transformer,1,123,train_067,3,0.15137773752212524,0.1386752426624298,0.252512127161026,0.25801143050193787,0.19942344725131989
transformer,1,123,train_068,3,0.20345745980739594,0.2593201696872711,0.4392727315425873,0.057325683534145355,0.04062395542860031
transformer,1,123,train_069,2,0.05342509225010872,0.15740768611431122,0.2490897923707962,0.3113999664783478,0.22867749631404877
transformer,1,123,train_070,2,0.15602390468120575,0.14874376356601715,0.2535886764526367,0.24294106662273407,0.1987026035785675
transformer,1,123,train_071,4,0.13382622599601746,0.1781158298254013,0.22683344781398773,0.2630418539047241,0.19818264245986938
transformer,1,123,train_072,4,0.23965631425380707,0.25639596581459045,0.20377251505851746,0.12493021041154861,0.1752450168132782
transformer,1,123,train_073,2,0.13364586234092712,0.17549800872802734,0.2296592891216278,0.26507875323295593,0.19611813127994537
transformer,1,123,train_074,3,0.19506677985191345,0.19591760635375977,0.23871733248233795,0.1666715145111084,0.203626811504364
transformer,1,123,train_075,2,0.04419755935668945,0.2102312296628952,0.21674178540706635,0.2758493423461914,0.25298011302948
transformer,1,123,train_076,2,0.2353162169456482,0.29281342029571533,0.16585294902324677,0.15828277170658112,0.14773470163345337
transformer,1,123,train_077,3,0.13800200819969177,0.180003821849823,0.23193924129009247,0.25579482316970825,0.1942601352930069
transformer,1,123,train_078,3,0.4716498553752899,0.37327340245246887,0.054232604801654816,0.05714675784111023,0.04369734227657318
transformer,1,123,train_079,2,0.2045084834098816,0.25500819087028503,0.4644102454185486,0.0327804833650589,0.04329260066151619
transformer,1,123,train_080,1,0.23255285620689392,0.2608410120010376,0.20392519235610962,0.12674464285373688,0.17593631148338318
transformer,1,123,train_081,3,0.16003753244876862,0.20118245482444763,0.2250332087278366,0.23147311806678772,0.18227367103099823
transformer,1,123,train_082,3,0.24146361649036407,0.2920580804347992,0.18881778419017792,0.11776163429021835,0.15989886224269867
transformer,1,123,train_083,1,0.8445104956626892,0.09623159468173981,0.040845997631549835,0.00673987902700901,0.01167211215943098
transformer,1,123,train_084,5,0.1155485063791275,0.20275312662124634,0.21564525365829468,0.3370649814605713,0.128988116979599
transformer,1,123,train_085,3,0.15360645949840546,0.1569761484861374,0.2443082630634308,0.2467537820339203,0.19835542142391205
transformer,1,123,train_086,2,0.29389169812202454,0.3913136422634125,0.1286294013261795,0.08993298560380936,0.09623224288225174
transformer,1,123,train_087,3,0.14132612943649292,0.13544756174087524,0.2478306144475937,0.27309319376945496,0.20230257511138916
transformer,1,123,train_088,2,0.18644845485687256,0.3113924264907837,0.28890103101730347,0.061876002699136734,0.15138207376003265
transformer,1,123,train_089,2,0.6797115206718445,0.13426049053668976,0.06113344430923462,0.03207726404070854,0.0928172692656517
transformer,1,123,train_090,4,0.22974491119384766,0.24684886634349823,0.1977996826171875,0.15353216230869293,0.1720743477344513
transformer,1,123,train_091,2,0.056854214519262314,0.2002018243074417,0.27217763662338257,0.2519771456718445,0.21878919005393982
transformer,1,123,train_092,2,0.13669650256633759,0.18021802604198456,0.2321433275938034,0.2570907473564148,0.19385138154029846
transformer,1,123,train_093,3,0.050143614411354065,0.22784185409545898,0.05396491661667824,0.1313103437423706,0.5367392301559448
transformer,1,123,train_094,3,0.18961632251739502,0.24254918098449707,0.18901515007019043,0.2016652375459671,0.17715412378311157
transformer,1,123,train_095,3,0.13835549354553223,0.13957864046096802,0.25288376212120056,0.2587323486804962,0.21044974029064178
transformer,1,123,train_096,2,0.03135967254638672,0.1642117202281952,0.2365727722644806,0.3608773946762085,0.2069784551858902
transformer,1,123,train_097,3,0.7995170950889587,0.08339883387088776,0.06068133935332298,0.017375817522406578,0.03902687877416611
transformer,1,123,train_098,1,0.1341465264558792,0.18173101544380188,0.22689996659755707,0.25707852840423584,0.20014402270317078
transformer,1,123,train_099,3,0.1329752802848816,0.17464210093021393,0.22982197999954224,0.2675594985485077,0.19500112533569336
transformer,1,123,train_100,5,0.1965044140815735,0.2168203592300415,0.2256687581539154,0.15098503232002258,0.21002139151096344
transformer,1,123,train_101,2,0.1357293576002121,0.1812400072813034,0.2298891693353653,0.2579103112220764,0.19523118436336517
transformer,1,123,train_102,2,0.13468009233474731,0.13591191172599792,0.2553950846195221,0.2605687975883484,0.21344417333602905
transformer,1,123,train_103,3,0.13908469676971436,0.13803631067276,0.2503615915775299,0.2644122838973999,0.20810507237911224
transformer,1,123,train_104,1,0.0442696139216423,0.17267894744873047,0.3064980208873749,0.30622249841690063,0.1703309416770935
transformer,1,123,train_105,4,0.05763689801096916,0.19430293142795563,0.27438661456108093,0.26094958186149597,0.212723970413208
transformer,1,123,train_106,1,0.7029150724411011,0.13212209939956665,0.11090922355651855,0.018606344237923622,0.035447269678115845
transformer,1,123,train_107,3,0.16325508058071136,0.15714029967784882,0.2544662058353424,0.22717835009098053,0.19796006381511688
transformer,1,123,train_108,1,0.17285476624965668,0.15996037423610687,0.24094383418560028,0.1922251582145691,0.2340158224105835
transformer,1,123,train_109,3,0.1475195288658142,0.19154208898544312,0.2234339863061905,0.24868327379226685,0.18882116675376892
transformer,1,123,train_110,1,0.2752041220664978,0.33808374404907227,0.15418948233127594,0.10233185440301895,0.1301908642053604
transformer,1,123,train_111,3,0.19754301011562347,0.2005208283662796,0.23552322387695312,0.16267096996307373,0.20374195277690887
transformer,1,123,train_112,1,0.2030242681503296,0.25309908390045166,0.18445967137813568,0.20090174674987793,0.15851517021656036
transformer,1,123,train_113,3,0.058668144047260284,0.15501806139945984,0.0903192013502121,0.34067264199256897,0.35532188415527344
transformer,1,123,train_114,3,0.13085897266864777,0.1721082478761673,0.23322050273418427,0.2681758403778076,0.19563642144203186
transformer,1,123,train_115,3,0.13541221618652344,0.17808835208415985,0.2332732081413269,0.2603358030319214,0.19289039075374603
transformer,1,123,train_116,4,0.16827361285686493,0.17127394676208496,0.2700524628162384,0.2947569489479065,0.09564299136400223
transformer,1,123,train_117,1,0.29936012625694275,0.4495200216770172,0.11006027460098267,0.07338261604309082,0.06767697632312775
transformer,1,123,train_118,2,0.16685400903224945,0.16686584055423737,0.2383577972650528,0.19311438500881195,0.2348080426454544
transformer,1,123,train_119,2,0.1687125265598297,0.16833356022834778,0.23951444029808044,0.19119498133659363,0.23224440217018127
transformer,1,123,train_120,5,0.14035558700561523,0.1837482750415802,0.23089154064655304,0.2510031461715698,0.1940014660358429
transformer,1,ensemble,train_001,2,0.41817078987757367,0.2778991957505544,0.1308284861346086,0.09081129357218742,0.0822902216265599
transformer,1,ensemble,train_002,5,0.12618309756120047,0.20570381979147592,0.20542692144711813,0.25256597499052685,0.21012020607789358
transformer,1,ensemble,train_003,2,0.2737230857213338,0.09277690822879474,0.4442687928676605,0.11805749932924907,0.07117374117175738
transformer,1,ensemble,train_004,4,0.19518880546092987,0.09485391775767009,0.4580717384815216,0.17587069670359293,0.07601484454547365
transformer,1,ensemble,train_005,5,0.10916350036859512,0.16596062729756036,0.18205976486206055,0.33643511434396106,0.20638093849023184
transformer,1,ensemble,train_006,2,0.07326185160006086,0.19264653821786246,0.1314045935869217,0.2560327351093292,0.3466542859872182
transformer,1,ensemble,train_007,2,0.14422098795572916,0.18163810670375824,0.268852303425471,0.24056940277417502,0.164719228943189
transformer,1,ensemble,train_008,5,0.1276003917058309,0.21733065942923227,0.2547019124031067,0.2093820422887802,0.1909849892059962
transformer,1,ensemble,train_009,3,0.1834126611550649,0.1468678911526998,0.33162781596183777,0.19629870355129242,0.1417929142868767
transformer,1,ensemble,train_010,2,0.07158405364801486,0.24496478835741678,0.17718626310427985,0.2471209615468979,0.25914397835731506
transformer,1,ensemble,train_011,3,0.1098409928381443,0.20583165188630423,0.2539108693599701,0.23888749877611795,0.19152898589769998
transformer,1,ensemble,train_012,5,0.4087577909231186,0.09662537028392156,0.3136227875947952,0.10554261257251103,0.0754514370734493
transformer,1,ensemble,train_013,2,0.12940393139918646,0.19668962061405182,0.23677419622739157,0.28520533442497253,0.15192688970516124
transformer,1,ensemble,train_014,5,0.10945191482702891,0.1659789284070333,0.23510902126630148,0.2947876552740733,0.1946725050608317
transformer,1,ensemble,train_015,3,0.08491309080272913,0.3358427236477534,0.17651278028885523,0.2129858285188675,0.18974557518959045
transformer,1,ensemble,train_016,4,0.21754011511802673,0.08772070333361626,0.45457251866658527,0.16178656617800394,0.07838006022696693
transformer,1,ensemble,train_017,2,0.5010720193386078,0.15910938940942287,0.2375169893105825,0.053477232344448566,0.04882438426526884
transformer,1,ensemble,train_018,5,0.13303237035870552,0.22360947728157043,0.19936164220174155,0.21952683726946512,0.22446968654791513
transformer,1,ensemble,train_019,3,0.10618168612321217,0.36214838922023773,0.2531993438800176,0.14074055602153143,0.13773003468910852
transformer,1,ensemble,train_020,2,0.10300262148181598,0.1474834904074669,0.17817564556996027,0.37606480717658997,0.19527346392472586
transformer,1,ensemble,train_021,5,0.10489526639382045,0.19115930795669556,0.2430912951628367,0.263700599471728,0.19715352356433868
transformer,1,ensemble,train_022,4,0.177603334809343,0.21263603369394937,0.07395638152956963,0.10778746753931046,0.4280167867739995
transformer,1,ensemble,train_023,3,0.06709421798586845,0.18476987381776175,0.1210200438896815,0.20496805012226105,0.42214779059092206
transformer,1,ensemble,train_024,5,0.17266741146643957,0.4728598395983378,0.11161653945843379,0.11699127654234569,0.12586493541797003
transformer,1,ensemble,train_025,5,0.14678251991669336,0.19374972333510718,0.2253292053937912,0.20037372410297394,0.23376478751500449
transformer,1,ensemble,train_026,3,0.11153749873240788,0.19959817826747894,0.2475946843624115,0.24421738584836325,0.19705229500929514
transformer,1,ensemble,train_027,2,0.2510439505179723,0.31675077478090924,0.149313951532046,0.14870835095643997,0.13418297717968622
transformer,1,ensemble,train_028,4,0.10090490182240804,0.2048441767692566,0.25019607444604236,0.2516805628935496,0.19237426420052847
transformer,1,ensemble,train_029,2,0.3648288498322169,0.30147095521291095,0.13721844678123793,0.10348968083659808,0.09299205740292867
transformer,1,ensemble,train_030,5,0.1629258692264557,0.16914073502024016,0.1763220156232516,0.1336969385544459,0.3579144577185313
transformer,1,ensemble,train_031,4,0.13063741599520048,0.14771588643391928,0.2497150848309199,0.31108637650807697,0.1608452295574049
transformer,1,ensemble,train_032,3,0.10518189892172813,0.20397621393203735,0.22984308004379272,0.254826620221138,0.20617214838663736
transformer,1,ensemble,train_033,1,0.3259456654389699,0.28141839305559796,0.16355828940868378,0.12480786939462025,0.10426978021860123
transformer,1,ensemble,train_034,2,0.11254805078109105,0.18856539825598398,0.22925002872943878,0.2754093408584595,0.1942272037267685
transformer,1,ensemble,train_035,2,0.7193995416164398,0.1268188456694285,0.059804542611042656,0.03414464431504408,0.05983246195440491
transformer,1,ensemble,train_036,2,0.11151109760006268,0.20842244724432626,0.25531135002772015,0.23294136424859366,0.19181371728579202
transformer,1,ensemble,train_037,2,0.1161000703771909,0.46532168984413147,0.11661522835493088,0.09203740457693736,0.20992564161618552
transformer,1,ensemble,train_038,3,0.15747986485560736,0.13249419877926508,0.17499530563751856,0.14712240919470787,0.3879082550605138
transformer,1,ensemble,train_039,3,0.2338272382815679,0.18710978577534357,0.2746625989675522,0.19145113229751587,0.11294928689797719
transformer,1,ensemble,train_040,2,0.16456724206606546,0.2630642006794612,0.16883689413468042,0.18374129633108774,0.219790389140447
transformer,1,ensemble,train_041,3,0.10777819280823071,0.2021613617738088,0.24935747186342874,0.24668296674887338,0.1940199981133143
transformer,1,ensemble,train_042,2,0.4213474988937378,0.1267056136081616,0.22032601634661356,0.14445969089865685,0.08716117404401302
transformer,1,ensemble,train_043,4,0.11863243207335472,0.16548881431420645,0.22308985392252603,0.33455295364061993,0.15823592990636826
transformer,1,ensemble,train_044,3,0.1141849085688591,0.20959841211636862,0.24696059028307596,0.23245268563429514,0.1968034009138743
transformer,1,ensemble,train_045,3,0.11809080032010873,0.15153867999712625,0.21502754588921866,0.3580375760793686,0.15730539057403803
transformer,1,ensemble,train_046,4,0.16265920797983804,0.2462107539176941,0.325868825117747,0.1703739364941915,0.09488724917173386
transformer,1,ensemble,train_047,2,0.23515172799428305,0.17568130294481912,0.30825426677862805,0.1478384385506312,0.13307429283546904
transformer,1,ensemble,train_048,4,0.11605879416068395,0.17410474518934885,0.24849298099676767,0.28072283665339154,0.18062065541744232
transformer,1,ensemble,train_049,2,0.13955508669217428,0.1515661676724752,0.39036478598912555,0.23205451170603433,0.08645946905016899
transformer,1,ensemble,train_050,4,0.11721628159284592,0.18977010250091553,0.2427058865626653,0.2722828934590022,0.1780248483022054
transformer,1,ensemble,train_051,3,0.3061833480993907,0.1569483901063601,0.27468093236287433,0.12866789350907007,0.1335194066632539
transformer,1,ensemble,train_052,3,0.1641816943883896,0.12568428367376328,0.23585074643294016,0.3707689046859741,0.10351439068714778
transformer,1,ensemble,train_053,3,0.19663396974404654,0.20709389448165894,0.4239989717801412,0.10567979514598846,0.06659334463377793
transformer,1,ensemble,train_054,2,0.14862539619207382,0.19464217126369476,0.26488905648390454,0.24076196054617563,0.1510814296392103
transformer,1,ensemble,train_055,3,0.1394824037949244,0.1299135535955429,0.2826608270406723,0.2933174620072047,0.15462574874982238
transformer,1,ensemble,train_056,1,0.2627294808626175,0.09799597350259621,0.4549866318702698,0.11200306937098503,0.0722848119524618
transformer,1,ensemble,train_057,1,0.10166699563463528,0.20240392287572226,0.23971289892991385,0.25747929016749066,0.198736901084582
transformer,1,ensemble,train_058,1,0.11089721942941348,0.2047565778096517,0.24374995628992716,0.24212865034739176,0.19846759736537933
transformer,1,ensemble,train_059,2,0.19671443849802017,0.19506502151489258,0.172482763727506,0.14145556588967642,0.2942821929852168
transformer,1,ensemble,train_060,3,0.12785083303848901,0.2060529887676239,0.24112775921821594,0.2243208885192871,0.20064752300580344
transformer,1,ensemble,train_061,2,0.1614798828959465,0.17419777313868204,0.20590961476167044,0.13965070992708206,0.31876199940840405
transformer,1,ensemble,train_062,3,0.14081083734830221,0.2365349680185318,0.25303882360458374,0.18564767638842264,0.1839676946401596
transformer,1,ensemble,train_063,2,0.49080153306325275,0.1344039427737395,0.07509154702226321,0.13051003714402518,0.16919292012850443
transformer,1,ensemble,train_064,2,0.1120899220307668,0.21365112562974295,0.24557538827260336,0.23258961737155914,0.1960939516623815
transformer,1,ensemble,train_065,3,0.1569130222002665,0.20448395609855652,0.2587415973345439,0.226536696155866,0.15332472572724024
transformer,1,ensemble,train_066,2,0.10323951890071233,0.16134324173132578,0.3116816778977712,0.33203527828057605,0.09170030305782954
transformer,1,ensemble,train_067,3,0.2696160177389781,0.08477211184799671,0.4434136052926381,0.13078326359391212,0.07141502108424902
transformer,1,ensemble,train_068,3,0.16154614090919495,0.24529334902763367,0.4050666590531667,0.11646171907583873,0.07163210771977901
transformer,1,ensemble,train_069,2,0.13836871708432832,0.1905979017416636,0.23217455546061197,0.23571322858333588,0.20314556856950125
transformer,1,ensemble,train_070,2,0.29320382575194043,0.0860392985244592,0.4333357512950897,0.11736621707677841,0.07005487894639373
transformer,1,ensemble,train_071,4,0.11974423875411351,0.16264251371224722,0.23943610986073813,0.27062058448791504,0.20755655070145926
transformer,1,ensemble,train_072,4,0.21067016075054804,0.2852686643600464,0.18304679294427237,0.13347792873779932,0.18753646314144135
transformer,1,ensemble,train_073,2,0.11749180654684703,0.17120339473088583,0.2402319759130478,0.2797144154707591,0.1913583924372991
transformer,1,ensemble,train_074,3,0.26968460778395337,0.18349552899599075,0.3070664554834366,0.12084342415134113,0.11890999367460608
transformer,1,ensemble,train_075,2,0.12112828592459361,0.22785072525342306,0.22313097616036734,0.2197245458761851,0.20816547175248465
transformer,1,ensemble,train_076,2,0.24288646380106607,0.34511207540829975,0.14647622654835382,0.13560484846433005,0.12992039571205774
transformer,1,ensemble,train_077,3,0.12410511324803035,0.19178059697151184,0.25352444251378375,0.26038505633672077,0.17020479838053384
transformer,1,ensemble,train_078,3,0.34999177356561023,0.30513716240723926,0.143133707344532,0.10583414385716121,0.09590321034193039
transformer,1,ensemble,train_079,2,0.20900015532970428,0.26767606536547345,0.273430864016215,0.08498197048902512,0.16491098826130232
transformer,1,ensemble,train_080,1,0.18263761699199677,0.3160274426142375,0.18545538683732352,0.13479783634344736,0.18108172218004862
transformer,1,ensemble,train_081,3,0.2611870964368184,0.21703752875328064,0.24216089646021524,0.15818545470635095,0.1214290199180444
transformer,1,ensemble,train_082,3,0.17119378286103407,0.3714899520079295,0.14335610965887705,0.17741016298532486,0.13654997944831848
transformer,1,ensemble,train_083,1,0.7017102142175039,0.14359886944293976,0.06851573785146077,0.0339112983395656,0.05226385003576676
transformer,1,ensemble,train_084,5,0.10024671008189519,0.17158321539560953,0.18335076669851938,0.3462676703929901,0.19855164488156637
transformer,1,ensemble,train_085,3,0.08419494330883026,0.26505596935749054,0.11208085343241692,0.13787667204936346,0.40079159041245777
transformer,1,ensemble,train_086,2,0.24162954092025757,0.5415978332360586,0.10694988816976547,0.05582507513463497,0.05399766797199845
transformer,1,ensemble,train_087,3,0.12857049206892648,0.13547745098670325,0.25444677472114563,0.3495185871918996,0.13198669254779816
transformer,1,ensemble,train_088,2,0.16356203829248747,0.29002190629641217,0.16821023325125375,0.08622550095121066,0.2919803261756897
transformer,1,ensemble,train_089,2,0.4428245822588603,0.1650801201661428,0.08613592634598415,0.10904612516363461,0.19691323985656103
transformer,1,ensemble,train_090,4,0.11223132132242124,0.18128970513741174,0.10227152084310849,0.1409014637271563,0.4633059998353322
transformer,1,ensemble,train_091,2,0.12343335524201393,0.22223493456840515,0.24564713736375174,0.21316403150558472,0.19552054007848105
transformer,1,ensemble,train_092,2,0.12284115701913834,0.1915929764509201,0.2496967911720276,0.264316330353419,0.1715527350703875
transformer,1,ensemble,train_093,3,0.07640919640349846,0.197734996676445,0.09089515917003155,0.13997703045606613,0.49498361845811206
transformer,1,ensemble,train_094,3,0.32709044714768726,0.2466044823328654,0.17831245561440787,0.1301068440079689,0.1178857684135437
transformer,1,ensemble,train_095,3,0.09338928138216336,0.18310873955488205,0.2875475163261096,0.20694666355848312,0.22900780693938336
transformer,1,ensemble,train_096,2,0.1023106724023819,0.20115245381991068,0.2285750756661097,0.2625034898519516,0.20545830329259238
transformer,1,ensemble,train_097,3,0.6297901173432668,0.13878465195496878,0.10245549554626147,0.055232441052794456,0.07373728354771932
transformer,1,ensemble,train_098,1,0.11794166763623555,0.1734924614429474,0.24034135540326437,0.2695665905872981,0.19865794479846954
transformer,1,ensemble,train_099,3,0.120075228313605,0.1708491345246633,0.25168363253275555,0.2763268252213796,0.1810651570558548
transformer,1,ensemble,train_100,5,0.1438012607395649,0.17247014244397482,0.17005803436040878,0.15957354505856833,0.35409700870513916
transformer,1,ensemble,train_101,2,0.12231609721978505,0.17483075459798178,0.2528642366329829,0.2649129182100296,0.18507599830627441
transformer,1,ensemble,train_102,2,0.07914971932768822,0.20650137464205423,0.18611511836449304,0.3082730571428935,0.21996074418226877
transformer,1,ensemble,train_103,3,0.069745149773856,0.18415932854016623,0.1379487303396066,0.2424333244562149,0.3657134423653285
transformer,1,ensemble,train_104,1,0.10968619336684544,0.2028986265261968,0.26301561792691547,0.23972678681214651,0.18467273811499277
transformer,1,ensemble,train_105,4,0.12937312200665474,0.2128817836443583,0.2437084267536799,0.21602608263492584,0.19801053404808044
transformer,1,ensemble,train_106,1,0.5745677848656973,0.13579925522208214,0.12878693888584772,0.07997141592204571,0.08087458213170369
transformer,1,ensemble,train_107,3,0.30505838493506116,0.09161678825815518,0.42734814683596295,0.1061518167455991,0.06982485158368945
transformer,1,ensemble,train_108,1,0.26264966527620953,0.14353426545858383,0.29271507263183594,0.15206316113471985,0.14903784985654056
transformer,1,ensemble,train_109,3,0.20500850677490234,0.1995499481757482,0.2543768485387166,0.19712409873803458,0.1439406474431356
transformer,1,ensemble,train_110,1,0.2050995109602809,0.5046397546927134,0.11124095196525256,0.0960339034597079,0.08298590158422788
transformer,1,ensemble,train_111,3,0.24911785125732422,0.20941785474618277,0.29511559506257373,0.12479676057895024,0.12155192135833204
transformer,1,ensemble,train_112,1,0.34850353995958966,0.25368069609006244,0.17404242356618246,0.12190637116630872,0.10186696673432986
transformer,1,ensemble,train_113,3,0.08814521723737319,0.13539363692204157,0.09998948313295841,0.25078511734803516,0.4256865431865056
transformer,1,ensemble,train_114,3,0.11516363173723221,0.17455357809861502,0.25113901992638904,0.28113266825675964,0.1780111143986384
transformer,1,ensemble,train_115,3,0.12339773277441661,0.18427165846029916,0.2592785805463791,0.26370641589164734,0.1693455825249354
transformer,1,ensemble,train_116,4,0.17632893721262613,0.14098098874092102,0.2643058200677236,0.31723328431447345,0.10115094979604085
transformer,1,ensemble,train_117,1,0.5482745468616486,0.2921887735525767,0.10621656974156697,0.028886074433103204,0.024434051282393437
transformer,1,ensemble,train_118,2,0.1363639011979103,0.2004853735367457,0.24369734028975168,0.26103072861830395,0.1584226485962669
transformer,1,ensemble,train_119,2,0.1278645023703575,0.22661679983139038,0.22176300485928854,0.26775790750980377,0.15599775997300944
transformer,1,ensemble,train_120,5,0.12334223091602325,0.19678091009457907,0.24369636674722037,0.2601296404997508,0.17605083187421164
transformer,2,42,train_001,2,0.6136961579322815,0.2568141222000122,0.10099693387746811,0.013818555511534214,0.01467425562441349
transformer,2,42,train_002,5,0.1123373806476593,0.23191915452480316,0.203541100025177,0.21962569653987885,0.2325766682624817
transformer,2,42,train_003,2,0.24473750591278076,0.2957877218723297,0.2735516130924225,0.09263770282268524,0.09328541904687881
transformer,2,42,train_004,4,0.20353789627552032,0.20898133516311646,0.19768394529819489,0.20592617988586426,0.1838706135749817
transformer,2,42,train_005,5,0.15691973268985748,0.19662374258041382,0.22648493945598602,0.2366190254688263,0.18335263431072235
transformer,2,42,train_006,2,0.1411689966917038,0.20473763346672058,0.22986070811748505,0.23377498984336853,0.19045771658420563
transformer,2,42,train_007,2,0.15365803241729736,0.09944930672645569,0.27628448605537415,0.3874199688434601,0.08318815380334854
transformer,2,42,train_008,5,0.20317308604717255,0.20429161190986633,0.19166848063468933,0.20914015173912048,0.1917266845703125
transformer,2,42,train_009,3,0.17923232913017273,0.20986735820770264,0.31389328837394714,0.16284380853176117,0.13416318595409393
transformer,2,42,train_010,2,0.13305337727069855,0.2556683123111725,0.25486233830451965,0.17376695573329926,0.18264904618263245
transformer,2,42,train_011,3,0.10029375553131104,0.18624773621559143,0.2847738564014435,0.30722326040267944,0.12146136164665222
transformer,2,42,train_012,5,0.1959305852651596,0.3101275563240051,0.22197173535823822,0.12447723746299744,0.1474929004907608
transformer,2,42,train_013,2,0.06255926191806793,0.1705593317747116,0.20444083213806152,0.3670462965965271,0.19539430737495422
transformer,2,42,train_014,5,0.2040857970714569,0.2092156857252121,0.18951691687107086,0.21271421015262604,0.18446746468544006
transformer,2,42,train_015,3,0.18900495767593384,0.3321252465248108,0.26509904861450195,0.10041272640228271,0.11335805803537369
transformer,2,42,train_016,4,0.07588458061218262,0.2395733892917633,0.29925721883773804,0.20792976021766663,0.17735503613948822
transformer,2,42,train_017,2,0.5793364644050598,0.07466208189725876,0.26527494192123413,0.06658337265253067,0.014143161475658417
transformer,2,42,train_018,5,0.1967075914144516,0.20066481828689575,0.2202323079109192,0.2111908197402954,0.17120449244976044
transformer,2,42,train_019,3,0.20387616753578186,0.20691247284412384,0.19475843012332916,0.2080741971731186,0.18637873232364655
transformer,2,42,train_020,2,0.06853308528661728,0.12996631860733032,0.1895127147436142,0.4191737771034241,0.19281411170959473
transformer,2,42,train_021,5,0.08405119180679321,0.20922543108463287,0.25858768820762634,0.2562008798122406,0.19193485379219055
transformer,2,42,train_022,4,0.39134615659713745,0.39768511056900024,0.10725506395101547,0.04760288819670677,0.05611078441143036
transformer,2,42,train_023,3,0.14056074619293213,0.19962218403816223,0.22337406873703003,0.2414575219154358,0.1949855089187622
transformer,2,42,train_024,5,0.09706632047891617,0.26550954580307007,0.1981210708618164,0.25384801626205444,0.1854550689458847
transformer,2,42,train_025,5,0.11721375584602356,0.2701031267642975,0.3170437812805176,0.14817392826080322,0.14746545255184174
transformer,2,42,train_026,3,0.16491137444972992,0.18983295559883118,0.23266315460205078,0.23570773005485535,0.17688484489917755
transformer,2,42,train_027,2,0.3387915790081024,0.2098950445652008,0.20299038290977478,0.1393105685710907,0.10901239514350891
transformer,2,42,train_028,4,0.08280478417873383,0.2424784004688263,0.3075566291809082,0.20616979897022247,0.16099032759666443
transformer,2,42,train_029,2,0.20163144171237946,0.2046397626399994,0.17867852747440338,0.20546594262123108,0.20958437025547028
transformer,2,42,train_030,5,0.11186158657073975,0.27063751220703125,0.278251975774765,0.16927844285964966,0.16997045278549194
transformer,2,42,train_031,4,0.04186932370066643,0.12873831391334534,0.12918820977210999,0.3387783467769623,0.3614257574081421
transformer,2,42,train_032,3,0.08136008679866791,0.22973179817199707,0.25511905550956726,0.23457325994968414,0.19921579957008362
transformer,2,42,train_033,1,0.5820310115814209,0.3205961585044861,0.06328598409891129,0.017054380849003792,0.017032377421855927
transformer,2,42,train_034,2,0.07044539600610733,0.23477402329444885,0.24565109610557556,0.24797026813030243,0.20115920901298523
transformer,2,42,train_035,2,0.37527963519096375,0.19633999466896057,0.1995542049407959,0.12417075783014297,0.10465532541275024
transformer,2,42,train_036,2,0.22245997190475464,0.288613498210907,0.28275614976882935,0.10401604324579239,0.10215435922145844
transformer,2,42,train_037,2,0.17866352200508118,0.36058780550956726,0.21921145915985107,0.10049566626548767,0.14104153215885162
transformer,2,42,train_038,3,0.2011748105287552,0.20417898893356323,0.18103520572185516,0.21712781488895416,0.1964830905199051
transformer,2,42,train_039,3,0.19185075163841248,0.1867370307445526,0.22472183406352997,0.22692210972309113,0.16976819932460785
transformer,2,42,train_040,2,0.27773311734199524,0.542603075504303,0.09887486696243286,0.033315155655145645,0.04747374355792999
transformer,2,42,train_041,3,0.09980980306863785,0.24400514364242554,0.311662882566452,0.1884171962738037,0.15610498189926147
transformer,2,42,train_042,2,0.265700101852417,0.31383705139160156,0.28179559111595154,0.062448568642139435,0.07621870189905167
transformer,2,42,train_043,4,0.10705273598432541,0.19348683953285217,0.24592675268650055,0.2407853752374649,0.21274828910827637
transformer,2,42,train_044,3,0.11089102923870087,0.2636502981185913,0.32388684153556824,0.15779627859592438,0.14377550780773163
transformer,2,42,train_045,3,0.10771596431732178,0.18320748209953308,0.2489164024591446,0.24770434200763702,0.2124558836221695
transformer,2,42,train_046,4,0.17373190820217133,0.22613060474395752,0.2898080348968506,0.16735929250717163,0.14297014474868774
transformer,2,42,train_047,2,0.24410462379455566,0.32528039813041687,0.2567310035228729,0.084726482629776,0.08915751427412033
transformer,2,42,train_048,4,0.20258216559886932,0.21020525693893433,0.19550952315330505,0.2099408209323883,0.18176224827766418
transformer,2,42,train_049,2,0.14432327449321747,0.20489439368247986,0.23051299154758453,0.23308101296424866,0.1871882975101471
transformer,2,42,train_050,4,0.14210139214992523,0.19949766993522644,0.22887827455997467,0.23890194296836853,0.1906208097934723
transformer,2,42,train_051,3,0.1485094130039215,0.27540138363838196,0.326970636844635,0.12997812032699585,0.11914043873548508
transformer,2,42,train_052,3,0.12301484495401382,0.1552288979291916,0.26120835542678833,0.26290619373321533,0.19764167070388794
transformer,2,42,train_053,3,0.22752852737903595,0.3438318073749542,0.28069502115249634,0.0712689682841301,0.07667557150125504
transformer,2,42,train_054,2,0.0816761776804924,0.23945175111293793,0.27883830666542053,0.21288274228572845,0.18715108931064606
transformer,2,42,train_055,3,0.20200471580028534,0.208245649933815,0.1956176906824112,0.20980629324913025,0.1843256950378418
transformer,2,42,train_056,1,0.1893027126789093,0.2334609478712082,0.31840780377388,0.13653956353664398,0.1222890317440033
transformer,2,42,train_057,1,0.14846597611904144,0.1962393820285797,0.23038218915462494,0.23808859288692474,0.18682390451431274
transformer,2,42,train_058,1,0.16554035246372223,0.19356116652488708,0.23392976820468903,0.23089852929115295,0.1760701984167099
transformer,2,42,train_059,2,0.25727859139442444,0.1778128743171692,0.216873899102211,0.19825148582458496,0.14978313446044922
transformer,2,42,train_060,3,0.1927124559879303,0.18874865770339966,0.23129865527153015,0.22113890945911407,0.16610129177570343
transformer,2,42,train_061,2,0.204312264919281,0.20734325051307678,0.188765749335289,0.21042104065418243,0.189157634973526
transformer,2,42,train_062,3,0.07582629472017288,0.2244229018688202,0.2513832747936249,0.2977520227432251,0.15061557292938232
transformer,2,42,train_063,2,0.033173516392707825,0.3165867030620575,0.14124780893325806,0.2221120297908783,0.2868799567222595
transformer,2,42,train_064,2,0.20414720475673676,0.20688609778881073,0.1936141401529312,0.2074097841978073,0.1879427433013916
transformer,2,42,train_065,3,0.22010548412799835,0.2757307291030884,0.2803393602371216,0.11392976343631744,0.10989469289779663
transformer,2,42,train_066,2,0.08152072131633759,0.2435615211725235,0.2874748408794403,0.21806514263153076,0.16937781870365143
transformer,2,42,train_067,3,0.3586476147174835,0.06323700398206711,0.31488630175590515,0.22677037119865417,0.03645869344472885
transformer,2,42,train_068,3,0.10199913382530212,0.2671271562576294,0.3287566900253296,0.16196183860301971,0.14015525579452515
transformer,2,42,train_069,2,0.22550605237483978,0.17765046656131744,0.2215554267168045,0.21821290254592896,0.15707513689994812
transformer,2,42,train_070,2,0.20254568755626678,0.20437052845954895,0.19436733424663544,0.2075643390417099,0.19115208089351654
transformer,2,42,train_071,4,0.2025989443063736,0.20832663774490356,0.18718965351581573,0.21229544281959534,0.18958933651447296
transformer,2,42,train_072,4,0.3774690628051758,0.2712147533893585,0.20226040482521057,0.06966634094715118,0.07938948273658752
transformer,2,42,train_073,2,0.14393828809261322,0.18049126863479614,0.2581550180912018,0.22767961025238037,0.18973581492900848
transformer,2,42,train_074,3,0.17152759432792664,0.21243779361248016,0.24872905015945435,0.2061050832271576,0.16120046377182007
transformer,2,42,train_075,2,0.17979459464550018,0.20873571932315826,0.22995682060718536,0.21506205201148987,0.16645076870918274
transformer,2,42,train_076,2,0.2960382401943207,0.40243107080459595,0.1685195416212082,0.056394726037979126,0.0766163319349289
transformer,2,42,train_077,3,0.1305050402879715,0.22049124538898468,0.2771972417831421,0.19542913138866425,0.17637741565704346
transformer,2,42,train_078,3,0.30169326066970825,0.2612169682979584,0.21860726177692413,0.11643770337104797,0.10204479843378067
transformer,2,42,train_079,2,0.37911587953567505,0.4189155399799347,0.13592582941055298,0.0304538756608963,0.035588908940553665
transformer,2,42,train_080,1,0.060978684574365616,0.36293524503707886,0.24020706117153168,0.18866124749183655,0.1472177952528
transformer,2,42,train_081,3,0.1777031570672989,0.31408485770225525,0.35322698950767517,0.07724834978580475,0.07773663103580475
transformer,2,42,train_082,3,0.14728961884975433,0.3515312075614929,0.20547154545783997,0.13351655006408691,0.16219113767147064
transformer,2,42,train_083,1,0.8553626537322998,0.052181173115968704,0.075636126101017,0.013079087249934673,0.00374110066331923
transformer,2,42,train_084,5,0.07510405778884888,0.12218321114778519,0.188089519739151,0.4291406571865082,0.18548254668712616
transformer,2,42,train_085,3,0.1076187938451767,0.2742578685283661,0.3054850697517395,0.16861183941364288,0.1440264731645584
transformer,2,42,train_086,2,0.5307480692863464,0.3177015483379364,0.13532134890556335,0.010175851173698902,0.00605317298322916
transformer,2,42,train_087,3,0.2022365778684616,0.2075055092573166,0.1917445808649063,0.21070048213005066,0.1878128945827484
transformer,2,42,train_088,2,0.23639313876628876,0.22669118642807007,0.22896303236484528,0.16969424486160278,0.1382584422826767
transformer,2,42,train_089,2,0.2037273645401001,0.2001015543937683,0.17167609930038452,0.2142874002456665,0.21020759642124176
transformer,2,42,train_090,4,0.24314947426319122,0.20137707889080048,0.21127831935882568,0.18884402513504028,0.15535114705562592
transformer,2,42,train_091,2,0.11073329299688339,0.292798787355423,0.32375067472457886,0.13650915026664734,0.13620810210704803
transformer,2,42,train_092,2,0.14316394925117493,0.23086461424827576,0.2717101573944092,0.18440328538417816,0.16985799372196198
transformer,2,42,train_093,3,0.20580916106700897,0.20977641642093658,0.18805159628391266,0.20810623466968536,0.18825656175613403
transformer,2,42,train_094,3,0.20420409739017487,0.1992477923631668,0.1783808171749115,0.21221208572387695,0.20595525205135345
transformer,2,42,train_095,3,0.053789570927619934,0.19605746865272522,0.2117895781993866,0.33861246705055237,0.1997508704662323
transformer,2,42,train_096,2,0.20404747128486633,0.20913974940776825,0.19088250398635864,0.2120768278837204,0.183853417634964
transformer,2,42,train_097,3,0.4470989406108856,0.4522394835948944,0.0674358457326889,0.01585434563457966,0.0173714067786932
transformer,2,42,train_098,1,0.1522819697856903,0.24410180747509003,0.2511475384235382,0.17758746445178986,0.1748812347650528
transformer,2,42,train_099,3,0.05486568808555603,0.18835769593715668,0.19154615700244904,0.33656296133995056,0.2286675125360489
transformer,2,42,train_100,5,0.20728710293769836,0.20883864164352417,0.18243084847927094,0.2093360722064972,0.19210733473300934
transformer,2,42,train_101,2,0.20349352061748505,0.21116837859153748,0.19401246309280396,0.2068432867527008,0.18448233604431152
transformer,2,42,train_102,2,0.06272227317094803,0.13825690746307373,0.18849046528339386,0.413534015417099,0.19699634611606598
transformer,2,42,train_103,3,0.15651072561740875,0.18922340869903564,0.22873938083648682,0.2407776564359665,0.18474885821342468
transformer,2,42,train_104,1,0.10323534160852432,0.24326308071613312,0.32231754064559937,0.18545059859752655,0.14573347568511963
transformer,2,42,train_105,4,0.18411625921726227,0.19494974613189697,0.23227037489414215,0.21827451884746552,0.17038916051387787
transformer,2,42,train_106,1,0.5804989337921143,0.06785133481025696,0.23345965147018433,0.10006875544786453,0.018121328204870224
transformer,2,42,train_107,3,0.37364768981933594,0.08786889910697937,0.3676506280899048,0.14534057676792145,0.025492260232567787
transformer,2,42,train_108,1,0.10175393521785736,0.2258952558040619,0.31764039397239685,0.19190411269664764,0.16280628740787506
transformer,2,42,train_109,3,0.26628175377845764,0.11331518739461899,0.3554808795452118,0.21799634397029877,0.046925805509090424
transformer,2,42,train_110,1,0.3401358723640442,0.1982840895652771,0.20515957474708557,0.1399834156036377,0.11643700301647186
transformer,2,42,train_111,3,0.17908573150634766,0.2107885628938675,0.2412627935409546,0.20734167098999023,0.16152121126651764
transformer,2,42,train_112,1,0.20038440823554993,0.20076043903827667,0.17806541919708252,0.20951338112354279,0.2112763673067093
transformer,2,42,train_113,3,0.2049078792333603,0.20602571964263916,0.1794155091047287,0.21521829068660736,0.1944325864315033
transformer,2,42,train_114,3,0.09630690515041351,0.11474388837814331,0.22164636850357056,0.43362265825271606,0.13368017971515656
transformer,2,42,train_115,3,0.20311394333839417,0.20981962978839874,0.19817733764648438,0.20712965726852417,0.18175938725471497
transformer,2,42,train_116,4,0.17546793818473816,0.08244382590055466,0.2597165107727051,0.4033992290496826,0.07897251099348068
transformer,2,42,train_117,1,0.20260685682296753,0.19556666910648346,0.16609971225261688,0.21283872425556183,0.22288799285888672
transformer,2,42,train_118,2,0.20537301898002625,0.20938101410865784,0.19172871112823486,0.21060773730278015,0.1829095333814621
transformer,2,42,train_119,2,0.0466536283493042,0.17912738025188446,0.1713801622390747,0.34992173314094543,0.2529171109199524
transformer,2,42,train_120,5,0.024723254144191742,0.21625381708145142,0.12428947538137436,0.23721885681152344,0.39751458168029785
transformer,2,7,train_001,2,0.6961023211479187,0.22183939814567566,0.04560866206884384,0.010794087313115597,0.025655461475253105
transformer,2,7,train_002,5,0.22161616384983063,0.20342953503131866,0.20509862899780273,0.1727069616317749,0.19714868068695068
transformer,2,7,train_003,2,0.22302672266960144,0.20249919593334198,0.2053748071193695,0.1756286919116974,0.19347065687179565
transformer,2,7,train_004,4,0.19944582879543304,0.07585383206605911,0.5418311953544617,0.17950718104839325,0.0033619359601289034
transformer,2,7,train_005,5,0.037322867661714554,0.2267470359802246,0.23326948285102844,0.4171723425388336,0.08548827469348907
transformer,2,7,train_006,2,0.03942320495843887,0.35137879848480225,0.121409572660923,0.26063305139541626,0.2271554172039032
transformer,2,7,train_007,2,0.17432644963264465,0.20516666769981384,0.22460301220417023,0.19197484850883484,0.20392896234989166
transformer,2,7,train_008,5,0.4041806161403656,0.11967792361974716,0.3920155465602875,0.07980465888977051,0.004321206361055374
transformer,2,7,train_009,3,0.21409854292869568,0.2086738795042038,0.20361071825027466,0.17984753847122192,0.19376929104328156
transformer,2,7,train_010,2,0.22272932529449463,0.20477667450904846,0.2029789239168167,0.17389366030693054,0.19562141597270966
transformer,2,7,train_011,3,0.17527443170547485,0.20432476699352264,0.2245027720928192,0.1904435157775879,0.2054544985294342
transformer,2,7,train_012,5,0.23170487582683563,0.19997070729732513,0.2035808563232422,0.16922487318515778,0.19551868736743927
transformer,2,7,train_013,2,0.17446045577526093,0.20670145750045776,0.22321651875972748,0.1914961189031601,0.20412541925907135
transformer,2,7,train_014,5,0.039184436202049255,0.22517824172973633,0.16939090192317963,0.5449461340904236,0.02130025066435337
transformer,2,7,train_015,3,0.22225424647331238,0.20690666139125824,0.2033691257238388,0.17481040954589844,0.19265957176685333
transformer,2,7,train_016,4,0.1458495408296585,0.10155726224184036,0.4545026421546936,0.23840661346912384,0.059683918952941895
transformer,2,7,train_017,2,0.18770204484462738,0.1987518072128296,0.225103497505188,0.1837608963251114,0.20468167960643768
transformer,2,7,train_018,5,0.07250716537237167,0.2613345980644226,0.09503287076950073,0.17049188911914825,0.40063345432281494
transformer,2,7,train_019,3,0.1960892677307129,0.154794842004776,0.39119037985801697,0.24813081324100494,0.009794777259230614
transformer,2,7,train_020,2,0.17493143677711487,0.207636296749115,0.2225068211555481,0.19118328392505646,0.20374219119548798
transformer,2,7,train_021,5,0.06903798878192902,0.12422974407672882,0.3204229474067688,0.42238831520080566,0.0639210194349289
transformer,2,7,train_022,4,0.24016925692558289,0.19190873205661774,0.20919379591941833,0.16225974261760712,0.1964685171842575
transformer,2,7,train_023,3,0.0494573637843132,0.28623247146606445,0.09499894082546234,0.2039031833410263,0.3654080331325531
transformer,2,7,train_024,5,0.18816207349300385,0.2031017392873764,0.22095951437950134,0.17772851884365082,0.21004818379878998
transformer,2,7,train_025,5,0.5009732842445374,0.1360408216714859,0.27197331190109253,0.03958369418978691,0.05142885446548462
transformer,2,7,train_026,3,0.09375723451375961,0.10947360098361969,0.5158477425575256,0.2664352059364319,0.014486163854598999
transformer,2,7,train_027,2,0.12500526010990143,0.4596615433692932,0.09019479155540466,0.15627534687519073,0.16886311769485474
transformer,2,7,train_028,4,0.077186718583107,0.11595273017883301,0.3578896224498749,0.3904474079608917,0.05852357670664787
transformer,2,7,train_029,2,0.45858874917030334,0.45541656017303467,0.06296432018280029,0.01674938015639782,0.006281035952270031
transformer,2,7,train_030,5,0.09680484235286713,0.27830687165260315,0.07915547490119934,0.21144455671310425,0.33428823947906494
transformer,2,7,train_031,4,0.17525069415569305,0.20515163242816925,0.2230089008808136,0.19011490046977997,0.2064739465713501
transformer,2,7,train_032,3,0.08841347694396973,0.2630365788936615,0.08551368117332458,0.2596243917942047,0.3034118413925171
transformer,2,7,train_033,1,0.24865764379501343,0.18469463288784027,0.21200264990329742,0.16214168071746826,0.19250337779521942
transformer,2,7,train_034,2,0.07674868404865265,0.17969581484794617,0.22776979207992554,0.40289750695228577,0.11288825422525406
transformer,2,7,train_035,2,0.6646044254302979,0.24265655875205994,0.05203915014863014,0.029249344021081924,0.011450516991317272
transformer,2,7,train_036,2,0.21781368553638458,0.20670297741889954,0.2038392424583435,0.17750808596611023,0.19413605332374573
transformer,2,7,train_037,2,0.13320350646972656,0.37300214171409607,0.048106804490089417,0.14934231340885162,0.29634520411491394
transformer,2,7,train_038,3,0.11591853946447372,0.04248110577464104,0.08883928507566452,0.06180606409907341,0.6909549832344055
transformer,2,7,train_039,3,0.08875430375337601,0.18039725720882416,0.3849179744720459,0.29911836981773376,0.046812187880277634
transformer,2,7,train_040,2,0.24013864994049072,0.19935649633407593,0.2084246575832367,0.16181246936321259,0.1902676820755005
transformer,2,7,train_041,3,0.13401144742965698,0.08858731389045715,0.4907396137714386,0.24781815707683563,0.03884344547986984
transformer,2,7,train_042,2,0.7516862154006958,0.10064063221216202,0.11769028753042221,0.009782790206372738,0.020200060680508614
transformer,2,7,train_043,4,0.21469222009181976,0.20957957208156586,0.201236754655838,0.17794902622699738,0.19654248654842377
transformer,2,7,train_044,3,0.2337271273136139,0.09668391942977905,0.4840899705886841,0.1454504281282425,0.04004855453968048
transformer,2,7,train_045,3,0.21645508706569672,0.2084948718547821,0.2012844830751419,0.17754293978214264,0.1962226778268814
transformer,2,7,train_046,4,0.2123609185218811,0.20945890247821808,0.20315080881118774,0.1793697327375412,0.1956595778465271
transformer,2,7,train_047,2,0.2201305478811264,0.20406334102153778,0.2050120085477829,0.1761886328458786,0.1946054995059967
transformer,2,7,train_048,4,0.09446638822555542,0.32518449425697327,0.19225358963012695,0.204659566283226,0.18343593180179596
transformer,2,7,train_049,2,0.03109642304480076,0.2844499349594116,0.20654968917369843,0.407736212015152,0.07016774266958237
transformer,2,7,train_050,4,0.021958312019705772,0.2124190628528595,0.21429592370986938,0.5046043395996094,0.046722378581762314
transformer,2,7,train_051,3,0.3076862096786499,0.0943235531449318,0.4637936055660248,0.10123130679130554,0.032965295016765594
transformer,2,7,train_052,3,0.21333341300487518,0.20886236429214478,0.20265845954418182,0.1787325143814087,0.19641323387622833
transformer,2,7,train_053,3,0.22021400928497314,0.20662757754325867,0.20490789413452148,0.17766334116458893,0.19058720767498016
transformer,2,7,train_054,2,0.09459667652845383,0.17041783034801483,0.2637448310852051,0.34618866443634033,0.12505203485488892
transformer,2,7,train_055,3,0.10657641291618347,0.10524274408817291,0.43773379921913147,0.3438141942024231,0.006632781587541103
transformer,2,7,train_056,1,0.2181958109140396,0.2075221836566925,0.20324824750423431,0.17759443819522858,0.193439319729805
transformer,2,7,train_057,1,0.027640854939818382,0.1735997051000595,0.2876061499118805,0.4868609309196472,0.024292316287755966
transformer,2,7,train_058,1,0.12031228840351105,0.10513126850128174,0.5288644433021545,0.23079617321491241,0.014895780012011528
transformer,2,7,train_059,2,0.09947686642408371,0.2404945194721222,0.0963396281003952,0.13198444247245789,0.431704580783844
transformer,2,7,train_060,3,0.33883875608444214,0.09786902368068695,0.44330015778541565,0.09813717007637024,0.021854903548955917
transformer,2,7,train_061,2,0.047729164361953735,0.12234464287757874,0.07179734110832214,0.21369455754756927,0.5444343090057373
transformer,2,7,train_062,3,0.17900176346302032,0.20337286591529846,0.22548212110996246,0.18846771121025085,0.2036755084991455
transformer,2,7,train_063,2,0.1927535980939865,0.20504939556121826,0.2209487408399582,0.1758095771074295,0.20543868839740753
transformer,2,7,train_064,2,0.18335819244384766,0.1823989599943161,0.4271869957447052,0.18148022890090942,0.025575561448931694
transformer,2,7,train_065,3,0.21997492015361786,0.2039603888988495,0.20493747293949127,0.1763426810503006,0.19478446245193481
transformer,2,7,train_066,2,0.06566028296947479,0.12936720252037048,0.29300710558891296,0.4400751292705536,0.07189023494720459
transformer,2,7,train_067,3,0.17476992309093475,0.20227447152137756,0.2261553406715393,0.19161340594291687,0.20518682897090912
transformer,2,7,train_068,3,0.11701899766921997,0.10182216018438339,0.4526002109050751,0.28265058994293213,0.045908015221357346
transformer,2,7,train_069,2,0.20862917602062225,0.11224720627069473,0.49480608105659485,0.16654987633228302,0.017767706885933876
transformer,2,7,train_070,2,0.4747094511985779,0.069949671626091,0.4094043970108032,0.043440740555524826,0.0024957978166639805
transformer,2,7,train_071,4,0.15818805992603302,0.25381627678871155,0.20792487263679504,0.11874715238809586,0.2613236606121063
transformer,2,7,train_072,4,0.7193912267684937,0.1474531590938568,0.09297648072242737,0.011859770864248276,0.02831941656768322
transformer,2,7,train_073,2,0.21729856729507446,0.2057054489850998,0.20361387729644775,0.17578443884849548,0.19759762287139893
transformer,2,7,train_074,3,0.3924950659275055,0.08220508694648743,0.43562790751457214,0.079470194876194,0.010201663710176945
transformer,2,7,train_075,2,0.09664129465818405,0.39418938755989075,0.17372044920921326,0.17499133944511414,0.16045750677585602
transformer,2,7,train_076,2,0.18538671731948853,0.48922306299209595,0.03447362780570984,0.12159471213817596,0.16932179033756256
transformer,2,7,train_077,3,0.21755361557006836,0.20778492093086243,0.20222726464271545,0.1775975376367569,0.19483661651611328
transformer,2,7,train_078,3,0.5330734848976135,0.36766794323921204,0.05085133761167526,0.03504376485943794,0.013363497331738472
transformer,2,7,train_079,2,0.23350273072719574,0.20201998949050903,0.20582659542560577,0.16791751980781555,0.19073325395584106
transformer,2,7,train_080,1,0.18517933785915375,0.2051781266927719,0.22218427062034607,0.1818321943283081,0.20562605559825897
transformer,2,7,train_081,3,0.4404550790786743,0.09100067615509033,0.3901155889034271,0.05169802904129028,0.026730673387646675
transformer,2,7,train_082,3,0.07060003280639648,0.35056403279304504,0.03440462052822113,0.253909170627594,0.2905222177505493
transformer,2,7,train_083,1,0.1993224173784256,0.19271767139434814,0.22407500445842743,0.1800035536289215,0.2038813829421997
transformer,2,7,train_084,5,0.1757107377052307,0.2070506066083908,0.2218271642923355,0.1891106218099594,0.20630083978176117
transformer,2,7,train_085,3,0.09163292497396469,0.37153032422065735,0.03878651186823845,0.18755264580249786,0.3104976415634155
transformer,2,7,train_086,2,0.1980964094400406,0.19789648056030273,0.2227208912372589,0.17974546551704407,0.20154070854187012
transformer,2,7,train_087,3,0.14144264161586761,0.04477125033736229,0.11438329517841339,0.05190649256110191,0.6474962830543518
transformer,2,7,train_088,2,0.3614098131656647,0.4473804831504822,0.08508104830980301,0.05290268361568451,0.05322590097784996
transformer,2,7,train_089,2,0.3955467641353607,0.4586804211139679,0.07206731289625168,0.05083466321229935,0.02287076599895954
transformer,2,7,train_090,4,0.07485748827457428,0.2633577585220337,0.09516973048448563,0.16299830377101898,0.403616726398468
transformer,2,7,train_091,2,0.1300971806049347,0.16026724874973297,0.3263711929321289,0.28073787689208984,0.10252653807401657
transformer,2,7,train_092,2,0.21651844680309296,0.20751997828483582,0.2023306041955948,0.1775546371936798,0.19607634842395782
transformer,2,7,train_093,3,0.08147674053907394,0.24928909540176392,0.07615705579519272,0.11162212491035461,0.481454998254776
transformer,2,7,train_094,3,0.7394171357154846,0.15301859378814697,0.09566712379455566,0.007656295318156481,0.004240923095494509
transformer,2,7,train_095,3,0.1736658662557602,0.20652687549591064,0.2233940213918686,0.19226892292499542,0.20414432883262634
transformer,2,7,train_096,2,0.047492559999227524,0.26760685443878174,0.15656110644340515,0.505341112613678,0.022998424246907234
transformer,2,7,train_097,3,0.2507885694503784,0.19103814661502838,0.20967665314674377,0.16163308918476105,0.18686352670192719
transformer,2,7,train_098,1,0.21969746053218842,0.20573103427886963,0.2027932107448578,0.17503684759140015,0.19674140214920044
transformer,2,7,train_099,3,0.1745210587978363,0.20512141287326813,0.2236177623271942,0.19109754264354706,0.2056422084569931
transformer,2,7,train_100,5,0.061583127826452255,0.08473100513219833,0.05699789896607399,0.17732545733451843,0.6193625330924988
transformer,2,7,train_101,2,0.20735754072666168,0.0706881731748581,0.10442540794610977,0.033534858375787735,0.5839939713478088
transformer,2,7,train_102,2,0.17521657049655914,0.2066873162984848,0.22257868945598602,0.19059057533740997,0.20492692291736603
transformer,2,7,train_103,3,0.03224973380565643,0.21534232795238495,0.2380376011133194,0.45062723755836487,0.06374308466911316
transformer,2,7,train_104,1,0.12297489494085312,0.09345044195652008,0.48087674379348755,0.2642373740673065,0.03846058249473572
transformer,2,7,train_105,4,0.11697068065404892,0.2652052044868469,0.16929227113723755,0.13807976245880127,0.31045204401016235
transformer,2,7,train_106,1,0.1880519688129425,0.19920340180397034,0.2233898788690567,0.1807737797498703,0.20858104526996613
transformer,2,7,train_107,3,0.17650005221366882,0.20230941474437714,0.22677172720432281,0.1904226541519165,0.2039962112903595
transformer,2,7,train_108,1,0.16101960837841034,0.13342684507369995,0.4041135907173157,0.23448948562145233,0.06695043295621872
transformer,2,7,train_109,3,0.1768503487110138,0.20284076035022736,0.22534339129924774,0.18951910734176636,0.20544634759426117
transformer,2,7,train_110,1,0.24407051503658295,0.540714681148529,0.06544467061758041,0.08640317618846893,0.06336690485477448
transformer,2,7,train_111,3,0.1654404103755951,0.15380682051181793,0.4729512631893158,0.18903318047523499,0.018768293783068657
transformer,2,7,train_112,1,0.7706931233406067,0.10862937569618225,0.11130396276712418,0.006331953220069408,0.003041531192138791
transformer,2,7,train_113,3,0.08796428143978119,0.0535854697227478,0.06299799680709839,0.08152621984481812,0.7139260172843933
transformer,2,7,train_114,3,0.1739124208688736,0.2061251550912857,0.22292424738407135,0.19173774123191833,0.20530042052268982
transformer,2,7,train_115,3,0.11532913893461227,0.0959584042429924,0.44945642352104187,0.3340754508972168,0.005180513486266136
transformer,2,7,train_116,4,0.17449206113815308,0.20388571918010712,0.2240266054868698,0.19096355140209198,0.2066321074962616
transformer,2,7,train_117,1,0.5549187660217285,0.3488274812698364,0.06975173205137253,0.019295889884233475,0.007206143345683813
transformer,2,7,train_118,2,0.08715659379959106,0.19890670478343964,0.25771215558052063,0.44459426403045654,0.011630370281636715
transformer,2,7,train_119,2,0.17524856328964233,0.2070111334323883,0.2227156013250351,0.19070027768611908,0.20432446897029877
transformer,2,7,train_120,5,0.1744367778301239,0.20601855218410492,0.22390377521514893,0.1913423240184784,0.20429852604866028
transformer,2,123,train_001,2,0.4605274498462677,0.41171348094940186,0.0690939649939537,0.030011141672730446,0.028653929010033607
transformer,2,123,train_002,5,0.0938413143157959,0.18195295333862305,0.2413148730993271,0.23958541452884674,0.2433055192232132
transformer,2,123,train_003,2,0.10587285459041595,0.18137556314468384,0.2541871964931488,0.22885815799236298,0.22970618307590485
transformer,2,123,train_004,4,0.17273269593715668,0.17982204258441925,0.252753883600235,0.21222488582134247,0.18246644735336304
transformer,2,123,train_005,5,0.060141146183013916,0.18005700409412384,0.23518627882003784,0.26617616415023804,0.25843939185142517
transformer,2,123,train_006,2,0.03756061941385269,0.22557689249515533,0.20342597365379333,0.2720174789428711,0.26141899824142456
transformer,2,123,train_007,2,0.14668875932693481,0.20348811149597168,0.26427581906318665,0.18342939019203186,0.202117919921875
transformer,2,123,train_008,5,0.20352642238140106,0.18121740221977234,0.2531493902206421,0.18768875300884247,0.17441806197166443
transformer,2,123,train_009,3,0.09957774728536606,0.17659007012844086,0.25703558325767517,0.2333688884973526,0.2334277331829071
transformer,2,123,train_010,2,0.08801335096359253,0.1788511723279953,0.24535244703292847,0.24215194582939148,0.24563105404376984
transformer,2,123,train_011,3,0.16485220193862915,0.24495340883731842,0.24886396527290344,0.15443697571754456,0.18689341843128204
transformer,2,123,train_012,5,0.08942755311727524,0.18893562257289886,0.23817569017410278,0.23351091146469116,0.24995024502277374
transformer,2,123,train_013,2,0.14317655563354492,0.20989878475666046,0.25774702429771423,0.18046972155570984,0.20870786905288696
transformer,2,123,train_014,5,0.14536820352077484,0.14705036580562592,0.21210463345050812,0.27813711762428284,0.2173396795988083
transformer,2,123,train_015,3,0.09557583183050156,0.19090531766414642,0.25314098596572876,0.22205740213394165,0.23832042515277863
transformer,2,123,train_016,4,0.09777212142944336,0.24419377744197845,0.31752321124076843,0.15512540936470032,0.18538546562194824
transformer,2,123,train_017,2,0.32000571489334106,0.3369450271129608,0.15939590334892273,0.0935945063829422,0.0900588184595108
transformer,2,123,train_018,5,0.08475840836763382,0.25312042236328125,0.17385174334049225,0.1051308661699295,0.3831385672092438
transformer,2,123,train_019,3,0.17613999545574188,0.18169978260993958,0.24496500194072723,0.20707494020462036,0.19012027978897095
transformer,2,123,train_020,2,0.1340140551328659,0.1892889440059662,0.2605386972427368,0.1992163062095642,0.21694199740886688
transformer,2,123,train_021,5,0.08065369725227356,0.19242358207702637,0.2929682433605194,0.24774038791656494,0.18621405959129333
transformer,2,123,train_022,4,0.16143780946731567,0.25964051485061646,0.1962382048368454,0.1816454976797104,0.2010379582643509
transformer,2,123,train_023,3,0.040446508675813675,0.1976168006658554,0.1978677213191986,0.2898320257663727,0.2742369472980499
transformer,2,123,train_024,5,0.28878316283226013,0.37288182973861694,0.1374320685863495,0.1022535189986229,0.09864939004182816
transformer,2,123,train_025,5,0.14103007316589355,0.26529285311698914,0.2983967959880829,0.11504791676998138,0.18023230135440826
transformer,2,123,train_026,3,0.14278601109981537,0.1384943574666977,0.324629545211792,0.2122570276260376,0.18183301389217377
transformer,2,123,train_027,2,0.5132746696472168,0.3603869676589966,0.058405566960573196,0.028210852295160294,0.03972193971276283
transformer,2,123,train_028,4,0.09175603091716766,0.23750458657741547,0.31508108973503113,0.17849460244178772,0.17716366052627563
transformer,2,123,train_029,2,0.33227622509002686,0.4750945568084717,0.10843341052532196,0.04750259220600128,0.03669312596321106
transformer,2,123,train_030,5,0.18907016515731812,0.2899186313152313,0.24256639182567596,0.0957089439034462,0.18273590505123138
transformer,2,123,train_031,4,0.13650593161582947,0.18847805261611938,0.2553902864456177,0.2020615190267563,0.21756421029567719
transformer,2,123,train_032,3,0.07910946011543274,0.22734147310256958,0.23729492723941803,0.21769654750823975,0.2385575771331787
transformer,2,123,train_033,1,0.3412085175514221,0.3578566610813141,0.1059972420334816,0.10943175107240677,0.08550582081079483
transformer,2,123,train_034,2,0.07814887166023254,0.23416467010974884,0.259631484746933,0.21261414885520935,0.21544082462787628
transformer,2,123,train_035,2,0.5801119804382324,0.35933735966682434,0.02600354515016079,0.02028474025428295,0.014262317679822445
transformer,2,123,train_036,2,0.10269936174154282,0.1845664530992508,0.2579382658004761,0.22035051882266998,0.23444543778896332
transformer,2,123,train_037,2,0.33904293179512024,0.31442946195602417,0.13021555542945862,0.06469821184873581,0.15161378681659698
transformer,2,123,train_038,3,0.16802744567394257,0.15629145503044128,0.18621213734149933,0.26376864314079285,0.2257002890110016
transformer,2,123,train_039,3,0.1167859360575676,0.15163344144821167,0.25783219933509827,0.17938822507858276,0.2943601906299591
transformer,2,123,train_040,2,0.14060364663600922,0.3033689558506012,0.21261556446552277,0.14688149094581604,0.1965302973985672
transformer,2,123,train_041,3,0.10818636417388916,0.24097886681556702,0.31034600734710693,0.16000673174858093,0.18048198521137238
transformer,2,123,train_042,2,0.38428035378456116,0.2889706492424011,0.19937308132648468,0.0410422682762146,0.08633356541395187
transformer,2,123,train_043,4,0.07917680591344833,0.1694335639476776,0.24172131717205048,0.2617453634738922,0.24792292714118958
transformer,2,123,train_044,3,0.12849029898643494,0.25482311844825745,0.3152351379394531,0.12990184128284454,0.17154963314533234
transformer,2,123,train_045,3,0.07730185240507126,0.16341128945350647,0.2389622926712036,0.2734321057796478,0.24689240753650665
transformer,2,123,train_046,4,0.0936846062541008,0.16956712305545807,0.24969317018985748,0.24806635081768036,0.23898877203464508
transformer,2,123,train_047,2,0.11291346698999405,0.19656620919704437,0.2568725645542145,0.20768670737743378,0.22596102952957153
transformer,2,123,train_048,4,0.15820391476154327,0.15685729682445526,0.22835417091846466,0.25629279017448425,0.20029176771640778
transformer,2,123,train_049,2,0.05325659364461899,0.21744383871555328,0.2409779578447342,0.24083077907562256,0.24749092757701874
transformer,2,123,train_050,4,0.0466829277575016,0.1987219899892807,0.2309592366218567,0.30588510632514954,0.21775072813034058
transformer,2,123,train_051,3,0.16110765933990479,0.2710111141204834,0.31449058651924133,0.10736965388059616,0.14602099359035492
transformer,2,123,train_052,3,0.08285626769065857,0.15903852880001068,0.24229489266872406,0.27300864458084106,0.24280166625976562
transformer,2,123,train_053,3,0.11617883294820786,0.20571084320545197,0.2632598876953125,0.19699245691299438,0.2178579866886139
transformer,2,123,train_054,2,0.08589748293161392,0.23726747930049896,0.2709813416004181,0.19031605124473572,0.2155376672744751
transformer,2,123,train_055,3,0.17082902789115906,0.1548548936843872,0.2365434467792511,0.25035691261291504,0.1874157339334488
transformer,2,123,train_056,1,0.09621712565422058,0.17511138319969177,0.2520865201950073,0.24211174249649048,0.23447325825691223
transformer,2,123,train_057,1,0.05486868694424629,0.19329509139060974,0.2506619095802307,0.2929242253303528,0.20825009047985077
transformer,2,123,train_058,1,0.13194511830806732,0.15554781258106232,0.31196245551109314,0.18569426238536835,0.2148503214120865
transformer,2,123,train_059,2,0.2910742461681366,0.22037386894226074,0.1766471564769745,0.09835806488990784,0.21354664862155914
transformer,2,123,train_060,3,0.22371438145637512,0.15564142167568207,0.2819530963897705,0.11295823752880096,0.22573290765285492
transformer,2,123,train_061,2,0.15804150700569153,0.19777663052082062,0.20871612429618835,0.2137792557477951,0.22168651223182678
transformer,2,123,train_062,3,0.17628724873065948,0.23748864233493805,0.2574646472930908,0.1501183658838272,0.17864109575748444
transformer,2,123,train_063,2,0.35513561964035034,0.4045172333717346,0.10482734441757202,0.0702739953994751,0.06524577736854553
transformer,2,123,train_064,2,0.18475466966629028,0.19383899867534637,0.2512667179107666,0.1875200718641281,0.18261951208114624
transformer,2,123,train_065,3,0.10507110506296158,0.18048007786273956,0.25285986065864563,0.23242159187793732,0.22916731238365173
transformer,2,123,train_066,2,0.08934353291988373,0.23812592029571533,0.2864360809326172,0.19252370297908783,0.19357071816921234
transformer,2,123,train_067,3,0.1557997614145279,0.1905546635389328,0.27159255743026733,0.1886669248342514,0.19338606297969818
transformer,2,123,train_068,3,0.11438999325037003,0.2532239854335785,0.3157142698764801,0.14511777460575104,0.17155390977859497
transformer,2,123,train_069,2,0.1891402006149292,0.12748688459396362,0.2773553133010864,0.16003195941448212,0.24598561227321625
transformer,2,123,train_070,2,0.20999912917613983,0.19022244215011597,0.26755619049072266,0.17224667966365814,0.15997552871704102
transformer,2,123,train_071,4,0.14837121963500977,0.16657894849777222,0.2000139206647873,0.25424686074256897,0.23078902065753937
transformer,2,123,train_072,4,0.4077068567276001,0.2726520597934723,0.1683546006679535,0.05142883583903313,0.09985766559839249
transformer,2,123,train_073,2,0.08281370252370834,0.15234655141830444,0.24067777395248413,0.277832567691803,0.2463294118642807
transformer,2,123,train_074,3,0.34419912099838257,0.22135058045387268,0.27379968762397766,0.06458135694265366,0.09606931358575821
transformer,2,123,train_075,2,0.12044734507799149,0.28089162707328796,0.251784086227417,0.09885282069444656,0.24802415072917938
transformer,2,123,train_076,2,0.439395934343338,0.3872986137866974,0.06843549758195877,0.037958648055791855,0.06691130250692368
transformer,2,123,train_077,3,0.08782172948122025,0.1769709438085556,0.24769005179405212,0.24579989910125732,0.2417174130678177
transformer,2,123,train_078,3,0.5033669471740723,0.42985960841178894,0.03265915438532829,0.018671154975891113,0.015443147160112858
transformer,2,123,train_079,2,0.1577283889055252,0.2557266056537628,0.2414877861738205,0.15289227664470673,0.19216491281986237
transformer,2,123,train_080,1,0.2641049027442932,0.35173478722572327,0.16298510134220123,0.10721518844366074,0.11396001279354095
transformer,2,123,train_081,3,0.2090652734041214,0.29743704199790955,0.3225950002670288,0.06731922924518585,0.10358351469039917
transformer,2,123,train_082,3,0.3219202756881714,0.4082029461860657,0.10438884794712067,0.056766632944345474,0.1087212860584259
transformer,2,123,train_083,1,0.43367448449134827,0.39229604601860046,0.07990369200706482,0.05493292585015297,0.03919284790754318
transformer,2,123,train_084,5,0.13192550837993622,0.18027786910533905,0.256535142660141,0.2108098715543747,0.22045163810253143
transformer,2,123,train_085,3,0.12558919191360474,0.2952599823474884,0.27649617195129395,0.1318427175283432,0.17081187665462494
transformer,2,123,train_086,2,0.4003084599971771,0.43747538328170776,0.07690887898206711,0.050353046506643295,0.0349542498588562
transformer,2,123,train_087,3,0.16418255865573883,0.15780746936798096,0.22630882263183594,0.2503073811531067,0.20139378309249878
transformer,2,123,train_088,2,0.41089046001434326,0.3732191324234009,0.10289330035448074,0.03893798589706421,0.07405908405780792
transformer,2,123,train_089,2,0.2835349440574646,0.3208629786968231,0.09255639463663101,0.1669209897518158,0.13612471520900726
transformer,2,123,train_090,4,0.1463625431060791,0.28613486886024475,0.1465357542037964,0.09638338536024094,0.32458341121673584
transformer,2,123,train_091,2,0.17202554643154144,0.27702492475509644,0.3039485812187195,0.09456004947423935,0.1524409055709839
transformer,2,123,train_092,2,0.08881214261054993,0.1773080825805664,0.24661588668823242,0.24639521539211273,0.24086874723434448
transformer,2,123,train_093,3,0.14073537290096283,0.19888857007026672,0.18867188692092896,0.2206876277923584,0.2510165870189667
transformer,2,123,train_094,3,0.3171980082988739,0.32003989815711975,0.14297375082969666,0.1163451075553894,0.10344326496124268
transformer,2,123,train_095,3,0.14152765274047852,0.21156932413578033,0.25847136974334717,0.17817571759223938,0.2102559506893158
transformer,2,123,train_096,2,0.14160434901714325,0.15470987558364868,0.20219115912914276,0.2687532901763916,0.23274129629135132
transformer,2,123,train_097,3,0.3046412765979767,0.41157159209251404,0.1077067106962204,0.09340296685695648,0.08267742395401001
transformer,2,123,train_098,1,0.0780542865395546,0.16295653581619263,0.23869289457798004,0.2700936794281006,0.25020259618759155
transformer,2,123,train_099,3,0.14097638428211212,0.19238388538360596,0.26147881150245667,0.19566108286380768,0.20949985086917877
transformer,2,123,train_100,5,0.13957998156547546,0.19350768625736237,0.1664610058069229,0.23446132242679596,0.2659899592399597
transformer,2,123,train_101,2,0.1670476645231247,0.17293520271778107,0.23050838708877563,0.22851596772670746,0.20099280774593353
transformer,2,123,train_102,2,0.13183654844760895,0.1820182204246521,0.2596711218357086,0.20581188797950745,0.2206622064113617
transformer,2,123,train_103,3,0.06764500588178635,0.16458767652511597,0.25430259108543396,0.2976609766483307,0.21580372750759125
transformer,2,123,train_104,1,0.11217013001441956,0.2397451549768448,0.32892099022865295,0.15876436233520508,0.16039937734603882
transformer,2,123,train_105,4,0.12480568140745163,0.17630179226398468,0.25552240014076233,0.13246382772922516,0.3109062910079956
transformer,2,123,train_106,1,0.29211708903312683,0.3357301950454712,0.1564389020204544,0.11030103266239166,0.10541284829378128
transformer,2,123,train_107,3,0.17920923233032227,0.23756858706474304,0.2609473168849945,0.14709553122520447,0.1751793473958969
transformer,2,123,train_108,1,0.13006825745105743,0.23951105773448944,0.34384867548942566,0.13010264933109283,0.15646934509277344
transformer,2,123,train_109,3,0.17748261988162994,0.24890103936195374,0.24684223532676697,0.1498999148607254,0.17687425017356873
transformer,2,123,train_110,1,0.5340497493743896,0.3705498278141022,0.04007203131914139,0.026936586946249008,0.028391852974891663
transformer,2,123,train_111,3,0.2333749383687973,0.20806951820850372,0.303288072347641,0.08902758359909058,0.1662399023771286
transformer,2,123,train_112,1,0.3728577792644501,0.34511035680770874,0.11590325087308884,0.09391943365335464,0.07220912724733353
transformer,2,123,train_113,3,0.139993354678154,0.15781858563423157,0.16478238999843597,0.2752986550331116,0.2621070444583893
transformer,2,123,train_114,3,0.1343207210302353,0.18050368130207062,0.26114511489868164,0.20933522284030914,0.21469524502754211
transformer,2,123,train_115,3,0.16569676995277405,0.17009083926677704,0.23886902630329132,0.2321392148733139,0.1932041496038437
transformer,2,123,train_116,4,0.13969947397708893,0.17609460651874542,0.26226305961608887,0.21282237768173218,0.20912055671215057
transformer,2,123,train_117,1,0.37560656666755676,0.45227721333503723,0.0900861844420433,0.04886827990412712,0.03316178172826767
transformer,2,123,train_118,2,0.1447194665670395,0.1600789725780487,0.21106350421905518,0.26094260811805725,0.22319550812244415
transformer,2,123,train_119,2,0.1366497427225113,0.19647103548049927,0.25819283723831177,0.19280877709388733,0.21587762236595154
transformer,2,123,train_120,5,0.15153555572032928,0.2262413501739502,0.25801798701286316,0.16290023922920227,0.2013048678636551
transformer,2,ensemble,train_001,2,0.5901086429754893,0.2967890004316966,0.07189985364675522,0.01820792816579342,0.022994548703233402
transformer,2,ensemble,train_002,5,0.14259828627109528,0.2057672142982483,0.21665153404076895,0.2106393575668335,0.22434362272421518
transformer,2,ensemble,train_003,2,0.1912123610575994,0.22655416031678519,0.2443712055683136,0.16570818424224854,0.17215408633152643
transformer,2,ensemble,train_004,4,0.19190547366937002,0.15488573660453162,0.3307563414176305,0.19921941558519998,0.12323299896282454
transformer,2,ensemble,train_005,5,0.08479458217819531,0.2011425942182541,0.2316469003756841,0.30665584405263263,0.1757601002852122
transformer,2,ensemble,train_006,2,0.07271760702133179,0.2605644414822261,0.18489875147740045,0.2554751733938853,0.22634404400984445
transformer,2,ensemble,train_007,2,0.15822441379229227,0.16936802864074707,0.255054439107577,0.25427473584810895,0.16307834535837173
transformer,2,ensemble,train_008,5,0.27029337485631305,0.16839564591646194,0.278944472471873,0.15887785454591116,0.12348865096767743
transformer,2,ensemble,train_009,3,0.1643028731147448,0.1983771026134491,0.25817986329396564,0.1920200785001119,0.1871200700600942
transformer,2,ensemble,train_010,2,0.14793201784292856,0.21309871971607208,0.23439790308475494,0.19660418728987375,0.20796717206637064
transformer,2,ensemble,train_011,3,0.14680679639180502,0.21184197068214417,0.25271353125572205,0.21736791729927063,0.1712697595357895
transformer,2,ensemble,train_012,5,0.17235433806975684,0.23301129539807638,0.22124276061852774,0.17573767403761545,0.19765394429365793
transformer,2,ensemble,train_013,2,0.12673209110895792,0.19571985801060995,0.22846812506516775,0.24633737901846567,0.2027425318956375
transformer,2,ensemble,train_014,5,0.12954614559809366,0.19381476442019144,0.1903374840815862,0.34526582062244415,0.14103579831620058
transformer,2,ensemble,train_015,3,0.16894501199324927,0.2433124085267385,0.24053638676802316,0.1657601793607076,0.1814460183183352
transformer,2,ensemble,train_016,4,0.10650208095709483,0.19510814299186072,0.3570943574110667,0.2004872610171636,0.14080814023812613
transformer,2,ensemble,train_017,2,0.36234807471434277,0.20345297207434973,0.21659144759178162,0.11464625845352809,0.1029612198472023
transformer,2,ensemble,train_018,5,0.1179910550514857,0.2383732795715332,0.16303897400697073,0.16227119167645773,0.3183255046606064
transformer,2,ensemble,train_019,3,0.1920351435740789,0.18113569915294647,0.2769712706406911,0.22109331687291464,0.1287645964572827
transformer,2,ensemble,train_020,2,0.12582619239886603,0.1756305197874705,0.22418607771396637,0.26985778907934826,0.20449943343798319
transformer,2,ensemble,train_021,5,0.07791429261366527,0.17529291907946268,0.2906596263249715,0.30877652764320374,0.14735664427280426
transformer,2,ensemble,train_022,4,0.26431774099667865,0.2830781191587448,0.17089568823575974,0.1305027094980081,0.1512057532866796
transformer,2,ensemble,train_023,3,0.07682153955101967,0.2278238187233607,0.17208024362723032,0.24506424367427826,0.2782101631164551
transformer,2,ensemble,train_024,5,0.19133718560139337,0.2804977049430211,0.18550421794255575,0.17794335136810938,0.16471754759550095
transformer,2,ensemble,train_025,5,0.2530723710854848,0.2238122671842575,0.295804629723231,0.1009351797401905,0.12637553612391153
transformer,2,ensemble,train_026,3,0.1338182066877683,0.14593363801638284,0.3577134807904561,0.23813332120577493,0.12440134088198344
transformer,2,ensemble,train_027,2,0.32569050292174023,0.3433145185311635,0.11719691380858421,0.1079322559138139,0.10586581751704216
transformer,2,ensemble,train_028,4,0.0839158445596695,0.19864523907502493,0.32684244712193805,0.25837060312430066,0.13222585494319597
transformer,2,ensemble,train_029,2,0.3308321386575699,0.3783836265405019,0.11669208606084187,0.08990597166121006,0.08418617739031713
transformer,2,ensemble,train_030,5,0.13257886469364166,0.2796210050582886,0.1999912808338801,0.15881064782540003,0.22899819910526276
transformer,2,ensemble,train_031,4,0.11787531649072965,0.17412266631921133,0.20252913236618042,0.24365158875783285,0.2618213047583898
transformer,2,ensemble,train_032,3,0.08296100795269012,0.2400366167227427,0.19264255464076996,0.2372980664173762,0.2470617393652598
transformer,2,ensemble,train_033,1,0.39063239097595215,0.2877158174912135,0.12709529201189676,0.09620927087962627,0.09834719200929005
transformer,2,ensemble,train_034,2,0.07511431723833084,0.21621150275071463,0.24435079097747803,0.28782730797926587,0.17649609595537186
transformer,2,ensemble,train_035,2,0.5399986803531647,0.26611130436261493,0.09253230007986228,0.05790161403516928,0.043456053361296654
transformer,2,ensemble,train_036,2,0.18099100639422736,0.22662764290968576,0.2481778860092163,0.16729154934485754,0.17691195011138916
transformer,2,ensemble,train_037,2,0.21696998675664267,0.3493398030598958,0.13251127302646637,0.10484539717435837,0.1963335076967875
transformer,2,ensemble,train_038,3,0.16170693188905716,0.1343171832462152,0.15202887604633966,0.1809008407096068,0.37104612092177075
transformer,2,ensemble,train_039,3,0.13246366381645203,0.17292257646719614,0.28915733595689136,0.23514290153980255,0.1703135259449482
transformer,2,ensemble,train_040,2,0.21949180463949838,0.34844284256299335,0.17330502967039743,0.11400303865472476,0.1447572410106659
transformer,2,ensemble,train_041,3,0.11400253822406133,0.19119044144948324,0.3709161678949992,0.19874736169974008,0.12514347086350122
transformer,2,ensemble,train_042,2,0.46722222367922467,0.23448277761538824,0.19961965332428613,0.03775787570824226,0.06091744266450405
transformer,2,ensemble,train_043,4,0.1336405873298645,0.1908333251873652,0.22962827483812967,0.22682658831278482,0.21907123426596323
transformer,2,ensemble,train_044,3,0.15770281851291656,0.20505244533220926,0.3744039833545685,0.14438284933567047,0.11845789849758148
transformer,2,ensemble,train_045,3,0.1338243012626966,0.18503788113594055,0.22972105940183005,0.23289312918980917,0.2185236563285192
transformer,2,ensemble,train_046,4,0.15992581099271774,0.2017188767592112,0.2475506712992986,0.19826512535413107,0.1925394982099533
transformer,2,ensemble,train_047,2,0.19238287955522537,0.24196998278299967,0.23953852554162344,0.15620060761769614,0.16990801443656287
transformer,2,ensemble,train_048,4,0.15175082286198935,0.23074901600678763,0.20537242790063223,0.22363105913003287,0.1884966492652893
transformer,2,ensemble,train_049,2,0.07622543039421241,0.2355960557858149,0.2260135461886724,0.29388266801834106,0.16828232258558273
transformer,2,ensemble,train_050,4,0.07024754397571087,0.20354624092578888,0.22471114496390024,0.3497971296310425,0.15169797216852507
transformer,2,ensemble,train_051,3,0.20576776067415872,0.21357868363459906,0.36841827630996704,0.11285969366629918,0.09937557578086853
transformer,2,ensemble,train_052,3,0.13973484188318253,0.1743765970071157,0.23538723587989807,0.2382157842318217,0.21228552361329397
transformer,2,ensemble,train_053,3,0.18797378987073898,0.2520567427078883,0.24962093432744345,0.1486415887872378,0.1617069219549497
transformer,2,ensemble,train_054,2,0.08739011238018672,0.21571235358715057,0.2711881597836812,0.24979581932226816,0.17591359714667001
transformer,2,ensemble,train_055,3,0.15980338553587595,0.15611442923545837,0.2899649788935979,0.26799246668815613,0.1261247368529439
transformer,2,ensemble,train_056,1,0.16790521641572317,0.20536483824253082,0.25791419049104053,0.185415248076121,0.18340053657690683
transformer,2,ensemble,train_057,1,0.0769918393343687,0.18771139283974966,0.25621674954891205,0.33929124971230823,0.1397887704273065
transformer,2,ensemble,train_058,1,0.1392659197251002,0.15141341586907706,0.35825222233931225,0.2157963216304779,0.13527209994693598
transformer,2,ensemble,train_059,2,0.2159432346622149,0.2128937542438507,0.16328689455986023,0.14286466439565024,0.2650114546219508
transformer,2,ensemble,train_060,3,0.25175519784291583,0.14741970101992288,0.31885063648223877,0.1440781056880951,0.13789636765917143
transformer,2,ensemble,train_061,2,0.1366943120956421,0.17582150797049204,0.1564264049132665,0.21263161798318228,0.31842615207036334
transformer,2,ensemble,train_062,3,0.14370510230461755,0.22176147003968558,0.2447766810655594,0.21211269994576773,0.1776440590620041
transformer,2,ensemble,train_063,2,0.19368757804234824,0.3087177773316701,0.1556746313969294,0.15606520076592764,0.18585480749607086
transformer,2,ensemble,train_064,2,0.19075335562229156,0.19437468548615774,0.290689284602801,0.19213669498761496,0.1320459389438232
transformer,2,ensemble,train_065,3,0.18171716978152594,0.2200570652882258,0.24604556461175284,0.17423134545485178,0.1779488225777944
transformer,2,ensemble,train_066,2,0.0788415124018987,0.20368488132953644,0.2889726758003235,0.28355465829372406,0.1449462572733561
transformer,2,ensemble,train_067,3,0.22973909974098206,0.15202204634745917,0.27087806661923725,0.20235023399194083,0.14501052846511206
transformer,2,ensemble,train_068,3,0.1111360415816307,0.20739110062519708,0.3656903902689616,0.19657673438390097,0.11920572693149249
transformer,2,ensemble,train_069,2,0.2077584763367971,0.1391281858086586,0.3312389403581619,0.1815982460975647,0.14027615201969942
transformer,2,ensemble,train_070,2,0.2957514226436615,0.15484754741191864,0.29044264058272046,0.14108391975363097,0.11787446914240718
transformer,2,ensemble,train_071,4,0.16971940795580545,0.20957395434379578,0.1983761489391327,0.1950964853167534,0.22723400592803955
transformer,2,ensemble,train_072,4,0.5015223821004232,0.23043999075889587,0.15453049540519714,0.04431831588347753,0.0691888549675544
transformer,2,ensemble,train_073,2,0.14801685263713202,0.17951442301273346,0.23414888978004456,0.2270988722642263,0.21122094988822937
transformer,2,ensemble,train_074,3,0.30274059375127155,0.17199782033761343,0.31938554843266803,0.11671887834866841,0.08915714702258508
transformer,2,ensemble,train_075,2,0.13229441146055856,0.2946055779854457,0.21848711868127188,0.16296873738368353,0.19164414207140604
transformer,2,ensemble,train_076,2,0.30694029728571576,0.42631758252779645,0.09047622233629227,0.07198269541064899,0.10428314159313838
transformer,2,ensemble,train_077,3,0.14529346177975336,0.20174903670946756,0.24237151940663657,0.20627552270889282,0.20431048174699148
transformer,2,ensemble,train_078,3,0.44604456424713135,0.35291483998298645,0.10070591792464256,0.05671754106879234,0.04361714764187733
transformer,2,ensemble,train_079,2,0.256782333056132,0.29222071170806885,0.19441340366999307,0.11708789070447286,0.13949569190541902
transformer,2,ensemble,train_080,1,0.17008764172593752,0.30661605298519135,0.208458811044693,0.15923621008793512,0.1556012878815333
transformer,2,ensemble,train_081,3,0.27574116985003155,0.2341741919517517,0.3553125262260437,0.06542186935742696,0.0693502730379502
transformer,2,ensemble,train_082,3,0.1799366424481074,0.37009939551353455,0.11475500464439392,0.14806411787867546,0.18714488049348196
transformer,2,ensemble,train_083,1,0.4961198518673579,0.21239829684297243,0.12653827418883642,0.08267185557633638,0.0822717771710207
transformer,2,ensemble,train_084,5,0.1275801012913386,0.16983722895383835,0.22215060889720917,0.27635371685028076,0.20407834152380624
transformer,2,ensemble,train_085,3,0.10828030357758205,0.3136827250321706,0.2069225845237573,0.16266906758149466,0.2084453304608663
transformer,2,ensemble,train_086,2,0.37638431290785473,0.3176911373933156,0.14498370637496313,0.08009145439912875,0.08084937712798516
transformer,2,ensemble,train_087,3,0.16928725938002268,0.13669474298755327,0.17747889955838522,0.1709714519480864,0.345567653576533
transformer,2,ensemble,train_088,2,0.33623113731543225,0.34909693400065106,0.13897912700970969,0.0871783047914505,0.0885144757727782
transformer,2,ensemble,train_089,2,0.29426969091097516,0.32654831806818646,0.11209993561108907,0.14401435106992722,0.12306769254306953
transformer,2,ensemble,train_090,4,0.15478983521461487,0.2502899020910263,0.1509946013490359,0.14940857142210007,0.2945170948902766
transformer,2,ensemble,train_091,2,0.13761867334445319,0.24336365362008414,0.31802348295847577,0.17060235887765884,0.13039184858401617
transformer,2,ensemble,train_092,2,0.14949817955493927,0.20523089170455933,0.24021888275941214,0.20278437932332358,0.2022676964600881
transformer,2,ensemble,train_093,3,0.14267375816901526,0.21931802729765573,0.1509601796666781,0.18013866245746613,0.30690938234329224
transformer,2,ensemble,train_094,3,0.4202730804681778,0.22410209476947784,0.13900723059972128,0.11207116286580761,0.10454648003603022
transformer,2,ensemble,train_095,3,0.12299436330795288,0.20471788942813873,0.23121832311153412,0.2363523691892624,0.20471704999605814
transformer,2,ensemble,train_096,2,0.13104812676707903,0.21048549314339957,0.18321158985296884,0.32872374355793,0.14653104605774084
transformer,2,ensemble,train_097,3,0.3341762622197469,0.35161640743414563,0.12827306985855103,0.09029680055876572,0.09563745247821014
transformer,2,ensemble,train_098,1,0.15001123895247778,0.20426312585671744,0.23087788124879202,0.20757266382376352,0.20727507770061493
transformer,2,ensemble,train_099,3,0.12345437705516815,0.1952876647313436,0.2255475769440333,0.24110719561576843,0.21460319062074026
transformer,2,ensemble,train_100,5,0.13615007077654204,0.1623591110110283,0.13529658441742262,0.2070409506559372,0.35915327568848926
transformer,2,ensemble,train_101,2,0.1926329086224238,0.15159725149472555,0.17631541937589645,0.15629803761839867,0.32315637171268463
transformer,2,ensemble,train_102,2,0.12325846403837204,0.17565414806207022,0.22358009219169617,0.2699788262446721,0.20752849181493124
transformer,2,ensemble,train_103,3,0.08546848843495052,0.18971780439217886,0.2403598576784134,0.329688623547554,0.15476522346337637
transformer,2,ensemble,train_104,1,0.11279345552126567,0.19215289254983267,0.37737175822257996,0.20281744500001272,0.11486447850863139
transformer,2,ensemble,train_105,4,0.14196420709292093,0.2121522476275762,0.21902834872404733,0.16293936967849731,0.26391583184401196
transformer,2,ensemble,train_106,1,0.35355599721272785,0.20092831055323282,0.2044294774532318,0.13038118928670883,0.11070507392287254
transformer,2,ensemble,train_107,3,0.24311899145444235,0.17591563363869986,0.2851232240597407,0.16095292071501413,0.1348892729729414
transformer,2,ensemble,train_108,1,0.13094726701577505,0.19961105287075043,0.3552008867263794,0.1854987492163976,0.12874202181895575
transformer,2,ensemble,train_109,3,0.20687157412370047,0.18835232903560004,0.2758888353904088,0.18580512205759683,0.1430821344256401
transformer,2,ensemble,train_110,1,0.37275204559167224,0.3698495328426361,0.10355875889460246,0.08444105957945187,0.06939858694871266
transformer,2,ensemble,train_111,3,0.19263369341691336,0.19088830053806305,0.3391673763593038,0.16180081168810526,0.11550980247557163
transformer,2,ensemble,train_112,1,0.4479784369468689,0.21816672384738922,0.13509087761243185,0.10325492266565561,0.09550900858206053
transformer,2,ensemble,train_113,3,0.14428850511709848,0.13914325833320618,0.13573196530342102,0.19068105518817902,0.3901552160580953
transformer,2,ensemble,train_114,3,0.1348466823498408,0.16712424159049988,0.2352385769287745,0.2782318741083145,0.18455861508846283
transformer,2,ensemble,train_115,3,0.16137995074192682,0.15862295776605606,0.2955009291569392,0.2577814410130183,0.12671468344827494
transformer,2,ensemble,train_116,4,0.16321982443332672,0.15414138386646906,0.2486687252918879,0.2690617193778356,0.1649083917339643
transformer,2,ensemble,train_117,1,0.3777107298374176,0.3322237879037857,0.10864587624867757,0.09366763134797414,0.0877519726442794
transformer,2,ensemble,train_118,2,0.14574969311555228,0.18945556382338205,0.22016812364260355,0.30538153648376465,0.13924513726184765
transformer,2,ensemble,train_119,2,0.11951731145381927,0.194203183054924,0.2174295336008072,0.24447692930698395,0.22437306741873422
transformer,2,ensemble,train_120,5,0.11689852923154831,0.21617123981316885,0.20207041253646216,0.19715380668640137,0.2677059918642044
transformer,3,42,train_001,2,0.6046525239944458,0.29732081294059753,0.07495316863059998,0.00973045639693737,0.01334303803741932
transformer,3,42,train_002,5,0.14021748304367065,0.21092168986797333,0.24231679737567902,0.19883978366851807,0.20770429074764252
transformer,3,42,train_003,2,0.485595166683197,0.20219555497169495,0.23399712145328522,0.03244371339678764,0.04576847702264786
transformer,3,42,train_004,4,0.1728494018316269,0.23436419665813446,0.22967801988124847,0.19059766829013824,0.17251074314117432
transformer,3,42,train_005,5,0.12597337365150452,0.24178926646709442,0.2648938000202179,0.17947612702846527,0.18786747753620148
transformer,3,42,train_006,2,0.17418713867664337,0.24015620350837708,0.2135789543390274,0.19225576519966125,0.17982199788093567
transformer,3,42,train_007,2,0.12625324726104736,0.17800866067409515,0.28972047567367554,0.24555259943008423,0.1604650616645813
transformer,3,42,train_008,5,0.21384453773498535,0.2515175938606262,0.21803222596645355,0.16538861393928528,0.1512170433998108
transformer,3,42,train_009,3,0.1850719451904297,0.23285694420337677,0.23256513476371765,0.18489761650562286,0.1646084189414978
transformer,3,42,train_010,2,0.0926697701215744,0.3041417896747589,0.21777746081352234,0.1863277554512024,0.19908322393894196
transformer,3,42,train_011,3,0.32422223687171936,0.18593136966228485,0.30042704939842224,0.08360397070646286,0.10581537336111069
transformer,3,42,train_012,5,0.3775283992290497,0.28909799456596375,0.2077866494655609,0.04707350954413414,0.07851342111825943
transformer,3,42,train_013,2,0.07903026044368744,0.19815407693386078,0.21856991946697235,0.246703639626503,0.25754210352897644
transformer,3,42,train_014,5,0.07404936850070953,0.132252499461174,0.19871489703655243,0.3669450581073761,0.22803817689418793
transformer,3,42,train_015,3,0.12084218859672546,0.31841355562210083,0.31421637535095215,0.1067386195063591,0.13978928327560425
transformer,3,42,train_016,4,0.32467523217201233,0.18968157470226288,0.3208252787590027,0.07103604078292847,0.09378188103437424
transformer,3,42,train_017,2,0.5095970034599304,0.09405818581581116,0.21939988434314728,0.09838353842496872,0.07856141030788422
transformer,3,42,train_018,5,0.1690972000360489,0.17163264751434326,0.21374937891960144,0.19932356476783752,0.2461971640586853
transformer,3,42,train_019,3,0.17304731905460358,0.3249914050102234,0.33441340923309326,0.07491755485534668,0.09263032674789429
transformer,3,42,train_020,2,0.10454937070608139,0.16272543370723724,0.19608063995838165,0.27328842878341675,0.26335611939430237
transformer,3,42,train_021,5,0.05936672165989876,0.14683187007904053,0.18479657173156738,0.3263716995716095,0.2826331555843353
transformer,3,42,train_022,4,0.38435080647468567,0.4126797914505005,0.15194031596183777,0.022266650572419167,0.028762411326169968
transformer,3,42,train_023,3,0.06069180369377136,0.19643588364124298,0.17441797256469727,0.30643320083618164,0.26202112436294556
transformer,3,42,train_024,5,0.42341849207878113,0.4265030026435852,0.12233767658472061,0.012791520915925503,0.014949314296245575
transformer,3,42,train_025,5,0.12292180955410004,0.2937524616718292,0.24942761659622192,0.16500617563724518,0.16889192163944244
transformer,3,42,train_026,3,0.19138090312480927,0.13089564442634583,0.26332706212997437,0.21250960230827332,0.20188677310943604
transformer,3,42,train_027,2,0.33797571063041687,0.3054494559764862,0.1634768694639206,0.10003511607646942,0.09306283295154572
transformer,3,42,train_028,4,0.15636169910430908,0.16286621987819672,0.2663940191268921,0.2143109291791916,0.20006713271141052
transformer,3,42,train_029,2,0.202254518866539,0.6323369145393372,0.09831929951906204,0.022173654288053513,0.04491554945707321
transformer,3,42,train_030,5,0.21901756525039673,0.1603645533323288,0.2645805776119232,0.17170263826847076,0.1843346506357193
transformer,3,42,train_031,4,0.17821067571640015,0.1232931837439537,0.23910683393478394,0.23469452559947968,0.22469483315944672
transformer,3,42,train_032,3,0.05439290404319763,0.21664054691791534,0.15636637806892395,0.25861579179763794,0.31398433446884155
transformer,3,42,train_033,1,0.5442487597465515,0.1111687421798706,0.1708574742078781,0.09177910536527634,0.08194594830274582
transformer,3,42,train_034,2,0.16611632704734802,0.22833271324634552,0.21495606005191803,0.20422449707984924,0.1863703429698944
transformer,3,42,train_035,2,0.6409648060798645,0.1810240000486374,0.10490602999925613,0.035177409648895264,0.03792767971754074
transformer,3,42,train_036,2,0.3679511845111847,0.21399396657943726,0.27633944153785706,0.05902384594082832,0.08269155770540237
transformer,3,42,train_037,2,0.2808888852596283,0.47934114933013916,0.18164245784282684,0.021690241992473602,0.03643735870718956
transformer,3,42,train_038,3,0.28238022327423096,0.08996758610010147,0.21767844259738922,0.20978987216949463,0.20018383860588074
transformer,3,42,train_039,3,0.1493876576423645,0.21146726608276367,0.22319312393665314,0.22325938940048218,0.1926925629377365
transformer,3,42,train_040,2,0.1203409805893898,0.5269614458084106,0.12835796177387238,0.08021324872970581,0.14412638545036316
transformer,3,42,train_041,3,0.18624451756477356,0.1476234346628189,0.2744302451610565,0.20106825232505798,0.1906336098909378
transformer,3,42,train_042,2,0.3468356728553772,0.1007964238524437,0.2635740041732788,0.15136392414569855,0.13742996752262115
transformer,3,42,train_043,4,0.1081877201795578,0.16659530997276306,0.2051505744457245,0.27124232053756714,0.24882405996322632
transformer,3,42,train_044,3,0.13868845999240875,0.3320241868495941,0.26511919498443604,0.13053220510482788,0.13363590836524963
transformer,3,42,train_045,3,0.1693556159734726,0.22418490052223206,0.21379055082798004,0.20453369617462158,0.1881352812051773
transformer,3,42,train_046,4,0.27646327018737793,0.17530018091201782,0.3037865459918976,0.11320316791534424,0.13124683499336243
transformer,3,42,train_047,2,0.22517801821231842,0.41527843475341797,0.29375672340393066,0.02742086723446846,0.03836594894528389
transformer,3,42,train_048,4,0.09224263578653336,0.15974566340446472,0.24655133485794067,0.3073616325855255,0.19409875571727753
transformer,3,42,train_049,2,0.13478097319602966,0.2575990557670593,0.3079374432563782,0.13633933663368225,0.163343146443367
transformer,3,42,train_050,4,0.0929073616862297,0.22240221500396729,0.23703445494174957,0.24437591433525085,0.20328007638454437
transformer,3,42,train_051,3,0.4771242141723633,0.1966090053319931,0.23690393567085266,0.03777804970741272,0.05158475413918495
transformer,3,42,train_052,3,0.17257753014564514,0.21698050200939178,0.2183472067117691,0.20592036843299866,0.1861744374036789
transformer,3,42,train_053,3,0.20146417617797852,0.4139694273471832,0.26544472575187683,0.055569518357515335,0.06355211138725281
transformer,3,42,train_054,2,0.09297331422567368,0.2293638437986374,0.23136548697948456,0.24415889382362366,0.2021385133266449
transformer,3,42,train_055,3,0.35325250029563904,0.13285914063453674,0.3150987923145294,0.09627532958984375,0.10251428186893463
transformer,3,42,train_056,1,0.19810953736305237,0.14391149580478668,0.3000585436820984,0.1873883157968521,0.17053213715553284
transformer,3,42,train_057,1,0.13841012120246887,0.20000702142715454,0.2636515200138092,0.18586915731430054,0.21206218004226685
transformer,3,42,train_058,1,0.18980325758457184,0.231099933385849,0.21331949532032013,0.18978652358055115,0.1759907454252243
transformer,3,42,train_059,2,0.04281338304281235,0.266378253698349,0.10123690962791443,0.23796354234218597,0.35160791873931885
transformer,3,42,train_060,3,0.20965884625911713,0.23750364780426025,0.20283472537994385,0.17939628660678864,0.17060653865337372
transformer,3,42,train_061,2,0.13086070120334625,0.3869660496711731,0.2847321331501007,0.07775038480758667,0.11969075351953506
transformer,3,42,train_062,3,0.15780261158943176,0.44164225459098816,0.22592726349830627,0.07486335188150406,0.09976448118686676
transformer,3,42,train_063,2,0.2107599377632141,0.6107228398323059,0.09420321881771088,0.027413737028837204,0.05690033361315727
transformer,3,42,train_064,2,0.19030271470546722,0.2447108030319214,0.22144031524658203,0.1791108101606369,0.16443531215190887
transformer,3,42,train_065,3,0.19982095062732697,0.23854286968708038,0.21921370923519135,0.17946404218673706,0.16295847296714783
transformer,3,42,train_066,2,0.17226484417915344,0.2325560599565506,0.22755447030067444,0.19404809176921844,0.17357660830020905
transformer,3,42,train_067,3,0.2165425419807434,0.21515613794326782,0.3593592345714569,0.1089186817407608,0.10002341121435165
transformer,3,42,train_068,3,0.18567422032356262,0.3358289897441864,0.35741299390792847,0.053865887224674225,0.06721790134906769
transformer,3,42,train_069,2,0.3392356336116791,0.09350836277008057,0.2233363837003708,0.17892760038375854,0.16499194502830505
transformer,3,42,train_070,2,0.4773913025856018,0.19282494485378265,0.24480818212032318,0.0357038788497448,0.04927170276641846
transformer,3,42,train_071,4,0.18512308597564697,0.21530143916606903,0.19665122032165527,0.20690234005451202,0.1960218846797943
transformer,3,42,train_072,4,0.45693254470825195,0.353694885969162,0.12913338840007782,0.022198012098670006,0.03804110735654831
transformer,3,42,train_073,2,0.05844838172197342,0.1553691029548645,0.186081200838089,0.31126415729522705,0.28883713483810425
transformer,3,42,train_074,3,0.4718521237373352,0.2369624227285385,0.22909075021743774,0.024566201493144035,0.03752846643328667
transformer,3,42,train_075,2,0.13288041949272156,0.32055458426475525,0.2330174446105957,0.1511848121881485,0.16236276924610138
transformer,3,42,train_076,2,0.30129146575927734,0.3184163570404053,0.167632594704628,0.10807851701974869,0.1045810803771019
transformer,3,42,train_077,3,0.17604269087314606,0.2326667457818985,0.22114229202270508,0.1938367784023285,0.17631155252456665
transformer,3,42,train_078,3,0.1397952139377594,0.6990261077880859,0.11427753418684006,0.020972786471247673,0.02592838741838932
transformer,3,42,train_079,2,0.24462482333183289,0.28452131152153015,0.21145591139793396,0.1341264843940735,0.12527145445346832
transformer,3,42,train_080,1,0.2423052340745926,0.2763431966304779,0.18750527501106262,0.1475859433412552,0.14626038074493408
transformer,3,42,train_081,3,0.4909355640411377,0.23582527041435242,0.21592286229133606,0.022761346772313118,0.03455497324466705
transformer,3,42,train_082,3,0.14265303313732147,0.4914582669734955,0.12960109114646912,0.08660943061113358,0.14967818558216095
transformer,3,42,train_083,1,0.6717065572738647,0.24181035161018372,0.060375481843948364,0.010923084802925587,0.015184527263045311
transformer,3,42,train_084,5,0.07921099662780762,0.2068076878786087,0.21448491513729095,0.2789928615093231,0.2205035388469696
transformer,3,42,train_085,3,0.1315508335828781,0.244604229927063,0.24056755006313324,0.18187470734119415,0.20140263438224792
transformer,3,42,train_086,2,0.6368951201438904,0.27081578969955444,0.06718598306179047,0.010544347576797009,0.014558791182935238
transformer,3,42,train_087,3,0.18387852609157562,0.2126016467809677,0.20725829899311066,0.2062111347913742,0.19005036354064941
transformer,3,42,train_088,2,0.24470894038677216,0.3122185468673706,0.25814369320869446,0.08707264065742493,0.09785619378089905
transformer,3,42,train_089,2,0.37534299492836,0.12394799292087555,0.20470641553401947,0.14188329875469208,0.1541193574666977
transformer,3,42,train_090,4,0.31027328968048096,0.12031218409538269,0.20147518813610077,0.1716582328081131,0.1962810754776001
transformer,3,42,train_091,2,0.19551244378089905,0.17059192061424255,0.3057563304901123,0.1662473976612091,0.16189193725585938
transformer,3,42,train_092,2,0.14351263642311096,0.19949251413345337,0.28151872754096985,0.19272147119045258,0.18275465071201324
transformer,3,42,train_093,3,0.0315767340362072,0.320125013589859,0.1074540913105011,0.20884692668914795,0.33199721574783325
transformer,3,42,train_094,3,0.2648662030696869,0.2786981165409088,0.18618243932724,0.1360124945640564,0.1342407464981079
transformer,3,42,train_095,3,0.1370357722043991,0.182046577334404,0.2557500898838043,0.21254898607730865,0.2126186043024063
transformer,3,42,train_096,2,0.1287052184343338,0.19156908988952637,0.24076694250106812,0.21145625412464142,0.22750255465507507
transformer,3,42,train_097,3,0.39819034934043884,0.4513610303401947,0.10846607387065887,0.01478816568851471,0.02719441056251526
transformer,3,42,train_098,1,0.10290955752134323,0.20518581569194794,0.2313561588525772,0.2602572739124298,0.20029115676879883
transformer,3,42,train_099,3,0.14016486704349518,0.17506512999534607,0.256961464881897,0.22767385840415955,0.20013466477394104
transformer,3,42,train_100,5,0.026352517306804657,0.3238532245159149,0.08798262476921082,0.2028750479221344,0.35893651843070984
transformer,3,42,train_101,2,0.18250297009944916,0.22635413706302643,0.21426990628242493,0.19712768495082855,0.17974533140659332
transformer,3,42,train_102,2,0.09783328324556351,0.1536395102739334,0.17896050214767456,0.28531309962272644,0.28425362706184387
transformer,3,42,train_103,3,0.14567913115024567,0.2109360694885254,0.2732400894165039,0.19069483876228333,0.1794499009847641
transformer,3,42,train_104,1,0.18865858018398285,0.25616514682769775,0.36483293771743774,0.0979507565498352,0.09239260107278824
transformer,3,42,train_105,4,0.2201530784368515,0.24825221300125122,0.19820131361484528,0.17017538845539093,0.16321805119514465
transformer,3,42,train_106,1,0.27997684478759766,0.2630501687526703,0.17711102962493896,0.14115238189697266,0.13870961964130402
transformer,3,42,train_107,3,0.22479017078876495,0.4061947762966156,0.24525760114192963,0.0568615086376667,0.0668959692120552
transformer,3,42,train_108,1,0.11430519074201584,0.1588597297668457,0.2743919789791107,0.2750595808029175,0.17738349735736847
transformer,3,42,train_109,3,0.2351212352514267,0.12824752926826477,0.28041431307792664,0.18482673168182373,0.17139017581939697
transformer,3,42,train_110,1,0.3980301320552826,0.4462287425994873,0.09045183658599854,0.023907413706183434,0.04138190299272537
transformer,3,42,train_111,3,0.21306851506233215,0.40014952421188354,0.2485288679599762,0.06323499977588654,0.07501812279224396
transformer,3,42,train_112,1,0.5359524488449097,0.3456003665924072,0.10297410935163498,0.00704073766246438,0.008432245813310146
transformer,3,42,train_113,3,0.19313442707061768,0.23935440182685852,0.23145289719104767,0.15865522623062134,0.1774030178785324
transformer,3,42,train_114,3,0.1174951121211052,0.14896057546138763,0.19802513718605042,0.2953236997127533,0.24019549787044525
transformer,3,42,train_115,3,0.14648015797138214,0.1798652708530426,0.2622961699962616,0.21093739569187164,0.20042096078395844
transformer,3,42,train_116,4,0.16103802621364594,0.15706110000610352,0.25565794110298157,0.2456078827381134,0.18063509464263916
transformer,3,42,train_117,1,0.41479700803756714,0.4425351619720459,0.09686896950006485,0.021228376775979996,0.024570481851696968
transformer,3,42,train_118,2,0.13449303805828094,0.18306270241737366,0.242747500538826,0.2174961268901825,0.22220070660114288
transformer,3,42,train_119,2,0.07508254051208496,0.23934784531593323,0.21188832819461823,0.24998140335083008,0.22369979321956635
transformer,3,42,train_120,5,0.18042108416557312,0.24074380099773407,0.22678636014461517,0.18504835665225983,0.16700032353401184
transformer,3,7,train_001,2,0.6678921580314636,0.18065528571605682,0.09556915611028671,0.031045475974678993,0.024837898090481758
transformer,3,7,train_002,5,0.20621268451213837,0.1921808421611786,0.23506303131580353,0.1849665641784668,0.1815769225358963
transformer,3,7,train_003,2,0.3987187445163727,0.017006518319249153,0.5744007229804993,0.00764398742467165,0.0022299785632640123
transformer,3,7,train_004,4,0.19334669411182404,0.219990536570549,0.22448088228702545,0.18302249908447266,0.17915938794612885
transformer,3,7,train_005,5,0.07225151360034943,0.13667279481887817,0.3478878438472748,0.36489731073379517,0.07829051464796066
transformer,3,7,train_006,2,0.1958075910806656,0.21897664666175842,0.2244715839624405,0.18327558040618896,0.17746861279010773
transformer,3,7,train_007,2,0.10190126299858093,0.22411727905273438,0.20072777569293976,0.284297913312912,0.18895579874515533
transformer,3,7,train_008,5,0.1976431906223297,0.2167433202266693,0.22765737771987915,0.18105563521385193,0.17690055072307587
transformer,3,7,train_009,3,0.1931028515100479,0.21828947961330414,0.22548343241214752,0.18298329412937164,0.18014100193977356
transformer,3,7,train_010,2,0.09347806870937347,0.2844247817993164,0.11481563001871109,0.2258388251066208,0.28144267201423645
transformer,3,7,train_011,3,0.1144651249051094,0.0361190140247345,0.7697925567626953,0.07747595012187958,0.0021473041269928217
transformer,3,7,train_012,5,0.852939248085022,0.04651148244738579,0.09766754508018494,0.000938204990234226,0.0019435043213889003
transformer,3,7,train_013,2,0.003351607359945774,0.03831704333424568,0.19889919459819794,0.7543818354606628,0.005050321109592915
transformer,3,7,train_014,5,0.09240393340587616,0.2839662432670593,0.12230227887630463,0.25217190384864807,0.24915564060211182
transformer,3,7,train_015,3,0.12473772466182709,0.27789968252182007,0.10821813344955444,0.17727826535701752,0.31186622381210327
transformer,3,7,train_016,4,0.6967816948890686,0.01025658193975687,0.28965529799461365,0.0015762313269078732,0.0017301595071330667
transformer,3,7,train_017,2,0.22470144927501678,0.18340669572353363,0.2363969385623932,0.17612430453300476,0.17937061190605164
transformer,3,7,train_018,5,0.21802416443824768,0.1915847659111023,0.2348065823316574,0.17390626668930054,0.18167822062969208
transformer,3,7,train_019,3,0.0883876159787178,0.22792044281959534,0.25833529233932495,0.3332695960998535,0.09208707511425018
transformer,3,7,train_020,2,0.06649564206600189,0.20283198356628418,0.09162507951259613,0.2725374400615692,0.3665098547935486
transformer,3,7,train_021,5,0.0038251010701060295,0.03954378515481949,0.18223106861114502,0.7704159021377563,0.003984150476753712
transformer,3,7,train_022,4,0.08533849567174911,0.24497130513191223,0.07652921974658966,0.288349449634552,0.3048115670681
transformer,3,7,train_023,3,0.09190482646226883,0.2997671663761139,0.09117305278778076,0.2170557677745819,0.3000992238521576
transformer,3,7,train_024,5,0.455102801322937,0.37843143939971924,0.11947625875473022,0.023371277377009392,0.023618213832378387
transformer,3,7,train_025,5,0.15264463424682617,0.22392362356185913,0.2053212970495224,0.19336648285388947,0.22474391758441925
transformer,3,7,train_026,3,0.20479898154735565,0.18962207436561584,0.2360536903142929,0.18441200256347656,0.1851133406162262
transformer,3,7,train_027,2,0.2093839794397354,0.2124900072813034,0.23495632410049438,0.17758139967918396,0.16558828949928284
transformer,3,7,train_028,4,0.20133298635482788,0.19080981612205505,0.2364899218082428,0.18760211765766144,0.18376515805721283
transformer,3,7,train_029,2,0.010699777863919735,0.9519080519676208,0.009172040037810802,0.02569643221795559,0.002523684874176979
transformer,3,7,train_030,5,0.21454104781150818,0.1910097897052765,0.23434342443943024,0.17968137562274933,0.18042442202568054
transformer,3,7,train_031,4,0.2039310783147812,0.19043634831905365,0.2353726029396057,0.18368865549564362,0.18657135963439941
transformer,3,7,train_032,3,0.03579103201627731,0.042322009801864624,0.05609309300780296,0.060240354388952255,0.8055534958839417
transformer,3,7,train_033,1,0.23357714712619781,0.17926591634750366,0.23823446035385132,0.1686970442533493,0.1802254170179367
transformer,3,7,train_034,2,0.19357427954673767,0.21822957694530487,0.22363635897636414,0.18416859209537506,0.18039119243621826
transformer,3,7,train_035,2,0.24022415280342102,0.17708997428417206,0.23883239924907684,0.16569136083126068,0.1781621277332306
transformer,3,7,train_036,2,0.17203845083713531,0.02777932770550251,0.7594102621078491,0.03840864449739456,0.0023633164819329977
transformer,3,7,train_037,2,0.10196167230606079,0.3027360737323761,0.09904146939516068,0.23169077932834625,0.26457005739212036
transformer,3,7,train_038,3,0.2169974446296692,0.18454241752624512,0.23690995573997498,0.17416179180145264,0.1873883306980133
transformer,3,7,train_039,3,0.1560269296169281,0.15703728795051575,0.2796320617198944,0.2489130049943924,0.15839076042175293
transformer,3,7,train_040,2,0.10630980134010315,0.37069883942604065,0.04877910017967224,0.22948245704174042,0.24472974240779877
transformer,3,7,train_041,3,0.20422537624835968,0.18843990564346313,0.23693479597568512,0.18604351580142975,0.1843564510345459
transformer,3,7,train_042,2,0.21915990114212036,0.18792562186717987,0.235731303691864,0.17858143150806427,0.17860178649425507
transformer,3,7,train_043,4,0.06882479041814804,0.1989857405424118,0.17766188085079193,0.3731306493282318,0.1813969910144806
transformer,3,7,train_044,3,0.229154571890831,0.09834235906600952,0.40777987241744995,0.19307203590869904,0.07165113091468811
transformer,3,7,train_045,3,0.1946215182542801,0.21799953281879425,0.224152073264122,0.18344171345233917,0.1797851324081421
transformer,3,7,train_046,4,0.008370401337742805,0.027943890541791916,0.375931978225708,0.5847623944282532,0.0029913405887782574
transformer,3,7,train_047,2,0.17263352870941162,0.21612322330474854,0.38527780771255493,0.1887073814868927,0.03725806251168251
transformer,3,7,train_048,4,0.09563431888818741,0.2699092924594879,0.16031044721603394,0.27044710516929626,0.20369881391525269
transformer,3,7,train_049,2,0.06484367698431015,0.14138078689575195,0.2846791446208954,0.4066522419452667,0.10244423151016235
transformer,3,7,train_050,4,0.09260671585798264,0.2396077662706375,0.18291310966014862,0.2961162328720093,0.18875621259212494
transformer,3,7,train_051,3,0.49481239914894104,0.015893789008259773,0.4818483889102936,0.0053808242082595825,0.00206457800231874
transformer,3,7,train_052,3,0.19285476207733154,0.21729400753974915,0.2241460531949997,0.18334177136421204,0.1823633909225464
transformer,3,7,train_053,3,0.32730743288993835,0.09631393104791641,0.38765451312065125,0.1300611048936844,0.05866307392716408
transformer,3,7,train_054,2,0.10570068657398224,0.18015052378177643,0.2543524503707886,0.3120279014110565,0.14776846766471863
transformer,3,7,train_055,3,0.08813982456922531,0.022792795673012733,0.7807590365409851,0.1063016876578331,0.00200667860917747
transformer,3,7,train_056,1,0.20372700691223145,0.19127699732780457,0.23556366562843323,0.18603722751140594,0.18339510262012482
transformer,3,7,train_057,1,0.05766453966498375,0.05484640598297119,0.651539146900177,0.23209534585475922,0.0038545317947864532
transformer,3,7,train_058,1,0.19558416306972504,0.21712984144687653,0.22574202716350555,0.18257281184196472,0.17897118628025055
transformer,3,7,train_059,2,0.04718451574444771,0.4685457944869995,0.05185408890247345,0.19727425277233124,0.2351413369178772
transformer,3,7,train_060,3,0.19628049433231354,0.2165571004152298,0.22668308019638062,0.18047836422920227,0.18000097572803497
transformer,3,7,train_061,2,0.06988078355789185,0.16590404510498047,0.07351674884557724,0.1919379085302353,0.4987604320049286
transformer,3,7,train_062,3,0.10085610300302505,0.2901616394519806,0.09995205700397491,0.19541770219802856,0.3136124908924103
transformer,3,7,train_063,2,0.07258450984954834,0.883145809173584,0.028093628585338593,0.012769531458616257,0.0034065840300172567
transformer,3,7,train_064,2,0.19532085955142975,0.2183513641357422,0.22599874436855316,0.18233433365821838,0.17799469828605652
transformer,3,7,train_065,3,0.19505564868450165,0.21642816066741943,0.22640368342399597,0.18263190984725952,0.1794806271791458
transformer,3,7,train_066,2,0.19269916415214539,0.2184797078371048,0.2239716649055481,0.18405820429325104,0.18079131841659546
transformer,3,7,train_067,3,0.12779556214809418,0.11605668812990189,0.4749642610549927,0.25655099749565125,0.02463238127529621
transformer,3,7,train_068,3,0.09575483202934265,0.12945161759853363,0.4194003641605377,0.32264888286590576,0.0327443964779377
transformer,3,7,train_069,2,0.2176145613193512,0.18459753692150116,0.23634958267211914,0.1751476228237152,0.18629063665866852
transformer,3,7,train_070,2,0.49041154980659485,0.014733104035258293,0.4883303940296173,0.004714779555797577,0.0018102311296388507
transformer,3,7,train_071,4,0.19332973659038544,0.21562133729457855,0.22462980449199677,0.18144497275352478,0.18497414886951447
transformer,3,7,train_072,4,0.8812012076377869,0.012007146142423153,0.10356519371271133,0.0006023154710419476,0.002624185523018241
transformer,3,7,train_073,2,0.01046916376799345,0.09945432841777802,0.28047943115234375,0.6005136370658875,0.009083453565835953
transformer,3,7,train_074,3,0.5197718739509583,0.015245405025780201,0.4584701955318451,0.004457204602658749,0.0020553588401526213
transformer,3,7,train_075,2,0.1481928527355194,0.25051793456077576,0.13055093586444855,0.16764847934246063,0.30308985710144043
transformer,3,7,train_076,2,0.20888970792293549,0.21442455053329468,0.2342851459980011,0.17770645022392273,0.1646941900253296
transformer,3,7,train_077,3,0.19499103724956512,0.21800056099891663,0.22512289881706238,0.1832067221403122,0.1786787360906601
transformer,3,7,train_078,3,0.22730764746665955,0.1936613917350769,0.23304827511310577,0.18004801869392395,0.16593463718891144
transformer,3,7,train_079,2,0.20086172223091125,0.219094917178154,0.2298470437526703,0.1776907742023468,0.17250557243824005
transformer,3,7,train_080,1,0.2020757645368576,0.2164151817560196,0.22992394864559174,0.1783033311367035,0.1732816845178604
transformer,3,7,train_081,3,0.580333948135376,0.014200376346707344,0.40040120482444763,0.003050298197194934,0.0020141559652984142
transformer,3,7,train_082,3,0.10467267036437988,0.3583424985408783,0.050860367715358734,0.22183391451835632,0.26429057121276855
transformer,3,7,train_083,1,0.6746029257774353,0.1812485009431839,0.08683706074953079,0.032467398792505264,0.02484404295682907
transformer,3,7,train_084,5,0.09541872888803482,0.2874361276626587,0.12108636647462845,0.24353675544261932,0.2525220215320587
transformer,3,7,train_085,3,0.20985408127307892,0.18988211452960968,0.23638634383678436,0.17998386919498444,0.183893620967865
transformer,3,7,train_086,2,0.46980464458465576,0.3450687527656555,0.06810491532087326,0.0641484335064888,0.05287321284413338
transformer,3,7,train_087,3,0.19275638461112976,0.21598927676677704,0.22455158829689026,0.18271119892597198,0.18399158120155334
transformer,3,7,train_088,2,0.22019268572330475,0.19171954691410065,0.23453877866268158,0.17694103717803955,0.1766078770160675
transformer,3,7,train_089,2,0.22746972739696503,0.1810014694929123,0.2384461760520935,0.17114406824111938,0.1819385439157486
transformer,3,7,train_090,4,0.22449061274528503,0.18782874941825867,0.23513363301753998,0.1724383682012558,0.18010859191417694
transformer,3,7,train_091,2,0.20819781720638275,0.1899714469909668,0.23590658605098724,0.18592692911624908,0.17999723553657532
transformer,3,7,train_092,2,0.0616360604763031,0.12985147535800934,0.3152824342250824,0.4235888421535492,0.06964121013879776
transformer,3,7,train_093,3,0.013274148106575012,0.0720364972949028,0.030360599979758263,0.12361591309309006,0.7607129216194153
transformer,3,7,train_094,3,0.2031232863664627,0.2141198366880417,0.2305462509393692,0.17908334732055664,0.17312724888324738
transformer,3,7,train_095,3,0.20198412239551544,0.19215866923332214,0.23529131710529327,0.18749023973941803,0.18307556211948395
transformer,3,7,train_096,2,0.0667416974902153,0.15986797213554382,0.15485763549804688,0.3351913094520569,0.2833414375782013
transformer,3,7,train_097,3,0.9179719090461731,0.015458455309271812,0.06448623538017273,0.00031156541081145406,0.0017717595910653472
transformer,3,7,train_098,1,0.10186677426099777,0.26270753145217896,0.126364067196846,0.23384861648082733,0.27521300315856934
transformer,3,7,train_099,3,0.06406276673078537,0.169372096657753,0.08852162957191467,0.26810961961746216,0.409933865070343
transformer,3,7,train_100,5,0.02338193543255329,0.01832668110728264,0.052898991852998734,0.10554835945367813,0.7998440861701965
transformer,3,7,train_101,2,0.19363737106323242,0.217377707362175,0.22511190176010132,0.18225668370723724,0.18161636590957642
transformer,3,7,train_102,2,0.05536152794957161,0.14990200102329254,0.06888451427221298,0.24239031970500946,0.4834616482257843
transformer,3,7,train_103,3,0.084514319896698,0.2064458578824997,0.11816493421792984,0.2411869615316391,0.3496878743171692
transformer,3,7,train_104,1,0.06765024363994598,0.1027018278837204,0.3891445994377136,0.40566200017929077,0.03484130650758743
transformer,3,7,train_105,4,0.19889912009239197,0.21483489871025085,0.2278997302055359,0.18131448328495026,0.17705178260803223
transformer,3,7,train_106,1,0.2018813043832779,0.21252016723155975,0.23080721497535706,0.17863798141479492,0.17615331709384918
transformer,3,7,train_107,3,0.35430818796157837,0.0996016189455986,0.36658114194869995,0.11914986371994019,0.06035925820469856
transformer,3,7,train_108,1,0.12214537709951401,0.17211949825286865,0.28073787689208984,0.28169792890548706,0.14329928159713745
transformer,3,7,train_109,3,0.20882871747016907,0.1872946321964264,0.23712152242660522,0.18205466866493225,0.18470044434070587
transformer,3,7,train_110,1,0.020145343616604805,0.9336511492729187,0.014131281524896622,0.029089592397212982,0.0029827181715518236
transformer,3,7,train_111,3,0.2664210796356201,0.11490677297115326,0.36890873312950134,0.16637207567691803,0.08339133113622665
transformer,3,7,train_112,1,0.6094471216201782,0.22150075435638428,0.1436970829963684,0.01638191007077694,0.008973152376711369
transformer,3,7,train_113,3,0.061955273151397705,0.12080460786819458,0.07025649398565292,0.19991758465766907,0.5470660328865051
transformer,3,7,train_114,3,0.06334751844406128,0.15756963193416595,0.26508212089538574,0.4297132194042206,0.08428751677274704
transformer,3,7,train_115,3,0.20131564140319824,0.19076411426067352,0.2363375425338745,0.18730002641677856,0.18428266048431396
transformer,3,7,train_116,4,0.05132727324962616,0.10621456056833267,0.3211630880832672,0.4669457674026489,0.05434936657547951
transformer,3,7,train_117,1,0.2436056137084961,0.17826572060585022,0.23688830435276031,0.1691194325685501,0.17212095856666565
transformer,3,7,train_118,2,0.20196814835071564,0.19250236451625824,0.23507842421531677,0.18705540895462036,0.18339569866657257
transformer,3,7,train_119,2,0.09068834781646729,0.2880295217037201,0.10621511191129684,0.2262219339609146,0.2888450622558594
transformer,3,7,train_120,5,0.19564278423786163,0.21821345388889313,0.22581519186496735,0.1822948455810547,0.1780337244272232
transformer,3,123,train_001,2,0.593451738357544,0.3165203630924225,0.05106817185878754,0.018269674852490425,0.02068997733294964
transformer,3,123,train_002,5,0.16049809753894806,0.20124384760856628,0.23060090839862823,0.20485299825668335,0.20280417799949646
transformer,3,123,train_003,2,0.5216176509857178,0.11111514270305634,0.2971610128879547,0.03449030965566635,0.03561583533883095
transformer,3,123,train_004,4,0.13206076622009277,0.24344967305660248,0.3370020389556885,0.15299594402313232,0.13449159264564514
transformer,3,123,train_005,5,0.1460985392332077,0.2018147110939026,0.22548410296440125,0.23270630836486816,0.1938963234424591
transformer,3,123,train_006,2,0.08430887758731842,0.22087015211582184,0.2411825805902481,0.22737762331962585,0.22626079618930817
transformer,3,123,train_007,2,0.08502671867609024,0.20011025667190552,0.225899338722229,0.27607160806655884,0.21289214491844177
transformer,3,123,train_008,5,0.15317025780677795,0.23583313822746277,0.3413635790348053,0.1313847154378891,0.13824830949306488
transformer,3,123,train_009,3,0.17751507461071014,0.23588471114635468,0.3735540807247162,0.11611249297857285,0.09693365544080734
transformer,3,123,train_010,2,0.0811668336391449,0.2091771364212036,0.20650658011436462,0.2588905096054077,0.24425888061523438
transformer,3,123,train_011,3,0.1766175627708435,0.12162148952484131,0.44565388560295105,0.15837720036506653,0.0977298691868782
transformer,3,123,train_012,5,0.5070863962173462,0.18267200887203217,0.20878656208515167,0.04165417701005936,0.05980084091424942
transformer,3,123,train_013,2,0.0283624529838562,0.14530128240585327,0.18695352971553802,0.42126038670539856,0.21812231838703156
transformer,3,123,train_014,5,0.07506202161312103,0.1865154653787613,0.21354544162750244,0.3053012788295746,0.21957579255104065
transformer,3,123,train_015,3,0.15960533916950226,0.21224473416805267,0.23198997974395752,0.21019509434700012,0.18596486747264862
transformer,3,123,train_016,4,0.19202309846878052,0.12718774378299713,0.42360061407089233,0.1384953409433365,0.11869318783283234
transformer,3,123,train_017,2,0.27136510610580444,0.26779764890670776,0.16488750278949738,0.15084849298000336,0.14510123431682587
transformer,3,123,train_018,5,0.1939055621623993,0.26236245036125183,0.17606142163276672,0.17698639631271362,0.1906842142343521
transformer,3,123,train_019,3,0.15108564496040344,0.20470499992370605,0.23041889071464539,0.22399349510669708,0.18979701399803162
transformer,3,123,train_020,2,0.14638085663318634,0.20146572589874268,0.22985677421092987,0.22782933712005615,0.19446730613708496
transformer,3,123,train_021,5,0.036151718348264694,0.09861493110656738,0.21576739847660065,0.4710373878479004,0.17842857539653778
transformer,3,123,train_022,4,0.1997775286436081,0.23531877994537354,0.21256253123283386,0.18641376495361328,0.16592742502689362
transformer,3,123,train_023,3,0.07059669494628906,0.19837240874767303,0.20045749843120575,0.29707786440849304,0.2334955483675003
transformer,3,123,train_024,5,0.19409005343914032,0.23744094371795654,0.20964981615543365,0.1938769817352295,0.1649421900510788
transformer,3,123,train_025,5,0.10559955984354019,0.23923100531101227,0.21955335140228271,0.188874751329422,0.24674135446548462
transformer,3,123,train_026,3,0.13583505153656006,0.16838189959526062,0.24163880944252014,0.24580180644989014,0.2083425223827362
transformer,3,123,train_027,2,0.21700778603553772,0.3625662624835968,0.11668436974287033,0.14066718518733978,0.16307437419891357
transformer,3,123,train_028,4,0.1312246024608612,0.17121726274490356,0.239375501871109,0.2487260401248932,0.2094566524028778
transformer,3,123,train_029,2,0.33967188000679016,0.5663137435913086,0.05046122893691063,0.024500936269760132,0.019052179530262947
transformer,3,123,train_030,5,0.18324141204357147,0.222367063164711,0.20382390916347504,0.19063754379749298,0.19993005692958832
transformer,3,123,train_031,4,0.12999673187732697,0.16729266941547394,0.237824484705925,0.2531757056713104,0.21171042323112488
transformer,3,123,train_032,3,0.020869335159659386,0.1588214486837387,0.14549024403095245,0.39406460523605347,0.2807543873786926
transformer,3,123,train_033,1,0.2887677848339081,0.29387739300727844,0.1428951770067215,0.14171022176742554,0.13274945318698883
transformer,3,123,train_034,2,0.07051830738782883,0.19118241965770721,0.2012641280889511,0.25701186060905457,0.2800232768058777
transformer,3,123,train_035,2,0.33819276094436646,0.39010870456695557,0.07817371189594269,0.10336804389953613,0.09015672653913498
transformer,3,123,train_036,2,0.3107062578201294,0.11220014095306396,0.4453476667404175,0.07227472960948944,0.059471212327480316
transformer,3,123,train_037,2,0.22527173161506653,0.24718061089515686,0.20704293251037598,0.16238205134868622,0.15812256932258606
transformer,3,123,train_038,3,0.15556560456752777,0.1813114732503891,0.22964048385620117,0.23015347123146057,0.20332902669906616
transformer,3,123,train_039,3,0.08981172740459442,0.2004414200782776,0.193826362490654,0.2551874816417694,0.2607330083847046
transformer,3,123,train_040,2,0.22942934930324554,0.393499493598938,0.12506923079490662,0.08597543090581894,0.16602648794651031
transformer,3,123,train_041,3,0.1391514390707016,0.17132806777954102,0.24558378756046295,0.2374725490808487,0.20646408200263977
transformer,3,123,train_042,2,0.2262897491455078,0.24837608635425568,0.18441890180110931,0.16899655759334564,0.17191866040229797
transformer,3,123,train_043,4,0.14120064675807953,0.19607006013393402,0.22807903587818146,0.23694196343421936,0.19770821928977966
transformer,3,123,train_044,3,0.08456693589687347,0.20503833889961243,0.21998518705368042,0.2660464346408844,0.2243630737066269
transformer,3,123,train_045,3,0.08544085919857025,0.19198136031627655,0.22123053669929504,0.2510643005371094,0.2502829432487488
transformer,3,123,train_046,4,0.07349983602762222,0.1065237894654274,0.3413451611995697,0.3417222499847412,0.13690896332263947
transformer,3,123,train_047,2,0.15612664818763733,0.20701994001865387,0.2301499843597412,0.2211197018623352,0.18558369576931
transformer,3,123,train_048,4,0.07884079962968826,0.1916152983903885,0.2190660983324051,0.3023242950439453,0.20815350115299225
transformer,3,123,train_049,2,0.14938737452030182,0.19900181889533997,0.22958102822303772,0.22760239243507385,0.1944274604320526
transformer,3,123,train_050,4,0.08651305735111237,0.21973910927772522,0.21902942657470703,0.23157845437526703,0.24313999712467194
transformer,3,123,train_051,3,0.4856150150299072,0.11369127780199051,0.31926995515823364,0.04179428890347481,0.03962945193052292
transformer,3,123,train_052,3,0.11374089121818542,0.18207156658172607,0.24092380702495575,0.24813304841518402,0.21513071656227112
transformer,3,123,train_053,3,0.11545699834823608,0.24405737221240997,0.2460806518793106,0.18514026701450348,0.20926468074321747
transformer,3,123,train_054,2,0.07370688766241074,0.19911789894104004,0.20540280640125275,0.2973107397556305,0.2244616448879242
transformer,3,123,train_055,3,0.15988202393054962,0.07047251611948013,0.47252586483955383,0.208276629447937,0.0888429805636406
transformer,3,123,train_056,1,0.13984188437461853,0.16836950182914734,0.24852651357650757,0.23725859820842743,0.20600350201129913
transformer,3,123,train_057,1,0.03200427070260048,0.14723144471645355,0.2016078531742096,0.4030910134315491,0.2160654366016388
transformer,3,123,train_058,1,0.1170121356844902,0.19601477682590485,0.26530998945236206,0.21338672935962677,0.20827637612819672
transformer,3,123,train_059,2,0.06992457062005997,0.3485286831855774,0.12264052778482437,0.22489425539970398,0.2340119630098343
transformer,3,123,train_060,3,0.1295197457075119,0.2230168879032135,0.28246334195137024,0.17155762016773224,0.1934424340724945
transformer,3,123,train_061,2,0.16021621227264404,0.21164081990718842,0.227427676320076,0.21363089978694916,0.1870843470096588
transformer,3,123,train_062,3,0.11065812408924103,0.2387150675058365,0.22783802449703217,0.20033946633338928,0.22244924306869507
transformer,3,123,train_063,2,0.1830093413591385,0.6824034452438354,0.04747729003429413,0.04328092187643051,0.0438290499150753
transformer,3,123,train_064,2,0.11577973514795303,0.24097737669944763,0.3089737892150879,0.1620890349149704,0.17218002676963806
transformer,3,123,train_065,3,0.19394752383232117,0.25897857546806335,0.4035623371601105,0.07109372317790985,0.07241787761449814
transformer,3,123,train_066,2,0.12982605397701263,0.2621951401233673,0.34026944637298584,0.1400252878665924,0.1276841163635254
transformer,3,123,train_067,3,0.1497688740491867,0.2050890475511551,0.2277304232120514,0.2316080927848816,0.1858035773038864
transformer,3,123,train_068,3,0.14788351953029633,0.19975945353507996,0.2295050472021103,0.2312125861644745,0.19163939356803894
transformer,3,123,train_069,2,0.17613886296749115,0.2048865258693695,0.2156943529844284,0.20793743431568146,0.1953427642583847
transformer,3,123,train_070,2,0.49706894159317017,0.11101172864437103,0.31853896379470825,0.0370965413749218,0.03628380969166756
transformer,3,123,train_071,4,0.0615110769867897,0.12658622860908508,0.1474238634109497,0.2912357449531555,0.373243123292923
transformer,3,123,train_072,4,0.672489583492279,0.16253386437892914,0.11535897850990295,0.02189759537577629,0.02772001549601555
transformer,3,123,train_073,2,0.03316657617688179,0.1133783608675003,0.19871272146701813,0.4484955966472626,0.20624679327011108
transformer,3,123,train_074,3,0.5483651161193848,0.13145264983177185,0.26314911246299744,0.027316084131598473,0.02971702627837658
transformer,3,123,train_075,2,0.11192850023508072,0.2859386205673218,0.18564531207084656,0.155953511595726,0.26053404808044434
transformer,3,123,train_076,2,0.1467992514371872,0.39589133858680725,0.13715682923793793,0.13520054519176483,0.18495209515094757
transformer,3,123,train_077,3,0.1093176081776619,0.23383565247058868,0.29277774691581726,0.18461506068706512,0.17945395410060883
transformer,3,123,train_078,3,0.3107641339302063,0.3957999050617218,0.09132091701030731,0.10332890599966049,0.0987861379981041
transformer,3,123,train_079,2,0.18048039078712463,0.27851083874702454,0.35440051555633545,0.07413418591022491,0.11247414350509644
transformer,3,123,train_080,1,0.08719243854284286,0.22869880497455597,0.19927510619163513,0.17958953976631165,0.3052440285682678
transformer,3,123,train_081,3,0.5653814673423767,0.13391071557998657,0.24690058827400208,0.02554076723754406,0.02826649881899357
transformer,3,123,train_082,3,0.2801160514354706,0.4067946970462799,0.10928145796060562,0.07442528009414673,0.12938255071640015
transformer,3,123,train_083,1,0.6521084308624268,0.258577823638916,0.04411142319440842,0.02174321934580803,0.023459050804376602
transformer,3,123,train_084,5,0.07389967888593674,0.19336074590682983,0.20579107105731964,0.3020312786102295,0.22491727769374847
transformer,3,123,train_085,3,0.15163372457027435,0.20017941296100616,0.22392599284648895,0.21993035078048706,0.20433054864406586
transformer,3,123,train_086,2,0.611214816570282,0.3020702302455902,0.04574014991521835,0.019148768857121468,0.021826043725013733
transformer,3,123,train_087,3,0.08731479197740555,0.14513956010341644,0.18673542141914368,0.29120123386383057,0.2896089553833008
transformer,3,123,train_088,2,0.23941253125667572,0.2911660969257355,0.16350504755973816,0.1483817994594574,0.15753453969955444
transformer,3,123,train_089,2,0.2640368938446045,0.30195382237434387,0.14134959876537323,0.14562465250492096,0.14703498780727386
transformer,3,123,train_090,4,0.2440783679485321,0.2841057777404785,0.15139414370059967,0.15603594481945038,0.16438578069210052
transformer,3,123,train_091,2,0.15843892097473145,0.1847907155752182,0.24553917348384857,0.2086743861436844,0.20255674421787262
transformer,3,123,train_092,2,0.14511661231517792,0.1998405009508133,0.2282308042049408,0.23290033638477325,0.19391174614429474
transformer,3,123,train_093,3,0.015956062823534012,0.2512246370315552,0.10436425358057022,0.2793532609939575,0.34910184144973755
transformer,3,123,train_094,3,0.30510425567626953,0.33537766337394714,0.26407185196876526,0.048127882182598114,0.047318313270807266
transformer,3,123,train_095,3,0.13534535467624664,0.17565909028053284,0.23738530278205872,0.23979651927947998,0.21181367337703705
transformer,3,123,train_096,2,0.14771468937397003,0.1989826261997223,0.22678247094154358,0.23127229511737823,0.19524787366390228
transformer,3,123,train_097,3,0.6292462348937988,0.26108473539352417,0.07331553846597672,0.01811264082789421,0.018240895122289658
transformer,3,123,train_098,1,0.07393032312393188,0.19964632391929626,0.19705629348754883,0.28839051723480225,0.24097654223442078
transformer,3,123,train_099,3,0.14029361307621002,0.19796155393123627,0.22605624794960022,0.241726815700531,0.1939617246389389
transformer,3,123,train_100,5,0.014080063439905643,0.2628113925457001,0.0871393159031868,0.25720012187957764,0.37876901030540466
transformer,3,123,train_101,2,0.09382570534944534,0.1767575442790985,0.21784690022468567,0.2523916959762573,0.25917813181877136
transformer,3,123,train_102,2,0.14394426345825195,0.19574643671512604,0.22794246673583984,0.23375242948532104,0.1986144334077835
transformer,3,123,train_103,3,0.14198537170886993,0.19955101609230042,0.2267572432756424,0.2377680540084839,0.19393837451934814
transformer,3,123,train_104,1,0.14367693662643433,0.1997467577457428,0.22843250632286072,0.2383750081062317,0.1897687315940857
transformer,3,123,train_105,4,0.17651574313640594,0.26610878109931946,0.3449396789073944,0.10235694795846939,0.11007881909608841
transformer,3,123,train_106,1,0.3508152663707733,0.28299036622047424,0.22291043400764465,0.07251764088869095,0.07076629996299744
transformer,3,123,train_107,3,0.12391749769449234,0.24286051094532013,0.23358090221881866,0.18310406804084778,0.2165369987487793
transformer,3,123,train_108,1,0.08579456061124802,0.18704605102539062,0.226130411028862,0.3005617558956146,0.20046724379062653
transformer,3,123,train_109,3,0.15089739859104156,0.18037302792072296,0.24198190867900848,0.2249668836593628,0.20178072154521942
transformer,3,123,train_110,1,0.4008934795856476,0.4862380921840668,0.04603477939963341,0.03483481705188751,0.0319988839328289
transformer,3,123,train_111,3,0.11841066926717758,0.24278858304023743,0.2282261699438095,0.18581289052963257,0.22476164996623993
transformer,3,123,train_112,1,0.21944747865200043,0.2547653615474701,0.20529448986053467,0.17527133226394653,0.14522133767604828
transformer,3,123,train_113,3,0.1592121422290802,0.2102762907743454,0.22230029106140137,0.2197442650794983,0.18846707046031952
transformer,3,123,train_114,3,0.1379634439945221,0.19514168798923492,0.2261086106300354,0.2439294308423996,0.19685687124729156
transformer,3,123,train_115,3,0.1336275190114975,0.17482271790504456,0.23840036988258362,0.2454417496919632,0.2077077031135559
transformer,3,123,train_116,4,0.13594630360603333,0.19398394227027893,0.22371165454387665,0.25089597702026367,0.19546210765838623
transformer,3,123,train_117,1,0.3444695770740509,0.4047878384590149,0.07323695719242096,0.09561796486377716,0.08188755810260773
transformer,3,123,train_118,2,0.13765443861484528,0.18313798308372498,0.23470817506313324,0.23290280997753143,0.21159660816192627
transformer,3,123,train_119,2,0.07448780536651611,0.20355623960494995,0.20941977202892303,0.2836606204509735,0.22887559235095978
transformer,3,123,train_120,5,0.12388138473033905,0.23471879959106445,0.3065960705280304,0.17008043825626373,0.16472327709197998
transformer,3,ensemble,train_001,2,0.6219988067944845,0.26483215391635895,0.07386349886655807,0.019681869074702263,0.019623637820283573
transformer,3,ensemble,train_002,5,0.16897608836491904,0.20144879321257272,0.23599357903003693,0.19621978203455606,0.1973617970943451
transformer,3,ensemble,train_003,2,0.4686438540617625,0.11010573866466682,0.3685196191072464,0.02485933682570855,0.027871430308247607
transformer,3,ensemble,train_004,4,0.16608562072118124,0.232601468761762,0.2637203137079875,0.17553870379924774,0.16205390791098276
transformer,3,ensemble,train_005,5,0.11477447549502055,0.19342559079329172,0.2794219156106313,0.2590265820423762,0.1533514385422071
transformer,3,ensemble,train_006,2,0.15143453578154245,0.22666766742865244,0.226411039630572,0.20096965630849203,0.1945171356201172
transformer,3,ensemble,train_007,2,0.10439374297857285,0.20074539879957834,0.23878253002961478,0.26864070693651837,0.18743766844272614
transformer,3,ensemble,train_008,5,0.18821932872136435,0.23469801743825278,0.262351060907046,0.1592763215303421,0.15545530120531717
transformer,3,ensemble,train_009,3,0.18522995710372925,0.22901037832101187,0.2772008826335271,0.16133113453785577,0.14722769210735956
transformer,3,ensemble,train_010,2,0.08910489082336426,0.26591456929842633,0.17969989031553268,0.22368569672107697,0.24159492552280426
transformer,3,ensemble,train_011,3,0.20510164151589075,0.11455729107062022,0.5052911639213562,0.10648570706446965,0.0685641822249939
transformer,3,ensemble,train_012,5,0.5791846811771393,0.17276049529512724,0.1714135855436325,0.02988863051480924,0.046752588784632586
transformer,3,ensemble,train_013,2,0.03691477359582981,0.1272574675579866,0.20147421459356943,0.4741152872641881,0.1602382476752003
transformer,3,ensemble,train_014,5,0.08050510783990224,0.20091140270233154,0.17818753918011984,0.3081394135951996,0.2322565366824468
transformer,3,ensemble,train_015,3,0.1350617508093516,0.2695193241039912,0.21814149618148804,0.16473732640345892,0.21254012485345206
transformer,3,ensemble,train_016,4,0.40449334184328717,0.10904196680833896,0.34469373027483624,0.0703692043510576,0.07140174279144655
transformer,3,ensemble,train_017,2,0.33522118628025055,0.18175417681535086,0.2068947752316793,0.14178544531265894,0.13434441884358725
transformer,3,ensemble,train_018,5,0.19367564221223196,0.20852662126223245,0.2082057942946752,0.18340540925661722,0.20618653297424316
transformer,3,ensemble,train_019,3,0.13750685999790827,0.2525389492511749,0.2743891974290212,0.21072688202063242,0.1248381386200587
transformer,3,ensemble,train_020,2,0.10580862313508987,0.1890077143907547,0.17252083122730255,0.25788506865501404,0.27477776010831195
transformer,3,ensemble,train_021,5,0.033114513692756496,0.0949968621134758,0.19426501293977103,0.5226083298524221,0.15501529381920895
transformer,3,ensemble,train_022,4,0.22315561026334763,0.2976566255092621,0.14701068898042044,0.16567662172019482,0.16650046780705452
transformer,3,ensemble,train_023,3,0.07439777503410976,0.23152515292167664,0.1553495079278946,0.2735222776730855,0.2652052988608678
transformer,3,ensemble,train_024,5,0.3575371156136195,0.34745846192042035,0.1504879171649615,0.07667992667605479,0.06783657272656758
transformer,3,ensemble,train_025,5,0.12705533454815546,0.2523023635149002,0.2247674216826757,0.1824158032735189,0.21345906456311545
transformer,3,ensemble,train_026,3,0.17733831206957498,0.16296653946240744,0.24700652062892914,0.21424113710721335,0.19844754536946616
transformer,3,ensemble,train_027,2,0.25478915870189667,0.29350190858046216,0.17170585443576178,0.13942790031433105,0.14057516554991403
transformer,3,ensemble,train_028,4,0.16297309597333273,0.1749644329150518,0.24741981426874796,0.2168796956539154,0.19776298105716705
transformer,3,ensemble,train_029,2,0.18420872557908297,0.7168529033660889,0.052650856164594494,0.024123674258589745,0.02216380462050438
transformer,3,ensemble,train_030,5,0.20560000836849213,0.1912471354007721,0.23424930373827615,0.18067385256290436,0.18822970986366272
transformer,3,ensemble,train_031,4,0.17071282863616943,0.16034073382616043,0.23743464052677155,0.2238529622554779,0.20765887200832367
transformer,3,ensemble,train_032,3,0.03701775707304478,0.13926133513450623,0.11931657170255978,0.23764025047421455,0.46676407257715863
transformer,3,ensemble,train_033,1,0.3555312305688858,0.19477068384488425,0.1839957038561503,0.1340621237953504,0.13164027283589044
transformer,3,ensemble,train_034,2,0.14340297132730484,0.21258156994978586,0.21328551570574442,0.2151349832614263,0.2155949374039968
transformer,3,ensemble,train_035,2,0.406460573275884,0.249407559633255,0.14063738038142523,0.10141227145989735,0.10208217799663544
transformer,3,ensemble,train_036,2,0.28356529772281647,0.11799114507933457,0.4936991234620412,0.05656907334923744,0.04817536217160523
transformer,3,ensemble,train_037,2,0.20270742972691855,0.3430859446525574,0.16257561991612116,0.13858769088983536,0.15304332847396532
transformer,3,ensemble,train_038,3,0.21831442415714264,0.15194049229224524,0.2280762940645218,0.20470171173413595,0.19696706533432007
transformer,3,ensemble,train_039,3,0.13174210488796234,0.18964865803718567,0.23221718271573386,0.24245329201221466,0.20393877724806467
transformer,3,ensemble,train_040,2,0.15202671041091284,0.4303865929444631,0.1007354309161504,0.13189037889242172,0.18496087193489075
transformer,3,ensemble,train_041,3,0.1765404442946116,0.169130469361941,0.25231627623240155,0.20819477240244547,0.19381804764270782
transformer,3,ensemble,train_042,2,0.26409510771433514,0.1790327106912931,0.2279080698887507,0.16631397108236948,0.16265013813972473
transformer,3,ensemble,train_043,4,0.10607105245192845,0.1872170368830363,0.20363049705823263,0.2937716444333394,0.20930975675582886
transformer,3,ensemble,train_044,3,0.15080332259337106,0.21180162827173868,0.29762808481852215,0.19655022521813711,0.1432167043288549
transformer,3,ensemble,train_045,3,0.14980599780877432,0.2113885978857676,0.2197243869304657,0.21301323672135672,0.2060677856206894
transformer,3,ensemble,train_046,4,0.11944450251758099,0.10325595363974571,0.3403545618057251,0.3465626041094462,0.09038237963492672
transformer,3,ensemble,train_047,2,0.18464606503645578,0.2794738660256068,0.30306150515874225,0.14574931686123213,0.08706923574209213
transformer,3,ensemble,train_048,4,0.08890591810146968,0.20709008475144705,0.20864262680212656,0.29337767759958905,0.20198369026184082
transformer,3,ensemble,train_049,2,0.11633734156688054,0.19932722051938376,0.2740658720334371,0.25686465700467426,0.15340494612852731
transformer,3,ensemble,train_050,4,0.0906757116317749,0.22724969685077667,0.21299233039220175,0.2573568671941757,0.21172542870044708
transformer,3,ensemble,train_051,3,0.4858505427837372,0.1087313573807478,0.3460074265797933,0.028317720939715702,0.03109292802400887
transformer,3,ensemble,train_052,3,0.15972439448038736,0.20544869204362234,0.22780568897724152,0.2124650627374649,0.1945561816294988
transformer,3,ensemble,train_053,3,0.21474286913871765,0.2514469102025032,0.2997266302506129,0.1235902967552344,0.11049328868587811
transformer,3,ensemble,train_054,2,0.09079362948735555,0.20287742217381796,0.23037358125050864,0.2844991783301036,0.19145620862642923
transformer,3,ensemble,train_055,3,0.20042478293180466,0.07537481747567654,0.5227945645650228,0.13695121556520462,0.06445464701391757
transformer,3,ensemble,train_056,1,0.18055947621663412,0.1678526649872462,0.26138290762901306,0.20356138050556183,0.18664358059565225
transformer,3,ensemble,train_057,1,0.07602631052335103,0.13402829070885977,0.37226617336273193,0.27368517220020294,0.14399404947956404
transformer,3,ensemble,train_058,1,0.1674665187795957,0.21474818388621011,0.23479050397872925,0.1952486882607142,0.18774610261122385
transformer,3,ensemble,train_059,2,0.05330748980244001,0.3611509104569753,0.09191050877173741,0.22004401683807373,0.27358707288901013
transformer,3,ensemble,train_060,3,0.17848636209964752,0.22569254537423453,0.23732704917589822,0.17714409033457437,0.18134998281796774
transformer,3,ensemble,train_061,2,0.12031923234462738,0.254836971561114,0.19522551943858465,0.16110639770825705,0.2685118441780408
transformer,3,ensemble,train_062,3,0.12310561289389928,0.32350632051626843,0.18457244833310446,0.1568735068043073,0.2119420717159907
transformer,3,ensemble,train_063,2,0.15545126299063364,0.7254240314165751,0.0565913791457812,0.027821396787961323,0.03471198918608328
transformer,3,ensemble,train_064,2,0.16713443646828333,0.23467984795570374,0.25213761627674103,0.17451139291127524,0.17153667906920114
transformer,3,ensemble,train_065,3,0.19627470771471658,0.2379832019408544,0.28305990993976593,0.1443965584039688,0.13828565925359726
transformer,3,ensemble,train_066,2,0.16493002076943716,0.2377436359723409,0.2639318605264028,0.17271052797635397,0.16068401436010996
transformer,3,ensemble,train_067,3,0.16470232605934143,0.17876729120810828,0.354017972946167,0.19902592400709787,0.10348645659784476
transformer,3,ensemble,train_068,3,0.14310419062773386,0.2216800202926,0.3354394684235255,0.2025757854183515,0.09720056379834811
transformer,3,ensemble,train_069,2,0.2443296859661738,0.16099747518698374,0.22512677311897278,0.1873375525077184,0.18220844864845276
transformer,3,ensemble,train_070,2,0.48829059799512226,0.10618992584447066,0.35055917998154956,0.025838399926821392,0.02912191452924162
transformer,3,ensemble,train_071,4,0.14665463318427405,0.18583633502324423,0.18956829607486725,0.22652768592039743,0.2514130522807439
transformer,3,ensemble,train_072,4,0.6702077786127726,0.17607863216350475,0.1160191868742307,0.014899307648496082,0.0227951027918607
transformer,3,ensemble,train_073,2,0.03402804055561622,0.12273393074671428,0.22175778448581696,0.45342446366945904,0.16805579389135042
transformer,3,ensemble,train_074,3,0.5133297046025594,0.12788682586203018,0.31690335273742676,0.01877983007580042,0.02310028385060529
transformer,3,ensemble,train_075,2,0.13100059082110724,0.2856703797976176,0.18307123084863028,0.15826226770877838,0.24199555814266205
transformer,3,ensemble,train_076,2,0.21899347503980002,0.30957741538683575,0.17969152331352234,0.14032850414514542,0.15140912185112634
transformer,3,ensemble,train_077,3,0.16011711210012436,0.22816765308380127,0.24634764591852823,0.18721952040990195,0.17814808090527853
transformer,3,ensemble,train_078,3,0.22595566511154175,0.42949580152829486,0.14621557543675104,0.10144990372161071,0.09688305420180161
transformer,3,ensemble,train_079,2,0.20865564544995627,0.2607090224822362,0.26523449023564655,0.12865048150221506,0.13675039013226828
transformer,3,ensemble,train_080,1,0.1771911457180977,0.24048572778701782,0.20556810994942984,0.16849293808142343,0.20826203127702078
transformer,3,ensemble,train_081,3,0.5455503265062968,0.12797878744701544,0.2877415517965953,0.017117470735684037,0.021611876009653013
transformer,3,ensemble,train_082,3,0.17581391831239065,0.4188651541868846,0.09658097227414449,0.12762287507454553,0.18111710250377655
transformer,3,ensemble,train_083,1,0.6661393046379089,0.22721222539742789,0.0637746552626292,0.021711234313746292,0.021162540341416996
transformer,3,ensemble,train_084,5,0.08284313480059306,0.22920152048269907,0.18045411755641302,0.2748536318540573,0.2326476126909256
transformer,3,ensemble,train_085,3,0.16434621314207712,0.2115552524725596,0.23362662891546884,0.19392964243888855,0.1965422679980596
transformer,3,ensemble,train_086,2,0.572638193766276,0.3059849242369334,0.06034368276596069,0.031280516646802425,0.02975268258402745
transformer,3,ensemble,train_087,3,0.1546499008933703,0.19124349455038706,0.20618176956971487,0.22670785586039224,0.2212169667085012
transformer,3,ensemble,train_088,2,0.23477138578891754,0.2650347302357356,0.21872917314370474,0.13746515909830728,0.14399953683217367
transformer,3,ensemble,train_089,2,0.2889498720566432,0.20230109492937723,0.1948340634504954,0.15288400650024414,0.16103096306324005
transformer,3,ensemble,train_090,4,0.25961409012476605,0.19741557041803995,0.1960009882847468,0.16671084860960642,0.18025848269462585
transformer,3,ensemble,train_091,2,0.18738306065400442,0.18178469439347586,0.2624006966749827,0.1869495709737142,0.1814819723367691
transformer,3,ensemble,train_092,2,0.11675510307153066,0.17639483014742532,0.27501065532366437,0.28307021657625836,0.1487692023317019
transformer,3,ensemble,train_093,3,0.02026898165543874,0.214462049305439,0.0807263149569432,0.20393870025873184,0.48060399293899536
transformer,3,ensemble,train_094,3,0.257697915037473,0.2760652055342992,0.22693351407845816,0.12107457468907039,0.11822876955072086
transformer,3,ensemble,train_095,3,0.1581217497587204,0.183288112282753,0.2428089032570521,0.21327858169873556,0.2025026132663091
transformer,3,ensemble,train_096,2,0.11438720176617305,0.18347322940826416,0.20746901631355286,0.2593066195646922,0.23536395529905954
transformer,3,ensemble,train_097,3,0.648469497760137,0.24263474034766355,0.08208928257226944,0.011070790642406791,0.01573568842529009
transformer,3,ensemble,train_098,1,0.09290221830209096,0.2225132236878077,0.184925506512324,0.2608321358760198,0.2388269007205963
transformer,3,ensemble,train_099,3,0.11484041561683019,0.18079959352811178,0.1905131141344706,0.2458367645740509,0.26801008482774097
transformer,3,ensemble,train_100,5,0.021271505393087864,0.2016637660562992,0.07600697750846545,0.18854117641846338,0.5125165383021036
transformer,3,ensemble,train_101,2,0.15665534883737564,0.20682979623476663,0.21907623608907065,0.21059202154477438,0.20684660971164703
transformer,3,ensemble,train_102,2,0.09904635821779569,0.16642931600411734,0.1585958277185758,0.253818616271019,0.3221099028984706
transformer,3,ensemble,train_103,3,0.1240596075852712,0.20564431448777518,0.2060540889700254,0.2232166181008021,0.24102538327376047
transformer,3,ensemble,train_104,1,0.13332858681678772,0.1862045774857203,0.3274700144926707,0.24732925494511923,0.10566754639148712
transformer,3,ensemble,train_105,4,0.19852264722188315,0.24306529760360718,0.25701357424259186,0.15128227323293686,0.15011621763308844
transformer,3,ensemble,train_106,1,0.2775578051805496,0.2528535674015681,0.21027622620264688,0.13076933473348618,0.12854307889938354
transformer,3,ensemble,train_107,3,0.23433861881494522,0.24955230206251144,0.28180654843648273,0.1197051467994849,0.11459740872184436
transformer,3,ensemble,train_108,1,0.10741504281759262,0.172675093015035,0.2604200889666875,0.28577308853467304,0.17371667424837747
transformer,3,ensemble,train_109,3,0.19828245043754578,0.16530506312847137,0.25317258139451343,0.19728276133537292,0.18595711390177408
transformer,3,ensemble,train_110,1,0.273022985085845,0.6220393280188242,0.05020596583684286,0.029277274385094643,0.025454501699035365
transformer,3,ensemble,train_111,3,0.19930008798837662,0.25261496007442474,0.28188792367776233,0.13847332199414572,0.12772370129823685
transformer,3,ensemble,train_112,1,0.4549490163723628,0.27395549416542053,0.150655227402846,0.06623132666572928,0.0542089119553566
transformer,3,ensemble,train_113,3,0.1381006141503652,0.19014510015646616,0.1746698940793673,0.19277235865592957,0.30431204040845233
transformer,3,ensemble,train_114,3,0.1062686915198962,0.16722396512826285,0.22973862290382385,0.32298878331979114,0.17377996196349463
transformer,3,ensemble,train_115,3,0.16047443946202597,0.18181736767292023,0.24567802747090658,0.2145597239335378,0.19747044146060944
transformer,3,ensemble,train_116,4,0.11610386768976848,0.15241986761490503,0.2668442279100418,0.321149875720342,0.14348218962550163
transformer,3,ensemble,train_117,1,0.334290732940038,0.34186290701230365,0.13566474368174872,0.09532192473610242,0.09285966617365678
transformer,3,ensemble,train_118,2,0.15803854167461395,0.18623435000578561,0.23751136660575867,0.2124847819407781,0.20573100447654724
transformer,3,ensemble,train_119,2,0.08008623123168945,0.24364453554153442,0.1758410707116127,0.25328798592090607,0.24714014927546182
transformer,3,ensemble,train_120,5,0.16664841771125793,0.23122535149256387,0.2530658741792043,0.1791412134965261,0.16991910835107168
