sample_id,label,shot_1,shot_2,shot_3,shot_4,shot_5,shot_6,shot_7,shot_8,shot_9,shot_10,shot_11,shot_12,shot_13,shot_14,shot_15,shot_16,shot_17,shot_18,shot_19,shot_20,shot_21,shot_22,shot_23,shot_24,shot_25,shot_26,shot_27,shot_28,shot_29,shot_30,shot_31,shot_32,shot_33,shot_34,shot_35,shot_36,shot_37,shot_38,shot_39,shot_40,shot_41,shot_42,shot_43,shot_44,shot_45,shot_46,shot_47,shot_48,shot_49,shot_50,shot_51,shot_52,shot_53,shot_54,shot_55,shot_56,shot_57,shot_58,shot_59,shot_60,shot_61,shot_62,shot_63,shot_64,shot_65,shot_66,shot_67,shot_68,shot_69,shot_70,shot_71,shot_72,shot_73,shot_74,shot_75,shot_76,shot_77,shot_78,shot_79,shot_80,shot_81,shot_82,shot_83,shot_84,shot_85,shot_86,shot_87,shot_88,shot_89,shot_90,shot_91,shot_92,shot_93,shot_94,shot_95,shot_96,shot_97,shot_98,shot_99,shot_100,shot_101,shot_102,shot_103,shot_104,shot_105,shot_106,shot_107,shot_108,shot_109,shot_110,shot_111,shot_112,shot_113,shot_114,shot_115,shot_116,shot_117,shot_118,shot_119,shot_120,shot_121,shot_122,shot_123,shot_124,shot_125,shot_126,shot_127,shot_128,shot_129,shot_130,shot_131,shot_132,shot_133,shot_134,shot_135,shot_136,shot_137,shot_138,shot_139,shot_140,shot_141,shot_142,shot_143,shot_144,shot_145,shot_146,shot_147,shot_148,shot_149,shot_150,shot_151,shot_152,shot_153,shot_154,shot_155,shot_156,shot_157,shot_158,shot_159,shot_160,shot_161,shot_162,shot_163,shot_164,shot_165,shot_166,shot_167,shot_168,shot_169,shot_170,shot_171,shot_172,shot_173,shot_174,shot_175,shot_176,shot_177,shot_178,shot_179,shot_180,shot_181,shot_182,shot_183,shot_184,shot_185,shot_186,shot_187,shot_188,shot_189,shot_190,shot_191,shot_192,shot_193,shot_194,shot_195,shot_196,shot_197,shot_198,shot_199,shot_200
train_001,2,5349.793551772387,6395.9438414075485,5402.369187127299,4697.340537781146,4852.457804314237,4740.922250884682,4629.386697455128,4566.964546505195,4869.0455245491285,4986.410466289343,5051.565225070092,5426.868531786683,5854.441141069824,5592.509315474709,5749.384623679652,5603.319595477475,5919.426605115186,6455.836418493469,5938.930976917494,5685.109309756043,6107.552736067059,5993.2103314373035,6028.785911967505,6783.323048752637,6318.002994931457,6353.538506417131,5646.693704720754,6006.296945666199,6063.779821595149,6620.078484312813,5761.717004268026,5122.787613785979,5337.570858004377,5078.4414551694,4645.503249902333,4837.989428207055,5034.861079772018,4547.987669636064,4562.891636309339,4227.247210476825,2374.917392733382,1471.732511584438,962.4199784851786,919.1237666731449,524.9134649020522,474.7820656673232,424.3257990701875,351.0695971695345,327.96332060401124,290.0787654785968,308.02513442466505,307.08110570195896,230.1643612989739,261.04251018388953,248.4420991531059,264.706739738806,203.7945720615672,208.06042298274252,199.07151554769547,209.32101941464552,235.6750591957747,167.51862700127845,134.31460616837688,157.95125204057834,206.81926305970148,148.6485686800373,159.0701714940925,184.74123251882952,147.1343039567791,167.31125125155518,190.73877625500978,131.02983617070896,140.9193169892724,158.8656935051306,151.08182691015415,143.94493353544775,128.40775857042908,140.96929658348878,153.53083459654852,173.9817441114739,126.53167269123132,97.23252390391791,126.41690473414178,153.26706097464066,143.25632579291045,114.69391324626868,95.42122638759328,92.7010406949627,137.748389400653,120.42398116837686,125.65332760027984,87.55036584654852,97.64624387826494,95.44343954057835,113.37963502798507,78.12180795242537,100.70425460587686,107.13773903917911,68.76081506529852,89.17655375466417,83.4344537080224,71.02378002565297,77.87098443330224,70.03251807369402,76.59557923274254,87.9677880130597,94.65764925373132,80.47640216884328,86.48783669542911,83.48073111007463,69.18286497201493,75.06657386893656,93.05367449860076,68.9301903568097,93.81262389225746,74.39832818330224,85.46973385027985,89.2080223880597,85.07174819263058,71.49858617070896,55.069182894123145,76.89175460587686,78.30599201259328,71.88731634794776,82.09240904850746,80.83181261660448,57.80140071128731,90.01880247201494,49.46776614972016,76.00230293843279,88.8461331040112,50.54140187733209,71.37086054104478,58.26417473180971,45.15748892257463,53.52074102145523,62.06354944029852,63.53702192164179,52.56372434701492,74.95273145988807,70.58784689832089,65.29000991138058,78.45315415111942,81.9859710237873,77.47855206389924,74.68987581623132,56.40567426539179,45.56565560867537,64.12057996152052,80.84291919309703,60.67707847481344,85.23834684001868,66.56448956389924,75.39884561567165,62.06540053638059,71.3616050606343,93.37761631296642,62.22274370335821,83.67139400652984,53.69381850513059,80.19133337220148,83.6251166044776,66.21000466417911,66.34976241837687,90.32978661380598,65.9119781949627,63.59810809235076,79.90719012360076,71.26905025652985,82.30806174207089,68.87095528218279,93.91165753264926,78.77894706156721,73.95869286380598,84.08974172108209,70.69521047108209,57.38212744869403,52.39805124766791,85.06249271222015,67.38082293610076,74.97957235307835,61.29256792210821,67.2475440181903,53.838203999533576,76.0402504081157,59.37575792910448,103.09957293610076,81.34456623134328,43.8043376865672,67.34287546641791,77.76362086054104,55.81887680736941,68.92556261660448,49.340966068097025,74.2733791977612,82.58665170242539,69.98161293143656,40.1549017607276,66.83937733208955,73.20807340251868
train_002,5,2264.0922854382598,1663.0223949244664,1663.0223949244664,1053.6225720412697,980.6773845615672,792.5532966620887,602.3068362670157,564.4676859841418,311.8587846898321,293.5634614229202,392.62303229944024,364.348487902933,394.007674878213,275.6337561264856,550.170092358518,359.8197359193616,341.69382579291045,321.1660957905783,357.74373166329826,278.24102874300377,292.29452748885797,262.68624565583553,253.07352641091416,383.6655556488393,295.39421058768664,257.26903568097015,286.59963039230945,216.44218604244404,171.17825909514923,167.03734201993515,156.6147568844148,138.36203532165558,186.9505384021731,175.85041046676355,145.01856169326985,166.49405288963177,140.79252447743912,156.02882063121936,160.66218225279852,194.37850906599812,228.09483587919777,190.86282997166933,175.5042857785723,118.94217875466417,216.68466448961797,124.84532416044776,116.12851270988807,283.06866461572366,196.55493528451493,106.58518685867537,116.6773626982276,82.79397446361942,89.55695399953358,111.73307749317654,103.99179746277296,96.25051743236942,121.79842000932835,79.43423507462687,121.04594945195896,98.10068796641791,70.65541190531721,114.96509882229476,71.95858354710822,85.26981547341417,88.3935401119403,83.51497638759328,102.9662940181903,86.27125845382463,80.88919659514926,106.85359579057835,58.31785651819029,105.04600046641791,89.94475862873132,71.70313228777985,59.696923099347025,77.21754751632463,128.0069281405477,91.39416686100746,37.54670738106344,74.28170913013058,69.33650594682835,50.34240904850747,48.12664703824627,45.716519939365696,57.487639925373145,59.7626370102612,52.70903538945896,103.15695691464552,66.88102699393656,106.16221140391791,97.37876049440297,53.95759969682836,65.02067543143656,53.2440021571828,84.78482829990672,61.92008949393656,82.23309235074626,53.65309439132463,61.80809818097015,55.62728836287313,61.99876107742537,45.30372551305971,70.08157211986942,44.65028859608209,54.60085558535448,48.45706768889924,41.072119869402975,68.56367333255598,89.38942980410448,51.46417327425373,54.503673041044756,57.54317280783583,44.66602291277985,38.16960121268656,44.7437689482276,56.68796641791044,81.53985686800374,67.86488456156721,95.27128760494402,157.97531628964552,53.79192659748132,43.60997259794776,43.82840193563429,54.36206419076493,35.54104477611941,44.15882258628731,44.06349113805971,45.47587744869403,38.33712540811571,37.087635552705244,73.83652052238807,83.26322732042911,140.6703445662313,72.55278538945896,51.49564190764924,34.977386019123145,30.5477130946828,47.105767548973894,48.62736852845148,46.40697877798507,47.96652722714552,26.316107451026106,55.80314249067164,23.76437150186571,72.40932544309703,52.882112873134304,49.22712365904852,50.79222539645523,55.11546029617537,65.44457643423507,170.32029877047043,53.07925460587687,37.85954261893656,72.42135756763058,47.00395726445896,46.36625466417911,44.88352670242537,23.732902868470145,53.59293376865672,38.66754605876868,26.213371618470145,38.54167152518656,34.48962220149253,44.85020697294776,43.969085237873145,45.37962045242537,40.303914995335816,49.35392374067164,28.57722131529852,95.3601402168843,84.26281920475746,58.146630130597025,59.21378702192164,43.715485074626855,40.33723472481344,36.53415782416044,56.070625874533576,67.27808710354478,28.75214989505597,42.14945778917911,40.39739534748132,76.63630334654852,31.551007171175375,37.265340776585816,26.76870044309703,48.50334509095148,58.63254285214552,40.54455748600747,23.282160972481318,42.640923798973894,51.4530666977612,36.23613135494403,40.18359375,20.516623425839562,33.95095324160448,53.87707701725747,50.76075676305971,35.60305649486941,34.28692718050373,31.062317805503735
train_003,2,9912.958376149632,4329.591154897391,1411.5802112791075,798.73780867235,612.4027445778918,396.3434629120043,339.7242595615671,256.23612406716416,254.85997038634855,228.85009822027004,203.22630070394547,237.10506119834847,138.4166350862873,157.42646630130596,95.11301888992537,131.6841986357276,171.4957220732276,117.70564657182835,105.32551597481344,118.89219916044776,123.68191027285448,178.98810159359405,143.85145318330225,97.50556057602611,95.59615496735076,72.35934584888058,70.75814773787314,46.49860803404852,70.31573577425374,71.27645464085822,58.82320574860076,64.03866895988807,61.02415899020523,66.83660068796642,52.66646017957089,61.94785593516791,56.82864972014924,63.727684818097025,55.26354798274253,96.36806203358209,73.89205340485076,43.87375378964552,72.0511383512127,66.20907911613807,36.049170650652975,41.65336403917911,32.66906920475747,35.9834567397388,62.41155550373132,66.13688636893656,55.22560051305971,25.592328882929106,47.915622084888064,93.34522213152985,38.96927472014924,53.97611065764925,43.012994111473894,33.74733267257463,52.02042764692164,36.1241400419776,45.42312121035448,44.53181844682836,44.11161963619403,81.33160855876868,45.094551655783576,44.79004635027985,39.55236998600747,45.31760873367537,29.938702483675375,47.684235074626855,53.06352028917911,71.3403174556903,57.23681640625,49.81114447294776,49.132717758861936,42.01340222714552,29.570334363339562,34.08052996735076,57.54132171175373,14.35525011660448,60.49104331856344,51.52525944496269,62.7105075209888,61.41335194146456,60.11619636194029,40.040133803638064,31.321471256996265,45.90440619169776,104.53047020755598,79.56288625233209,68.76729390158582,30.50698898087685,39.68657445195896,30.102524486940293,43.1934759794776,17.01712628264924,46.67261106576493,44.12087511660448,101.6538668959888,61.084319612873145,38.63237523320896,56.20760698460821,28.3680474580224,9.620146338619413,32.44971431902985,37.13576405083956,53.01539179104477,22.878622026585813,21.019196012126866,68.2295504897388,64.61065764925374,34.402620685634304,9.453547691231318,52.81269677005597,63.85818709188429,29.773954932369413,40.365001166044756,30.77910010494403,117.03647533815297,47.27791948460821,28.81508716184703,30.62916132229476,54.69063374533583,49.74172836986941,66.20815356809703,76.83714727145522,48.497791802705244,50.4608791977612,55.02290549207089,48.39505597014924,56.62040141091417,83.88427005597015,56.95359870569029,73.60420796408582,74.12714260727611,65.18264633861942,9.165702250466428,40.993448285914184,58.39282590951493,60.18283582089552,24.13644181436571,74.98327454524254,66.3877098880597,47.18906687266791,72.95632433535448,27.76551568330224,42.73162750699627,129.4267869636194,30.056247084888067,30.635640158582092,63.41577512826492,58.12256588152985,39.93091913479477,59.9893962803172,56.85363951725747,37.68924177938429,37.70775274020523,47.76383220615672,31.306662488339562,44.35596431902985,67.41969595382463,117.53534573227611,46.47269268889924,55.57638322061571,35.473479769123145,57.8856255830224,41.8125583022388,18.04448460820896,30.61250145755597,44.89000553871269,58.33451638292911,61.85622667910448,62.72161409748132,36.30277081389924,72.10389458955224,41.12857829990672,41.1998454990672,58.96574014692164,60.64005655317164,25.571966826026106,43.37673449160448,109.8579247318097,38.46207439365672,53.47909135960821,58.73435313666044,49.15678200792911,43.49705573694029,58.02538333722015,38.7332599696828,46.63836578824627,47.301058185634304,35.87331652285448,62.75400827891791,47.13631063432836,37.36715106110076,32.92729710820896,51.554876982276106,46.03120627332089,35.06346198694029,60.66504635027985
train_004,4,4671.179937540595,908.5089741215777,676.9411792007845,500.40862468819125,473.725757979635,605.5749766791046,389.7094070662313,327.77265770755594,291.9400652985075,226.6713429920709,163.6109858813571,161.63308214785448,149.8591855177239,124.82588386669087,131.65643219449626,170.27400244394346,131.47965251865668,133.27429017024252,141.12108646222015,105.11449102145524,96.12556844682835,75.19429949860076,86.38787750699626,110.20870743936571,77.54519152285448,95.47490817397389,102.20456798041045,119.97509036847015,119.02455253031721,109.90697877798507,85.19762272621269,70.82015945662313,91.8106634794776,81.00489010027985,69.98068738339552,37.62723006063429,75.79775682136193,88.7035987056903,83.56773262593279,66.14058856110076,62.794732392723894,48.87448985541044,70.22040432602611,76.84732829990672,51.35033086520523,45.229681669776106,73.59958022388058,52.10002477845148,56.75553142490672,89.9169921875,54.35651090251868,61.03711666277985,42.55577337919776,42.58446536847015,58.7491619053172,79.70356955457089,39.07386164878731,79.77761339785448,40.791678812966424,53.82987406716417,48.17662663246268,41.95416715251868,40.85739272388059,56.29831069263059,62.73086957789179,63.06684351679104,50.516412080223894,36.02788304570896,61.95248367537313,53.34118470149253,44.42723151819029,49.20305940998132,52.40638118003731,35.56510902518656,44.88537779850747,40.83332847481344,22.4815619169776,44.79467409048507,45.32131092583956,42.5159748134328,33.28733529617537,31.992493586753735,44.64936304804104,28.640158582089562,47.977633803638064,27.9339654267724,24.891689015858212,26.57155871035448,43.36840455923508,26.35405492070896,47.74624679337687,34.29248046875,45.20561742070896,31.201150011660438,44.34485774253732,45.431451142723894,22.056735366138067,48.83376574160448,51.10691173041044,52.1351956040112,28.77066085587685,34.02314598880597,28.88727990904852,52.57575647154852,23.78195691464552,24.879656891324625,38.77120743936571,69.44572061567165,52.57575647154852,28.254205048973894,25.058287663246265,28.0672443446828,36.97749533582089,21.863295825559707,43.927435576026106,31.382557427705226,36.89882375233209,47.35011223180971,18.141667152518682,7.6977830573694135,32.18037983908583,57.1988689365672,55.18302530317164,30.281155258861933,21.512513118003735,29.03166540345148,44.41427384561571,17.127266499533572,41.900485366138064,35.53364039179104,27.82289966184703,53.07092467350747,43.41745860541044,26.44660972481344,32.37937266791044,30.314474988339562,19.01723559934703,34.01296496035448,43.31564832089552,37.92340543376868,32.10448489972015,48.93372493003732,47.335303463152975,39.40428229944029,24.72138817630597,21.38386194029852,28.290301422574625,59.898692572294756,52.71829086986941,47.23164208255597,49.782452483675385,20.97569525419776,23.732902868470145,31.9119709071828,11.241706506529853,21.149698285914173,51.295723530783576,29.402810167910438,47.806407416044756,46.29498746501868,18.80528509794776,26.37534252565297,20.29911963619403,26.75759386660448,19.570713327891788,31.01326375932836,23.061880538712693,39.74673507462687,52.33511398087687,45.28706564832089,32.1461345615672,50.26188636893656,21.2366998017724,44.62159660680971,40.33445808069029,45.39813141324627,17.65853107509328,17.833459654850746,19.950188024720145,18.274946070429106,32.75329407649253,53.8641193446828,36.94325005830224,30.44775390625,41.97823140158583,21.297785972481318,49.691748775652975,38.14831360774253,28.0533611240672,16.683003439832092,28.073723180970145,47.13723618236941,47.8276950209888,15.565866954291039,46.07563257929104,34.07034893889924,27.22592117537315,39.400580107276106,22.9276760727612,45.47217525652984
train_005,5,4417.946351876899,2262.0995729361002,1512.1548361707091,1145.9617537313434,941.6683491246024,750.2835176275737,1310.2937793856236,839.2307777013351,537.1741998017725,349.7303821426719,310.6529356334637,263.9755567863806,281.2897839902052,211.94587365904852,238.2878964552239,212.70112086054104,200.88741052506575,204.4524966776371,182.5338004409377,195.3878040651777,133.40942018423507,150.74030725279852,154.06395026819027,120.10744373833955,153.1050900674578,127.95609112639926,115.90267898787313,130.00247784514923,111.0361473880597,107.7282386893657,144.06895697294775,183.52690591918892,100.32663100513058,82.30435954990672,94.81869461287313,79.41109637360076,64.59862552472015,94.28095120102611,88.01406541511193,87.23660506063429,61.07598968050373,84.18784981343279,72.80268336054104,72.43246414412314,103.89369315531721,95.46380159748132,76.05228253264924,48.045198810634304,61.19260873367537,50.21931115904852,77.73677996735076,51.6890814482276,58.35672953591417,86.5850192397388,59.95607655083956,57.04985570195896,25.010159165111933,28.63367974580224,52.23885698460821,46.90862581623132,62.20515829057836,91.78845032649254,73.5523772737873,67.9935357392724,58.79636485541044,71.33383861940297,58.35395289179104,64.48941085587687,45.72947761194029,58.50389167444029,41.21928200792911,55.415337861473894,28.7975017490672,43.155528509794756,20.89054483442164,32.604280841884304,61.19168318563429,23.86062849813429,41.056385552705244,46.303780171408576,42.72144647854477,51.00139925373132,37.125583022388064,25.73763992537315,46.93454116138059,47.83695050139924,41.08415199393656,24.80376195195896,41.74869548740672,52.588714144123145,40.40479973180971,46.18484724813429,36.98027197994403,54.62862202658583,74.74170650652985,54.06681436567164,33.03466068097015,43.695123017723894,62.79565794076493,55.03493761660448,33.45115729944029,58.8111736240672,63.15477058069029,44.93258074860076,49.4066799790112,58.76489622201492,52.40915782416044,21.149698285914173,36.645223589085816,33.27252652751868,49.3326361357276,51.13838036380597,42.210543959888064,38.734185517723894,30.945698752332092,39.2987698227612,13.67312121035448,46.86790170242537,40.45755597014925,53.92427996735076,55.92809147621269,44.6771294892724,72.98779296875,45.42219566231344,28.706798041044774,21.469012360074625,34.067572294776106,41.95694379664179,33.89912255130597,19.634576142723894,47.51671087919776,30.253388817630587,48.23956389925373,43.5035345732276,28.77806524020524,48.02298565764924,51.49101416744403,50.96067513992537,63.77026002798508,26.99083197294776,28.07094653684703,101.56779092817165,44.20139779617537,52.76827046408583,32.04154763292911,50.376654326026106,28.996494577891788,49.20768715018656,41.52008512126868,24.032780433768682,38.75362202658583,21.88921117070896,22.429731226679106,52.49615934001868,46.38013788479477,51.64558069029852,59.58770843050373,54.97200034981344,64.2089697994403,25.903313024720145,47.36862319263059,38.72215339319029,31.40014284048508,39.94110016324627,42.71033990205224,19.94648583255597,53.776192280783576,17.979696245335827,32.81715689132463,27.894166861007466,47.29643044542911,36.63319146455224,49.19380392957089,64.3200355643657,46.74943155317164,32.68202687733209,66.24980322994402,53.19772475513059,50.42015508395523,30.06180037313429,45.29447003264924,57.11094187266791,39.25712016091417,11.974740555037306,50.23967321595148,34.497952133861936,20.51107013759328,17.124489855410438,25.02126574160448,39.149756588152975,17.70943621735076,27.474893598414187,23.83841534514924,53.13663858442164,31.06694554570896,32.98005334654852,15.598261135727599,49.04941843516791,24.6973239272388,34.50905871035448
train_006,2,8944.979147361284,1141.9106678046396,903.6459011813597,665.3811345580799,530.8610668929655,439.42707118703356,413.30532882462694,372.8375918260261,304.9884264415769,255.2300684861283,250.19690795976723,230.61786469950607,179.30734753964552,217.314992984729,196.72060838386193,179.6562791511194,165.12795155083955,144.25499212919775,125.97171612639924,118.85240059468279,124.96657095382463,75.60246618470148,90.72499562733209,96.09872755363807,88.9701565415112,72.93133453824626,68.55441785214552,74.7694729477612,73.34598006063429,106.7675198227612,82.74769706156721,69.05051160214552,73.00537838152984,26.992683069029855,66.91990001166045,47.71477815998132,86.23886427238807,78.48369723647389,54.26950938666044,56.433440706623145,43.544258687033576,46.57265187733209,54.364840834888064,41.06193884095148,29.05110191231344,29.9849798857276,54.16584800606344,22.82123804804104,45.93772592117537,31.51768744169776,56.46490934001868,39.124766791044756,51.83531803871269,36.33516499533583,50.23782211986941,30.515318913246265,27.93766761893656,25.37852728544776,21.01919601212685,21.23762534981344,27.77847335587685,57.11371851679104,31.861991312966428,32.55522679570896,47.06689453125,8.684417269123147,41.590426772388064,42.85750204057836,32.969872318097025,60.34573227611941,26.589144123134304,40.637112290111936,49.66490788246268,30.4236896571828,31.7879474696828,18.984841417910438,34.38133308069029,27.87473035214552,16.7811115321828,30.48847802005597,36.93399457789179,43.10554891557836,33.50854127798508,58.49278509794776,25.5108806553172,36.0121487290112,37.91137330923507,30.79020668143656,35.916817280783576,16.486787255130587,35.20136864505597,31.48621880830224,27.67943971548508,38.99889225746268,28.12185167910448,12.844755713619413,41.59412896455224,14.690298507462694,31.172458022388067,34.15087161847015,17.180948285914173,5.108099638526106,32.92081827192164,24.71028159981344,37.79475425606344,14.848567222481318,8.316049148787306,28.826193738339562,29.335245160914173,22.270536963619413,22.63335179570896,38.51668172807836,14.321930387126868,13.696259911380587,16.63487494169776,42.31327979244403,12.71888118003732,28.208853194962693,27.266645289179106,30.064577017257466,35.617865263526106,-1.4392272038246268,17.8834392490672,15.352990904850762,26.361459305037307,30.777249008861933,24.946296350279855,22.29830340485076,13.103909165111933,50.737618062033576,19.912240555037307,32.72460208722015,19.342102961753735,37.804009736473894,-0.15178987873131866,15.876851096082094,38.57036351445896,21.16728369869403,27.167611648787307,36.9302923857276,46.75868703358209,34.30266149720148,13.609258395522401,2.8849332439365596,18.242551888992534,23.742158348880587,14.342292444029853,29.11311363106344,12.80403159981344,22.949889225746265,7.218349172108214,20.334290461753735,10.666015625,34.4951754897388,23.003571012126866,22.936006005130587,19.14773787313429,28.234768540111933,30.098822294776106,35.989935576026106,29.986830981809707,34.08423215951492,24.31877477845148,8.416008337220147,20.37594012360076,31.05398787313429,29.933149195429106,47.24552530317164,39.13494781949627,21.90587103544776,18.057442280783572,19.08480060634328,17.30404617537315,42.40028130830224,17.521549965018682,43.0648248017724,30.3524224580224,35.81315590018656,15.008687033582094,3.578168726679107,24.176240380130587,44.5531060517724,13.380648029384306,25.1767578125,28.590178987873134,29.706389925373134,28.713276877332092,27.44527606110076,4.128869811100761,32.79124154617537,18.82009386660448,35.413319146455244,5.780047516324626,23.382120160914173,16.02864097481344,3.573540986473894,43.29991400419776,18.42766149720148,19.69010902518656,29.37226708255597
train_007,2,8942.897635235717,3585.05029748091,2834.3538340312334,2306.4786153978375,2016.6025827891792,1705.8126925399051,1562.415827270764,1089.268264304346,1130.5374653481726,995.8393719294177,992.7668627945345,823.7970218836371,736.1225720412696,658.8800650069962,703.3054757082641,987.2611484180637,710.8755331359691,754.4426277324335,472.4820939249067,478.90354623367534,407.4299498600746,396.800986435876,343.0942102581708,367.0853107509329,262.3734331273321,240.21950007730453,275.8512637010261,265.2056101329291,301.51023204291045,273.12922691231336,305.61503760494406,296.85565094449623,249.29636485541045,261.1350271390445,230.3430072104753,257.26808742355945,204.4313339742262,195.2832322761194,180.91317339085822,230.16527170743515,207.5264044724294,177.19894910214552,188.17039558069027,179.17223266523277,185.1679328751208,205.14031891324626,183.1244439171321,191.14510698460822,180.47907622002845,203.3706710587687,184.51724232310679,126.85098676539178,159.87546641791045,162.62605893967756,173.93918404116562,208.6203795475746,165.1705267607276,158.76110657649252,192.2788881953083,137.28468983208955,159.38029821595148,156.79154034514923,152.85334100029363,161.1018251420847,150.37656687266792,145.91355907917023,166.48478983943144,148.90593916355672,157.64582118703356,153.7900031876208,161.55163392024252,171.67714462885218,141.22957996734934,154.6711097831157,202.5341118858821,162.28453171253204,198.6290733049165,162.46050695696874,143.20072478233877,132.76986648787312,114.83367100046642,123.19136981110076,156.20487914334484,145.92276157105147,118.70986619636193,113.22044076492537,119.49843312733209,114.38015246035448,97.15848006063429,89.5097510494403,93.07033436333955,147.22600891074137,121.36989126632463,121.08759911380598,114.26723559934703,147.00849755130596,121.00429979011193,110.41973239272389,112.71971927472015,97.39727145522389,93.76634649020524,157.3357474537038,161.40726356541933,146.04870423274252,154.2768263176306,162.5049484025187,135.6011179454291,125.098924323694,117.13927929881794,136.18513875932834,116.86617449860076,140.26957469466907,87.36433069029852,123.23486299923997,137.99088298740668,118.23876224347015,107.67085471082089,94.93716476212686,122.40557952425374,89.90958780317165,112.66927690648322,135.4289660097948,98.06088940065297,107.06276964785448,116.37748513292911,102.36838998367539,106.53243062033583,142.6705220110381,99.38905083955224,84.94772475513058,78.45500524720148,102.73398145988807,146.28842117537312,124.25019677005598,88.84983529617539,91.48116837686571,110.80476037779852,86.61833896921642,69.06254372667911,91.6246283232276,92.16792502332089,86.04264808768656,67.34657765858209,73.53108966884328,79.71560167910448,83.91944088152985,82.95224317863807,161.20548652268167,125.50801655783583,98.16084858908583,70.48696216184703,91.00913887593279,69.68080981809703,99.34925227378731,103.85389458955224,97.7573096431903,97.69992566464552,74.81389925373132,88.90444263059703,82.16830398787314,97.33248309235074,69.41887972248132,72.91652576958955,74.41498804804104,76.84547720382463,100.30719449626868,74.91293289412314,95.82661642957089,86.98207934934703,89.93735424440297,77.0324379081157,67.66033844449626,79.73503818796642,99.2474419892724,97.01594566231344,46.202432660914184,78.37170592350746,59.0064642607276,66.56356401585822,112.74470907182835,80.92344187266791,66.81438753498132,73.35153334888058,85.02732188666045,79.69709071828358,107.08313170475746,81.7379241487873,99.39738077192165,94.69929891557835,112.03573927238807,85.49657474347015,92.82598968050374,100.1554046175373,87.43374679337686,93.50904413479476,89.71522271455224,79.7535491487873,86.79326754897389,87.8354346431903,99.96381617304104
train_008,5,22375.555958690926,9142.392126238168,5355.479120063248,3835.0388511543847,2794.941282357743,1999.278053440265,1736.3022096548505,1582.9398853600915,1315.5570683034496,1008.6528936731282,797.5688112173508,747.0607593486558,667.0887505830225,637.7951550839553,555.3695487406717,510.6356883084596,439.20150997745463,512.1510829640858,469.92638327114616,420.40887976048595,421.92492745171734,444.2093476359524,355.0309730643657,385.6120058885261,322.48705722947614,306.61946161380456,344.6842715135261,302.22568067863807,313.0511630791337,367.1519804890476,551.471140391791,493.09960208722015,326.2880483705607,303.78890104080307,302.25649627642844,291.52541977611946,244.99904530083955,300.5124685452945,357.28286172738717,237.12355701958955,238.52874333022245,226.40017255562455,218.35901117502752,195.2406570662313,218.37380480410448,168.13306978389397,171.5105308418843,222.1120933418843,216.68005188899252,253.47061679968195,174.1770347481343,156.475928463153,194.5548259678172,170.17960032865182,168.31461345615668,140.03821039377752,149.0845018073694,157.80309622590224,141.1766193446828,168.58673971980366,151.11330311333955,146.13198841685679,152.21193620784962,124.9869330107276,278.12348414179104,156.14458226445896,144.62798798973878,182.0025585747477,126.64181290811571,147.27042764692166,114.80590455923507,129.894188724347,117.74081739738807,111.7738091767724,136.53221927472015,119.82607713386193,136.78026614972015,111.86636398087687,138.45088036380596,163.16486415578356,122.57125262360076,124.67779239522879,102.80247201492537,97.34544076492537,177.45068302972996,89.04790257695896,143.72743731559214,101.34751049440297,120.35271396921642,84.82092467350746,96.53280958488807,74.05217321595148,91.4737639925373,72.82397096548506,99.10398204291045,100.58578445662314,55.30612319263059,97.09739388992537,86.00007287779852,98.87074393656721,86.23331098414178,92.73065823227611,78.97793989039178,87.21254081156721,81.58150652985074,76.41787400886193,115.22795446595148,79.56381180037313,59.720061800373145,94.4919761543843,81.89434176772389,61.868258803638064,83.66584071828358,82.18033611240672,100.62188083022389,106.89709654850746,77.85617566464552,66.89861240671642,66.37845440764924,69.56233966884328,101.98521309468279,74.12344041511193,72.17608733675374,80.73648116837687,64.50792181669776,64.00627477845148,81.87305416277985,76.94080865205224,102.3332191581157,87.69984185517724,72.16683185634328,106.66108179804104,83.58161584654852,83.82873717350746,91.09058710354476,60.35868994869403,87.02558010727611,95.5332177005597,50.67097860307836,93.32486007462687,85.00603428171642,88.66380013992537,43.29065852378731,57.90876428404852,64.11456389925374,73.12014633861942,92.20031920475746,71.66981255830224,54.140858208955244,72.37600571361942,37.43656716417911,60.7881442397388,57.833794892723894,109.52750408115672,64.79391616138058,63.789696536847025,60.1347073227612,53.52074102145523,57.91246647621269,51.27721256996269,67.98613135494402,77.9774224580224,71.36345615671642,74.10678055037313,43.84783844449627,67.53631500699626,68.55256675606344,64.99938782649254,71.7642184584888,77.60442659748132,80.88827104710822,85.9769341767724,79.53604535914178,84.9421714668843,84.46921641791045,43.18977378731344,56.27979973180971,62.8345309584888,75.35997259794776,51.5604302705224,66.73756704757463,66.72275827891791,54.078846490205244,73.2645318330224,68.56182223647389,78.92796029617537,58.83894006529852,77.79694059001868,60.39663741837687,67.25865059468279,65.07158057369402,104.38701026119402,95.94323548274254,73.25990409281721,96.3328912080224,46.99932952425373,72.09186246501868,63.68140741604477,52.67016237173507,47.78511981110076
train_009,3,5082.038238461338,4668.809919368865,1463.4033987860184,1131.7850889679212,812.0110931289729,570.8456375349812,405.59554392188346,418.3440123600746,348.445702537227,311.14069566619924,259.4098472243814,291.5263604637402,163.72760493452867,182.6726477866742,166.42464435634332,152.9912400886194,162.49754401819027,126.77786847014924,112.10700647154852,111.43968633395522,135.32160243703356,120.28792560634328,95.35921466884328,129.6387374650187,93.55809818097015,125.88101241837686,106.65830515391791,95.64428346548507,86.66831856343279,74.32891208022389,63.34635902518656,60.28464610541044,79.33797807835822,43.03520726445896,54.38057515158583,53.9335354477612,38.47873425839552,60.81498513292911,53.84838502798508,65.16506092583955,76.80938083022389,101.90376486707089,53.247704349347025,47.12612960587687,29.1788275419776,57.61536555503731,51.92509619869403,50.67468079524253,38.1751545009328,53.82709742304104,64.62639196595148,69.49662575792911,89.86238485307835,60.63265216884328,53.94093983208956,39.52923128498132,33.2716009794776,51.60670767257463,78.71415869869402,65.1474755130597,42.24478923740672,46.4708415928172,49.028130830223894,42.44193097014925,34.6358587919776,27.033407182835827,29.37967146688429,51.11061392257463,41.404391616138064,37.13668959888059,26.91771367770524,21.226518773320894,47.64351096082089,49.79726125233209,45.66191260494403,37.78272213152985,34.098578154151106,30.4144341767724,39.71711753731344,29.42594886893656,48.2617770522388,41.00733150652985,36.42309205923508,44.39483733675373,26.546568913246265,42.402132404384304,31.14006384095148,45.62951842350747,23.372864680503735,20.018678579757466,51.21705194729477,97.90447178171642,19.538319146455226,34.368375408115696,40.03735715951492,43.11572994402985,31.05769006529852,37.21073344216417,30.46348822294776,21.328329057835813,39.03776527518656,47.56946711753732,39.736554046175385,53.79192659748132,28.321770055970145,17.31145055970148,37.99097044076493,31.732414587220145,45.14915899020523,61.02786118236941,48.2451171875,46.82625204057836,34.81819175606344,37.88360686800373,16.522883628731318,44.43278480643656,41.14153597248132,42.253119169776106,40.76391237173507,41.14061042444029,36.51564686333956,40.141018540111936,12.0136135727612,12.615219799440293,34.312842525652975,21.37182981576492,32.08134619869403,2.616524312033573,31.885130013992534,42.84176772388059,34.36930095615672,27.214814598880587,30.06550256529852,21.0386325209888,50.94679191930971,10.9927340834888,21.9975002915112,52.95708226445896,58.1910564365672,46.53840659981344,32.05357975746269,29.725826434235067,33.20681261660448,19.230111648787307,33.09297020755597,46.33571157882463,39.142352203824615,36.0047443446828,26.785360307835827,21.560641616138067,27.44064832089552,20.07606255830224,34.75803113339552,23.577410797574625,29.28434001865672,20.093647971082092,35.78909165111941,34.6886150303172,47.069671175373145,25.323919951026106,32.65055824393656,4.166817280783572,24.641791044776106,17.753862523320894,-1.4234928871268526,14.946675314832094,7.76627361240672,26.855701958955226,52.07966272154852,5.407977203824626,28.34953649720148,32.85140216884328,22.2788668959888,8.678863980876853,16.02493878264924,25.381303929570894,28.475411030783572,18.088910914179106,10.081069263059707,24.12348414179104,37.715157124533576,8.681640625,34.056465718283576,45.21209625699627,26.730752973414173,28.986313549440293,40.00496297807836,42.3706637709888,16.429403276585827,31.61209334188429,11.372208780317202,25.9042385727612,32.44138438666044,25.521061683768682,41.152642548973894,21.994723647388067,22.3482829990672,19.535542502332092,29.36116050606344,1.7853821711753732
train_010,2,7501.501219315315,3784.5881529850744,942.5317416208893,630.5509208458573,441.54937295593436,398.52432660914184,334.2570472831157,258.25568881719863,293.2043790621544,184.85785914179104,196.9760445036105,156.25565181427925,166.5940120780646,200.60976125233208,170.3239858230548,151.39558769606833,157.3496420290043,126.75935750932834,138.36758104011193,134.9911817863806,131.79711549673507,92.51222889458955,109.76629547574626,87.50593954057835,93.59604565065297,77.92559176772389,86.46932573460822,136.756201900653,205.73080342385302,69.08845907182835,58.96481459888059,74.3252098880597,60.84645376632463,99.97769939365672,75.48769822761193,48.39875816231344,77.20458984375,40.34371356110076,52.41100892024253,59.163807427705244,45.459217583955244,47.74532124533583,55.046044193097025,37.467110249533576,15.36409748134328,39.95405783582089,34.85428812966417,72.3121428987873,48.04149661847015,25.73393773320896,31.028998076026106,39.80689569729477,43.13238980876868,69.22729127798507,62.49392927938429,41.50157416044776,34.92185313666044,31.414951609141788,46.919732392723894,47.958197294776106,43.03705836054104,60.03567368236941,55.70503439832089,24.96943505130597,38.56110803404852,89.48291015625,37.8650959071828,36.651702425373145,7.036016208022401,17.030083955223894,17.11430882695896,35.58176888992537,60.349434468283576,19.870590893190293,63.79247318097015,61.39530375466417,70.33054454291045,21.91234987173508,30.99012505830224,33.14387534981344,27.027853894589562,38.37970061800373,43.15830515391791,23.483004897388067,12.968779151119413,40.27522300606344,39.15438432835821,8.411380597014933,12.268139284048521,29.23713706856344,51.1143161147388,31.61949772621268,22.12244927705224,20.645274603544774,46.52359783115672,32.91711607975747,19.398561392257466,33.17997172341417,44.40779500932836,14.301568330223894,46.923434584888064,39.04516965951492,35.81685809235075,51.47157765858209,38.41672253964552,58.86763205457089,26.9510334071828,36.651702425373145,13.48616050606344,-7.12394327192164,63.53517082555971,31.03732800839552,42.09299935867537,23.6431247084888,28.33935546875,9.508155025652973,15.196573285914173,32.93562704057836,5.4653611823694135,21.603216826026106,33.465966068097025,8.807515158582094,31.82219274720148,26.626166044776106,26.0208576259328,26.05510290345148,31.599135669309707,14.49593341884328,45.0491998017724,39.43019764458956,4.54906862173508,29.089974930037307,45.36018394356344,26.88254285214552,43.536854302705244,40.907372318097025,37.69016732742537,31.33165228544776,53.28657736707089,23.62739039179104,34.3211724580224,34.30266149720148,40.50846111240672,3.4013890508395606,35.509576142723894,27.9839450209888,18.20923215951492,17.499336812033572,17.10135115438429,53.28287517490672,18.284201550839562,31.80183069029852,57.836571536847025,3.648510377798521,18.080580981809707,33.95187878964552,27.522096548507466,35.60305649486941,24.264167444029855,42.853799848414184,30.55048973880597,8.652948635727599,12.902139692164173,28.465230002332092,26.3170329990672,16.2137505830224,35.5040228544776,33.14017315764924,14.45335820895524,30.31725163246268,37.71793376865672,30.08308797807836,42.69553113339552,18.575749183768682,31.277044951026106,32.57466330457089,18.497077600279855,45.02143336054104,35.07734520755597,24.162357159514933,44.68360832555971,35.74096315298508,27.754871880830226,19.768780608675375,28.96687704057836,13.34825384794776,38.07334421641791,23.02208197294776,28.084829757462693,58.96574014692164,39.40335675139925,34.42205719449627,24.10682427705224,27.2064846665112,23.329363922574625,46.9262112290112,27.042662663246265,31.1632025419776,29.2861911147388,32.60057864972015
train_011,3,5961.821449393657,3333.8415989769037,891.3536989475363,567.2064129167528,444.5832690445345,368.4498410758688,297.6450071672895,244.50572441006776,249.37596198694027,172.49530260287113,209.0600148670709,167.30575095183815,240.11863048041045,168.58473722792382,202.199852786847,179.38046583488807,129.05194757678615,128.89089464785448,143.81628235774252,141.28629678754666,138.75631121735077,141.26361329075115,152.78482773588667,127.15178987873131,117.9629489272388,105.52173215951493,98.77911468050374,136.89503410680973,91.83287663246269,102.02871385261193,78.15605322994402,99.21504780783583,126.61034427472016,76.88435022154852,70.34442776352611,68.46926743236942,99.0188316231343,60.61691785214552,58.60570195895523,56.86289499766791,78.18196857509328,76.31421262826494,63.82116517024253,61.678521455223894,68.50536380597015,52.84416540345148,58.80006704757463,66.86899486940297,40.846286147388064,53.60033815298508,40.58805824393656,37.3069904384328,58.14200239039179,45.971045650652975,36.87475950326493,36.24631238339552,75.59691289645522,54.50644968516791,33.21236590485076,20.532357742537307,36.70075647154852,42.66961578824627,46.94101999766791,36.61745714785448,49.85649632695896,49.79541015625,49.73895172574627,44.27173944729477,53.11349988339552,43.31194612873132,50.82832177005597,36.44715630830224,43.87930707789179,51.31145784748132,43.41653305736941,62.93911788712687,30.03958722014924,53.75490467583956,30.490329116138067,13.095579232742534,35.19026206856344,54.46757666744403,29.427799965018682,34.40724842583956,42.45581419076492,19.428178929570894,35.856656658115696,38.026141266324615,41.51638292910448,35.31613660214552,27.45730818563429,40.21043464319029,39.53293347714552,38.91836957789179,38.303805678638064,26.761296058768682,45.01588007229477,33.3169528334888,24.91297662080224,48.68012476679104,44.15882258628731,22.04007550139924,29.492588327891788,36.10100134095148,40.12991196361941,42.826958955223894,33.85099405317164,19.92704932369403,21.08490992304104,29.56570662313429,38.0465033232276,5.762462103544773,52.872857392723894,46.53377885960821,53.37820662313429,45.72947761194029,27.045439307369413,34.79227641091417,28.155171408582092,25.236918435167908,38.43153130830224,37.80956302472015,39.00166890158583,57.109090776585816,33.16053521455224,40.82870073460821,14.79025769589552,31.10952075559703,24.379860949160438,34.37300314832089,37.0450603428172,54.16677355410448,40.9036701259328,29.89982946595148,36.74703387360076,22.9443359375,37.125583022388064,33.60618659631529,30.086790170242534,36.20003498134328,44.26803725513059,27.970987348414173,49.89722044076493,40.97956506529852,40.56677063899253,23.180350687966428,43.49242799673508,35.281891324626855,10.063483850279853,33.68069321361941,45.31483208955224,52.28235774253732,47.232567630597025,31.37885523554104,11.15563053871268,17.32163158815297,24.16883599580224,25.307260086287307,20.847969624533572,30.273750874533572,28.3560153334888,23.986503031716428,34.32302355410448,30.854069496268682,40.11787983908583,49.381690181902975,34.3544921875,40.69588459071828,36.5415622084888,33.05965047807836,41.61911876166044,28.30788683535448,19.954815764925375,63.43983937733209,49.43352087220148,29.335245160914187,33.032809584888064,33.62793697527985,17.26147096548508,43.66365438432836,20.792436742070894,20.400004372667908,37.583729302705244,32.450177093050385,27.31662488339552,48.6458794892724,52.87841068097015,36.82385436100747,24.612173507462693,32.258125874533576,35.21525186567164,45.48883512126868,65.77962482509328,30.766142432369413,18.062995569029855,35.15509124300373,22.846227845149254,12.475462045242534,32.27386019123132,49.622332672574615
train_012,5,3344.027300587342,1517.2268394356342,946.1748046875,740.0497026585821,718.4418883715103,768.6806360394207,731.6077789762126,596.2112374270141,522.504233072053,519.2611127362322,415.12865846548505,441.6335777168843,278.30024867805076,395.72639488106336,274.41205163678126,230.64100340053216,236.27854679769547,261.1378264925373,247.9506180037313,164.89471344449626,238.9950000190023,153.48825938666045,163.15560867537312,143.49326609141792,176.9916187711616,121.35508249766791,97.66475862398077,104.60358850279852,112.32728690531721,156.6480803987873,106.08446536847015,97.83135348647389,102.62939453125,105.53654092817165,103.7122857392724,103.43832351912314,73.6366021455224,63.70084392490672,104.20930503731344,112.05332468516791,67.42524924207089,74.77317513992537,89.99936596315297,91.60889400652985,55.65227815998132,72.33065385960822,39.86890741604477,69.06254372667911,87.52630159748132,68.39244694496269,89.45884590718279,84.30354331856344,81.5787298857276,85.56969303871269,92.71492391557835,161.41835500233208,95.27036205690297,78.24768248600746,85.24019793610074,61.65260611007463,114.69854098647389,95.75905142257463,104.21208168143656,77.70531133395522,43.29158407182836,69.53457322761193,70.56424542327424,68.09534602378731,43.95149982509328,50.04253148320896,38.718451201026106,91.43674207089552,78.0246254081157,90.4464056669776,172.1102859724813,96.16906920475746,123.33945749766791,80.59764896222015,98.61899486940297,91.93098472481344,67.21607538479478,52.41563666044776,61.270354769123145,80.40328387360076,111.77936246501868,101.18183739505598,83.85835471082089,79.19174148787313,111.92282241138058,117.30395872201493,124.97304979011193,51.51415286847015,58.50389167444029,95.06303929570896,72.24550343983209,108.68340426772389,85.10506792210822,71.68369577891791,90.47417210820896,111.41562208488807,164.74570777967796,212.27166656949626,141.8874402402052,164.22468479088883,123.04235657649254,118.97642403218279,153.61876166044775,114.72630742770524,161.94320886971346,126.68161147388058,83.13365059468279,97.81747026585822,75.82274661847015,66.35624125466417,76.01433506296642,54.53514167444029,52.1759197178172,79.04735599347015,49.037386310634304,56.47509036847015,67.10593516791045,120.41565123600746,98.89943592583955,69.12085325326493,63.30656045942164,73.34505451259328,65.66300577192165,67.33454553404852,56.35569467117537,65.07250612173506,52.79418580923507,59.33503381529852,93.2943169892724,52.80251574160448,55.86700530550373,82.54962978078358,47.56761602145523,54.496268656716424,47.033112027751855,31.240023029384304,83.0003716767724,45.3018744169776,29.280637826492534,33.82785535214552,72.1335121268657,21.158028218283572,124.10951346781721,53.5327731459888,70.36108762826493,10.724325151585827,54.66471840018656,56.43991954291044,52.544287838152975,46.675387709888064,55.891995102611936,41.64595965485075,63.239921000466424,55.55231897154852,50.27299294542911,37.35604448460821,52.3758380946828,65.81849784281721,31.11507404384328,49.358551480876855,60.95289179104477,53.30786497201493,51.72888001399253,50.59786030783583,53.81506529850747,42.373440415111936,63.27324072994403,44.77431203358209,33.900048099347025,57.48023554104477,51.58264342350747,57.85785914179104,41.10543959888059,49.178995160914184,36.50268919076493,53.263438666044756,53.7308404267724,31.76480876865672,45.10473268423508,52.448956389925385,52.84231430736941,36.45363514458956,63.37227437033583,54.79336957789179,48.34137418376868,24.33821128731344,55.63746939132463,53.55591184701493,68.21659281716418,44.749322236473894,31.076201026119413,66.9374854244403,23.386747901119413,58.92594158115672,33.58258512126868,20.871108325559707
train_013,2,6501.296758440004,2127.654898005635,1221.869688618539,747.6105348850363,707.8443027432286,490.0314103311567,418.3116484577976,420.6069773204291,394.9026344151639,292.3010138949352,339.3195906833036,286.2664406673232,285.50471462954334,274.88036380597015,247.8219819656059,222.5694503303784,237.11152489505596,256.1926384488148,229.3082142214277,250.83832789179104,280.1032465411656,220.7274734724813,238.414696536847,241.03953564167023,249.00296612639923,264.57529677739785,234.43759389510794,188.61927124101723,205.60031628964552,232.89935576026116,187.735403140979,220.74785823875396,211.11008106861541,172.1667292634053,173.6707599696828,165.02708195394547,179.49259340407244,180.3300856947899,207.8392170009328,166.47554949860077,176.27802880130596,186.08050810401122,137.81595440764923,148.51806640625,131.80174323694027,154.76827718784563,152.8718519611145,155.9937179337687,126.42153247434703,158.02528074428216,130.26533348880596,138.97751719916045,121.046875,149.13725047591907,126.49927850979478,163.40550664645522,146.9538902168843,120.63222947761193,127.6117721155508,135.2716304126071,132.6448493742231,157.07660914179104,152.58861912097504,188.67667035914178,172.08807281949626,197.85165079938835,150.68386396187455,139.5754288034653,240.44534893889923,224.68419134794777,185.42430968249022,246.65020029669378,201.32333608260794,201.8323875051826,247.9441618768137,228.6251976160861,234.78192047574626,191.4209430102092,173.7327716884328,241.52361240671644,204.26567601445896,175.37376836520522,182.78463152985077,160.27621358010302,169.01064072260218,165.92107809390595,174.93982259017318,158.18819233908584,164.73275010710333,153.4919615788246,138.01217816214066,153.00882550139923,132.12105731110077,145.998732208316,143.22023698909962,133.25300256529852,139.33106898104967,147.6730410447761,141.1821726329291,146.5642269218146,122.37133424673507,122.71656366604478,135.1790680387127,126.82322032416045,126.65384503264926,111.96817426539178,133.3529617537313,125.43860045475746,111.08149924207089,94.60581856343279,91.08781045942165,117.48721723414178,98.17935954990672,86.01303055037314,93.1064307369403,93.69230264692165,113.88590980643656,91.1923973880597,102.76452454524254,111.36564249067165,108.24747114039178,92.41967409048507,116.19422662080224,109.32018131996269,92.7528713852612,104.92753031716417,74.27708138992539,93.33874329524254,62.342139400652975,89.10621210354478,104.87107188666045,94.04215980643656,99.0780666977612,78.7687660331157,95.93490555037314,88.61196944962687,100.27757695895522,74.27523029384328,93.74876107742539,96.64572644589552,98.39871443563429,92.88707585121269,78.06072178171642,87.7012301772388,79.08715455923506,100.85049119636193,101.57704640858209,86.40731401585822,87.84006238339552,72.25846111240672,77.80341942630598,83.25212074393656,73.80320079291045,73.44964144123132,81.91655492070896,75.93011019123132,94.7992581040112,90.05952658582089,75.63208372201493,73.75044455457089,73.02203824626868,59.32670388292911,70.24724521921642,75.0054876982276,79.66747318097015,68.25639138292911,88.97848647388058,63.94703970382463,118.13510086287313,74.04476883162314,71.4708197294776,54.2435940415112,64.58844449626868,75.67651002798507,74.84166569496269,66.35716680270524,33.215142548973894,87.50871618470148,69.54290315998132,75.95417444029852,72.58425402285448,78.71323315065297,59.01664528917911,76.75569904384328,49.98329640858209,84.15360453591417,85.79275011660448,34.103668668376855,64.26727932602611,81.9008206040112,45.311129897388064,81.45563199626868,57.91246647621269,74.92496501865672,79.89053025886193,63.37875320662313,70.55360162080224,55.58841534514924,41.74129110307836,61.619286380597025
train_014,5,4124.876071303638,3432.549446458247,3432.549446458247,2735.4997499594047,2056.559477827442,1360.41407204386,1058.583426273581,1023.9143991479233,723.8988590631913,717.0257998687118,659.702756098847,615.8633687033582,565.0785779703907,551.3600746268658,605.8803772534897,565.567237056903,501.9228515625,455.23077370871357,441.11897300606336,372.0369927705224,322.1758535637784,450.1578751749067,379.60334800606336,356.89872901119406,374.2805515011745,322.35244399487084,325.8669542910448,337.8879722481343,275.0182553245061,303.32225072294915,377.30216306359017,317.9886893656717,322.3230308418843,304.74224580223876,302.5635284229891,277.3367455975333,291.0181891704674,280.20224233260797,320.8551116487874,342.9016659864739,495.5383908962136,304.6339264022771,294.6463677705224,253.24211241060226,307.89651352611946,237.6020804963895,204.61644358243515,211.69876747166933,263.60626311800377,222.8636383512127,223.8511829714277,167.7703912080224,213.41842059235077,206.6360045475746,173.75591038945896,201.4445904457747,362.81757845451585,167.09383072959847,142.81206273320896,185.51777489505596,182.8531069453083,146.57625904634818,367.51661613805976,190.07611413678126,140.81843225279852,137.748389400653,170.52204553404852,168.27851708255596,148.4019101270989,128.52530317164178,119.16338473647389,139.19409544076493,125.55984724813429,197.8229209611665,118.64322673740672,135.4891266324627,121.12553901369891,113.68228923740672,115.85825268190297,160.5557593676581,142.31411788712688,162.62434409981344,121.45966942630598,122.59994461287314,127.90981372434702,93.1480803987873,98.72820953824626,104.43328766324626,121.77250466417911,113.16583343050374,99.0614068330224,78.21991604477611,122.89612755579735,99.77407882462686,95.41011981110074,97.74805416277985,74.79723938899254,101.20127390391791,90.1169105643657,97.04278655550374,108.29559963852611,87.9326171875,71.70683447994402,80.92806961287314,91.2025784165112,140.93505130597015,81.82770230876868,91.89026061100746,96.25051743236942,73.78191318796642,70.73038129664178,85.44104186100746,84.00551684934703,81.58335762593279,74.91848618236942,80.13857713386193,96.7049615205224,91.86989855410448,99.42792385727611,99.07714114972015,108.41129314365672,113.00016033115672,105.71424615205224,105.98820837220148,82.28399749300374,75.34701492537314,87.70956010960822,73.10996531016791,81.31865088619402,66.78291890158583,75.65614797108209,77.47022213152985,80.83736590485074,61.72294776119403,101.75197498833955,71.1561333955224,69.16620510727611,85.26796437733209,87.18014663013058,55.790184818097025,65.91753148320896,81.03728428171642,74.58251224347015,95.4073431669776,93.0860686800373,47.4843166977612,78.23750145755598,53.37913217117537,57.79954961520523,79.16119840251868,75.95509998833955,73.94573519123132,73.2913727262127,86.63777547807835,100.8643744169776,77.67939598880598,48.06648641557836,135.5576171875,83.4538902168843,75.91992916277985,72.8498863106343,96.3995306669776,83.69175606343279,85.62337482509328,93.24618849113807,103.4494300956157,103.02182690065297,112.35505334654852,103.6354652518657,107.86336870335822,104.99509532416045,78.16530871035448,75.2757477262127,69.8807281949627,84.24615934001868,68.99960645988807,67.04762564132463,54.218604244402975,62.50688695195896,76.01248396688429,118.86906045942165,99.39367857975746,110.50580836054104,91.4608063199627,92.9102145522388,105.05988368703358,96.16073927238807,51.34847976912313,55.585638701026106,76.40954407649254,81.28995889692165,77.16571682602611,76.29570166744402,50.36924994169776,86.49616662779852,109.31833022388058,110.80661147388058,76.09670883861942,73.98831040111942,87.44577891791045
train_015,3,9232.163320882999,2346.410460080674,779.9007521494112,486.3619464360067,192.82314072260218,148.9058672505528,146.1477378731343,144.0597014925373,134.10450676305973,108.3178127915112,80.89104769123132,92.35858791977611,93.48590543376868,55.85034544076493,59.85519181436571,55.29871880830224,78.94647125699626,67.75659544076493,82.14053754664178,54.54532270289179,53.01816843516791,57.45894793610076,34.75710558535448,65.11415578358209,65.90087161847015,57.0748454990672,30.715237290111933,27.467489214085827,44.59568126166044,29.3148831040112,49.43814861240672,33.30306961287313,32.83937004430971,32.47655521222015,28.922450734608212,50.190619169776106,21.475491196361933,19.8196857509328,48.70511456389924,45.0658596665112,38.823963677705244,21.885508978544774,32.19148641557836,11.482348997201479,15.53347277285448,21.219114388992534,34.17493586753732,11.830355060634291,46.56154530083956,38.56851241837687,24.452053696361933,14.33396251166044,20.089945778917908,17.18742712220148,22.40751807369403,17.33273816464552,2.195399953358214,-3.229237115205227,24.729718108675375,24.93333867770524,33.171641791044756,11.682267374067202,35.73355876865672,10.848348589085827,38.57406570662313,22.33995306669776,22.442688899253735,2.7414732975746268,2.691493703358214,1.3836943213619328,14.97721840018656,17.54931640625,20.12141441231344,21.97436159048508,23.494111473880587,22.574116721082092,17.75571361940297,4.189955981809707,18.6322076142724,22.048405433768682,12.799403859608214,3.5504022854477597,11.818322936100762,8.483573344216428,15.40944933535448,-6.989738805970147,7.69963415345148,9.60718866604476,3.77531045942164,11.158407182835827,5.742100046641786,33.45578503964552,3.0830005247201466,18.57389808768656,2.312944554570893,20.119563316231318,26.95288450326492,12.899363048041039,13.609258395522401,27.73404704990672,-1.9251399253731474,5.184920125932798,4.13997638759328,31.310364680503735,9.12497813666044,9.47853748833956,28.61887097714552,20.064955981809707,13.462096256996267,15.739869986007466,5.268219449626867,34.17956360774253,12.801254955690293,25.635829640858212,14.204385785914187,16.66819467117539,11.93586753731344,15.098002419542906,18.2601373017724,17.757564715485067,4.820254197761201,28.265311625466428,27.691471840018682,12.799403859608214,-3.4263788479477597,16.098057077891788,33.37341126399253,6.3761004547574665,8.350294426305974,25.64138292910448,28.518911788712693,12.870671058768682,19.871516441231318,13.876741779384306,10.647504664179106,0.7182252798507608,-7.8551262243470275,31.651891907649254,5.506085296175387,8.576128148320894,21.3153713852612,11.770194437966428,7.250743353544773,17.912131238339562,36.49528480643656,9.079626282649238,15.237297399720147,22.870292094216428,10.704888642723894,27.122259794776106,22.6509372084888,0.7135975396455199,23.521877915111933,4.670315415111933,20.748935984141788,22.30200559701492,29.13810342817164,18.642388642723894,35.66784485774253,6.50104944029852,1.7613179221082136,30.24598443330224,25.364644064832092,39.75784165111941,20.64342350746268,22.6962890625,16.925497026585827,15.004984841417906,10.875189482276106,10.11716563666044,27.958955223880587,27.8099419892724,12.08580631996268,8.17814249067164,8.730231897154853,9.282321303638067,9.248076026119413,29.211221723414187,31.1632025419776,9.510931669776106,7.0554527168843055,-5.772643131996267,20.1084567397388,13.56529486357276,13.094653684701479,1.1652649836753732,-1.8205529967350662,12.875298798973894,13.609258395522401,6.166001049440293,18.981139225746265,18.890435517723894,11.548062908115694,27.52024545242539,14.300642782182798,6.41682456856344,18.833977087220145,22.062288654384304,31.924003031716428,12.319044426305974
train_016,4,6868.891166032249,957.4720440764925,533.8033538362873,331.20182833920666,227.77459625699626,185.4094744195689,145.27865204748826,138.60174469449626,125.11558040353785,74.8934963852612,77.59054337686571,100.53395376632463,43.68309467808523,64.78928842117537,91.67090572527985,52.99410040120582,62.20608762351436,30.741148850366258,49.74635611007463,42.6261150303172,36.545264400652975,48.60793201958956,32.916190531716424,43.26659427472015,31.773138701026106,19.97055008162315,42.68535010494403,19.3097087803172,68.49888496968279,30.6337890625,58.143853486473894,34.478515625,19.93630480410448,52.723844158115696,26.653006937966428,27.958955223880587,20.490708080690293,28.190342234141788,22.14281133395524,22.780513934235067,39.71526644123132,13.194612873134291,28.89098210121268,17.314227203824625,38.26123046875,29.021484375,7.88566930970148,39.64122259794776,24.40114855410448,18.050963444496265,17.22352349580224,20.907204699160438,27.575778334888067,14.132193038712694,20.344471490205226,15.257659456623132,23.622762651585827,3.9530156833022403,22.088203999533572,29.747114039179106,20.607327133861933,15.818541569496267,30.697651877332092,22.258504839085827,16.6358004897388,13.568534281716428,13.444510844216428,14.544061916977599,2.0602699393657087,1.2605964319029725,6.995292094216428,9.592379897388067,6.091031658115709,71.15243120335822,43.82747638759328,48.845797866138064,0.4313053871268526,26.299447586287307,5.965157124533572,19.47260523554104,17.6566799790112,35.643780608675385,-1.19395697294776,2.4017971665112006,27.68684409981344,13.140005538712694,9.787670534048521,28.171831273320894,20.419440881529855,12.268139284048521,13.98410535214552,3.4513686450559735,28.2486517607276,15.154923624067202,23.620911555503735,0.9616444146455199,0.12957672574626655,2.567470265858214,6.647286030783572,29.711943213619413,7.601526061100761,-3.6929366837686812,18.64516528684703,5.2913581506529725,21.039558069029855,24.9666584071828,20.75911701259328,25.48681640625,18.601664528917908,1.9010756763059735,15.606591068097027,27.272198577425375,4.23253119169776,-0.26748338386193293,9.320268773320894,43.24715776585821,-9.214756296641786,26.560452133861933,31.653743003731318,5.397796175373148,1.7381792210820937,19.72065211054104,18.832125991138067,-6.762979535914173,12.693891382929106,38.18533552938429,28.49577308768656,4.41764079990672,19.303229944029855,37.070975687966424,20.710062966417908,11.25466417910448,37.33290578358209,16.818133453824625,-7.2757331506529725,23.576485249533572,11.23892986240672,10.858529617537306,2.716483500466427,28.777139692164173,16.024013234608212,6.507528276585827,25.88850425606344,-8.00599055503732,29.021484375,-7.526556669776106,-0.3054308535447732,23.925416861007466,1.6844974347014792,11.035309293376853,6.059563024720147,-1.283735132929107,12.214457497667906,20.100126807369413,22.487115205223894,19.13107800839552,14.050744811100747,15.883329932369413,16.7764837919776,17.0772869053172,21.252434118470145,22.11226824860076,-4.283436333955241,12.880852087220147,13.159442047574613,5.33393336054104,6.266885785914173,24.715834888059707,12.683710354477599,21.91605206389924,13.345477203824627,19.632725046641788,19.911315006996265,22.69721461054104,14.64217000932836,-8.44284923041044,13.815655608675373,2.428638059701479,6.467729710820893,19.609586345615696,7.908808010727599,28.536497201492534,23.477451609141788,-7.251668901585827,23.22847918610076,40.47514138292911,26.926043610074625,10.407787721548521,11.384240904850762,18.97651148554104,30.481999183768682,32.52098151819029,6.231714960354481,13.0391208022388,20.086243586753735,10.007950967817202,32.320137593283576,22.86196216184703,-1.6891251749067202,5.399647271455227
train_017,2,10509.01231582841,5109.467157449296,3566.8493044162865,1788.0320757752033,1635.3929925934594,1082.7653032096464,1348.9693525851662,946.8291368733593,723.9499156012464,755.7275912049992,691.1011689598881,516.0411311014375,527.1773856896074,415.3452669862491,325.61703361059296,258.955369072174,227.04910284903517,140.94060459421644,91.94579349347015,75.91530142257463,104.99787196828358,87.43374679337686,82.93928550606344,51.915840718283576,72.67865992304104,85.11247230643656,98.49312033582089,62.59573956389924,68.03425985307835,61.82475804570896,32.15631559001868,37.753104594216424,74.96106139225746,31.649115263526106,46.33386048274253,18.51188636893656,38.094631821361936,29.366713794309707,32.87083867770523,32.14983675373132,55.04049090485076,56.45565385960821,29.350053929570894,22.99061333955224,62.74012505830224,30.210813607742534,17.149479652518682,11.014021688432798,36.21391820195896,18.986692513992534,23.759743761660438,26.6891033115672,26.422545475746265,29.033516499533572,20.511995685634304,24.44835150419776,38.75547312266791,44.671576201026106,24.877805795242534,38.86376224347015,47.68793726679104,43.23975338152985,43.62663246268656,22.7416409165112,27.226846723414173,28.4920708955224,37.31994811100747,38.15479244402985,45.02513555270523,20.68137097714552,31.256682894123134,28.378228486473894,31.77128760494403,30.08216243003732,31.8499591884328,26.11711462220148,21.075654442630587,36.09267140858209,35.30595557369403,26.60395289179104,20.30374737639924,9.744169776119413,55.86515420942164,8.8056640625,19.75212074393656,30.201558127332092,5.104397446361933,20.903502506996265,23.551495452425375,9.671051480876853,46.50231022621269,32.056356401585816,41.58857567630597,17.405856459888067,24.770442222481318,34.63215659981344,37.98356605643656,13.67404675839552,4.2279034514925335,12.74387097714552,-0.19806728078357283,37.59020813899253,16.645055970149254,19.289809497434707,21.934563024720145,12.654092817164173,15.28542589785448,25.357239680503735,19.322666452891788,13.749016149720147,23.242362406716428,33.652001224347025,39.58476416744403,21.63468545942164,5.13679162779852,2.566544717817202,14.705107276119413,43.55443971548508,15.616772096548521,13.073366079757466,2.01584363339552,17.925088910914187,10.86685954990672,22.78421612639924,29.36116050606344,10.44943738339552,30.475520347481318,20.978471898320894,38.89893306902985,-7.024909631529853,12.047858850279853,35.59194991837687,36.53600892024253,10.157889750466428,11.492530025652973,5.73747230643656,3.5013482392724007,24.382637593283572,18.6414630946828,14.039638234608214,23.07576375932836,7.95230876865672,15.761157590951479,30.78835558535448,31.64726416744403,28.9927923857276,37.96875728777985,48.1497857392724,22.68055474580224,43.27677530317164,16.7811115321828,19.61606518190297,11.396273029384306,28.705872493003735,38.26863485307836,22.887877506996265,21.659675256529855,19.6243951142724,8.206834479944026,30.203409223414187,11.20838677705224,3.9844843166977597,19.900208430503735,28.12370277518656,0.016659864738799657,5.27840047807836,6.2715135261194135,31.01604040345148,12.99006675606344,24.717685984141788,64.74671321128731,27.15095178404852,25.81723705690297,19.49759503264924,14.082213444496267,31.01881704757461,22.924899428638067,31.20207555970148,36.44160302005597,15.164179104477599,23.431174207089562,32.45711870335821,23.582964085820894,25.602509911380587,19.19771746735076,20.878512709888067,31.064168901585827,32.50154500932836,11.560095032649238,4.4759503264925335,18.89321216184703,28.512432952425375,37.96505509561571,25.787619519589562,29.339872901119413,17.898248017723894,25.410921466884304,2.6220776002798534,22.425103486473894,7.402533232276106
train_018,5,2130.0239280373303,1663.6702974776726,1208.7120143993575,1478.7665707193205,2320.686703375916,2014.6736801133227,2413.104586928638,1766.910439152326,2184.2105014502113,1838.973253847948,1526.8674008196858,1442.2595565799456,1052.2185762213237,877.8786450179655,865.3587642365427,567.9865893570345,480.2289310284515,422.5200851212687,376.3975221043202,278.0984943446829,233.4389351286105,200.51535535214552,186.36558447044288,147.40185546875,144.03748833955225,119.31332351912313,92.41504635027985,92.80007433535448,98.19694496268656,89.72818038712687,93.06107888292911,62.6318359375,53.44392053404852,74.86110220382463,48.12109375,71.2681247084888,78.71786089085822,57.73938899253731,41.60060780083956,33.97131529850747,60.59563024720148,40.05309147621269,53.36062121035448,31.83329932369403,43.76453912080224,35.768729594216424,33.83988747667911,32.23313607742537,69.65952221315297,28.89005655317164,45.203766324626855,29.458343050373134,34.40632287779852,16.675599055503735,39.974419892723894,38.57869344682836,29.015931086753735,35.67802588619403,36.2389079990672,39.42834654850747,54.10568738339552,51.09673070195896,47.19091796875,9.181436567164173,27.89509240904852,42.81029909048508,56.12893540111941,50.16285272854477,8.490977728544774,16.00642782182836,27.32125262360076,30.084939074160438,13.942455690298521,6.5667633512126935,7.655207847481319,23.65238018889924,39.5921685517724,25.469230993470145,31.00863601912315,29.312106459888067,14.257142024253733,31.759255480410438,31.50102757695896,8.162408173973894,10.397606693097027,63.31118819962687,5.522745160914173,18.7275390625,31.932332964085827,25.839450209888067,22.769407357742534,22.995241079757466,32.01563228777985,49.302093050373145,42.88989622201492,30.97346519356344,44.2930270522388,10.4013088852612,34.28229944029852,30.5477130946828,6.685233500466428,36.03436188199627,29.490737231809707,43.891339202425385,32.66536701259328,19.715098822294774,40.20858354710821,49.0799615205224,55.95215572527985,32.93470149253732,19.747493003731318,19.930751515858212,26.523430212220145,12.814212628264933,28.34675985307836,23.694955398787307,21.295009328358212,27.8145697294776,26.098603661380587,11.725768131996267,22.260355935167908,18.041707964085813,34.155499358675385,20.812798798973894,38.56481022621269,21.4727145522388,50.32852582789179,17.5159966767724,19.8104302705224,30.79853661380597,36.462890625,41.07397096548508,19.3809759794776,18.94411730410448,41.34423099347015,38.11591942630597,29.065910680970145,51.62429308535448,36.84514196595148,39.540337861473894,35.45496880830224,13.291795417444026,28.80398058535448,40.016995102611936,23.14055212220148,32.3701171875,37.583729302705244,11.344442339085827,28.71142578125,31.774989797108212,42.81029909048507,33.474296000466424,31.000306086753735,29.991458722014933,10.255072294776106,40.2169134794776,30.956805328824625,20.209341476212693,47.78049207089552,36.96176101912313,44.51700967817164,32.372893831623145,56.1826171875,37.592984783115696,26.05232625932836,37.82252069729477,18.58222802005597,28.33842992070896,25.2554293959888,29.536089085820894,33.00504314365672,23.6098049790112,60.62987552472015,28.087606401585813,42.48543172807836,56.68704086986941,53.10702104710821,46.303317397388064,50.9902926772388,99.18913246268656,49.66583343050373,78.91963036380598,58.224376166044756,70.05010348647389,59.12400886194029,63.09738660214552,35.783538362873145,55.69207672574627,59.35076813199627,49.976817572294756,51.31423449160448,39.6495525303172,53.265289762126855,42.67887126865672,43.09259124300373,72.40747434701494,39.42186771222015,56.55376195195896,55.15618440998132,50.76631005130597
train_019,3,8003.476372928762,3708.354389711102,1222.8583934502813,693.2364082905783,528.316705048974,374.93024080724854,280.7788814715486,190.4722335587687,206.6822668100471,222.57764400652985,198.3413830448442,189.51891907649252,146.1486634211754,137.5133001982276,188.91361065764923,181.24266092368026,169.01340222714552,136.27676801539178,129.61004547574626,125.69034952192165,117.0096344449627,94.67893685867537,113.0205223880597,115.84529500932835,93.6663873017724,66.88565473414178,82.37099900886193,92.47150478078358,88.96460325326493,92.5973793143657,73.86613805970148,58.23733383861941,70.92196974113807,74.14565356809703,59.90146921641791,60.349434468283576,79.19914587220148,82.2562310517724,45.68505130597015,50.23134328358209,54.85815794076493,48.53388817630597,63.13811071595148,57.9476373017724,51.31330894356344,49.7093341884328,41.29425139925373,63.239921000466424,65.90920155083955,48.8272869053172,50.37572877798508,48.9105862290112,54.26025390625,36.26574889225747,30.052544892723894,45.10936042444029,43.70067630597015,70.1185940415112,44.24119636194029,38.496319671175385,44.91036759561571,39.73840514225747,33.403954349347025,46.33200938666044,58.86300431436571,49.29098647388059,39.31450413945896,38.30473122667911,37.75773233442164,49.82780433768656,23.628315939832092,35.8140814482276,64.62824306203358,55.00532007929104,46.75591038945896,39.53756121735076,19.4957439365672,30.314474988339562,35.82981576492537,21.3653509794776,28.23569408815297,26.12822119869403,39.64122259794776,21.836454932369413,40.78242333255597,39.4227932602612,30.88091038945896,22.190939832089562,31.961024953358212,27.343465776585827,32.234061625466424,34.59420913013059,27.71646163712685,34.5238674790112,1.4521848763992533,50.48031570662313,16.83109112639924,29.56663217117539,29.002047866138067,54.65823956389925,15.150295883861933,30.438498425839562,41.84032474347016,46.19040053638059,36.34627157182836,46.80959217583956,22.256653743003735,32.8902751865672,41.45437121035448,24.823198460820894,25.833896921641788,33.92226125233209,18.44802355410448,44.39020959654852,45.280586812033576,-4.186253789645519,17.700180736940293,34.29062937266791,38.3685940415112,34.37207760027985,60.8001763642724,35.54844916044776,40.57695166744403,37.15334946361941,39.7874591884328,25.47663537779852,19.64198052705224,31.449196886660438,23.1470309584888,19.680853544776106,35.93440269356344,30.846665111940293,36.33516499533583,24.786176539179106,34.86354361007463,40.3862887709888,33.0689059584888,18.043559060167908,16.7052165928172,25.27856809701492,21.692069437966428,25.34243091184703,14.443177180503733,31.26871501865672,30.004416394589562,7.376617887126852,33.71308739505597,16.80517578125,5.639364214085827,40.002186333955244,25.106416161380587,41.3951361357276,30.767067980410438,29.35190502565297,25.22858850279852,44.21250437266791,34.808936275652975,30.95773087686571,32.03877098880597,10.851125233208961,25.72005451259328,28.47818767490672,22.887877506996265,19.23011164878732,5.195101154384291,27.671109783115696,22.843451201026106,27.05747143190297,19.93723035214552,34.52479302705224,37.32550139925373,26.78998804804104,18.8136150303172,28.4180270522388,13.83601766557836,9.958896921641786,17.30034398320896,8.205908931902973,28.7734375,33.17071624300373,32.630196187033576,39.37373921408583,30.93644327192164,31.986014750466428,29.776731576492534,49.24563461986941,53.254183185634304,49.08736590485075,15.159551364272401,34.73026469216417,52.82750553871268,46.66057894123132,30.991976154384304,31.304811392257466,27.87287925606344,36.18059847248132,24.57237494169776,40.81481751399253,40.42608733675373,45.20006413246269
train_020,2,4136.880790373283,796.403677518688,533.6728515625,329.86438114073735,261.6348457905783,183.43806844682834,157.42277167893167,156.53886572994404,119.85569088628043,123.8401752029782,103.46146222014924,120.50450384794776,92.22716009794776,89.27373629897389,91.84490875699626,92.17440385960822,65.06880392957089,60.88625233208956,76.08652781016791,93.96163712686571,35.30595557369403,78.00889109141791,48.29417123367537,40.62230352145523,23.737530608675375,60.09120656483209,17.025456215018682,45.46477087220148,49.07811042444029,35.26615700792911,36.96546321128732,28.45597452192164,24.5233208955224,35.38277606110076,21.86051918143656,34.61364563899253,11.495306669776106,16.113791394589562,17.3392170009328,13.442659748134291,36.016776469216424,39.7208197294776,34.58402810167911,8.2929104477612,-3.2070239622201466,23.34232159514924,17.22352349580224,25.343356459888067,56.411227553638064,-0.8792706389925331,22.766630713619413,11.895143423507466,10.967744286380587,17.987100629664173,9.68123250932836,25.544200384794774,37.02840047807836,23.90690590018656,15.935160622667906,30.360752390391788,5.681013875932798,12.316267782182798,23.76344595382461,34.41002506996268,9.497973997201479,17.898248017723894,23.418216534514933,-5.34226329291044,-0.8987071478544801,-2.6507695895522403,15.7509765625,0.38502798507462666,24.8287517490672,15.530696128731318,16.792218108675375,4.560175198227599,-0.17307748367537334,17.5159966767724,12.397716009794774,9.439664470615709,14.165512768190293,-4.110358850279853,7.160039645522401,26.661336870335827,-0.34893161147389407,12.871596606809707,5.567171466884291,9.862639925373147,5.682864972014934,23.52465455923508,11.197280200559707,24.641791044776106,18.838604827425375,9.798777110541039,-0.10828912080224007,6.852757695895519,4.841541802705227,7.499715776585827,21.16728369869403,8.35677326259328,14.016499533582094,8.536329582555974,7.305350687966428,-0.5692120452425331,27.24350658815297,24.675110774253735,9.6284762709888,22.92952716884328,18.800657357742534,17.225374591884304,34.61549673507463,19.756748484141788,43.636813491138064,26.018080981809707,8.120758512126853,38.11221723414179,19.8104302705224,29.67214464785448,19.877995277518682,22.02989447294776,7.2618499300373065,17.26054541744403,13.600928463152973,40.54733413013059,7.281286438899239,5.407977203824626,4.138125291511201,22.9156439482276,37.1283596665112,12.250553871268682,34.70064715485075,9.040753264925373,8.826951667444026,27.9385931669776,-2.364775244869414,14.14607625932836,12.073774195429106,9.16847889458956,28.018190298507466,22.03637330923508,20.978471898320894,1.7381792210820937,26.134700034981318,5.811516149720147,22.88695195895524,19.397635844216428,18.197200034981318,12.925278393190293,20.581411788712693,8.500233208955226,23.291416452891788,25.09438403684703,32.56263118003732,12.700370219216428,20.855374008861933,28.538348297574625,16.318337511660438,11.52492420708956,-21.184869111473894,21.819795067630587,6.393685867537321,25.3248454990672,34.06201900652985,25.170278976212693,5.1386427238805865,27.474893598414173,18.55631267490672,22.941559293376866,24.141532328591428,25.34150536380597,12.651316173041039,23.987428579757466,7.7921889575559735,-8.40305066464552,22.99894327192164,2.628556436567202,23.654231284981318,40.63341009794776,17.925088910914173,5.03775798740672,21.98176597481344,24.86577367070896,8.24293085354476,14.593115963152973,13.36398816464552,8.286431611473894,31.74907445195896,37.846584946361936,-6.559358966884291,2.72111124067164,17.924163362873134,21.462533523787307,14.910578941231318,9.011135727611933,-8.21701550839552,16.476606226679106,21.66245190065297,10.73728282416044,-0.3544848997201465,11.2407809584888
train_021,5,5056.762948648254,1929.3234630769757,1179.8858660797575,1110.9334322908028,779.8955016527603,629.1680915142172,503.3537488339552,345.08595936333955,316.66885785914184,248.3874615395247,217.94435051305973,256.5730171706249,208.79623367537312,342.5304985126453,329.856051208368,432.48295674751057,283.884080009674,250.3394726372477,250.4421933302239,248.7225250699627,207.94658057369404,207.70502767456108,171.18196128731344,169.41694874283093,173.87900827891792,106.51391965951493,120.56559001865672,105.42269851912314,94.7187354244403,81.78975483908583,131.77582789179104,98.10716680270524,65.55841884328358,69.13936421408583,50.87922691231344,58.16514109141791,102.92001661613807,79.96920184235074,62.70773087686571,47.75180008162313,80.90400536380598,95.72110395289178,73.29507491837686,67.27160826725746,48.32841651119403,70.56378264925374,54.322265625,68.94962686567165,77.72845003498132,46.37643569263059,57.37379751632463,48.03316668610076,53.68456302472015,66.00083080690297,35.38092496501868,58.60107421875,59.26191552005597,40.598239272388064,60.31889138292911,70.73500903684703,40.543631937966424,58.87411089085821,48.50056844682836,43.20088036380597,68.83763555270524,35.10233500466417,56.20390479244403,63.300081623134304,32.32661642957089,39.602349580223894,49.05682281949627,21.667079640858212,38.68790811567164,43.668282124533576,23.879139458955226,53.19587365904852,52.95893336054104,36.0001166044776,44.24027081389924,38.451893365205244,47.42785826725747,60.30963590251868,59.57104856576493,60.92512534981344,19.94648583255597,52.15925985307836,52.80714348180971,60.77055882695896,70.96176830690297,55.93827250466417,73.2710106693097,52.58778859608209,38.18811217350747,56.25203329057836,40.126209771455244,50.41737843983209,43.0028130830224,53.2921306553172,56.49360132929104,60.81220848880597,43.9329888642724,52.77197265625,36.84514196595148,93.0110992887127,46.37828678871269,58.147555678638064,43.98204291044776,51.63077192164179,55.3477728544776,74.47885086287313,46.36718021222015,43.47391703591417,73.2497230643657,41.33682660914179,35.78631500699627,38.008555853544756,57.719026935634304,54.95071274486941,22.06043755830224,31.73611677938429,30.7244927705224,25.535870452425375,50.651542094216424,47.04468137826493,39.12291569496269,52.50819146455224,58.82690794076492,47.787896455223894,62.42451317630597,36.4915826142724,52.174994169776106,11.967336170708961,60.37349871735076,26.265202308768682,27.273124125466428,68.93481809701493,35.0532809584888,46.88178492304104,57.71069700326492,52.16296204524253,32.43583109841417,72.51206127565297,37.81141412080224,51.864935576026106,43.57202512826493,97.10850046641791,52.30827308768656,40.06975134095148,25.010159165111933,33.722342875466424,11.367581040111933,51.00510144589552,24.40022300606344,32.30903101679104,53.64661555503732,47.22516324626868,23.711615263526106,42.24108704524253,41.67835383628731,69.85296175373132,60.82331506529852,58.97499562733209,34.59513467817164,42.68257346082089,36.35275040811571,50.95974959188429,30.81704757462685,40.21136019123132,39.41353777985076,20.636019123134304,35.71782445195896,24.228071070429106,54.15381588152985,62.008016557835816,75.32850396455224,70.57951696595148,19.43003002565297,24.235475454757466,38.04280113106344,15.880553288246267,29.93685138759328,39.10718137826493,39.99570749766791,34.35264109141791,33.67791656949627,31.88883220615672,71.24035826725746,57.49319321361941,29.304702075559707,36.93677122201492,49.4066799790112,55.12656687266791,36.69612873134328,34.599762418376855,46.38661672108209,56.48989913712687,47.08262884794776,45.57676218516791,42.57150769589552,28.75122434701492
train_022,4,15328.62835680193,7815.43605367995,4890.694373311391,3485.185272714985,2624.5442160883945,2394.129016130718,2165.54640129431,1832.1085927139466,1608.8927616405845,1328.1364491021454,761.1281034661763,855.9583295806132,952.5878210868408,718.4251679484523,784.9276457936016,663.6461443651966,544.1972280580605,542.2869271805038,462.7953081273321,507.6473964755215,417.144471819721,376.3102480760261,350.3993262826507,316.4411730410448,315.8701326090899,347.2397096548508,417.2250247784514,358.28522268604877,293.74025623833955,365.5303900419776,419.6980891441231,307.7475230008809,300.70407969916045,345.1007984111558,233.81102058069027,197.71464697994404,230.95755597014923,291.3189998535968,181.6184409981343,198.00064132462688,169.39658668592796,211.130469619783,260.0280943913246,276.8675154500933,183.1844531440023,184.02486590485077,156.1621601074489,142.3104156949627,122.6591796875,169.55947557136193,159.2294414550511,230.66785943330223,149.4482346177101,136.99406774720148,205.83818213619404,193.26925487838574,127.73581069263058,137.9057325676306,134.75053929570896,130.92895143423507,140.59074743470148,131.1066566581157,145.15925256529852,125.38862086054104,168.80323469371936,202.61725981377845,91.85879197761193,115.1270697294776,182.916066921469,215.94701784048507,146.46149865904852,174.2390464668843,146.4652008512127,239.7086126982276,116.95039937033583,132.70230148087688,92.4946434818097,195.4609375,116.99760232042911,136.38968487639923,77.68124708488807,151.27619956856344,383.5128326522771,140.78603807136193,154.77014342350748,137.83631646455225,113.0954917793843,117.88705398787313,110.7075778334888,105.81605643656721,112.13940065298507,129.6276308885261,119.81867274953358,121.49021251166045,127.35726154384328,117.53442018423507,96.90580544542911,77.91726183535448,96.2134955107276,92.66031658115672,93.26932719216417,55.88273962220148,125.0017417793843,148.54226691153517,198.4375,89.23671437733209,167.92959304087196,188.2444394239739,123.69209130130598,136.71640333488807,92.30583168143656,120.95061800373132,96.72069583722015,62.85211637126868,94.32722860307835,71.08949393656721,75.04436071595148,58.35487843983209,90.53803492304104,86.26200297341417,45.40090805736941,83.44648583255598,100.8578955806903,81.2214683418843,74.42331798041045,88.27877215485076,69.03662838152985,63.30470936333956,132.76708984375,74.95273145988807,107.19327192164178,70.67577396222015,64.93274836753731,75.67465893190297,85.64281133395524,128.5789849580224,68.12959130130598,69.28930299673507,82.41264867070896,73.07988499883396,63.74712132695896,67.65200851212687,70.28982042910448,70.10100862873132,72.39266557835822,74.68432252798507,79.23616779384328,58.87040869869403,65.5528655550373,79.31298828125,85.91399690998132,61.9737712803172,54.322265625,75.84773641557835,185.81871426461348,137.2559978428172,98.55790869869402,78.73729739972015,66.11467321595148,89.82536293143656,71.23850717117539,53.50685780083956,66.14151410914178,59.472014925373145,71.21721956623132,48.8939263642724,62.41525769589552,67.79084071828358,57.2534762709888,46.71611182369403,59.395194437966424,87.7132623017724,66.51080777751868,37.63648554104477,77.45356226679104,38.125174906716424,30.513467817164173,64.0747653334888,63.4092962919776,51.80940269356344,49.753760494402975,53.22734229244403,61.26618980293844,69.30503731343279,56.0132418959888,80.65410739272389,60.43458488805971,43.45448052705224,54.4916409165112,94.33833517957089,74.2733791977612,82.0248440415112,53.148670708955244,72.76566143889926,47.5250408115672,62.57722860307836,50.542327425373145,53.88818359375,55.25892024253732,85.23649574393656
train_023,3,3711.8084872089216,1130.6902110541046,861.0012462103546,654.3922036726083,558.7884929251314,422.0508625436185,336.6134989790952,375.64940677472026,225.7929789766447,186.17307047790558,201.8703425446553,213.42212278451493,337.8731634794776,181.54902489505596,311.66624798792515,167.21599550122644,126.1031439482276,138.37313432835822,108.79909777285448,152.5821478544776,201.6972953401395,110.65389604710822,87.04038887593279,181.06680679588177,109.37941639458955,74.30392228311571,74.94902926772389,120.27774457789178,89.0219872318097,66.06191697761193,36.51472131529852,88.36484812266791,111.81638438666045,62.798434584888064,45.11491371268656,70.47493003731344,43.15737960587687,27.0084173857276,42.17352203824627,71.09041948460822,38.37692397388059,54.26765829057836,57.02116371268656,57.54039616371268,61.4915607509328,63.55645843050373,70.3481299556903,50.90699335354477,47.95079291044776,118.6635887943097,56.542655375466424,39.82170446595148,50.59323256763059,24.366903276585827,22.639830631996265,65.3251807369403,98.77171029617539,38.87579436800373,131.5759095149254,102.39985861707089,58.1216403334888,41.488616487873145,10.054228369869413,37.18204145289179,35.39388263759328,26.94455457089552,43.95057427705224,32.765326201026106,32.40066027285448,38.92577396222016,76.87139254897389,48.27288362873132,89.86423594916045,42.85842758861941,82.73196274486942,79.18063491138058,50.99954815764924,75.40347335587687,43.62107917444029,29.427799965018682,82.76528247434703,95.02509182602611,78.3476416744403,83.09847976912314,127.14531104244402,31.33720557369403,26.94548011893656,45.30279996501868,46.22834800606344,39.860577483675385,19.81228136660448,20.553645347481318,39.76709713152985,57.876370102611936,54.50182194496269,120.83862669076494,59.40815211054104,58.32711199860076,36.235205806902975,75.93288683535448,25.45442222481344,27.12133424673508,28.78824626865672,40.53067426539179,44.628075443097025,39.59957293610076,37.12928521455224,50.03327600279852,30.30892170009328,37.83270172574627,10.381872376399253,37.43749271222016,4.709188432835827,34.59698577425373,32.55800343983209,8.3262301772388,13.207570545708961,26.421619927705226,51.26610599347015,24.2799017607276,30.41165753264924,34.28415053638059,20.264874358675375,15.14566814365672,39.310801947294756,41.25260173740672,21.86792356576492,-1.61970907182836,42.17074539412313,47.6629474696828,43.11665549207089,33.45856168376868,61.60447761194029,28.50317747201492,41.67002390391791,27.825676305970145,20.8812893540112,34.349864447294756,40.36222452192164,16.29890100279852,22.395485949160438,34.18696799207089,48.619964144123145,22.547275827891788,32.38122376399253,54.5869723647388,50.65987202658583,35.63452512826492,26.61783611240672,28.9354084071828,45.256522562966424,19.4337322178172,15.164179104477599,19.6410549790112,14.31545155083956,19.111641499533572,23.992056319962693,27.95340193563429,36.381442397388064,23.948555562033572,12.84383016557836,34.6478909165112,28.49484753964552,19.48741400419776,25.88942980410448,42.271630130597025,28.16812908115672,57.49226766557836,26.62338940065297,50.465506937966424,29.20474288712685,9.315641033115709,40.23079670009328,44.194918959888064,16.459946361940293,12.671678229944026,32.50154500932836,46.25796554337687,66.1044921875,23.66811450559703,42.604827425373145,27.117632054570894,5.32560342817164,31.4778888759328,31.50658086520524,24.57700268190297,20.429621909981318,23.437653043376866,44.86409019356344,18.160178113339562,43.18236940298507,23.366385844216428,33.17904617537313,32.85695545708956,42.00044455457089,20.847969624533572,504.30151002798505,61.95526031949627,51.68815590018656,41.421051480876855
train_024,5,5851.967970727095,4554.30617698271,3090.1911604395555,2451.2825105039037,2181.0938708346284,2239.493927023304,1785.1008045708954,1861.4196449393658,1734.8093082344353,1515.6997381564397,1588.1571693883013,1482.133699353062,1427.7658926293027,1293.397907466141,1208.220593808302,1369.7771052718163,1221.0931613818925,1247.6636885671473,1108.8056276236005,987.5477730889818,1083.394675877557,1109.807996152052,915.3077472394972,886.2026531794178,965.8389529487981,912.5580045678722,907.456353486474,837.5533742895766,891.7192298654301,721.2342668113424,688.6919371298889,746.3942966309946,772.6752408262508,765.4541831381285,723.7536085790663,740.2560998717352,734.7888573141241,733.3912797721464,689.9877649456707,725.2363365408199,751.3691552005596,717.1599740555038,641.3075644809808,712.434398270365,570.8493397271454,455.3881471548508,572.2793114505597,469.2407944060084,559.2882888672957,689.377836356412,667.7719185841617,595.435597889459,555.7305427558387,553.6952626135812,551.7932311100748,524.6441304221082,530.3494810595441,654.2857580780983,655.5823751857032,411.40240205223876,539.417728253265,555.4612082758946,561.2551087336752,486.0293406016791,691.4195877651671,564.9270303249359,721.0999942172817,543.3975848297575,605.8646883555314,541.8273850083351,477.79008166113897,392.842114672732,473.85653276585816,496.6786660827807,413.9457702200803,459.0153699277052,511.57295607897765,484.7474565648321,444.4740846548508,404.0961560953908,417.6026786583573,634.060606587289,447.5098822294776,494.70847709499185,460.10936771222026,466.2346446478545,387.93605701958955,453.3427162633014,492.4776035244785,422.9541368733592,383.2805503731343,544.2962919776119,405.44554458091505,391.0023976795709,390.68120223016876,336.1729317280783,353.47417098016876,342.24449659817253,345.3053142490671,311.1081652285448,310.7453503964552,311.3469566231343,298.1143962803172,272.98761806203356,298.4346359025187,286.94858471315297,304.3664732975746,287.72234287546644,301.5611371851679,283.77676185565207,268.6690109025187,238.32397011945497,308.023283328583,279.52198723180976,260.41777282597417,284.59399049673505,260.1493411847015,290.9654632112873,329.43309089319024,249.5545700494923,269.12065563717886,308.4074160447761,242.44360715951493,298.1159748639633,269.9678273165404,315.13800139925377,253.74086925787714,281.61557690065297,256.3672793765566,249.2102661782236,227.39697265625,223.90560106110217,212.5317682783995,258.88316875518257,253.72046178223482,257.03487202658584,226.64912983908584,278.9722116954291,237.90749621035448,281.03830743547695,281.52144351290235,271.279981926306,348.10945230099696,359.55320079291045,280.91216038945896,298.74929952710426,269.4400226998685,261.42750032001464,288.74041544145615,296.8834173857276,292.1483136077425,298.4913668454583,267.65371498065207,229.03056494869404,227.90600136945497,277.8902233260781,255.52437762360077,272.3619778654468,319.27797778684703,259.38763785629135,244.82411672108208,220.87833780317166,240.47866866837688,213.93117420708955,201.82040079938835,234.7855999585408,229.711768306903,259.53289591020615,231.88497781664577,259.10899490740763,229.733055911847,218.33308069029852,239.05052533167515,256.32314829239203,278.22436887826495,228.25310459421644,200.8170840135261,240.0954917793843,239.22640216884326,226.4814012593298,269.07440094449623,241.05158290578356,243.9106008045709,226.14305944496124,199.99242070895522,222.4915680387127,196.62341069997248,222.44621618470148,199.47132202226723,222.4925162961234,201.38165317898367,196.2032421684977,180.05056261660448,203.6011552303585,185.69087508810097,195.50534866639038,205.3541205107276,202.8218210704291,170.41944595771048,185.19289239306949
train_025,5,13652.543985224482,8354.825833817027,4440.506585377366,2185.584508813139,1313.5563362303067,833.336615263526,936.1566726912312,580.0264210665405,487.65185659679014,398.6557241518107,379.45896251166045,385.80269149435094,322.42775402674033,391.23193359375,316.9530011077425,249.05387126865668,226.25947411380596,195.81448171209934,235.4520172574627,201.44552734850058,188.7026008438708,170.79508220615668,175.35988514458955,163.12691668610077,143.5654588386194,159.17204990671644,123.94846053888548,135.6677574043843,210.02904852646503,137.59382287779852,138.86552588619404,122.88316231343279,121.52167357526609,103.13752040578358,119.01066930970148,111.3563870102612,104.61562062733209,107.37653043376868,100.85326784048506,90.6055999300373,106.72401906483209,87.73084771455224,82.3515625,75.18134182602611,80.70223589085822,86.39528189132463,66.76533348880598,84.36648058535448,162.0181101329291,54.91461637126868,79.82666744402985,63.26768744169776,65.10212365904852,42.4447076142724,62.425438724347025,80.15708809468279,55.98640100279852,58.62698956389924,51.164295708955244,61.15651236007463,78.8002346665112,47.090033232276106,50.8875568446828,35.245794951026106,75.1868951142724,49.53810780083956,80.3384955107276,54.8637112290112,66.95414528917911,34.35634328358209,46.613375991138064,26.11433797807836,39.31450413945896,59.37946012126868,57.13037838152985,51.8177326259328,42.47247405550373,35.97790345149253,29.4888861357276,61.85807777518656,43.42578853777985,57.0174615205224,63.06591796875,19.035746560167908,41.10729069496269,31.901789878731318,35.48921408582089,38.273262593283576,47.78974755130597,65.25761572994402,36.42216651119403,55.20061071595148,40.32150040811571,21.942892957089562,29.76840164412315,48.59497434701493,65.13359229244402,51.40216155550373,44.36984753964552,42.73532969916044,47.539849580223894,60.7427923857276,30.519021105410438,33.60664937033583,44.65399078824627,28.23661963619403,35.42627681902985,4.07056028451492,25.877397679570894,30.858697236473894,30.36352903451492,44.41612494169776,45.39165257695896,59.16103078358209,31.63338094682836,35.26338036380597,23.83471315298508,44.56884036847015,40.8944146455224,59.01664528917911,32.50894939365672,83.05683010727611,35.225432894123145,54.590674556902975,44.03479914878731,18.12778393190297,27.302741662779855,39.171044193097025,32.846774428638064,47.05578795475747,46.15245306669776,20.482378148320894,16.441435401119413,50.49512447527985,44.35226212686571,16.514553696361933,29.714719857742534,21.93826521688429,24.3946697178172,59.06199714319029,17.93156774720148,16.098057077891788,42.03654092817164,46.274625408115696,35.09215397621268,36.36478253264924,38.32879547574627,25.47108208955224,8.81491954291044,38.82581477378731,27.064875816231318,51.08007083722015,25.30078125,50.34796233675373,56.26313986707089,36.0575005830224,38.072418668376855,18.082432077891788,21.366276527518682,21.509736473880587,26.213371618470145,29.846147679570894,24.543682952425375,26.615985016324625,33.906526935634304,19.67900244869403,39.1534587803172,25.4414645522388,27.48600017490672,28.460602262126866,18.73772009095148,30.61157590951492,33.605723822294756,14.678266382929106,3.356962744869414,44.23656862173508,11.07048011893656,18.149997084888067,36.1148845615672,29.823934526585827,2.469362173507467,-9.200873076026106,21.586556961287307,31.82589493936571,11.58693592583956,29.47685401119403,29.16679541744403,24.192900244869413,10.621589319029853,-7.062857101212679,21.48567222481344,31.20670329990672,41.64595965485076,56.60189045009328,44.26248396688429,27.815495277518682,40.15212511660448,16.358136077425375,28.55130597014924,45.43607888292911
train_026,3,6220.197440531717,2779.2041738762787,1805.0158217700557,1106.7712351804348,1034.6158883900785,586.8863409134879,438.53021513526124,375.75771860489203,415.28877827658584,301.59447205422526,204.540578922229,138.94882520988807,155.05891441231344,126.1605279267724,165.53148671184013,81.01229448460822,95.44158844449626,109.41458722014924,75.98286642957089,66.48581798041045,129.78312295942166,62.94096898320896,44.05978894589552,22.450093283582092,54.68785710121269,56.97951405083956,58.43725221548508,77.30732567630598,98.65971898320896,25.010159165111933,37.078380072294756,25.27856809701492,34.935736357276106,74.64730060634328,49.53995889692164,47.334377915111936,48.349704116138064,50.082330048973894,0.6913843866604396,20.839639692164173,24.972211695429106,6.80555474580224,26.1309978428172,30.870729361007466,35.98438228777985,25.816311508861933,35.28466796875,26.19486065764924,36.70538421175373,37.369927705223894,24.81533130247203,20.8072455107276,44.31338910914179,25.307260086287307,21.789251982276106,22.60465980643656,20.734127215485067,43.16848618236941,54.115868411847025,26.29759649020524,22.553754664179106,38.68142927938429,14.235854419309707,51.33552209654852,20.721169542910438,19.90668726679104,46.51711899486941,31.88698111007461,40.31687266791044,33.465966068097025,39.44778305736941,38.82581477378731,21.643940939832092,24.13829291044776,9.336003090018682,24.689919542910438,23.383971256996265,27.837708430503735,15.289128090018682,21.531024078824625,30.668034340018682,12.410673682369413,30.04976824860076,23.8458197294776,34.16290374300373,22.17890770755597,25.779289587220145,10.025536380597027,23.53391003964552,26.17542414878732,16.28871997434703,32.26738135494403,33.349347014925385,28.911344158115696,35.56881121735075,30.19878148320896,30.219143540111933,24.88891237173508,24.97498833955224,13.630546000466428,20.302821828358212,17.531730993470145,30.97346519356344,15.768561975279853,30.92811333955224,57.81343283582089,36.27130218050373,47.2362698227612,41.58857567630597,41.071194321361936,24.54183185634328,30.678215368470145,20.16121297807836,20.44813287080224,40.03735715951492,18.529471781716428,-0.903334888059707,27.51746880830224,1.561399545242533,12.461578824626853,17.324408232276106,36.92936683768656,33.83711083255597,18.833051539179106,22.213152985074625,27.56559730643656,18.439693621735067,28.47355993470148,27.730344857742534,6.183586462220147,15.691741487873147,42.74180853544776,33.55759532416044,25.520598909748134,17.483602495335827,48.2210529384328,35.6733981459888,5.246006296641786,40.50290782416044,-4.245488864272401,6.639881646455241,10.691930970149253,14.74398029384328,8.552063899253733,19.34765625,33.545563199626855,10.979776410914173,19.258803638059707,13.31771076259328,32.27200909514925,28.34213211287315,29.893350629664173,27.544309701492534,-5.76616429570896,19.338400769589562,17.79643773320896,15.229893015391786,8.04671466884328,24.747303521455226,19.74008861940297,12.51155841884328,16.870889692164187,42.36140829057836,17.092095673973894,23.537612231809707,36.21299265391791,41.22761194029852,39.451485249533576,21.96510611007461,36.45270959654852,47.63055328824627,-1.6317411963619328,25.62102087220148,22.34550635494403,23.66811450559703,17.721468341884304,26.85385086287315,13.333445079291039,21.402372901119413,45.83036234841417,6.849981051772401,7.55062091884328,9.948715893190293,22.05580981809703,36.04454291044776,27.453605993470145,21.2320720615672,16.865336403917908,4.200137010261201,38.489840834888064,31.32609899720148,10.989031891324627,36.74518277751868,9.824692455690293,24.06332351912315,19.1375568446828,51.37717175839552,48.5172283115672,38.51112843983209,27.83308069029852
train_027,2,9685.260736636263,7485.319013063588,7128.540683820176,6973.9056704106615,6815.830134735179,6822.000945199781,6772.909922521507,7305.578160830397,7161.983084454465,7155.295072897601,7148.607061340737,4687.095737352301,5804.272843854641,4950.387995078493,4453.014199370768,4890.389529737963,2119.766830541305,1351.0844872318098,718.0660553085271,579.5457588416426,448.26605497901124,370.7643944932454,336.79678138690207,284.50326407934307,439.395875066074,279.8033538362873,234.91519939365674,269.99163419275146,238.43596900221127,254.6571391091418,397.42107334421644,249.2482363572761,191.13401554769547,200.9290904660723,170.5461097831157,148.56434380830225,138.66560750932834,189.42730496000888,171.76413857492048,143.29149661847015,141.94760086287312,129.87012447527985,157.52920213386193,107.36727495335822,112.82708284748132,104.43236211520522,112.67992070895522,117.28544776119402,291.41895147223966,129.42863805970148,100.02675343983209,119.61042444029852,79.03069612873132,85.63263030550374,103.06440211054104,115.02340834888058,127.13235336986942,107.95777460354476,75.93473793143656,74.21784631529852,90.02713240438429,84.39980031483209,78.91500262360076,53.55961403917911,56.91102349580224,92.1142432369403,91.83195108442165,59.63398583255597,69.05976708255598,72.98779296875,76.8464027518657,61.77292735541044,51.96026702425373,51.233711812033576,52.95245452425373,48.23678725513059,46.49305474580224,85.8381019706157,42.88249183768656,63.21770784748132,49.217868178638064,37.36159777285448,61.101905025652975,74.12806815531721,61.77292735541044,65.21318942397389,101.22811479710822,50.826470673973894,85.47251049440297,30.40610424440297,62.9705865205224,76.14483733675374,72.94706885494402,58.8731853428172,86.64795650652985,55.16081215018656,65.99990525886193,49.88981605643656,62.89469158115672,39.521826900652975,44.65399078824627,33.92041015625,40.7870510727612,34.994045883861936,55.97807107042911,50.10084100979477,61.03434001865672,71.38104156949626,93.98847802005598,58.15218341884328,59.147147562966424,53.38653655550373,42.891747318097025,68.3637549556903,27.5091388759328,31.83422487173508,42.862129780783576,64.53383716184703,70.70677982159515,76.87972248134328,74.20488864272389,59.58678288246268,63.72675927005597,57.44876690764925,29.30562762360076,68.85799760960822,46.326456098414184,45.254671466884304,79.31113718516791,52.46839289878732,20.955333197294774,63.80080311333956,44.707672574626855,52.6025973647388,36.44530521222015,70.10933856110074,54.82946595149253,54.90119592467352,54.806327250466424,37.52634532416044,34.768212161847025,60.481787838152975,64.79576725746269,54.283392607276106,49.7500583022388,62.02652751865672,53.81136310634328,52.64702367070896,54.50089639692164,36.566552005597025,58.96944233908583,34.09256209188429,58.32803754664179,49.29839085820896,53.45039937033583,51.34755422108209,44.589202425373145,36.55544542910448,35.55492799673508,43.2462322178172,33.994453999533576,40.79908319729477,29.416693388526106,48.62366633628731,25.653415053638067,13.778633687033572,42.50024049673508,34.78394647854477,29.92111707089552,65.73519851912313,36.30739855410448,36.18800285680971,38.33897650419776,51.74368878264924,47.91423376282648,44.08477874300373,54.04275011660448,44.81179672924441,35.580843341884304,37.23849988339552,61.78958722014924,28.29770580690297,41.10081185867537,25.969952483675375,36.594781220848894,47.2196099580224,46.69482421875,32.67832468516791,55.11083255597016,63.67492857975747,38.73048332555971,19.78914266557836,41.04065123600747,62.91690473414179,69.45590164412314,33.15405637826492,49.978668668376855,58.3983791977612,49.73524953358209,55.59211753731344
train_028,4,9458.356838852613,2020.8998493552208,1264.4902125116605,817.4162936886744,828.2711211140477,619.7080952658582,506.12486994800287,458.36011219380504,344.8997198227626,223.36885132540516,212.6298536613806,243.5153917910448,193.75516003014437,176.79263351212688,197.33609783115668,150.01652868470148,136.8931830107276,151.45483034048507,157.1228941136332,105.58189278218279,150.05910389458955,130.0820749766791,113.71005567863807,108.06328708022389,138.40830515391792,104.34165840718279,66.2118557602612,136.177734375,92.55572965251868,81.3242041744403,82.60331156716417,61.15095907182836,71.26719916044776,76.29199947527985,71.38752040578358,70.96732159514924,55.29686771222015,38.5879489272388,51.00787809001868,56.8193942397388,84.33686304804104,56.4593560517724,48.92632054570896,42.10688257929104,81.45563199626868,47.90451550839552,45.6785724696828,45.7192965834888,29.86003090018656,40.03458051539179,69.36149574393656,37.14131733908583,50.01291394589552,76.27163741837687,45.18803200792911,50.144341767723894,32.50524720149253,45.9173638642724,82.1720061800373,57.418223822294756,48.25807486007463,53.77341563666044,44.048682369402975,62.59203737173507,20.12141441231344,63.81746297807836,61.20741750233209,58.59737202658583,76.54004635027985,51.33644764458956,60.030120394123145,63.7193548857276,32.87268977378731,42.60019968516791,45.039944321361936,67.01523145988807,51.65761281483209,69.37075122434703,54.93220178404852,47.791598647388064,54.33614884561571,59.18046729244403,32.81067805503732,48.63940065298508,32.01285564365672,47.57594595382463,50.67375524720148,35.77243178638059,85.01621531016791,56.976737406716424,39.583838619402975,64.50977291277984,45.7887126865672,40.33538362873132,35.55863018889925,28.2532795009328,56.26313986707089,53.102393306902975,14.197906949626853,29.54349347014924,22.120598180970145,29.219551655783572,46.61892927938429,42.72699976679104,54.67212278451492,39.18955515391791,59.1212322178172,35.97697790345148,35.245794951026106,42.12724463619403,41.155419193097025,27.4471271571828,25.32206885494403,43.5035345732276,25.411847014925375,8.964858325559707,54.44443796641791,42.10132929104477,15.54735599347016,34.43131267490672,32.75699626865672,42.92969478777985,37.75495569029852,22.76848180970148,64.59399778451494,24.104047632929106,41.5857990321828,46.90584917210821,29.136252332089562,31.50935750932836,26.47622726212685,49.26414558069029,26.057879547574625,39.81800227378731,13.388052413712694,29.173274253731318,45.51567601445896,42.49561275652985,37.80215864039179,26.647453649720145,46.75220819729477,12.307012301772401,18.411927180503735,40.86664820429104,44.41519939365672,51.36699072994403,12.378279500932798,35.4327556553172,17.326259328358212,41.73111007462687,53.36987669076492,36.94325005830224,36.39902781016791,33.14387534981344,43.58683389692164,25.50810401119403,25.7802151352612,26.250393540111933,30.518095557369413,33.73344945195896,62.97243761660448,22.86196216184703,31.511208605410438,29.694357800839562,25.298930153917908,44.65861852845148,51.209647562966424,38.50927734375,20.082541394589562,30.54123425839552,52.53873454990672,28.96595149253732,24.816719624533572,27.824750757929106,25.6487873134328,19.887250757929106,47.29735599347015,43.08055911847015,29.790614797108212,17.221672399720145,32.4561931553172,44.400390625,51.99636339785448,29.739709654850746,5.3441143889925335,43.84506180037313,16.7718560517724,39.81059788945896,44.17825909514925,32.35901061100747,43.803412138526106,34.69416831856344,28.58092350746268,44.164375874533576,36.86920621501868,45.86090543376868,39.56532765858209,32.89120073460821,24.769516674440293,48.9725979477612
train_029,2,14024.406974963289,10142.007361221667,9399.133932606495,9610.187350860282,8929.136420426083,8308.949269764458,8148.005022452838,5969.945105666545,5315.198417094217,5006.118235973279,3757.6018276356936,3372.5000636604295,2696.1694812240885,2526.611112875725,1902.001224347015,2101.1689893211897,1701.3322885783748,1567.3313826375934,1416.5743625315265,1569.300053600055,1346.7436215005705,1418.682866946085,1493.6928764074596,1102.6276247287863,1125.153635661104,1045.1927107625934,1426.6250022560803,1218.5052230820727,1278.9638797889893,1224.9433428253703,1360.185348130874,1096.0330646571826,1108.254926539179,1020.9415312702976,873.2360657649252,808.0339526382845,790.2051207236389,740.6025954796307,649.4135596431904,607.1780637351435,592.4269818485674,688.4541394114494,577.2226938169395,624.8257910253396,606.3477941537969,498.5520358761745,469.98589085820896,438.21460325326495,423.9176929424058,426.27781016791045,380.05683626701585,458.904957198385,387.2400448927239,350.01635377798505,323.9177501166045,372.7191519559319,357.01692664801186,339.17911176539184,311.042421038471,286.6626130778398,280.9084581972948,279.79412106524654,286.69776119402985,272.3073402518657,276.5232267184044,251.6759261595669,300.5051171494954,315.98487785680976,258.2251268073694,285.60654005363807,286.11741986292515,292.67495044309703,191.2256296641791,262.64646979944024,241.48753117269547,297.3267851765476,220.042583061688,209.53759765625,258.4935357392724,227.51079992571874,222.58228688631485,212.410498775653,248.12091884328356,187.92406354555445,197.37310461321874,266.22556407416045,174.46304423239698,197.97008309969263,182.94567688899252,194.5317024063708,188.45282398942692,175.48855146187458,187.12452629430973,184.81713502798507,180.21902749965437,157.44960500233208,183.269633842938,189.82990321828356,126.98426568330224,149.95451696595148,136.6349551072761,168.134131588153,162.61046087919775,187.7242662853269,172.0436465135261,125.97819496268656,144.2142604456019,157.22283816248623,140.83971985774252,212.2254043070238,144.71869169776122,138.32130363805973,168.80700501399252,154.37862903235563,148.313527858969,158.55193271921644,170.5322265625,162.91945766868872,166.70323431669775,161.57014488106344,124.04750174906721,128.17359491604478,150.1738718516791,151.49000116604478,141.50796554337688,138.54992157398763,126.35674411147389,152.72560780083955,155.7799163362873,112.00056844682835,127.7876413829291,162.54844916044775,159.90970412563922,147.89054483442166,133.7731605643657,119.8853122084888,130.35788829291045,132.23489972014923,113.04736328125,138.6443199043843,122.33338677705224,140.65183360541045,97.54998688199626,121.46614826259328,93.81632608442165,105.40141091417911,109.39885290345148,93.14900594682835,96.84842146688429,93.94220061800374,101.49004489272389,92.60478369869402,106.1085296175373,96.1348239272388,71.28756121735076,102.46094478777985,100.97266353777985,117.15216884328358,119.7927574043843,85.1772606693097,99.36406104244402,85.13005771921642,96.05892898787313,89.41812179337686,85.6835354477612,102.28509065998132,93.74690998134328,95.31571391091417,73.97442718050374,101.33640391791045,87.84746676772389,81.03635873367537,92.58534718983209,103.99642898787313,94.40219799440297,77.99871006296642,70.83126603311571,51.52063170475747,74.24283611240672,92.15774399486942,88.3833590834888,89.66061538013058,84.62655958488807,94.52437033582089,59.98754518423508,79.79797545475746,86.73495802238807,106.28623484141791,101.4243309818097,87.38746939132463,91.18036526352611,81.25293697527985,106.1353705107276,58.27713240438429,96.76419659514924,76.72793260261193,92.49927122201493,102.74971577658583,87.50408844449626,91.6884911380597
train_030,5,5455.885542641825,4136.97951602491,2823.4712855833677,2132.819948111007,1948.3081909480381,1476.3147939585929,1467.0182260844244,1562.1177705223881,1571.9442308064718,1222.0214860670603,935.3568856369205,1247.042645831606,834.3852309148704,621.8449131801947,590.3629415889284,395.9679629197761,651.9625189482275,596.8359823547192,575.6693214124708,549.1720790578358,452.76609983373044,397.979209092126,416.6261951958955,360.50096198694024,401.2741601182454,295.0406360964277,320.42193245620865,276.30290843568633,293.39319086252755,235.34556409316275,238.613666656302,221.82147125699626,184.38318925295303,186.36003118219656,315.96173915578356,461.5763613572761,453.74718075723786,559.9519749408337,660.7737060198144,744.4914531262953,620.8391452511745,625.9576681514284,575.2780871035447,424.8348807719217,371.5843694992919,327.57273933069024,357.28468254430976,214.52815269356344,987.7961833138963,309.17376982276124,470.7142668873517,740.7836925342901,638.1782941239984,399.6239079610625,345.47283844449623,283.0881238339552,220.67841942630596,152.47570982975748,138.8622864680504,124.24927122201494,93.09902635261193,103.09401964785448,121.66791773554104,84.18877536147389,66.23869665345148,64.50745904267724,68.84874212919776,75.25723676539178,92.61589027518656,105.4365817397388,186.0166452891791,75.48677267957089,89.53936858675374,63.59625699626868,77.56555357975746,60.86866691930971,61.09079844916044,68.29989214085822,50.97270726445896,66.79309993003731,63.62494898554104,126.02354681669775,97.68048915578358,73.84855264692165,49.039237406716424,57.746793376865696,51.94083051539179,142.46313112173507,168.1935029189978,107.89020959654852,50.84035389458956,55.33666627798508,60.78629314365672,50.66727641091417,51.50397184001868,66.01286293143656,39.86705631996269,83.98422924440297,87.86412663246269,74.7380043143657,58.43725221548507,54.26303055037313,72.11500116604476,81.50838823460822,46.65502565298508,42.49098501632463,38.5712890625,50.36184555736941,53.14404296875,60.163399312033576,73.23954203591417,35.94458372201492,63.04463036380597,47.43433710354477,51.51045067630597,77.74233325559703,63.93408203125,44.47813666044776,35.58084334188429,69.60861707089552,62.84471198694029,46.67261106576492,41.5145318330224,61.342547516324615,52.97096548507463,45.73965864039179,45.46477087220148,54.16214581389924,60.174505888526106,65.8110934584888,56.33625816231344,42.56687995569029,34.97090718283583,43.617376982276106,47.1002142607276,30.413508628731318,59.551612056902975,35.12639925373132,38.33157211986941,40.26781862173507,42.60019968516791,36.97749533582089,53.08018015391791,60.63265216884328,51.15318913246269,45.6165607509328,44.388358500466424,36.89697265625,38.69161030783583,47.54170067630597,30.70598180970148,41.26833605410448,43.97001078591417,45.77112727378732,33.312325093283576,41.109141791044756,35.11436712919776,50.463655841884304,66.27294193097016,32.4154690415112,59.3905666977612,40.1549017607276,60.77426101912313,55.833685576026106,34.84873484141791,33.59184060167911,60.20412342583956,29.01130334654852,36.018164791277975,39.859651935634304,37.227393306902975,53.97981284981344,45.40738689365672,56.294608500466424,429.3423300109693,117.06053958722015,149.51581476428615,139.32459771455225,117.4168755830224,93.86352903451494,55.353326142723894,69.04958605410448,34.32302355410448,37.18852028917911,55.07658727845148,40.76298682369403,58.30674994169776,75.56174207089552,52.05374737639925,49.95182777518656,60.52713969216417,42.9408013642724,43.57850396455224,50.030499358675385,54.611962161847025,41.5719158115672,25.550679221082092,54.016834771455244,85.48917035914178,48.993885552705244
train_031,4,3579.620107124101,954.0511882376314,769.9865540461752,701.6829899923124,783.839261855652,579.6031428201875,504.47736415578356,483.93019764458955,375.25601857811654,292.1842699402304,307.0200043916702,215.1852918027052,235.6223332365947,315.05470207555976,262.1827702308769,245.80242100046644,183.0946219954918,228.0902232785723,190.80729708920666,162.55770464085822,146.8770621596877,123.2524559818097,127.26563228777987,151.09294105643656,137.81225221548507,156.55460004664178,121.17182398554104,142.47053550606344,107.76340951492537,128.3411191114739,100.5765289762127,123.02292006763058,86.35270668143656,82.28862523320896,81.46442470265858,80.64022417210822,54.28154151119403,83.01147825326493,64.44591009794776,72.42783640391791,93.1082818330224,85.55534704407648,77.83581360774254,59.6099215834888,122.62956215018656,68.52294921875,63.51851096082089,67.86210791744402,84.7144866487873,118.94402985074626,79.2028480643657,64.66248833955224,65.14007112873132,46.18947498833956,70.66096519356344,80.19225892024254,75.98286642957089,91.33122959421642,71.23943271921642,81.17148874766791,67.77788304570896,48.6505072294776,75.45715514225746,64.56438024720148,91.89211170708955,93.9644137709888,88.33615613339552,59.53032445195896,68.68862231809703,87.56424906716417,46.449553987873145,77.89227203824626,102.9746239505597,108.18083168143656,68.70435663479478,78.10514808768656,85.53729885727611,71.01359899720148,50.620999008861936,65.28075443097015,75.78387360074626,64.7263511543843,62.21996705923508,84.85979769123132,57.49041656949627,124.48898816464552,96.88220397038246,69.27541977611942,58.395602553638064,125.68479623367537,64.2108208955224,80.1746735074627,77.07778976212687,60.58915141091417,105.84937616604478,59.526622259794756,58.2003119169776,51.4984185517724,42.99263205457089,61.02786118236941,44.80207847481344,45.25744811100747,61.46749650186571,57.00728049207089,57.49134211753731,70.30277810167911,46.1200588852612,55.683746793376855,53.48464464785448,44.55588269589552,48.83284019356344,23.63386922807836,30.41628527285448,74.37981722248132,57.53576842350747,49.86575180736941,67.5862946012127,57.47190560867537,60.8714435634328,33.69365088619403,56.52506996268656,50.18506588152985,72.18719391324626,62.07187937266791,46.24963561100747,28.890982101212693,45.99418435167911,46.78645347481344,26.498440415111933,52.588714144123145,48.48298303404852,39.37281366604477,41.156344741138064,51.28646805037313,51.37809730643656,39.72359637360076,57.04152576958956,32.925446012126855,32.24794484608209,48.7171466884328,29.12514575559703,43.69142082555971,26.094901469216428,26.25131908815297,37.05246472714552,22.003053579757466,46.0913668959888,39.28025886194029,46.81607101212687,43.37580894356344,51.384576142723894,49.77042035914179,41.41920038479477,39.47369840251868,22.22981284981344,42.52152810167911,43.72936829524253,34.59328358208956,45.4379299790112,32.20629518423507,63.2232611357276,42.428047749533576,48.495940706623145,77.05742770522389,37.288479477611936,55.3477728544776,35.41887243470148,38.99796670942164,20.11308447994403,23.370088036380587,36.87105731110076,28.250502856809707,24.787102087220145,39.054425139925385,51.03194233908583,36.23335471082089,35.30317892957089,33.41320982975747,34.683987290111936,57.5015231459888,40.56491954291044,47.94153743003731,40.81111532182836,48.37654500932836,43.881158173973894,44.03017140858209,57.77918755830224,40.7750189482276,20.358354710820894,28.708649137126866,60.15229273554104,32.40713910914179,17.1439263642724,20.348173682369413,47.00118062033583,29.56385552705224,33.98890071128731,36.94787779850747,45.60360307835821,47.487093341884304
train_032,3,3157.2292959369834,3468.995856068917,1817.4107611357276,1571.9563991872235,1391.5049607219983,1316.4371130946856,1389.5169895068925,1121.4671626740428,942.3244945575941,807.4573362087137,759.3325402665495,564.236268694721,608.0906011150844,588.8373659048508,540.0239622201492,461.35542788790235,459.2106605643657,417.4156876749067,479.7865493439916,435.2667327425373,332.65307252798505,294.5241954291045,355.0725924470532,318.9595892607276,364.2059307952425,317.3250714202425,271.9926387783307,278.7167755756806,332.71230760261193,269.89536205690297,355.22256150886193,264.24024838653963,284.59676714085816,307.62810459421644,288.3794517054486,253.12907443295666,220.71545648752752,233.58982973846037,245.9578903619923,189.81972218983208,232.9410054221082,218.07392723880596,260.58527431203356,247.22313724347012,218.52280289913293,257.2819933535448,245.39330605695497,214.81504987691764,181.21306609573645,210.64824016592397,212.93526937534563,196.03847947761193,190.37134882229478,202.16560750932834,228.65759179752266,301.4655332245043,191.59768483709934,155.68271865239782,140.24551801539178,159.3988091767724,141.5449874650187,194.00319933535448,118.1804527168843,128.53455865205223,158.20300110774252,175.32471431902985,149.82123804804104,113.90997405550374,143.9726999766791,184.5135552705224,117.90743118435589,94.61229739972015,93.20453882929104,105.916015625,101.20867828824626,140.32049497650632,127.79319467117539,91.8661963619403,90.93324393656721,110.5955865205224,113.1362158931903,136.46001138793892,103.31892782182835,111.34342933768656,97.0029879897388,94.64191493703358,83.72600134095148,100.46453766324626,83.8463225862873,82.3969143540112,111.08335033815297,73.1405083955224,133.39461141557834,108.09105352145522,134.37576046719482,154.2000058302239,106.8628512709888,100.59226329291045,105.36253789645524,98.8133599580224,85.83254868236942,113.51383949393656,188.29613385805445,123.53845032649254,112.59568826743026,126.77138963386193,85.56506529850746,110.68258803638058,71.04506763059703,89.96974842583955,82.37562674906721,77.81360045475746,122.72119140625,71.74478194962687,100.03138118003731,77.02410797574626,68.07683506296642,90.99155346315297,96.67626953125,119.90289762126868,90.95915928171642,116.89023874766791,108.9814307369403,81.99152431203358,85.44104186100746,95.82661642957089,73.43113048041045,68.30914762126868,57.69311159048508,94.11157590951493,93.77282532649254,80.78646076259328,63.02611940298508,57.70236707089552,60.00235395289179,77.01670359141791,97.9618557602612,97.0835106693097,89.4542181669776,58.56497784514925,82.03039732975746,81.06782736707089,84.18784981343279,52.10835471082089,33.6890231459888,53.60774253731344,42.07078620569029,49.91665694962687,88.67490671641791,117.0327731459888,80.99008133162313,77.3554541744403,76.39380975979476,96.16906920475746,123.23301947294776,118.95050868703358,90.04471781716418,78.33283290578358,72.17238514458955,72.18349172108209,50.4941989272388,57.89673215951492,56.06784923041044,55.48938170475747,51.658538362873145,90.83606139225746,71.35605177238807,36.6109783115672,46.0367595615672,53.31434380830224,42.962088969216424,26.560452133861933,58.64457497667911,51.77052967583956,59.48404704990672,58.31878206623132,47.66479856576492,60.8048041044776,69.69654413479478,66.2840485074627,39.18029967350747,50.69319175606344,49.97866866837687,68.82560342817165,112.58088706856344,134.9153549751239,117.68713561100746,254.6293499585408,233.03263467817166,166.11734726713667,119.25957360463356,105.25795096781721,100.60522096548507,71.99097772854478,67.93244956856344,82.9716796875,99.40015741604478,94.43459217583955,91.96800664645524,66.91527227145524
train_033,1,5902.4566163660875,3944.6247707391854,3533.164893870923,3688.1661290828856,4694.621232217817,4527.6652551578045,4051.2339158698696,3640.2300541036166,2924.5448035784616,1819.9911285158414,1226.6010069366712,1160.2548861521395,961.7805837544042,912.6477145997446,733.8503516005046,753.6413453621652,774.978687667135,746.5847248639633,641.1067356956538,507.7167520202807,502.6068315648321,491.1495026438983,405.5547895289179,376.59257050770435,363.4192149603545,317.01776676124604,428.60953819573814,435.1714315734693,345.08222689201585,319.42700616103497,266.2912931246544,278.5946108040525,220.44889865170666,208.84065998134332,212.88252827658584,168.17855789412312,185.1150933690925,170.54147447312056,145.34436217350748,210.94999910646408,174.53614738805973,186.1406687266791,145.03615467583955,130.82899224580225,155.63738193796644,160.16516295475748,109.05825122434703,105.28849405317165,220.44240467583955,122.72581914645524,124.61393715018656,99.60655462919776,129.39902052238804,116.83192922108209,117.09571041277985,95.57301626632463,106.54723938899254,107.13218575093279,92.82136194029852,73.34690560867537,75.25260902518656,95.35181028451493,79.86646600979476,74.72319554570896,164.91500737329025,129.90899749300374,68.02407882462686,70.3379489272388,93.74876107742537,67.33639663013058,58.50666831856344,93.90055095615672,114.13950996968279,74.60009765625,125.1877769356343,90.8138482392724,93.09347306436571,78.32172632929104,115.41861736240672,105.35050577192165,85.52711782882463,103.05144443796642,88.56106430736942,104.29260436100746,117.3428317397388,90.57783348880598,125.17759590718279,79.90348793143656,80.75314103311571,78.68824335354478,65.04936742070896,84.04068767490672,115.77587890625,89.12194642024254,83.13827833488807,95.99136398087686,114.02936975279852,79.62582351912314,61.02045679804104,67.01523145988807,73.68195399953358,77.64977845149254,99.2122711637127,74.18637768190297,62.31992624766791,71.81604914878731,99.61303346548507,92.66772096548507,98.10994344682835,93.17399574393656,80.23761077425374,77.72845003498132,81.00581564832089,74.64174731809703,81.69442339085822,88.54347889458955,65.58433418843279,111.99779180270522,106.31770347481344,72.6508934818097,71.5328314482276,95.15837074393656,75.72186188199626,57.07577104710821,71.7142388642724,80.64762855643656,78.45593079524254,53.558688491138064,74.05402431203358,40.32890479244403,67.86581010960822,144.8454917793843,83.52423186800374,90.86197673740672,91.24422807835822,82.4404151119403,87.0579742887127,66.3877098880597,90.01787692397389,72.88783378031721,75.42476096082089,46.92528568097015,69.3744534165112,49.9360934584888,69.4697848647388,58.00317018423508,73.78561538013058,61.60725425606344,86.73125583022389,72.91930241371269,70.57674032182835,69.18101387593279,59.43499300373132,86.92469537080224,74.08456739738807,59.22674469449627,31.36312091884328,54.57216359608209,65.3436916977612,60.53917181669776,55.20801510027985,57.1914645522388,85.2309424556903,79.2444977262127,49.25118790811571,65.55008891091417,75.41643102845148,63.42780725279852,73.32376690764926,60.73446245335821,93.08884532416045,85.38550897854478,89.19506471548507,69.00978748833955,69.41240088619402,67.9935357392724,70.56285710121269,80.9188141324627,31.98786584654852,73.18123250932835,55.88736736240672,64.51810284514924,55.326485249533576,57.56260931669776,74.72967438199626,61.07691522854477,58.001319088152975,59.988470732276106,60.73723909748132,69.9223778568097,68.61272737873132,62.81231780550373,52.67941785214552,82.93465776585822,83.62789324860074,63.98776381763059,67.54371939132463,66.84030288013058,74.77317513992539,96.63276877332089
train_034,2,5908.374994448763,1675.9806703142265,920.314992420709,942.4771267166778,798.5924976299058,710.3072466387678,644.5684367649591,505.51209658651214,568.3624224200178,501.8099347014925,550.9148860191233,471.5398860191232,440.39584747357156,413.9624679337687,386.31079465951495,345.41082672574623,323.5530841884329,280.6891033115672,231.67301974545666,261.7588692280783,234.5070175679762,230.86407561800374,243.850440181903,280.9982363572761,250.32015724502392,230.79003177472012,262.42339758196874,270.6793012476679,230.20323431669777,223.3800941581157,187.05696128731344,207.7475877448694,197.46383860040066,219.067040286847,217.37236182369404,161.84594305771503,116.42746472714552,271.4863564300893,182.6735657649254,208.17706474528381,192.1659864738806,194.58074131296644,227.03045563199626,185.0854077036701,193.77088677705225,183.1020945079291,155.5948218676581,150.11833896921644,173.23390129430973,158.74443157217397,146.52998921408584,202.3971307758075,146.9927708043981,163.75534866639038,165.5537263590898,165.85080457089552,142.30208576259332,120.45360627548018,164.554096625812,161.1962234724813,123.03495219216417,129.78498162529363,152.14621472714552,147.34815854278963,139.12190269356344,135.74087569962688,139.92726574549036,163.6211593400187,144.6650099113806,185.20958253696784,139.94192311834934,180.17366050606344,187.0412269706157,140.515770473587,150.5635124373792,161.47111124067166,180.80024896006086,160.92503789645522,174.08262884794775,123.72632900903474,169.85655378316764,184.18219393224857,154.0482310910723,162.64192951259332,158.78241689080622,164.11171494135218,133.40849463619404,188.726665092938,126.7214781677545,155.0061581739739,131.49075909514926,128.5438065626728,137.50219362173507,142.50385523554104,123.69116575326494,106.86933010727611,165.53335673239698,113.49453924129257,174.4426443265445,120.21665840718279,128.00329407649252,126.92040286847016,130.5818860584231,149.72947253575964,129.00381150886193,122.52775186567165,131.10202891791045,148.001610599347,102.22770668143656,119.45493236940297,106.42043930736942,100.94582264458955,105.24314219916045,114.1802340834888,72.81934322527985,113.45552996735074,90.66298390858209,127.09625699626869,110.20222860307835,126.751953125,104.85163537779852,119.17634240904852,127.72100192397389,96.80214406483209,95.03897504664178,83.25674848414178,72.28437645755598,99.47605235541045,109.94214960354478,101.13463444496269,109.74685896688429,87.70030462919776,87.85302005597016,93.56550256529852,75.04343516791045,99.38627419542911,89.67912634095148,100.6783392607276,104.50455486240672,78.76228719682835,99.79629197761193,109.03788916744402,112.63919659514924,79.75817688899254,92.37339668843279,102.17680153917911,99.49271222014924,109.78202979244402,100.90232188666045,84.75891295475746,86.61741342117539,97.23344945195896,69.72431057602611,100.3904938199627,94.85664208255598,107.19604856576494,116.64496851679104,96.51800081623132,99.52047866138058,72.62497813666045,102.79506763059703,95.51748338386193,104.26668901585822,111.25735336986942,99.50844653684703,114.29592758861942,91.09984258395524,81.46396192863807,72.32417502332089,97.06962744869402,109.5478661380597,96.86785797574626,104.38515916511193,99.30482596781721,98.9355322994403,60.26798624067164,79.44349055503731,85.46510611007463,64.24599172108209,88.91369811100746,80.17559905550374,103.48645201725746,50.13323519123132,78.25786351445896,75.32109958022389,71.54023583255598,72.93226008628731,74.74170650652985,76.91211666277985,78.51053812966418,87.0191012709888,74.68709917210822,65.77684818097015,76.00322848647389,78.83818213619402,77.20551539179104,74.17619665345148,93.81817718050374,85.07267374067165,84.84776556669776
train_035,2,5912.942301518882,5785.043927441782,3033.7584030476964,1648.5935750932836,1434.3037651430313,1147.6240380130598,1285.5065864609248,1011.1972857962795,967.9178246864632,874.4439362376484,911.8888409039868,852.3029759997753,686.4817586870337,685.816319924682,740.460305348261,611.8529387623516,562.3935328241604,554.3523411644038,530.4399122551306,532.2937698417635,534.1476274283964,498.74640096479385,484.62340284817253,524.4997449277053,510.2268988659133,463.01740937802333,424.5266429950942,452.4439788362874,415.72748804804104,338.9699379081157,443.9863511163798,450.2664368081449,401.6859987173508,374.8041089008103,371.56866546175377,363.2776061100746,310.5370793778506,309.5671277402052,358.8951361357276,318.5004947229998,292.81172716884475,285.71482917444024,288.92925752098876,283.19362117105453,263.6090397621269,317.3954433505215,280.7789041809182,234.25341740472996,261.0147286030783,275.5263963386194,243.26734491604478,299.6228352028932,301.93876078591416,246.88531220848884,212.33369342782603,254.37668291312542,221.60859520755596,191.37092556704334,225.79856632894547,248.17645172574626,236.96977978855816,192.19666581545303,209.681983150653,205.04037486439321,199.98777782917023,255.4836535097948,198.62352001667023,223.06170563199626,224.00391353777985,193.17654867848353,205.67530082054992,208.5324524836754,208.31388688977083,199.45654353277004,180.24862989738807,205.9742376982276,153.3410972481343,181.5925180831952,196.9501594376208,188.9191790854753,184.51725746268656,193.35992830724857,165.58055211270033,171.2421219099813,169.54189015858208,215.73230583454247,161.93481080923507,185.3465485074627,185.24753000665066,205.800249806091,206.85628498134332,202.5237946012127,204.81545155083955,164.03673041044775,205.09959479944027,211.81444583722015,187.52621414412312,156.12329465951493,161.22122083937944,176.57975746268656,178.75110830655737,194.72603721583067,165.2658582089552,172.06029123868515,212.62613632963667,226.5676816114739,234.37743327244007,252.02488048041045,228.73067224381575,182.2430496696216,201.43350657865182,166.64031218948645,155.11352174673507,146.97980556203356,150.8356387010261,154.2379457301168,188.06951084421644,137.54014109141792,163.5915493724951,126.70289907882461,183.4584305037313,196.92700559701493,169.22812180287804,171.25693067863807,172.06771076259332,139.76330748600748,169.7065695817791,156.76826538790516,144.4188141324627,134.69222976912312,133.3011310634328,136.44059001865668,135.86212249300374,169.0309876399254,168.70426918143656,172.1102859724813,121.35785914179104,109.75518889925374,151.50388438666045,136.17958547108208,123.25800927005598,121.71882287779852,113.96273029384328,132.72451463386193,139.23852174673507,104.96085004664178,114.60228399020524,131.88226591651122,164.99744927705225,125.6422210237873,159.71072643639437,149.68610803404852,116.99390012826493,139.41715251865668,156.14365671641792,157.85036730410448,129.38606284981344,127.56550985307834,118.70431290811571,136.86171437733208,137.0690371385261,115.88972131529852,127.20084392490672,118.22673011893656,134.76164587220148,137.1032824160448,119.53823169309703,121.99185954990672,123.16730556203358,131.30471636910934,118.84407066231344,132.82539937033584,99.01050169076494,94.17728982042911,108.45386835354478,111.98390858208955,120.09633716184703,97.57220003498132,109.78665753264926,128.48087686567163,123.16823111007463,113.81279151119402,99.9897315181903,117.89538392024254,102.80524865904852,87.52630159748132,106.16313695195896,110.58262884794776,104.23799702658583,108.10771338619402,72.4630072294776,84.19895638992537,107.92815706623132,84.36092729710822,130.33660068796644,102.09350221548507,121.61423594916045,105.55690298507463,103.6382418959888,102.93204874067165
train_036,2,7908.972758278918,3892.4282893253794,1468.2070915263091,765.4717004227995,653.0972105673889,598.7287280986558,492.83023732811654,398.2466621968283,427.55109175995216,430.5871921261745,360.9600338152986,339.6650547660998,279.9903145405783,296.416015625,304.414397411382,324.5378673041045,342.6628745918843,279.27207412114785,351.93806402363,312.09847892309296,292.4926401883809,304.4469959771455,244.39558797807834,305.71033877401214,320.92640155731743,267.7795592350746,282.8382258628731,253.0538855177253,322.7034008075942,359.78270642793,326.97946303638054,372.4060139264633,348.5951747609608,324.7843355954583,302.7513919659514,271.3318126166045,282.2736415578358,276.6083619986008,290.9691654034515,274.49808975564906,228.6316764523734,255.57158057369404,193.88174815765066,195.36375495569027,230.47236441231487,210.6001268073694,223.86323023554104,244.40482074911918,185.06795854710822,217.57690794076493,199.25195956674975,165.63885406949626,181.64250524720148,197.13249997149654,163.48416309036426,171.4290826142724,155.31991895988807,137.24951143673997,166.25619461287312,199.11128383430082,149.56208459654852,150.57185750932834,140.27700178836707,144.34384474113807,165.41672253964552,162.7733421948419,140.377886524841,157.38481663945896,120.69331564832089,145.28420155083955,119.0384281811429,101.1124212919776,123.4366400419776,110.8936129897388,133.39090922341416,137.80577337919775,127.00276907433323,157.42185370068054,110.91397504664178,150.21090891290066,123.54770580690297,149.34919340752845,148.65598063415558,148.67820135693054,180.26827079057693,152.34705865205225,142.15308766756485,158.5510071711754,132.9910724696828,148.03129626476942,127.5747653334888,131.14553724562944,127.09810809235077,106.60647446361942,119.91030200559703,162.737253391031,139.89751195195896,144.74460704291045,178.3790228544776,198.71611266972414,165.08351010528963,150.54962921676355,164.77439219916045,166.0933208670189,169.75937123885794,157.34964581389923,150.6958960864081,148.59861179519055,147.79059321577867,149.0789636587029,132.70599610325115,164.23848474381575,183.91472568796644,197.91921580638459,200.12012362924975,152.3469223958343,239.7956369234555,166.7226859651395,169.70015887360077,156.70268773320896,265.76762217817026,201.16599291563034,210.73710791744404,228.0235686800373,202.04415633162455,260.8703431086754,204.20901319962826,219.96572472533182,232.14875900834355,207.7050125349813,185.43447557136193,160.18272565816764,206.60638701026122,133.3973729201217,175.30622606757862,166.60975396455225,167.18914703824626,134.44233179804104,163.82457552472158,188.69795796408584,180.69196740904852,162.83999679337688,161.49519062931856,169.36790983623536,177.8264706739739,175.61348530783584,196.85391001114206,152.76448081856344,175.42004576725748,200.4681751114219,155.4726570960301,203.76220058950025,170.74971521256575,147.4592394472948,166.6014240321828,147.92662606844263,171.96219828591416,141.490380130597,173.7059459348223,160.59276614972015,143.13785564365668,183.38829323693886,140.96189219916045,122.70082934934703,125.06745569029852,147.58603952891792,179.58871414412312,142.38082547419106,154.80068650886193,146.5105527052239,133.24559818097015,138.4083202934977,140.45560985091907,134.9375,127.59235074626869,150.85972565946298,143.10823810634332,121.62533495586308,142.55938811800374,144.47157037080225,123.02292006763058,145.7867589975471,144.67426539179104,179.26107013759332,152.30912632194918,124.84439861240672,137.27450123384818,123.76613514458955,128.30224609375,141.86431667875888,131.07895834499328,132.41075384794775,153.6418852218941,137.45035536164667,146.95942836555082,111.80250116604478,147.29911963619404,97.83042793843279,151.65845090951493,94.31612202658583
train_037,2,11882.580959946363,5351.259713531429,2972.744546202581,1933.813243635555,1925.77294724468,1521.78516353778,1308.3167027928935,1228.6362870789285,1269.4364018013225,1218.3858273847777,901.0969128964553,662.5360100482828,691.1280098530783,602.2402270872201,553.4591873047957,526.3980439598881,507.7455045678723,460.3074047138442,429.9849025847307,356.8172807835821,410.6258975249618,424.7451328910998,329.9217499797024,358.1287823577425,300.6689088736008,231.36848416079334,255.2633730760261,227.4349201259328,192.84163654384332,217.01604096747155,193.6339056669776,199.50464175174483,225.7937871929425,231.83960325326493,201.7102378731343,193.41825297341416,308.25838010079826,177.52012941196784,190.03894081934178,189.9076492537313,147.78595790578356,153.39571972213574,205.29395988805973,166.36263263759332,128.00421962453356,155.41617595615668,172.0815788436292,190.1908820938708,203.7927058259053,191.96144035680973,152.68395056920264,124.24094128964552,160.14480089785448,162.78540459853497,137.00055415327867,205.10885027985077,144.35772796175374,151.063331088913,164.38195982975748,149.34643190298507,119.16153364039178,153.4105133512127,123.15712453358209,118.19341038945896,125.4330471665112,120.6414849580224,96.45784019356344,98.28857421875,149.05025652985077,147.59344391324626,150.09797691231344,144.8760272949489,155.41803462202867,165.97469175217756,126.5528921680664,129.5184162196828,131.17421409532204,143.18968633395522,115.57503498134328,120.25460587686571,181.5518015391791,178.82330105375888,172.1343577913384,158.6130264597153,149.95543494420264,139.35520892801566,136.5230319224187,170.5470201915769,202.30906745569027,177.5543444103269,228.71217642257463,157.73282270289178,159.35993615904852,165.410258842938,155.47912079273763,175.8994796525187,122.70268044542911,121.51335878247644,119.50491196361942,224.785053375052,151.16876786769328,126.31694554570896,112.28748833955224,114.03029530083955,138.0510436100746,108.40111211520522,113.07790636660448,133.48993529401608,139.44122433751377,107.1294091068097,153.20411613805973,155.1662779850746,152.43129866336707,138.33241021455225,137.80392985290558,129.38606284981344,155.15417773243206,135.48357334421644,139.21815968983208,117.77969041511193,102.23696216184703,117.36411934468279,113.17416336287314,109.45993907416045,105.82808856110074,128.84091505363807,122.29451375932835,165.34545534048507,160.90004052955712,171.01166044776122,153.13840222714552,264.06437911916134,227.8134844142999,181.29635027985074,203.3336339975471,202.12766003964552,181.9340528801306,177.2322839712029,151.56404500932834,253.1077716884328,167.02719127064321,146.91779384328356,174.79530840934214,152.0397767024254,227.08783961054104,146.4948183885261,155.04412078323645,183.85734170942166,145.13427033798015,124.40753993703358,109.99398029384328,87.37913945895524,112.38096869169776,107.38115817397389,82.0748236357276,99.53991517024254,133.69171233675374,117.01981547341417,105.0024997084888,119.10692630597015,143.57287079273763,161.3322941740947,119.63171204524254,133.14008570429104,115.67499416977611,117.36411934468279,128.06993353544777,129.7201856926306,110.15502565298507,100.09616954291045,94.87052530317165,117.22528713852611,124.58061742070896,84.33316085587687,90.80274166277985,118.4488616487873,143.2155941093146,204.53962309502845,118.60250262360076,162.3337220149254,184.43674992269547,149.47045534048507,121.87153830457089,111.16572411380598,97.02982888292911,70.39070516557835,102.10923653218279,68.01482334421642,60.53824626865672,62.25513788479477,41.3858806553172,107.0775784165112,72.44264517257463,74.81667589785448,95.67112435867539,81.607421875,99.38164645522389,70.15561596315297,70.57581477378731,65.68892111707089
train_038,3,10790.306803256719,7220.646939742474,3661.1579236512757,3449.242729333799,2071.0340630830224,1535.6249439538415,1360.8897431786381,1430.0245402108376,1098.4321154587306,1163.164884891083,942.9918752535066,882.4832465221633,754.2615231079843,606.3755757346082,583.7709159281717,462.74070079291045,353.1999665267432,339.5095475556246,306.35071204135664,318.4524116436047,295.8347714552239,271.11987725478497,268.7190056363148,243.1664601795709,212.44104186100748,197.21486617735962,202.13691552005596,182.11823694029852,182.38849696828356,173.42456419076493,158.52687479399924,148.993798099347,174.47875583972504,122.72119140625,91.47191289645522,129.49805416277985,80.84106809701494,98.82354098647389,106.3852684818097,59.20730818563429,219.42431697027004,91.9013671875,109.85422253964552,113.32132550139924,110.37808273087687,78.00611444729478,53.35784456623132,70.1185940415112,118.42942513992539,59.7506048857276,80.20521659281721,74.78890945662314,60.6474609375,58.64827716884328,75.00918989039178,100.27665141091417,53.689190764925385,57.310860249533576,77.57295796408583,147.3194892628869,59.906096956623145,55.67911905317164,60.80110191231344,69.97143190298506,127.94591766773765,92.02446507695896,74.06420534048507,52.40267898787313,37.38566202192164,40.6963473647388,60.379977553638064,85.93343341884328,54.19731663945896,44.92610191231344,77.98482684235076,77.22310080457089,66.66259765625,49.72044076492537,27.73404704990672,55.768897213152975,82.26178434001868,50.4534748134328,59.94774661847015,53.60959363339552,51.07266645289179,40.53067426539179,84.10269939365672,73.91334100979478,33.01244752798507,67.16794688666045,89.86145930503731,59.39704553404852,35.53549148787313,36.26945108442164,44.46795563199627,62.01819758628732,92.81765974813429,69.58177617770522,47.35103777985076,56.752754780783576,62.98817193330224,43.326754897388064,28.671627215485067,37.00248513292911,33.60387272621268,28.206076550839562,49.29098647388059,49.070706040111936,44.63270318330224,65.34554279384328,33.27252652751868,71.26905025652984,40.67043201958956,30.86702716884328,23.95781104244403,54.90628643889924,49.12068563432836,47.86471694263059,91.4385931669776,26.436428696361933,48.30527781016791,128.23838327891792,39.14327775186571,44.715076958955244,37.89101125233209,38.3685940415112,55.51344595382463,30.07105585354476,25.125852670242534,49.198431669776106,47.66109637360075,41.61911876166044,37.3477145522388,45.78315939832089,37.88823460820896,50.72651148554104,20.932194496268682,37.64759211753731,26.96028888759328,35.49661847014924,49.508490263526106,28.6734783115672,41.7408283290578,51.30960675139924,27.85899603544776,19.788217117537307,27.06765246035448,30.1136310634328,34.08423215951493,74.92589056669776,128.54011194029852,51.102283990205244,41.33960325326492,22.99061333955224,31.190043435167908,11.16858821128732,17.75756471548508,29.9350002915112,28.614243236940293,26.503993703358212,22.971176830690293,33.71586403917911,29.15939103311571,40.017920650652975,43.09814453125,46.823475396455244,18.795104069496265,10.165294134794774,38.41024370335821,30.864250524720145,16.110089202425375,41.668172807835816,38.85635785914179,25.180460004664173,28.9141208022388,21.764262185167908,22.61206419076492,31.572294776119413,39.37559031016791,15.573271338619413,36.28240875699627,24.886135727611933,24.52702308768656,49.08273816464552,44.90759095149253,44.877047866138064,38.72493003731344,32.54134357509328,54.63139867070896,28.816012709888067,55.97899661847015,54.87666890158583,26.398481226679106,32.17390100279852,28.81508716184703,37.30606489039179,38.12424935867537,27.134291919309707,80.5245306669776,28.178310109608212
train_039,3,5800.704260854578,3509.693837830379,1928.1739324099983,1281.492469467334,1094.6141540915219,1135.3077399517172,890.3309380830225,1026.1477390011746,965.7232745832472,1094.602137106568,1123.8633384241987,1092.0439071815406,998.4831080543462,902.1205690298507,686.4190939326784,512.3167863425923,556.5959301742155,480.0567790928172,398.09675369333866,324.7896390806384,275.30702631331206,259.35983356611047,246.06527664412312,194.79454291044775,182.4283106736283,192.22983414913293,174.61575208937944,226.81374113417382,219.89077804337688,232.32553111439321,218.9865176072761,205.1107013759328,160.28455865205225,190.33155025652985,137.07828504914667,170.53963094682834,115.3482757112873,132.78930299673507,117.19474405317165,128.46236590485077,120.26663800139924,108.13640537546642,188.84606836002266,163.53693446828356,180.62346171443144,121.03947061567165,104.14081448227611,118.89682690065297,142.50107859141792,110.14391907649254,100.38956827192165,105.06358587919776,125.27848064365672,101.07077163013058,109.35164995335822,101.80565677472016,88.03720411613807,70.7387112290112,93.0444190181903,91.75235395289178,73.31266033115672,75.31276964785448,64.94107829990672,72.7064263642724,60.02919484608209,42.55762447527985,47.52874300373132,51.37254401819029,49.99070079291044,65.37608587919776,41.78201521688429,46.35977582789179,52.81223399603544,59.26469216417911,35.93903043376868,25.08235191231344,49.09569583722016,75.23780025652985,35.89923186800373,54.68508045708956,48.24141499533583,40.93143656716417,59.40907765858209,43.09721898320896,61.16206564832089,66.28034631529852,37.85769152285448,48.293245685634304,29.288967758861933,33.99537954757463,36.607276119402975,50.79500204057836,38.38617945429104,35.76225075792911,54.88037109375,63.51480876865672,52.95754503847948,42.900077250466424,34.808010727611936,30.07105585354476,50.89681232509328,43.210135844216424,27.34809351679104,71.16538887593279,45.496239505597025,50.21098122667911,26.787211403917908,67.99908902751868,71.14039907882463,62.17924294542911,60.395711870335816,45.333343050373145,75.79960791744402,67.66959392490672,80.78553521455224,64.69303142490672,46.23390129430971,45.62766732742537,63.25380422108209,33.15775857042911,54.495343108675385,26.78628585587685,58.06147971082089,57.49319321361941,47.70552267957089,69.34391033115672,48.54962249300373,37.92062878964552,81.14927559468279,36.29258978544776,33.46874271222015,44.96312383395523,59.364651352611936,44.997369111473894,64.49774078824626,51.53173828125,41.27481489039179,61.77107625932836,50.37110103777985,63.665673099347025,41.13135494402985,47.48986998600747,40.17711491371268,42.40676014458956,55.5791598647388,58.8250568446828,56.450100571361936,55.59396863339552,34.125881821361936,46.432894123134304,48.06000757929104,31.36312091884328,56.17336170708956,39.54866779384328,45.846096665111936,40.31502157182836,57.46727786847015,48.2784369169776,61.60817980410448,22.29275011660448,24.033705981809707,32.2794134794776,52.66923682369403,55.27095236707089,66.52006325792911,48.53388817630597,45.58786876166044,26.80294572061571,54.17695458255597,63.9581462803172,51.47898204291044,56.450100571361936,64.30707789179104,52.10835471082089,50.73113922574627,37.576324918376855,34.03055037313429,50.44144268889925,46.85124183768656,40.481620219216424,28.037626807369413,68.27675343983209,46.529151119402975,32.67092030083956,56.17336170708956,39.2367581040112,24.55571507695896,73.47370569029852,50.38498425839552,45.679498017723894,26.600250699626866,45.93309818097015,64.8161293143657,61.44343225279852,61.22407736707089,65.95825559701494,42.14112785680971,60.11527081389925,56.10949889225747,61.54154034514925
train_040,2,14116.833841483984,11463.657433395954,6095.368904922435,6422.419256668483,7142.0116845227,6837.378756541813,6532.879104202363,6300.968895711115,6500.886347028746,5775.404934247039,5376.337344041511,6522.118797579808,4434.299860214119,4242.586277487562,3524.5525860813127,3570.29882196526,2337.789973754491,1513.0498411263995,1276.4593392201325,1149.4880917677237,914.5839535318202,801.6606591068096,618.2327565488531,463.49317135027974,443.34861823694024,451.9265974813433,401.1315651616054,322.0410112018016,379.2173944729478,349.7146251166045,299.2583736590486,306.0879926539179,323.4586480090867,275.5578876813846,265.0843633395522,262.49930766091416,261.24611561333955,280.1198912663246,259.4505751230824,270.18508130311966,238.61348498134473,220.02313141324626,224.01316901819027,245.06105701958955,212.55209248635302,182.62927571517315,180.98258949393656,204.40544890823645,174.77677473915153,195.0536812223605,162.93254402769142,175.52372228743425,199.24642898787312,188.54061479710822,142.62788624283093,135.1374183768657,199.99425666545753,174.5861421218559,182.6874641251208,166.66264645910974,187.41699947527985,148.93177881080712,152.3479917698832,149.98137299872155,134.4349274137127,115.37419105643656,141.24788654384332,113.53512709888058,135.9361587664974,130.89191437301355,128.30039499766792,115.29274282882463,118.92089114972015,152.73393773320896,126.4872463852612,137.26902364350076,113.14362027751868,146.96506492148586,110.0421087919776,101.20960383628731,132.4875667655646,151.07165345149252,123.9882666744403,132.0849685072899,137.62066377098878,108.62602028917911,104.72761194029852,112.63919659514924,130.31161089085822,108.9897606693097,101.91764808768656,135.5094886893657,111.71735074626868,151.56590367520033,133.30759476014038,124.6370758512127,122.05016907649254,121.23105906016791,108.22341446111452,146.09220499067166,118.73207934934703,99.25021863339552,184.6903500859417,111.74881937966418,96.67997172341417,140.9757754197761,109.25446740904852,97.24548157649254,96.90025215718279,99.70281162546642,127.36004575775631,109.97732042910448,91.55336112406721,108.79632112873132,59.342438199626855,102.49981780550374,87.40875699626868,88.96923099347015,84.69875233208955,112.7058284843146,72.46856051772389,66.13040753264924,80.34497434701493,79.43423507462687,95.64335791744402,98.5847495918843,82.82821974113807,101.33825501399254,81.91192718050374,91.45802967583955,105.28016412080224,80.4625189482276,101.39378789645522,85.62615146921642,86.89785447761193,96.81787838152984,83.3270901352612,126.04760349597507,96.06078008395524,109.13322061567165,72.30473851445896,82.89023145988807,69.48922137360076,98.32004285214552,84.86627652751868,99.10953533115672,97.37598385027985,100.42936683768656,67.39840834888058,140.7666015625,110.73997201492539,72.94429221082089,88.17603632229476,96.56427821828358,77.55259590718279,84.087890625,83.02998921408582,81.97208780317165,85.84828299906721,99.61858675373132,105.10616108908583,69.09956564832089,74.94995481576493,63.20289907882463,80.09415082789178,104.93123250932835,96.59944904384328,82.56536409748132,78.11995685634328,88.01776760727611,99.12064190764926,70.77665869869402,52.4998615321828,78.1680853544776,112.10422982742537,102.03056494869402,60.06714231576492,94.60581856343279,66.83382404384328,103.96773699860074,90.42789470615672,91.96800664645524,72.7749169193097,55.23022825326493,97.90076958955224,71.22554949860076,93.99588240438429,66.01101183535448,66.41269968516791,78.98256763059703,92.28639517257461,98.28487202658583,96.45598909748132,84.97549119636193,92.08370015158583,38.98038129664179,87.22457293610076,109.38682077891791,78.86132083722016,89.35611007462687
train_041,3,8525.269283465486,3402.6911280253044,671.9977362760858,420.1895551539179,254.2711855760261,186.72098734841416,114.73000961986942,118.20729739496957,111.45079291044776,75.04066230868226,82.09611124067165,53.29860570670954,96.30049702658583,57.83102203349571,37.50598326725747,41.64688520289179,42.87508745335821,76.19204028684703,48.319161030783576,53.86134270055971,52.84694204757463,34.09904471306658,21.096942047574625,45.085296175373145,25.11474609375,25.220258570429106,8.20035564365672,37.96968283582089,32.48395959654852,12.57264458955224,11.887739039179106,19.52628702192164,15.256733908582094,27.224995627332092,30.01829961520524,18.180540170242534,26.972321012126866,5.893889925373148,21.940116312966428,8.645544251399238,6.514932660914173,6.920322702891786,14.258067572294774,13.949860074626868,3.82991779384328,8.815845090951479,-8.764014400652973,16.966221140391788,21.695771630130587,18.964479361007466,17.33181261660448,14.482050198227599,3.06911730410448,28.922450734608212,19.081098414179106,12.711476795708961,5.9114753381529725,27.771994519589562,22.341804162779855,29.234360424440293,33.0142986240672,9.532219274720147,17.96303638059703,14.23307777518656,0.34893161147389407,31.421430445429106,17.230927880130587,36.90437704057836,16.569161030783572,9.823766907649253,6.787969333022401,9.165702250466428,26.194860657649254,11.086214435634291,31.45012243470148,16.754270638992534,8.933389692164173,29.8609564482276,-4.48705690298508,-2.422159223414173,27.684067455690293,10.767825909514933,27.91267782182836,18.240700792910438,1.74373250932836,11.89977116371268,10.389276760727599,-12.646688432835813,20.847969624533572,-5.929060750932798,23.029486357276106,14.83653509794776,24.903721140391788,8.033756996268682,10.067186042444026,7.145230876865709,12.023794601212694,9.06111532182836,0.6414047924440265,19.19401527518656,13.91283815298508,34.67102961753731,6.666722539645519,11.367581040111933,15.788924032182798,0.3146863339552268,24.10682427705224,26.305926422574625,5.272847189832094,16.723727553638067,39.106255830223894,12.670752681902973,-5.205282182835827,7.45714056669776,11.61192572294776,25.376676189365696,24.05406803871268,9.06111532182836,2.3971694263059735,10.590120685634291,0.4081666861007608,-1.5956448227612003,7.3590324743470275,27.428616196361933,30.723567222481318,21.67355847714552,22.191865380130587,17.70480847714552,21.819795067630587,38.83321915811571,13.901731576492534,26.96491662779852,24.395595265858212,13.297348705690293,13.96744548740672,-3.20980060634328,29.13069904384328,1.8510960820895606,29.308404267723894,38.98315794076493,3.8308433418843055,16.070290636660438,29.31580865205224,25.53401935634328,30.071981401585813,19.153291161380587,16.52566027285448,9.497973997201479,13.020609841417906,31.244650769589562,16.99213648554104,23.860628498134304,20.817426539179106,10.266178871268682,38.94613601912313,13.149261019123147,19.225483908582092,22.47785972481344,30.785578941231318,18.68588940065297,2.461032241138067,21.757783348880587,8.625182194496267,1.8112975163246268,31.92030083955224,28.156096956623134,15.299309118470147,20.90535360307836,28.874322236473894,37.389364214085816,19.21715397621268,24.39189307369403,22.886951958955226,23.0304119053172,-0.2693344799440265,24.81949626865672,11.531403043376853,25.41740030317164,18.65812295942164,2.593385611007467,12.787371735074613,20.652678987873134,7.84309409981344,31.71853136660448,-5.953125,7.644101270988799,38.1825588852612,31.180787954757466,27.13058972714552,11.896068971548521,21.54953503964552,4.3611823694029725,27.25276206856344,21.52547079057836,25.919047341417908,46.93731780550373,47.32975017490672,33.36970907182836,13.668493470149253,9.506303929570894
train_042,2,10218.744640142171,5831.552469412782,2144.8272039641197,1026.5164174828956,723.1140548827043,731.9669218952977,514.3178212073312,579.5772880333574,481.88751311800377,507.06053845918,457.948182757221,422.17670679804104,456.3090977348498,386.89481547341416,517.1138715601679,1014.3182489302621,530.5805955573694,387.7759069293292,303.1207007739081,292.3167633512127,221.73815679372248,247.1407634678172,235.7167088576217,228.08744663444918,223.50332830379256,168.79682398554104,174.18905930287804,165.52130946828356,178.67148846565786,228.4891193446828,147.1158611240672,134.13875204057834,172.37500028201003,142.0827308768657,102.95703853777985,126.69827133861942,119.39199510261193,130.28569554570896,151.8130174323694,111.8858004897388,110.78347277285448,97.41948460820896,117.14013671875,116.18034340018656,89.14508512126868,88.32690065298507,104.34721169542911,92.11331768889924,66.25813316231344,74.95643365205224,55.56897883628732,76.66962307602611,47.914696536847025,81.21036176539178,70.65633745335822,55.97436887826492,51.20594537080224,69.16527955923506,34.86169251399253,37.6577731459888,53.17828824626868,35.49846956623132,53.379132171175385,49.66953562266791,29.567557719216428,53.54202862639924,43.80803987873132,61.37771834188429,30.134918668376866,47.02709596548508,43.75528364039179,39.05812733208956,51.8871487290112,36.07786263992537,54.51570516557836,38.33064657182836,43.20365700792911,38.34545534048508,44.96034718983209,22.689810226212693,44.45314686333956,42.02173215951493,38.495394123134304,16.733908582089562,20.265799906716428,38.45837220149253,106.76566872667911,39.68194671175373,21.468086812033572,53.3467379897388,37.36622551305971,54.66749504430971,39.89852495335821,41.27296379430971,33.754737056902975,45.89700180736941,101.01894093983209,71.58558768656721,61.16576784048508,54.550875991138064,41.80145172574627,57.296051480876855,20.264874358675375,37.63463444496268,64.9096096665112,24.98331827192164,46.89937033582089,28.50410302005597,52.733099638526106,33.917633512126855,24.359498892257466,45.59712424207089,33.98427297108209,22.50747726212685,46.71611182369403,50.0888088852612,25.99679337686571,52.17406862173508,35.39110599347015,37.52727087220148,29.79616808535448,36.78405579524253,24.457606984608212,41.42938141324627,32.598727553638064,33.14480089785448,37.77531774720148,53.069999125466424,81.05024195429104,58.25954699160448,43.94502098880597,18.941340659981318,52.39342350746269,35.493841826026106,36.026031949626855,195.2406570662313,107.97536001632463,71.54764021688429,60.686333955223894,57.49319321361941,31.38440852378732,42.81029909048508,30.098822294776106,29.808200209888067,28.891907649253735,48.74306203358209,32.73663421175373,36.92473909748132,35.19211316464552,33.45948723180971,38.61756646455224,46.33663712686571,20.052923857276106,14.724543784981318,42.428047749533576,57.04800460587687,44.06349113805971,41.05360890858209,58.639947236473894,21.685590601679106,53.43559060167911,52.20553725513059,38.6666205107276,63.84708051539179,30.00626749067164,70.74889225746269,30.21359025186571,48.67549702658583,35.72430328824627,29.891499533582092,25.711724580223894,27.2398043959888,57.3275201142724,69.84555736940297,35.0653130830224,53.46243149486941,44.79050912430037,36.11858675373132,53.21160797574627,42.56687995569029,18.911723122667908,41.506201900652975,54.57494024020523,32.65240934001868,27.205559118470145,49.95923215951492,37.165381588152975,41.048055620335816,45.64988048041044,31.30573694029852,33.31602728544776,46.34959479944029,59.3831623134328,40.071602437033576,53.18013934235076,42.64555153917911,36.11581010960821,50.77741662779852,74.85554891557835,39.55699772621269
train_043,4,4776.751588736007,817.7762713183216,723.3787010641241,369.8147455404944,258.3121434628074,208.09189161613807,176.91110744627554,165.2852947178172,135.05874679337688,100.02953008395522,112.21622492528672,96.04226912313429,54.868338969216424,60.75760493927923,63.60273583255597,40.428863980876855,25.281344741138067,40.93421321128731,44.17825909514925,21.137666161380587,43.20458255597015,22.584297749533572,21.387564132462693,9.847831156716428,26.62524049673508,13.58982188666044,24.63901440065297,16.520106984608212,14.764342350746267,0.5655098530783601,26.957512243470145,2.36384969682836,80.52823285914178,24.860220382462693,16.80239913712685,6.125276935634291,22.202046408582092,29.173274253731318,16.8292400303172,29.99793755830224,21.157102670242534,16.496968283582092,21.71983587919776,26.35498046875,27.035258278917908,31.0919353428172,32.94951026119403,2.3703285331156945,16.204495102611933,2.2351985191231476,9.734914295708961,-2.6692805503731476,6.0364243236940265,-0.6987887709887997,40.58990934001868,18.886733325559707,20.65082789179104,25.374825093283572,30.810568738339562,13.150186567164173,12.383832789179106,10.461469507929106,31.48714435634328,60.838123833955244,19.62532066231344,11.619330107276106,9.163851154384306,15.263212744869413,10.313381821361933,13.258475687966428,8.533552938432798,14.631988980876868,27.44064832089552,4.941500991138067,25.45719886893656,20.6212103544776,26.97417210820896,-4.7212205573694135,18.9755859375,5.61067222481344,2.213910914179107,19.853005480410438,12.507856226679106,6.7185532299440265,17.44658057369403,28.17460791744403,27.150026236007466,23.683848822294774,16.718174265391788,-1.6178579757462666,16.259102437033572,23.852298565764933,48.392279326026106,24.17068709188429,44.29765479244403,28.19404442630597,-1.4401527518657087,19.452243178638067,12.64113514458956,4.38061887826492,43.33138263759328,4.160338444496267,7.435852961753733,24.824124008861933,22.98506005130597,16.105461462220145,18.18516791044776,1.5928681786380672,20.812798798973894,28.936333955223894,21.54860949160448,19.98350775419776,24.925008745335827,-0.05645843050373345,37.31532037080224,12.475462045242534,12.35514079990672,12.488419717817202,36.01399982509328,18.344362173507466,9.466505363805974,11.79796087919776,14.880961403917906,26.5123236357276,1.9242143773320937,33.58073402518656,40.80926422574627,-1.898299032182798,10.441107451026106,26.553047749533572,20.569379664179106,39.141426655783576,2.552661497201479,3.8613864272387994,0.5442222481342913,32.46359753964552,23.31548070195896,17.87973705690297,14.933717642257466,9.6904879897388,14.497784514925387,0.42575209888058607,17.491006879664173,19.82338794309703,25.148991371268682,15.079954232742534,10.23193359375,15.36317193330224,12.871596606809707,14.79858762826492,14.984622784514933,21.3486911147388,20.58511398087685,20.37131238339552,26.90290490904852,7.02305853544776,25.278568097014933,17.903801305970145,9.793223822294774,11.793333138992534,25.607137651585827,31.561188199626866,-4.550919717817202,23.55427209654852,18.19905113106344,33.73622609608209,6.15396892490672,29.877616312966428,17.465091534514933,12.275543668376868,36.36848472481344,29.2454670009328,19.7484185517724,14.535731984608214,13.06873833955224,3.9780054804104394,26.81868003731344,15.95922487173508,0.02591534514923921,24.415031774720145,14.52555095615672,5.429264808768681,10.789113514458961,5.25526177705224,16.24429366837685,1.196733617070893,13.210347189832094,0.7598749416977599,7.785710121268681,-0.47202950093279794,26.41791773554104,10.504970265858214,7.422895289179107,11.50456215018656,4.557398554104481,19.93723035214552,28.29770580690297,23.89024603544776,9.251778218283572,27.98764721315297
train_044,3,8940.748966871803,2781.988237523321,519.7748221781717,321.6612488529575,223.655907474347,192.65282474347015,147.92479011194027,91.86805124291735,111.04262622434703,54.70544629888747,60.12452629430971,80.30332090027296,53.248629897388064,43.72844274720148,61.022307894123145,75.35256821361942,49.33356168376868,34.087008803638064,69.17360949160448,45.00940123600747,40.64451667444029,37.83085062966417,28.36527081389924,50.73299032182836,45.699860074626855,17.972291861007466,54.7109958022388,57.96985045475747,21.058994577891788,27.74145143423508,10.74283611240672,52.06855614505597,40.81018977378731,42.26052355410448,33.528903334888064,25.41092146688429,29.56570662313429,19.485562908115696,13.513926947294774,26.566005422108212,37.76513671875,20.889619286380587,23.234958022388067,23.077614855410438,18.57760027985076,11.99973035214552,11.867376982276106,12.717030083955226,18.584079116138067,34.250830806902975,21.060845673973894,17.624285797574625,4.717518365205227,23.8578518540112,7.561727495335827,31.924928579757466,35.431830107276106,45.59249650186571,25.73578882929104,18.10834742304104,6.78149049673508,5.705078125,-0.2961753731342913,23.33769385494403,23.899501515858212,28.870620044309707,-2.6368863689365596,7.5737596198694135,10.443884095149238,4.487056902985066,-0.17770522388058607,21.545832847481318,17.0078708022388,8.682566173041039,-0.42112435867537334,32.56633337220148,4.55924965018656,8.459509095149238,16.817207905783572,15.900915345149238,28.314365671641788,38.612938724347025,31.25112960587685,26.40218341884328,-2.5952367070895606,13.205719449626868,32.50709829757463,22.9156439482276,9.012061275652973,37.628155608675385,23.11000903684703,12.862341126399253,30.033108383861933,24.839858325559707,9.691413537779853,11.834057252798521,7.231306844682798,38.84987902285448,22.29275011660448,19.831717875466428,16.022162138526106,7.52563112173508,-6.43903772154852,36.690575443097025,7.598749416977599,-6.567688899253733,2.58968341884328,28.382856226679106,28.84007695895524,8.784376457555974,0.2887709888059735,8.05226795708956,21.909573227611933,27.024151702425375,35.68450472248132,29.446310925839562,22.498221781716428,16.52658582089552,29.337096256996265,-1.43367391557836,10.850199685167906,15.282649253731318,11.38053871268656,20.2537677821828,20.06032824160448,19.97795446595148,14.36450559701492,-0.5460733442164272,19.91038945895524,17.61040257695896,7.754241487873148,43.862647213152975,20.455537255130587,14.30989826259328,13.556502157182798,18.21015770755597,24.161431611473894,12.384758337220147,9.313789937033572,6.342780725279853,24.499256646455226,26.761296058768682,16.31185867537315,27.000087453358212,-10.82150769589552,19.339326317630587,3.744767374067202,25.769108558768682,17.692776352611933,19.229186100746265,16.240591476212693,-1.3920242537313188,21.02197265625,11.821099580223894,15.911096373600762,-9.95334363339552,7.047122784514934,10.102356868003733,8.40212511660448,-8.830653859608214,13.800846840018682,23.731051772388067,34.23324539412313,8.013394939365709,-8.00876719916044,13.026163129664173,7.600600513059707,12.268139284048521,30.072906949626866,28.76325647154852,29.78783815298508,13.646280317164173,28.157022504664187,15.628804221082094,28.890982101212693,-3.0607873717350804,27.9913494053172,23.61165607509328,41.33219886893656,37.84843604244403,19.7437908115672,-1.6844974347014792,10.779858034048521,13.48893715018656,6.13823460820896,33.88986707089552,34.80986182369403,9.211054104477599,24.569598297574625,-3.70589435634328,13.154814307369413,0.7080442513992533,-4.2723297574626935,6.417750116604481,22.13910914179104,24.22529442630597,15.385385086287306,16.394232451026106,-9.452622143190293,7.322010552705227
train_045,3,4624.692816606208,817.1506614008946,581.4274282882462,435.24640096479385,311.7708424863531,228.725149234729,222.64520522863117,238.34618705733502,219.09665782416045,214.66883599580225,188.30921264726723,214.37452685832977,179.00561887826493,224.6453031906441,207.07469917945008,172.00661702209442,144.32070604011193,149.80272708722015,152.58585004664178,166.7578416511194,129.47676655783584,154.97006180037312,135.8806334538246,117.7334130130597,101.88525390625,50.179512593283576,59.821872084888064,86.77568213619402,76.21610453591417,78.88631063432835,90.85179570895524,88.22138817630598,95.3388526119403,99.35017782182835,113.53512709888058,81.26682019589552,76.56688724347015,62.309745219216424,54.674899428638064,86.15834159281721,76.17445487406721,81.21128731343279,71.8382623017724,59.233223530783576,61.61373309235076,50.144341767723894,81.0780083955224,70.49529209421642,69.04495831389926,81.24275594682835,92.00687966417911,79.60731255830224,57.96985045475747,102.87651585820896,75.68854215251868,50.87552472014924,60.92605089785448,57.84119927705224,38.96464697994403,56.310342817164184,67.3447265625,56.81106430736941,36.3721869169776,45.280586812033576,34.78116983442164,12.894735307835827,49.14752652751868,43.0814846665112,24.30859375,34.04998688199627,45.40275915345148,32.83474230410448,40.28262739039179,41.3377521571828,34.27767170009328,34.893161147388064,44.15697149020523,47.49819991837687,126.37895726445896,73.37467204990672,30.810568738339562,39.76432048740672,45.68042356576493,45.88311858675373,48.233085062966424,52.6192572294776,52.252740205223894,65.17616750233209,65.69354885727611,36.69705427938429,64.8642578125,44.35688986707089,65.0956448227612,46.396797749533576,47.83232276119403,56.3399603544776,50.712628264925385,57.35158436333956,62.76511485541044,44.34485774253732,51.16614680503732,18.084283173973894,21.288530492070894,46.25981663945896,46.444000699626855,51.202243178638064,45.02421000466417,78.26619344682835,48.87634095149253,35.65118499300373,37.19962686567164,38.071493120335816,89.05067922108209,56.98506733908583,28.489294251399254,39.63474376166044,49.45943621735076,67.60110336986942,39.22287488339552,20.098275711287307,95.26943650886193,42.826958955223894,36.03806407416044,45.47957964085821,1.30965047807836,39.44685750932836,44.39946507695896,40.927734375,21.23947644589552,49.402977786847025,53.226416744402975,56.42325967817164,37.20610570195896,58.73157649253731,54.31393569263059,43.9283611240672,71.97802005597016,68.22862494169776,62.096869169776106,119.07268102845148,75.89031162546642,50.294280550373145,114.49121822527985,56.58708168143656,58.64550052472015,70.93585296175374,71.76977174673507,87.89837190998132,96.70218487639924,76.23554104477611,54.76930532882463,51.26518044542911,23.567229769123134,80.89104769123132,57.657015216884304,43.25641324626868,56.540804279384304,42.68535010494403,72.15942747201494,55.53103136660448,58.74268306902985,51.0069525419776,50.45254926539179,79.97938287080224,76.36419222248132,53.492974580223894,60.49104331856344,44.49479652518656,73.24694642024254,61.627616312966424,83.42427267957089,55.80591913479477,77.72197119869402,48.16459450792911,54.061261077425385,84.41553463152985,76.34105352145524,73.39873629897389,106.88043668376868,62.21626486707089,48.95871472714552,66.4932223647388,80.64762855643656,54.0982829990672,42.74088298740672,59.74227495335821,37.87342583955224,63.797100921175385,44.18844012360076,48.12201929804104,56.20760698460821,46.984520755597025,74.40665811567165,67.84544805270524,41.3377521571828,84.05827308768656,65.24928579757461,48.37561946128732,73.0498046875,59.12863660214552
train_046,4,16326.466055080075,3735.338816173041,1366.719830847498,841.8914558069029,630.760064423974,535.0917167094217,430.36225367304104,278.5057354827425,287.0142986240671,250.14044574436855,204.49522706821784,251.28259095149252,245.1933952498792,165.5472248134328,167.7833564503869,180.6882652168843,128.68172079057834,169.33455982759818,183.2687612834262,156.38799382946385,122.96461054104478,114.90401265158583,115.01785506063429,112.04314365671642,274.4092598530783,107.5218414762127,72.67495773087687,83.86113135494402,73.63937878964552,100.85882112873132,61.07598968050373,110.00508687033582,93.20546437733209,94.80388584421642,72.8350775419776,74.67321595149254,77.07686421408583,110.33920971315297,51.791817280783576,86.98670708955224,88.30931524020524,58.092948344216424,57.9642971665112,47.41675169076493,38.35933856110076,73.88742566464552,64.92256733908583,105.46619927705224,71.81142140858209,63.83504839085821,48.86708547108209,51.77423186800373,45.16952104710821,52.7099609375,44.37540082789179,41.14431261660448,46.45603282416044,41.62744869402985,60.49752215485076,41.6265231459888,62.51336578824627,47.44081593983209,34.9579495102612,69.44109287546642,66.68018306902985,63.97850833722015,37.824371793376855,46.19502827658583,37.09874212919776,52.273102262126855,24.490926714085827,74.65007725046642,42.42989884561571,66.7533013642724,37.8604681669776,49.11605789412313,48.77360511893656,49.66028014225747,67.51965514225746,40.055868120335816,25.583073402518682,48.3978326142724,57.37935080457089,37.71330602845148,30.693949685167908,27.86547487173508,39.76524603544776,44.527190706623145,51.00047370569029,53.12275536380597,46.09969682835821,48.966119111473894,37.89841563666044,44.2523029384328,34.47759007695896,53.13848968050373,59.28135202891791,40.00681407416044,45.635997259794756,33.03836287313429,56.9267578125,33.11055562033583,38.97020026819029,45.536963619402975,48.91243732509328,44.24119636194029,62.66793231110076,34.06664674673508,32.67277139692164,24.049440298507466,36.3101751982276,40.63896338619403,48.15811567164179,51.3623629897388,38.99148787313429,32.10448489972015,53.08203125,39.620860541044756,55.50604156949627,45.21487290111941,63.301007171175385,55.32185750932836,64.30430124766791,51.46139663013059,52.16111094916044,54.76004984841417,35.39851037779852,41.82273933069029,28.90486532182836,42.3706637709888,43.27399865904852,43.16663508628731,55.0423420009328,18.377681902985067,37.11725309001868,57.73105906016791,45.04642315764924,40.62322906949627,36.38607013759328,32.78568825792911,53.529996501865696,36.917334713152975,49.907401469216424,56.33903480643656,24.21418784981344,39.00814773787313,48.80507375233209,44.59197906949627,50.23411992770523,32.03784544076493,45.226905025652975,47.58057369402985,39.86335412779852,40.96290520055971,49.15030317164179,26.097678113339562,42.84084217583956,25.5775201142724,34.63770988805971,29.442608733675375,38.95631704757463,29.94425577192164,38.29177355410448,55.53565910680971,33.12443884095148,20.785032357742534,52.15833430503731,26.62524049673508,34.660848589085816,37.50228107509328,43.4461505946828,52.98762534981344,62.24125466417911,47.16870481576493,22.878622026585813,31.50658086520524,38.96557252798508,23.1923828125,39.48017723880597,25.55160476912315,45.01865671641791,56.68148758162313,29.56570662313429,55.38664587220148,52.52947906949627,54.59160010494403,58.16143889925373,17.624285797574625,25.8755465834888,40.53437645755597,46.60226941464552,39.80319350513059,20.322258337220145,31.198373367537307,45.752616312966424,36.76924702658583,29.344500641324625,24.770442222481318,65.31037196828358,59.73949830923507
train_047,2,3868.486185145022,5434.362697099571,1825.3223457905783,913.0189274923125,543.0708360921093,491.5428302821828,435.01587894425467,332.33005626166045,289.9649457789179,294.7518802472014,277.67738512558725,218.31165682913652,200.25527635261193,183.348290286847,209.27935461321874,206.99881937966416,192.442725338153,173.66520668143656,172.93402372901122,147.94237552472015,150.30622522154852,185.2003119169776,142.5158797902847,138.33888905083955,121.31435838386193,135.9070115729944,149.33347423041045,124.32609170942165,119.99915461753731,120.29162779850746,140.76104827425374,153.35868266091416,103.90202308768656,95.78774341184703,99.52695749766791,109.34887330923507,140.75642053404852,131.8026687849813,127.6265960237873,98.72265625,123.16267782182835,85.84458080690297,94.05048973880598,93.17954903218279,91.9902197994403,116.44690123600746,126.11425052472015,124.83977087220148,82.79675110774254,102.28971840018656,116.45523116837687,96.71884474113807,107.9957220732276,92.01798624067165,106.65552850979478,102.30915490904852,93.47387330923507,83.90185546875,103.83538362873132,68.72101649953358,95.0473049790112,71.50321391091417,83.65473414179104,79.26578533115672,75.03325413945896,71.18204874067165,87.28658465485074,56.479718108675385,78.7382229477612,66.96432631763058,100.10912721548506,94.75483179804104,72.30381296641791,52.55909660680971,57.80047516324627,70.1806057602612,63.52776644123132,102.70899166277985,80.0839697994403,100.94304600046642,77.75991866837686,70.32684235074626,71.51709713152985,96.72439802938429,74.4695953824627,69.5317965834888,118.09252565298507,96.7031104244403,72.41395318330224,95.35181028451493,69.86406833022389,87.01632462686571,77.8580267607276,140.31414482664707,77.62386310634328,75.12395784748132,72.62405258861942,60.86866691930971,60.82979390158583,47.148342758861936,39.97071770055971,52.13427005597015,94.31427093050374,53.52259211753731,72.20292822994402,54.984958022388064,75.01011543843279,56.39086549673508,71.62168406016791,65.53065240205224,53.89003468983209,25.540498192630587,52.317528568097025,82.06649370335822,67.67792385727611,71.86140100279852,68.89316843516791,44.90388875932836,73.53849405317165,53.25973647388059,69.2319190181903,51.202243178638064,75.89401381763058,50.40997405550373,52.233303696361936,59.78299906716417,66.81438753498132,44.2597073227612,106.17887126865672,54.55550373134328,55.90402722714552,47.5796481459888,64.89850309001868,90.75276206856344,72.42829917793844,54.10383628731344,33.49743470149253,41.7672064482276,44.8677923857276,57.84675256529852,75.80331010960822,50.13971402751868,70.82756384095148,75.15542648087687,54.919244111473894,59.95977874300373,62.60036730410448,48.74954086986941,49.93054017024253,82.37747784514926,42.924141499533576,59.4312908115672,60.49705938083023,60.49705938083023,61.7877361240672,70.90253323227611,87.0191012709888,54.25099842583956,73.53016412080224,74.91756063432835,73.73933797807835,63.24084654850747,51.40956593983209,73.7587744869403,92.60200705457089,89.37369548740672,81.4547064482276,51.511376224347025,61.74978865438429,57.151665986473894,72.01504197761193,74.01885348647389,51.57616458722015,80.89289878731344,58.81672691231344,71.40788246268656,59.359098064365696,42.465995219216424,49.48720265858209,49.83150652985076,34.34523670708956,75.56266761893656,63.02982159514925,78.01907211986942,78.26897009095148,70.90345878031721,60.90198664878732,54.8563068446828,62.760487115205244,52.26014458955224,97.56387010261193,95.68500757929104,72.65367012593279,93.69693038712687,68.93481809701494,91.85508978544776,90.60050941581156,85.18096286147389,139.08858296408584,98.65601679104478
train_048,4,6155.214712569963,1730.290646441837,1034.0972105673889,577.2226938169395,540.8958284748134,421.5195676888992,418.0256238339552,325.66516967851726,304.02587161847026,298.03387360074623,234.49870277518656,257.9196959538246,219.33637476679104,197.25373162529363,220.735788265271,200.6745496152052,158.4677078474813,155.43282825110563,156.99423536613807,158.33257783348878,153.0171554337687,113.03718225279852,104.80443242770522,102.30360162080224,114.68003002565297,109.8060940415112,93.05830223880598,96.81139954524254,125.33401352611942,115.27515741604478,92.73713706856344,102.75897125699626,106.25198956389924,72.86006733908583,83.65103194962686,72.13443767490672,108.53901877332089,75.71723414179104,65.44642753031721,68.97924440298507,119.60949889225746,88.96552880130598,76.69276177705224,78.23842700559703,81.93136368936571,57.90598763992537,73.97627827658583,62.755859375,70.58044251399254,82.4755859375,83.3724419892724,144.1671331934075,76.82881733908583,68.13792123367537,75.77924586054104,63.00760844216417,93.1351227262127,77.6719916044776,52.71921641791044,73.04887913945896,87.82340251865672,65.62228165811571,72.95724988339552,60.18283582089552,68.7441552005597,59.15640304337687,43.179592758861936,76.26793522621269,70.37497084888058,45.21302180503731,61.11856489039179,112.11626195195896,75.51083692863807,76.96117070895524,46.5374810517724,52.27032561800373,48.061858675373145,78.45500524720148,53.5401775303172,49.73432398554104,63.29545388292911,44.92887855643656,63.06221577658583,54.6489840834888,31.939737348414173,46.38569117304104,53.59663596082089,54.59160010494403,81.27515012826493,36.41476212686571,69.07550139925374,53.91965222714552,64.68655258861942,70.39348180970148,54.155666977611936,49.47794717817164,25.553455865205226,49.86204961520523,41.36181640625,35.33187091884328,48.055379839085816,38.5879489272388,74.56955457089552,54.53606722248132,66.90138905083955,90.74628323227611,67.14295708955224,49.22897475513059,64.19138438666045,48.05908203125,77.27955923507461,56.69166861007463,52.96726329291044,21.54953503964552,41.38773175139924,42.048573052705244,55.9586345615672,32.57743994869403,46.89474259561571,45.81092583955224,44.57531920475747,63.69436508861941,66.88287809001868,64.44868674207089,61.08061742070896,45.37776935634328,66.63483121501868,45.503643889925385,65.61765391791045,36.04361736240672,31.546379430970145,64.12104273554104,55.34407066231344,57.80325180736941,50.94586637126868,24.228071070429106,64.31911001632463,56.9600775419776,53.14404296875,69.59288275419776,48.95778917910448,64.74486211520524,43.48502361240672,73.50332322761193,61.42584684001868,35.46144764458956,28.06539324860076,79.61194029850746,56.59448606576492,49.53718225279852,61.682223647388064,46.53377885960821,73.6532620102612,67.17997901119402,34.07405113106344,29.49721606809703,47.72773583255597,59.68581652285448,37.34031016791044,64.8503745918843,51.53358937733209,50.2674396571828,65.67781454057835,50.775565531716424,36.55451988106344,77.69142811333955,42.12169134794776,51.83531803871268,43.28973297574627,46.99747842817164,51.26610599347015,44.45407241138059,40.54548303404852,45.38980148087687,30.740227087220145,41.40161497201492,50.062893540111936,63.99794484608209,47.60926568330224,48.721774428638064,50.252630888526106,62.20886048274253,31.376078591417908,64.46997434701493,71.39955253031721,66.83474959188429,50.08418114505597,41.43308360541044,35.54104477611941,62.00153772154852,67.63072090718279,62.98632083722015,72.57777518656721,44.95664499766791,35.95846694263059,50.17118266091417,43.41560750932836,43.49798128498132,44.60493674207089,64.30059905550374
train_049,2,4586.7885882747705,3170.3657506793284,879.7047210237873,607.7593003351296,475.7215423477229,329.40345443140217,299.23338386194024,244.65565183803218,216.07738385805445,194.79822996303216,193.58855381296644,173.39309934226435,154.1990802821828,146.9918376865672,133.8592365321828,154.29071710803615,139.68000816231344,127.24527023087686,132.30061363106344,126.94539266557835,112.07738893423507,126.46780987639924,131.13812529151122,113.90904850746269,96.05800343983209,129.47028772154852,90.61763205457089,97.29916336287314,101.07077163013058,79.2028480643657,66.26923973880598,59.07588036380597,89.65876428404852,78.54478340718279,66.27571857509328,71.66148262593279,77.6738427005597,82.4589260727612,70.24354302705224,107.82727232975746,96.35047662080224,86.30920592350746,52.66553463152985,67.69550927005598,60.422552763526106,97.98036672108209,64.63009415811571,58.27250466417911,68.79228369869402,86.61556232509328,73.43483267257461,91.17018423507463,75.84773641557835,67.71494577891791,59.47201492537313,67.30585354477611,65.4362465018657,79.27133861940297,47.302909281716424,59.47941930970148,51.77052967583956,63.337103544776106,36.8516208022388,48.738434293376855,44.60771338619403,55.89477174673507,73.65233646222016,48.419120219216424,60.36424323694029,77.55352145522389,72.53057223647389,79.3916598647388,50.72373484141791,57.86526352611941,46.364403568097025,28.0746487290112,35.11992041744403,48.32841651119403,33.36785797574627,46.80588998367537,36.731299556902975,43.580355060634304,57.68107946595148,33.93429337686571,45.23245831389924,32.71071886660448,58.0596286147388,57.151665986473894,45.12972248134328,32.232210529384304,51.49749300373132,24.30766820195896,58.16236444729477,41.776461928638064,45.29632112873132,53.74842583955224,39.1747463852612,43.51001340951492,22.926750524720145,41.84958022388059,47.25478078358209,91.13779005363807,56.807362115205244,41.72833343050373,41.747769939365696,36.97286759561571,30.066428113339562,38.48336199860075,65.47604506763058,55.063629605876855,17.801065473414187,22.087278451492534,39.65047807835821,32.98005334654852,39.7041598647388,32.19889079990672,40.071602437033576,48.44040782416044,37.29495831389924,38.66569496268656,32.24701929804104,38.28344362173508,39.29043989039179,44.26109564482276,45.23338386194029,43.06667589785448,33.58906395755597,34.56551714085821,24.232698810634304,21.68929279384328,29.840594391324625,17.55949743470148,48.69400798740672,38.11869607042911,48.23401061100747,42.73255305503731,45.369439423973894,72.99427180503731,120.58972239583287,37.954874067164184,27.342540228544774,23.4737494169776,32.23776381763059,36.17041744402985,53.17088386194029,12.692965834888067,61.32588765158583,24.13273962220148,27.47396805037315,58.84079116138059,17.809395405783572,25.820013701026106,39.0294353428172,40.38536322294776,25.65156395755597,38.27048594916044,35.10788829291044,32.43027781016791,15.554760377798521,41.24056961287313,3.0876282649253732,54.717474638526106,51.9325005830224,30.13676976445896,25.4534966767724,49.98422195662313,48.60608092350747,30.70968400186571,10.421670942164173,30.5264254897388,38.10018510960821,61.64982946595148,51.66501719916044,43.493353544776106,41.37662517490672,20.995131763059707,49.063301655783576,18.8274982509328,14.693075151585827,14.830981809701479,42.023583255597025,49.68064219916044,7.87548828125,33.29381413246268,23.566304221082092,26.671517898787307,33.76399253731344,39.938323519123145,37.73366808535448,32.19889079990672,36.46844391324627,46.99655288013059,22.025266732742534,23.360832555970145,26.653006937966428,40.09196449393656,20.42314307369403,30.968837453358212,27.84233617070896,14.103501049440293
train_050,4,6306.16463272785,3251.7086602565064,754.0903875578693,535.1333663712688,603.3959640780492,439.0787926111649,301.8443359612529,268.47557136194024,221.81963530049393,235.28173155749022,169.03932135718972,209.4246618707678,148.80684496484585,161.39429075326493,96.73180241371269,131.3130538712687,103.9371976981412,92.57979390158583,77.33694321361942,64.33669542910448,72.60831827192165,58.580712161847025,48.70881675606344,61.467496501865696,56.31219391324627,40.87590368470148,140.57964085820896,60.41699947527985,74.60379984841417,51.961192572294756,47.44451813199627,51.00880363805971,62.49300373134328,43.64884561567164,47.60001020289179,67.94540724113807,58.03463881763059,55.10065152751868,32.44971431902985,58.29749446128731,47.03912809001868,37.13391295475747,47.37880422108209,13.630546000466428,55.92531483208956,33.38729448460821,65.93419134794776,49.88981605643656,48.65328387360075,21.29963706856344,28.97335587686571,59.86629839085821,70.17227582789178,46.77534689832089,29.908159398320894,21.950297341417908,56.90454465951492,36.07693709188429,36.79516237173508,24.802836403917908,44.72896017957089,34.29710820895523,44.19954670009328,23.465419484608212,28.787320720615696,17.80476766557836,20.421291977611933,51.968596956623145,23.820829932369413,29.34635173740672,18.746050023320894,53.53462424207089,27.59428929570896,32.63297283115672,6.432558885261201,46.29591301305971,29.34172399720148,37.57077163013059,37.868798099347025,46.80311333955224,26.269830048973894,24.770442222481318,40.225243411847025,15.199349930037306,30.187674906716428,18.47671554337685,33.10407678404852,14.64957439365672,41.90418755830224,3.6679468866604394,37.10892315764924,22.29460121268656,17.14485191231344,7.320159456623148,34.69046612639924,54.42129926539179,18.0074626865672,44.58457468516791,3.104288129664173,34.77006325792911,40.18359375,35.65396163712687,31.435313666044774,45.44625991138059,45.71651993936571,30.994752798507466,22.177056611473894,30.318177180503735,23.085944787779855,28.311589027518682,27.82197411380597,39.707862056902975,17.43547399720148,23.64775244869403,16.012906658115696,20.62028480643656,4.35100134095148,28.583700151585813,5.929986298973894,18.97095819729476,14.971665111940293,32.761624008861936,22.811057019589562,38.90356080923508,42.9500568446828,15.506631879664173,40.67783640391791,36.53323227611941,27.2564642607276,8.306793668376868,39.48665607509328,28.58647679570896,31.99712132695896,35.24116721082089,40.59083488805971,28.705872493003735,44.605862290111936,45.74243528451492,13.606481751399238,45.36203503964552,19.23844158115672,17.586338327891788,37.24312762360076,34.80430853544776,39.893897213152975,32.27663683535448,33.12443884095148,36.94139896222015,28.53557165345148,20.017753031716428,35.5780666977612,20.58881617304104,16.919943738339562,38.4759576142724,45.63322061567164,55.19690852378732,35.23283727845148,38.85450676305971,37.39584305037313,32.99578766324627,22.52506267490672,17.92879110307836,14.375612173507466,24.97683943563429,14.244184351679106,12.86881996268656,42.7501384678172,19.98165665811571,44.46795563199627,31.99527023087685,28.75307544309703,48.03131559001868,65.76389050839552,10.89832818330224,35.44571332789179,24.538129664179106,30.434796233675375,39.05905288013059,40.91755334654852,27.949699743470145,49.384466826026106,24.32340251865672,59.77744577891791,21.63931319962685,20.07050927005597,18.02319700326492,36.749810517723894,33.05409718983209,23.029486357276106,12.007134736473894,21.623578882929106,26.873287371735067,27.1444729477612,21.67818621735076,27.8812091884328,16.42292444029852,27.829378498134304,2.189846665111933,42.79549032182836,18.755305503731318
train_051,3,10877.248680016888,3953.421444263921,2160.6215677377,652.6613379983759,360.1668618534928,247.59057981576493,178.97784486724368,133.72965980643656,138.98954932369404,117.63623046875,117.80653130830224,96.04319088628043,58.86022767024253,73.04795359141791,92.56405958488807,98.93183010727611,99.14285506063429,75.47936829524254,104.32499854244402,53.68919076492537,48.54684584888059,41.0230658232276,49.691748775652975,42.86120423274253,29.74526294309703,41.560809235074615,52.504489272388064,64.5375393540112,31.405696128731318,37.09596548507463,89.50327221315297,82.37747784514924,23.529282299440293,17.6446478544776,32.620940706623145,31.14006384095148,0.9236969449626796,15.210456506529853,39.40798449160448,14.362654500932798,28.74196886660448,23.986503031716428,40.761135727611936,15.155849172108214,9.12312704057836,44.6317776352612,9.498899545242534,28.364345265858212,22.64445837220148,31.92122638759328,19.711396630130587,35.43368120335821,18.731241254664173,5.724514633861933,12.661497201492534,18.8682223647388,12.811435984141786,11.213940065298521,10.267104419309707,28.45597452192164,23.45061071595148,36.02695749766791,14.567200618003733,22.760151877332092,31.124329524253735,4.014101854011201,11.897920067630587,15.853712395055974,-4.813775361473894,4.317681611473894,-3.4328576842350804,24.626982276119413,26.093975921175375,16.594150827891788,12.82902139692164,12.760530841884291,25.90701521688429,25.37019735307836,22.834195720615696,12.032124533582094,20.961812033582092,21.7827731459888,14.521848763992534,16.656162546641788,35.29577454524253,13.561129897388067,24.5399807602612,19.987209946361933,0.22675927005597352,26.180977437033572,18.88303113339552,35.079196303638064,16.71262097714552,22.02989447294776,29.98775652985076,11.746130188899238,9.277693563432798,17.500262360074625,17.60484928871268,27.541533057369413,10.954786613805974,7.620962569962679,30.693024137126866,39.48295388292911,22.946187033582092,43.29250961986941,26.29944758628732,10.864082905783572,34.5692193330224,18.61369665345148,41.404391616138064,16.591374183768682,10.862231809701479,20.349099230410438,39.09792589785448,22.528764867070894,7.82088094682836,48.44503556436571,16.85330427938429,27.847889458955226,22.87491983442164,6.31501428404852,3.480986182369414,24.08090893190297,31.57877361240672,16.3331462803172,16.26835791744403,15.025346898320894,25.72190560867539,13.81380451259328,-9.536847014925387,25.01663800139924,66.59133045708955,24.026301597481318,20.320407241138067,29.4222466767724,12.300533465485067,25.746895405783572,15.231744111473894,28.149618120335827,10.75764488106344,21.792954174440293,31.03177472014924,15.118827250466428,24.68344070662315,3.3458561683768524,8.531701842350762,31.75,21.13118732509328,28.86599230410448,6.81388467817164,30.396848763992534,29.84799877565297,34.306363689365696,17.6446478544776,17.3392170009328,8.209611124067202,23.184052880130587,20.20563928404852,19.25417589785448,15.9990234375,23.220149253731318,17.824204174440293,20.66008337220148,7.272030958488799,38.81841038945896,23.0516995102612,19.258803638059707,16.770004955690293,32.65888817630597,33.95002769356344,23.46264284048508,23.03874183768656,21.32925460587685,29.47685401119403,5.625480993470147,38.10296175373132,41.311836812033576,26.256872376399254,28.523539528917908,27.019523962220145,39.9734943446828,19.505924965018682,35.75947411380597,37.81974405317164,23.080391499533572,27.24535768423508,21.84385931669776,25.733012185167908,32.08227174673507,9.19254314365672,29.872063024720145,30.4931057602612,14.287685109608214,22.328846490205226,8.958379489272401,35.264305911847025,33.2142170009328,30.22562237639924,39.22287488339552
train_052,3,5218.407470443355,1599.8440342234142,1156.6052155628133,916.5193501835438,681.5208211870337,743.4001562880046,623.3093875539836,423.1920329990671,379.7532867887127,352.9892140858209,338.59045942639244,332.58459711252755,263.1397869053172,256.1407774793568,216.11454203591416,210.9703460237873,237.32160916079334,211.49605731110077,193.91249562733208,162.3809249650187,160.382666744403,134.56357859141792,110.13929133628731,113.88590980643656,101.09668697527985,119.04954232742537,82.21735803404852,118.55437412546642,70.71094478777985,101.30123309235076,71.21074072994402,98.93645784748132,74.99067892957089,74.43257346082089,68.94222248134328,66.35809235074626,83.25212074393656,72.5675941581157,89.05160476912314,105.53561538013058,46.20798594916044,80.55785039645524,47.61019123134328,44.71137476679104,62.965033232276106,60.294827133861936,112.81690181902985,58.1216403334888,74.16416452891791,63.87114476445896,59.79040345149253,42.92229040345148,44.814110599347025,67.39192951259328,41.9439861240672,18.05281454057836,74.09104623367537,47.39268744169776,32.12021921641791,44.023692572294756,48.59589989505597,45.6785724696828,47.480614505597025,40.640814482276106,50.65431873833956,33.252164470615696,47.02617041744403,33.7103107509328,51.11524166277985,47.264961812033576,46.68741983442164,37.11355089785448,24.07628119169776,37.00618732509328,45.06771076259328,38.4019137709888,18.909872026585827,33.85654734141791,55.921612639925385,54.39075618003732,39.63289266557836,54.38427734375,38.89245423274253,49.78060138759328,40.76761456389924,46.88733821128731,25.097160680970145,66.80790869869402,38.27511368936571,22.5482013759328,36.19910943330224,25.62472306436571,26.568782066231318,40.77594449626868,42.00322119869403,39.47647504664179,35.59287546641791,25.96717583955224,35.88905083955224,49.13827104710821,53.63180678638059,51.4937908115672,47.54123790228544,43.58868499300373,47.28810051305971,19.134780200559707,61.698883512126855,40.71902329174441,24.987020464085827,20.250065590018682,59.8579684584888,26.24113805970148,45.9219916044776,45.74983966884328,29.22232829990672,33.53815881529852,60.76130334654852,53.927056611473894,39.4727728544776,41.88845324160448,27.38326434235076,24.85096490205224,48.020209013526106,41.775536380597025,35.53086374766791,46.062674906716424,35.281891324626855,33.51316901819029,37.644815473414184,32.25905142257463,43.73121939132463,44.420752681902975,54.98588357042911,33.52057340251868,39.07848938899253,44.26063287080224,36.610052763526106,35.85758220615672,47.41304949860076,28.6660739272388,45.31575763759328,51.118018306902975,48.42282241138059,42.30680095615672,46.08118586753731,26.671517898787307,42.676094624533576,28.54760377798508,39.05720178404852,26.72427413712685,24.632535564365696,16.18783523787315,41.338677705223894,33.37618790811571,41.88845324160448,49.97033873600747,28.46430445429104,39.5801364272388,40.12528422341417,29.588845324160438,59.38964114972015,51.384576142723894,27.27219857742539,34.63956098414179,50.13601183535448,65.63246268656721,47.54170067630597,46.0367595615672,19.971475629664173,34.552559468283576,46.91695574860076,39.520901352611936,45.474026352611936,50.22856663945896,42.25682136194029,36.64059584888059,40.68153859608209,45.039944321361936,28.285673682369413,28.35416423740672,38.49354302705224,38.900784165111936,41.51082964085821,31.484367712220145,50.88478020055971,38.388030550373145,28.941887243470145,26.025485366138067,45.87478865438429,43.41005422108209,36.2601956040112,63.248250932835816,42.72699976679104,60.65393977378731,53.927056611473894,46.92991342117537,53.714180562033576,43.17033727845148,67.5640814482276,44.52626515858209
train_053,3,8976.626562924528,4220.522178410594,1785.5063081597216,580.9184071448312,398.0263514839002,280.6334303879916,203.65573985541045,159.54689686333955,136.54517316239986,118.57566173041045,102.06573577425374,100.21463969216417,99.6361721665112,118.82000641324626,84.38591709421642,97.77952279617537,94.44940094449626,96.29957147854476,66.70887505830224,87.48927967583955,62.95485220382463,61.40178259095148,71.79476154384328,59.3072673740672,49.30024195429104,53.55683739505597,65.7185386543843,76.85195604011193,70.57303812966417,67.83989476445896,56.788851154384304,53.14589406483209,34.64233762826493,48.71899778451492,27.975615088619413,50.19894910214552,47.8350994053172,25.777438491138067,44.668799556902975,29.225104944029855,44.03387360074627,63.95259299207089,50.58305153917911,40.560291802705244,47.06134124300373,49.942572294776106,31.99897242304104,17.8427151352612,52.85619752798507,68.50999154617539,39.203438374533576,57.36731868003732,34.659923041044756,24.372456564832092,43.45540607509328,31.722233558768682,44.29765479244403,39.63844595382463,27.14539849580224,48.51074947527985,49.15678200792911,29.41947003264924,36.024180853544756,19.97425227378732,9.23049061333956,7.507120160914173,43.22216796875,34.54515508395523,29.157539937033572,14.8041409165112,35.490139633861936,26.1689453125,20.94607771688429,5.662502915111933,23.008198752332092,17.83808739505597,35.60490759095148,32.6181640625,24.352094507929106,20.888693738339562,37.3310546875,46.5994927705224,11.167662663246267,37.458780317164184,12.61799644356344,26.53083459654852,32.33309526585821,12.70314686333956,40.78519997667911,-3.088553812966427,23.4404296875,-3.5939030433768666,23.39970557369403,-2.30183797807836,13.608332847481318,27.882134736473894,36.61375495569029,18.01949481110076,9.78859608208956,34.14254168610076,26.418843283582092,15.68896484375,13.541693388526106,11.497157765858214,-4.787860016324613,39.00907328591417,5.41723268423508,7.135975396455241,36.63319146455224,12.259809351679106,16.000874533582092,23.459866196361933,17.1605862290112,20.44257958255597,20.659157824160438,24.202155725279855,20.43424965018656,26.52528130830224,7.290541919309707,16.4664251982276,26.575260902518682,10.302275244869413,13.185357392723894,7.602451609141786,3.9224725979477597,21.01919601212685,23.25902227145524,15.631580865205226,2.4591811450559735,17.37068563432836,13.283465485074627,14.022978369869413,12.4476956040112,9.214756296641786,18.555387126865696,25.5108806553172,15.54920708955224,10.67342000932836,19.705843341884304,11.508264342350762,8.887112290111933,15.377055153917906,21.31166919309703,15.47331215018656,0.11199131296642717,25.8255669892724,17.04581827192164,24.410404034514933,17.450282765858212,7.75886922807836,11.274100687966428,11.175067047574627,16.21652722714552,19.69936450559703,9.14811683768656,47.915622084888064,22.63520289179104,13.257550139925373,39.87908844449627,18.073176597481318,19.288421175373134,15.546430445429106,48.81432923274253,24.93889196595148,5.042385727611933,4.41764079990672,21.855891441231318,14.455209305037306,26.785360307835827,35.00145026819029,24.73527139692164,10.957563257929106,14.115533173973894,24.37153101679104,17.846417327425375,27.570225046641788,16.26743236940297,20.871108325559707,27.74978136660448,22.1761310634328,13.112239097481318,46.47732042910448,10.716920767257466,10.622514867070894,29.58977087220148,17.16706506529852,15.568643598414187,13.551874416977599,33.51687121035448,22.103938316231318,2.662801714085827,26.063432835820894,9.62662517490672,-5.272847189832094,12.305161205690293,22.404741429570894,5.886485541044773,33.86395172574627,21.149698285914173,19.39578474813429
train_054,2,6176.073226572862,1246.4924140741573,724.7688742217733,516.1297414801014,436.53956568330085,341.89743122236047,260.24280639726726,233.8804366837687,207.8290359724813,137.06441318321583,155.6577439948694,138.28335616837688,201.08362670976723,145.08613427005596,153.065283931903,143.0749183768657,130.53559351679104,93.3442965834888,124.01880975979478,142.19472218983208,84.32575647154852,91.58760640158583,122.97664266557835,155.79841972731833,72.31584509095148,69.63823460820896,83.97960150419776,65.15580544542911,39.256194612873145,40.71948606576492,42.14112785680971,77.8311858675373,58.40763467817164,45.42774895055971,68.94870131763058,44.06071449393656,29.61568621735076,27.164835004664187,36.38792123367537,46.839209713152975,62.02097423041044,48.75879635027985,38.25290053638059,56.71295621501868,21.33203125,24.469639109141788,44.1856634794776,44.566989272388064,101.88432835820896,63.98961491371269,57.40711724580224,33.05965047807836,46.528225571361936,12.501377390391786,15.406672691231318,23.33028947061571,27.972838444496265,42.8260334071828,26.13932777518656,43.70715514225747,21.09046321128732,42.41323898087687,37.70960383628731,20.33984375,37.2449787196828,75.0341796875,18.82101941464552,13.466723997201479,36.89141936800373,23.4644939365672,18.85248804804104,20.53976212686571,30.411657532649254,23.30622522154852,31.317769064832092,33.4002521571828,33.82785535214552,28.647562966417908,18.1240817397388,34.74137126865672,16.369242653917908,10.441107451026106,28.61701988106344,35.75114418143656,23.396928929570894,26.26705340485076,12.497675198227599,0.8468764575559735,41.98008249766791,15.150295883861933,39.88093954057836,40.16600833722015,32.595025361473894,19.32636864505597,24.644567688899254,25.5201361357276,29.31395755597016,23.311778509794774,26.956586695429106,28.64200967817164,20.049221665111933,15.458503381529853,32.10448489972015,19.25325034981344,39.915184818097025,34.85336258162313,19.138482392723894,27.39899865904852,32.721825443097025,26.852925314832092,1.159711695429107,35.36241400419776,19.498520580690293,36.46474172108209,1.6484010611007607,11.521222014925373,37.912298857276106,28.31344012360076,-5.78282416044776,19.98350775419776,11.273175139925373,-12.381981693097027,16.347955048973894,23.30159748134328,22.96469799440297,20.52680445429104,18.8062106459888,5.873527868470147,20.62028480643656,4.167742828824626,0.9551655783582136,31.306662488339562,33.27530317164179,43.45262943097015,14.171991604477599,-3.05338298740672,14.09239447294776,31.68706273320896,28.38007958255597,7.8671583488805865,20.685073169309707,26.04584742304104,26.84366983442164,28.624424265391788,29.560153334888067,7.848647388059707,11.70540607509328,19.28101679104476,30.521797749533572,27.407328591417908,4.00114418143656,27.0658013642724,22.30848443330224,14.19142811333956,12.350513059701479,10.7733791977612,32.37752157182836,25.3248454990672,0.5432967000932798,17.50951784048508,21.46068242770524,58.59922312266791,20.70450967817164,15.524217292444026,17.03841388759328,16.4090412196828,29.36393715018656,28.700319204757466,15.568643598414187,27.444350513059707,21.67170738106344,8.575202600279853,22.76477961753732,26.491036030783572,27.13151527518656,19.620692922108212,18.785848589085827,29.04277197994403,19.335624125466428,34.14624387826493,11.597116954291039,30.18952600279852,22.10671496035448,34.18696799207089,22.182609899720145,20.48608034048508,12.912320720615709,9.291576784048521,16.048077483675375,41.97545475746269,78.77709596548507,17.650201142723894,13.432478719682798,13.200166161380587,20.98124854244403,-1.4521848763992393,40.89811683768656,42.30217321595148,34.4331637709888,49.446478544776106
train_055,3,6087.678306725488,1715.9049819263057,1101.0764137817853,623.393657844458,524.1147169426306,430.30397442561474,353.97955048973876,341.1829270591487,266.83272358908584,221.16988543610077,186.27485805305082,191.72173476886394,201.31132666744404,201.95451064296623,152.4164747551306,237.69647125699626,172.10750932835822,150.6347947761194,111.58869956856344,115.13262301772389,115.19370918843279,129.47491546175374,112.62901556669776,134.98377740205225,79.05846256996269,120.0213677705224,82.42282969916045,86.17222481343279,56.0872857392724,67.19848997201494,59.77374358675373,80.92899516091417,38.940582730876855,52.95338007229477,86.06023350046642,27.538756413246265,54.4916409165112,87.31620219216418,58.91020726445896,53.0986911147388,42.16611765391791,60.22078329057836,57.37564861240672,41.26463386194029,71.12373921408583,53.89003468983209,41.60245889692164,71.9400725862873,35.518831623134304,47.49819991837687,45.01217788013059,21.762411089085827,44.10421525186571,69.76688578591417,79.61749358675374,39.2913654384328,27.6285345732276,41.21095207555971,32.89305183069029,27.358274545242534,21.4893744169776,42.661285855876855,31.98231255830224,27.47396805037315,29.308404267723894,36.96916540345148,58.37894268889924,35.34020085121269,41.46316391674441,45.087147271455244,23.46171729244403,49.35299819263059,65.63338823460822,68.98016995102611,53.803033173973894,44.357815415111936,43.39802209654852,42.43822877798508,40.64914441464552,31.314066872667908,44.75394997667911,24.26416744402984,15.624176480876853,43.33138263759328,40.7176349696828,34.06664674673508,41.75147213152985,44.528116254664184,45.4379299790112,56.59170942164179,23.001719916044774,21.544907299440293,31.64726416744403,41.74962103544776,29.273233442164173,36.81644997667911,35.96216913479477,63.60273583255597,35.94458372201493,38.67402489505597,20.21489476445896,19.22270726445896,40.75002915111941,37.01359170942164,28.87154559235076,30.8531439482276,47.071522271455244,30.950326492537307,37.36159777285448,38.470404326026106,49.962008803638064,51.99636339785448,40.47976912313429,32.036919892723894,22.513030550373134,20.561049731809707,38.87764546408583,35.7474419892724,17.175394997667908,28.982611357276106,35.92607276119403,42.279034514925385,40.605643656716424,30.470892607276106,21.71150594682836,22.32699539412315,36.917334713152975,64.50329407649254,44.234717525652975,29.80727466184703,30.022927355410438,30.639342350746265,39.65834523670709,48.67734812266791,27.588736007462693,62.45042852145523,54.03719682835821,46.558768656716424,34.41557835820896,53.08480789412313,52.872857392723894,40.762061275652975,28.333802180503735,45.77297836986941,54.35928754664179,48.19143540111941,27.600768131996265,25.427581331623134,28.179235657649254,41.5932034165112,43.87375378964552,53.1681072178172,45.12602028917911,11.561946128731318,19.174578766324625,33.27807981576493,30.08956681436571,38.574065706623145,27.38789208255597,38.8026760727612,48.23678725513059,32.85510436100747,26.88346840018656,49.55013992537313,39.549593341884304,44.0449801772388,50.99584596548507,32.746815240205244,14.497784514925373,16.09342933768656,34.56829378498132,56.34273699860075,32.68202687733209,40.21321128731344,22.78884386660448,43.04076055270523,39.32283407182836,31.80692120452424,24.291008337220145,46.34866925139924,22.150215718283572,40.95827746035448,37.44397154850747,38.99611561333956,24.404850746268682,25.60065881529852,32.99578766324627,10.40223443330224,17.65853107509328,36.920111357276106,18.43321478544776,54.13160272854477,54.88777547807836,22.19926976445896,34.377630888526106,25.753374242070894,24.920381005130587,57.78381529850747,20.163064074160438,38.50279850746269
train_056,1,9875.85732873696,2886.670588447087,847.0523116837688,675.6346081584247,468.2319773204291,382.5234823547193,412.43812058932747,320.10819437966416,214.22086317414667,190.0122361823694,216.65412140426355,191.0979191740947,133.30946099580225,176.6204891462824,217.85920009328356,141.5866371268657,153.68169892723878,127.8329932369403,121.05427938432835,93.5488427005597,136.7219566231343,96.13112173507461,102.79414208255598,107.87077308768656,69.76225804570896,82.70974959188429,68.69787779850746,46.257965543376855,81.45748309235074,50.55528509794776,107.7763671875,82.00910972481344,80.05805445429104,40.69727291277984,44.56513817630597,45.99048215951493,44.6484375,86.30642927938429,47.06226679104477,53.38098326725747,72.30751515858209,61.88862086054104,56.18446828358209,36.16023641557836,54.156592525652975,38.54352262126868,35.56788566930971,40.86664820429104,49.53625670475747,18.491524312033572,46.87808273087687,62.2218181553172,24.131814074160438,29.5962497084888,31.691690473414173,29.56570662313429,31.289077075559707,37.850287138526106,37.069124591884304,24.14292065065297,43.65717554804104,46.69574976679104,28.654041802705226,28.614243236940293,23.059103894589562,30.97346519356344,33.61868149486941,28.65033961054104,39.4681451142724,18.75345440764924,17.008796350279855,32.76810284514924,17.10135115438429,22.20112086054104,10.554024312033572,15.210456506529853,46.547662080223894,42.54929454291044,45.784084946361936,39.06368062033583,27.77106897154852,14.4940823227612,22.9156439482276,30.77817455690297,-1.05419921875,26.78998804804104,26.57248425839552,39.854098647388064,25.85981226679104,38.99519006529852,46.95305212220148,20.104754547574625,11.4555081040112,26.3790447178172,11.567499416977599,34.82374504430971,26.5123236357276,15.592707847481318,40.06882579291044,32.91989272388059,32.15909223414179,22.5556057602612,20.536985482742534,16.8912517490672,28.291226970615696,25.251727203824625,25.576594566231318,12.272767024253733,31.46585675139924,27.661854302705226,26.85847860307836,26.798317980410438,31.172458022388067,35.62712074393656,24.321551422574625,33.32713386194029,11.065852378731318,24.782474347014933,43.4322673740672,28.333802180503735,29.329691872667908,30.420913013059707,39.92258920242537,20.791511194029855,26.49381267490672,29.49536497201492,45.094551655783576,24.575151585820894,12.780892898787306,38.58702337919776,19.400412488339562,14.482975746268682,5.9114753381529725,26.720571944962693,34.40076958955224,41.86346344449627,17.53358208955224,34.129584013526106,17.025456215018682,36.157459771455244,34.12773291744403,32.0980060634328,42.8260334071828,10.94645668143656,41.9532416044776,15.489046466884291,43.97278743003731,35.84462453358209,37.27644735307836,38.34545534048508,47.80177967583956,26.559526585820894,4.04649603544776,19.36153947061571,30.573628439832092,16.084173857276106,21.6254299790112,14.908727845149238,22.88232421875,20.65082789179104,24.11515420942164,28.778065240205226,26.62338940065297,23.281235424440293,18.311042444029855,23.5931451142724,11.1454495102612,20.05570050139924,28.799352845149254,31.04195574860076,27.558192922108212,31.89993878264924,32.66259036847015,23.78658465485076,36.217620394123145,23.45061071595148,29.68232567630597,40.00033523787313,39.30617420708956,26.476227262126866,30.332060401119413,17.7594158115672,33.339165986473894,27.93581652285448,29.50184380830224,26.549345557369413,43.396171000466424,46.25148670708956,18.68126166044776,28.148692572294774,44.22175985307836,17.250364388992534,29.942404675839562,17.540060925839562,37.74292356576493,17.5780083955224,52.3545504897388,39.0960748017724,53.01631733908583,24.31599813432836
train_057,1,3889.2276561865165,1309.6542408288415,577.2791522474432,464.3816671905233,374.6276017374067,281.1674716076744,248.5448387705568,197.28056494869404,206.82111415578356,181.42869607993026,164.13761136202672,139.47546204524252,136.64143394356344,112.40966068097015,131.59812266791045,71.3134765625,92.49556902985076,91.2525580107276,93.09347306436571,103.83260698460822,92.38727990904852,70.89790549207089,76.0717190415112,81.33993849113807,52.29068767490672,78.03850862873132,95.61003818796642,68.09256937966417,73.90501107742537,72.3389837919776,80.88086666277985,88.8276221431903,59.48774924207089,58.711214435634304,57.93467962919776,52.83953766324627,55.97066668610076,29.946106868003735,53.281024078824615,43.34989359841417,61.25924819263059,37.67073081856344,24.73989913712685,54.7730075209888,62.71606080923508,24.761186742070894,33.07075705457089,44.7271090834888,73.28396834188429,57.56446041277985,40.43349172108209,80.93639954524254,52.402678987873145,33.75196041277985,45.598975338152975,23.6551568330224,18.18424236240672,45.621188491138064,45.67116808535448,53.07555241371268,54.4749810517724,36.43049644356344,13.22423041044776,46.6328125,28.32454670009328,41.21095207555971,31.2705661147388,33.633490263526106,60.35036001632463,43.02872842817164,37.993747084888064,38.21495306669776,55.559723355876855,16.176728661380587,32.67647358908583,47.01043610074627,33.32620831389924,19.561457847481318,14.428368411847027,37.271819612873145,39.94665345149253,30.81982421875,28.91134415811571,40.86294601212687,52.77289820429104,61.61836083255597,59.651571245335816,44.55588269589552,38.26770930503732,24.83708168143656,44.837249300373145,55.90865496735076,42.90100279850747,33.49280696128731,30.7411526352612,11.087139983675387,40.01051626632463,27.8886135727612,59.00276206856344,45.25004372667911,28.98909019356344,40.3242770522388,8.146673857276106,32.990234375,17.934344391324625,20.100126807369413,31.909194263059707,27.29996501865672,38.714749008861936,33.53908436333956,37.497653334888064,30.9197834071828,27.188899253731318,38.10203620569029,21.246880830223894,17.90102466184703,24.05591913479476,11.019574976679106,20.651753439832092,24.05962132695896,11.531403043376853,8.363252098880587,42.428047749533576,44.42167822994403,45.9793755830224,17.199459246735067,27.07690794076492,19.117194787779855,17.07358471315297,30.3524224580224,45.81647912779852,38.76287750699627,22.599106518190293,13.367690356809707,48.10998717350747,46.75961258162313,40.11695429104477,20.24821449393656,42.32438636893656,30.31910272854476,53.963152985074615,39.126617887126855,21.0053127915112,24.822272912779855,20.57770959654852,32.21184847248132,28.812310517723894,30.75503585587685,32.48395959654852,21.421809409981318,16.0277154267724,31.032700268190293,23.17202075559703,19.012607859141788,12.3569918959888,36.63319146455224,5.735621210354481,41.6552151352612,36.68594770289179,34.93851300139924,31.19189453125,21.246880830223894,20.55549644356344,1.1587861473880672,26.469748425839562,52.590565240205244,42.50486823694029,16.46549965018656,28.414324860074625,39.2293537196828,19.773408348880587,23.942076725746265,27.13058972714552,33.3909966767724,22.490817397388067,1.279107392723894,22.611138642723894,43.38969216417911,15.839829174440293,25.82741808535448,17.778852320429106,41.629299790111936,24.20215572527984,-3.15519327192164,40.806487581623145,33.70475746268656,32.8828708022388,27.3712322178172,36.41105993470148,31.474186683768682,44.78634415811571,25.72005451259328,22.65001166044776,42.46692076725747,45.4305255946828,12.087657416044774,14.334888059701479,14.49593341884328,32.54226912313429,36.67021338619403
train_058,1,5806.469105973172,1509.5581970188155,858.0672589202425,677.7243442393061,580.8350775419775,475.7696405666978,411.0895668143657,423.72209951414993,349.6052741915433,342.97756092583955,301.692580146576,271.83716184701495,188.78417018812095,200.70694379664178,177.31835993902004,180.94464202425374,151.66492974580225,123.69579349347016,89.83184176772389,99.89625116604478,86.72014925373132,92.7630524137127,73.99293814132463,120.1333590834888,77.2934424556903,71.49766062266791,95.63225134095148,76.78439103311571,58.36876166044776,71.68462132695896,77.15275915345148,56.77774457789179,43.72659165111941,91.13223676539178,60.914944321361936,32.49969391324627,49.59086403917911,81.80826579990672,64.17009678171642,37.9752361240672,31.75,64.89665199393656,46.03028072527985,52.57945866371269,38.32786992770523,59.906096956623145,93.60992887126868,44.35133657882463,28.071872084888067,97.8683754081157,57.20072003264924,40.791678812966424,57.34788217117537,38.922997318097025,62.2884576142724,42.652030375466424,53.68733966884328,60.91031658115672,62.778998076026106,8.218866604477599,60.9195720615672,60.7335369053172,46.07933477145523,44.645660855876855,36.40735774253731,29.74526294309703,23.17664849580224,20.653604535914173,42.87971519356344,43.05464377332089,41.757025419776106,18.80435954990672,65.66948460820896,31.2252142607276,31.463080107276106,51.233711812033576,63.31396484375,56.11690327658583,21.05436683768656,28.61794542910448,45.15934001865672,49.78985686800373,58.06425635494403,35.76225075792911,32.26182806669776,46.92158348880597,40.6417400303172,23.14517986240672,84.40720469916045,53.44021834188429,25.79594945195896,47.97022941930971,30.24598443330224,54.25284952192164,34.03425256529852,6.38720703125,19.68363018889924,33.6390435517724,19.855782124533572,28.16072469682836,12.1089450209888,12.637432952425387,25.668223822294774,39.53571012126868,43.02965397621268,40.61860132929104,32.7662517490672,39.907317659748145,42.55022009095148,8.611298973880587,54.76190094449627,25.83667356576492,28.24587511660448,24.133665170242534,47.40379401819029,70.62949656016791,38.893379780783576,35.17175110774253,50.93846198694029,28.940036147388067,29.5009182602612,14.698628439832094,25.7182034165112,37.5791015625,43.075005830223894,56.11597772854477,26.2476168959888,49.33078503964552,45.776680562033576,42.87971519356344,94.20875845382463,18.236998600746265,9.29527897621268,38.364891849347025,15.436290228544774,27.276826317630587,8.57335150419776,25.930153917910438,12.84383016557836,17.199459246735067,26.762221606809707,34.03888030550373,27.368918347714562,18.86637126865672,14.691224055503733,30.980869577891788,42.519677005597025,38.893379780783576,13.803623484141786,18.144443796641788,42.39472802005597,29.16124212919776,9.965375757929106,17.9380465834888,18.74975221548508,45.4212701142724,26.646528101679106,20.591592817164187,43.845061800373145,45.40183360541044,24.421510611007466,30.00349084654852,18.036154675839562,26.925118062033572,-5.01554483442164,29.85355206389924,34.684912838152975,37.76236007462687,35.56881121735076,38.47780871035448,23.47189832089552,24.54183185634328,38.98315794076492,19.307857684235067,28.2940036147388,32.23776381763059,28.51798624067164,11.263919659514933,34.63400769589552,39.35615380130597,13.871188491138067,11.182471431902973,21.67818621735076,13.436180911847027,22.518583838619413,18.096315298507466,5.22379314365672,25.0814263642724,20.615657066231318,24.63993994869403,23.405258861940293,23.99853515625,30.15250408115672,31.650966359608212,18.814540578358212,46.93454116138059,31.467707847481318,12.835500233208961,23.201638292910438,38.76843079524253
train_059,2,7485.332016154902,9726.718658642982,8190.712843083624,6034.544063471148,4791.169987678082,3557.225395327184,3248.2978515625,2570.8604196461283,2445.370177745819,2333.140012826493,2000.5878780235107,1878.3294000794635,1412.176150670692,1398.6515864738776,1430.281524635073,1027.0270929078558,944.4366633153674,869.2200825356725,683.7236558038796,957.8569585147188,994.2737155636745,1105.1460106693098,1202.0555788652223,849.7169644939366,808.8068533806658,851.1296914451158,765.442075315696,983.0930346695345,640.7763907428997,701.6610190726038,518.5660867157268,627.2744505013992,599.1276090251866,535.1574306203358,467.5202308768657,427.96604007393563,551.116382979635,558.5877095585438,438.36176539179104,501.53319583722015,494.02607567630594,519.9312095179487,460.2815196478545,485.9034963472566,443.08298594916045,492.8478227408964,695.7122190212137,592.9440225629663,610.2823140158582,657.7916507898871,539.2187657035998,610.9246746355028,636.8080656679708,661.3586675213344,580.1890450093283,502.94002885960816,473.3993423127416,355.96762768190297,344.97139579057693,432.54287513690207,358.6621705418202,428.77744291433646,304.0749256646455,219.8343347524529,195.5183214785448,217.59726999766792,212.5271178288246,219.38542881296644,205.6984092424165,177.68392113607322,218.76899867805082,178.52248280083955,185.7639555343941,166.8420589530646,172.32225161346037,190.44076492537312,248.65694741526647,260.3196647336234,207.33201667444027,224.1853209538246,164.31425856654326,275.48289558069024,309.6754168610075,213.30920592350748,187.4475425606343,185.9083410287971,205.44482421875,241.93271978043796,362.3095131383014,398.3920035184319,396.60936771222026,308.8924259276532,328.58160940479877,276.2594303871269,222.17873280083955,215.9570626127186,253.39378117269547,178.368849395816,207.1469070662313,201.93778643501335,195.1888263759328,171.65398321845637,173.9771163712687,300.06639980825025,382.4049516471464,360.99705573694024,337.52611324324533,334.90585645988807,267.9655943913246,269.8629451660968,279.39518715018664,196.45958869670753,218.5034042392204,376.1288406599813,245.17584768604877,275.5948868936567,272.84506095434307,249.72581914645522,209.9735156440023,157.18397271455225,188.83492393458067,190.3537709793048,177.74779909048507,211.6097634639313,149.66944816930973,141.01649953358208,117.31506529850746,164.92527166943054,129.44158816248623,107.60421525186571,138.25003643889923,126.40117041744402,118.11844099813429,107.92075268190297,100.38771717583955,116.22384415811571,107.69954670009328,112.65215426772389,124.49546700093279,113.44534893889926,101.89080719449626,123.61156862173506,117.03740088619402,107.79765479244402,107.9170504897388,113.83130247201494,102.92186771222015,134.8051466301306,131.71659281716416,195.06665403451493,120.71090106110076,134.23408348880596,109.140625,132.5663140469523,98.70784748134328,108.18823606576493,139.1163494053172,97.63791394589552,111.59702950093279,128.82055299673507,130.89933389692166,112.48185342817165,139.96600250699626,149.50555803793583,112.52813083022389,138.20190794076493,105.63557456856344,155.12277722714552,116.61442543143656,108.25950326492537,123.6994956856343,154.6572265625,91.11465135261193,106.8628512709888,84.86627652751868,104.62487610774254,91.99114534748132,109.18227466184703,70.93585296175374,107.92630597014926,112.73545359141791,109.02955923507461,114.92807690065297,98.63472918610076,131.74806145055973,108.94625991138058,164.62167677238807,109.13692280783583,107.07202512826493,90.28721140391791,94.92976037779852,143.18876078591416,121.70308856110076,126.45392665578358,97.04648874766791,114.99564190764924,93.24063520289178,97.48797516324626,104.94789237406721,186.99844737640066
train_060,3,4524.479592577735,2736.464246716073,1472.0850242714387,1117.8426332776226,1034.411881761764,876.2968909856098,770.5696493120337,766.5953460237873,816.6305034018275,682.1526979866312,526.2795738106342,559.7893131490963,448.26978745033495,494.80908931902974,575.6695939249067,410.46389633861946,371.29377769356336,371.4289304169256,321.7556698927239,300.88641266324623,314.9149746005215,300.20337334853497,274.9303585397664,303.77782474347026,261.80513149055076,279.8514671948419,257.82529005363807,266.25704784713577,287.7917589785448,279.5071633235732,288.2591607392724,270.0602458644269,268.1275425891378,256.66463767058815,245.0786424323694,238.8321187033582,219.0485293260261,218.4191566581157,223.99837538911333,233.17515393691275,220.88389109141792,229.94408086520522,237.10414322009726,241.4329238382738,207.09046377530737,184.45418393967756,263.27214027518664,281.9830194729478,247.3305008162313,229.13607742537312,216.3820254197761,179.38972131529852,209.18956888344755,210.0420213386194,230.1125306086754,237.61870251217886,177.0823149093941,176.49553259095148,204.94875317811966,166.96794105643656,144.3123912473223,135.91858092350748,163.4240327468559,175.1821647811292,140.1353702287176,159.23963005329247,147.8600093188571,167.89256354944027,145.36008135062545,129.97193475979478,123.50142840485076,130.88545067630596,110.11522708722015,135.1994300956157,143.47012739039178,153.67059992053615,143.0897271455224,134.83291307136193,114.40699335354478,128.6502521571828,127.2998775652985,128.49383453824626,93.73765450093279,119.59561567164178,139.25889137342796,111.22588473647389,116.81434380830224,118.28318097965041,159.4404588386194,129.7775696711754,102.82375961986942,126.07074976679104,123.82537021921642,132.2996880830224,111.20644822761193,146.7132477262127,129.05564976895033,124.06323606576494,109.56174935867537,117.68806115904852,119.11710733442165,117.39188578591417,121.0635348647388,101.7158786147388,114.39218458488807,134.7514572739601,100.72739330690297,109.93474521921642,118.26560313666045,109.78480643656721,125.53300635494402,133.676903568097,93.50811858675374,108.44646396921642,107.71342992070896,122.35374883395522,108.76300139925374,132.48202104710822,116.33121530066676,100.44516928249327,89.20339464785448,128.0875189482276,129.66372726212688,108.32151498367539,113.26394152285448,135.87970790578356,90.90732859141791,100.71258453824626,116.53760494402985,119.59931786380598,150.83655667927732,102.11016208022389,113.357421875,93.88851883162314,91.48949830923506,119.39292065065297,116.0174469449627,91.16092875466418,132.4385202891791,98.09791132229478,114.5624854244403,83.15123600746269,93.81725163246269,97.97944117304104,86.62204116138058,68.65715368470148,110.6973968050373,101.4372886543843,115.09189890391791,77.19440881529852,74.46866983442165,108.0244140625,84.53215368470148,100.74312762360076,92.98148175139924,84.97826784048507,97.02982888292911,79.94791423740672,73.42372609608209,111.54890100279852,88.05941726912314,93.04904675839552,87.45225775419776,108.22525798740672,91.57279763292911,83.58254139458955,86.5128264925373,88.36484812266791,89.5615817397388,90.32886106576493,88.29450647154852,107.3089654267724,110.92600717117539,102.33784689832089,101.76308156483209,100.04063666044776,91.42656104244402,75.84588531949626,124.43715747434703,109.90882987406721,98.08217700559703,91.75605614505598,84.59601649953358,78.45963298740672,94.42441114738807,71.34957293610076,104.82294338852611,94.14026789878731,110.93433710354476,123.49680066464552,97.65272271455224,123.31539324860074,87.80396600979478,99.88144239738807,111.89690706623132,121.31343283582089,112.18659603328847,128.2263511543843,116.71068242770522,97.88688636893656
train_061,2,5948.519472947761,4614.135695685201,1541.5049430888091,1016.44238168446,835.2470675368806,691.5725454252157,539.8777357980387,519.4073796058767,521.6619843547023,501.28144677005594,454.905966904626,430.6537710268107,365.48321737104385,338.2128623199107,309.92973818796787,294.6556005415632,289.885553031715,329.62747112138953,290.82292881296644,225.8068659821553,212.3568169892724,198.28293347714552,157.20802939382952,175.44596111240668,130.29680212220148,148.80682982526608,137.60215281016792,128.5169732392724,123.21543406016791,113.90719741138058,143.16006879664178,132.5005320079291,141.26176976445896,108.29745073460822,109.26094624533583,114.4652953103407,91.33308069029852,110.25868703358209,101.04763292910448,79.7202294193097,77.13795038479478,95.23981897154852,92.34748134328358,72.5083590834888,76.96672399720148,76.77513555270522,65.38534135960822,82.82174090485076,97.51944379664178,76.22165782416045,73.7939453125,79.29725396455224,62.44209858908583,74.36315735774254,56.13541423740672,99.0058739505597,56.12153101679104,70.1833824043843,47.10206535680971,46.37551014458956,42.44378206623132,61.49341184701493,52.04911963619403,69.74837482509328,67.8472991487873,50.99862260960821,63.25843196128731,69.49384911380598,53.45317601445896,65.70465543376868,91.91617595615672,89.08677559468279,31.761106576492534,52.57668201958956,87.49668406016791,55.67726795708956,57.42562820662313,50.8662692397388,60.76963327891791,67.9315240205224,54.93775507229477,58.001319088152975,90.46306553171642,70.12599842583955,51.118018306902975,54.53329057835821,47.976708255597025,66.24795213386193,47.63610657649253,62.33658611240672,43.42578853777985,42.272555678638064,44.64195866371268,48.27288362873132,47.167779267723894,61.1194904384328,45.373141616138064,55.00439453125,38.29640129430971,31.018817047574625,49.02072644589552,41.4478923740672,62.55871764225747,48.23030841884328,78.09774370335822,58.98795329990672,44.47998775652985,64.86333226445896,32.99115992304104,43.509087861473894,60.52991633628732,48.93742712220148,46.72444175606344,48.98185342817164,60.10786642957089,52.37768919076493,50.849609375,25.469230993470145,30.26912313432836,47.575020405783576,44.380954116138064,28.95299381996268,46.7235162080224,33.675139925373145,41.16004693330224,61.75534194263059,28.04503119169776,57.75975104944029,63.27416627798508,44.40964610541044,59.37668347714552,74.17712220149254,57.713473647388064,60.164324860074615,61.868258803638064,65.5176947294776,45.03161438899253,53.890960237873145,48.57646338619403,60.412371735074615,80.69575705457089,39.52275244869403,42.002295650652975,66.24147329757463,37.7271892490672,60.4780856459888,43.1934759794776,56.32885377798508,32.74866633628731,66.17483383861942,72.75455486240672,42.39843021222015,58.44650769589552,55.83553667210821,53.55313520289179,61.57671117070896,48.720848880597025,67.97409923041045,40.26319088152985,69.36612348414178,59.50626020289179,42.84454436800373,39.62548828125,82.44319175606344,72.59258395522389,69.85018510960822,45.80907474347015,57.45524574393656,69.73356605643656,47.00673390858209,54.70544251399253,45.52678259095148,39.00537109375,58.29749446128732,71.53931028451493,53.35599347014924,35.50124621035448,45.70541336287313,63.49537225979477,41.276665986473894,68.14810226212687,28.468932194496265,40.2622653334888,61.822906949626855,48.63569846082089,50.80981080923508,61.60910535214552,68.36468050373132,60.11434526585821,103.75115875699626,51.182806669776106,63.39078533115672,40.07530462919776,63.4620525303172,40.58065385960821,66.9893161147388,49.82317659748132,50.392388642723894,35.1773043959888,56.49822906949627
train_062,3,9981.719768552639,4998.304529944463,1602.0335251084016,454.5347918610075,402.86702829688346,303.9639961559381,224.2066085587687,256.5110269749343,185.22159573702672,137.1615919426306,140.50929163729967,251.35570924673507,176.15771512576003,180.56701842350748,156.92944700326493,136.4739097481343,139.4023361802101,118.74688811800374,141.01187179337688,176.28264140193144,126.15960237873132,122.75266003964552,90.0076958955224,117.06609287546642,110.11800373134328,86.01580719449626,106.82675489738807,91.76808826958955,81.38436479710822,82.59683273087686,78.67991342117537,100.92268394356344,76.02544163945896,81.46396192863807,75.92733354710822,65.79535914179104,85.68446099580224,70.69706156716417,67.98705690298507,71.06728078358209,81.86750087453358,83.00870160914178,56.6407634678172,69.31151614972015,61.3055255946828,50.18043814132463,46.45695837220148,54.32874446128731,41.26741050606344,48.43115234375,71.45786205690297,78.60864622201494,76.14206069263058,66.3664222831157,46.51434235074627,55.240409281716424,54.838721431902975,68.09812266791045,41.065641033115696,53.3754299790112,66.75422691231344,49.43629751632463,36.59524399486941,44.426768744169756,52.25829349347015,40.800934293376855,39.62641382929104,22.016011252332092,41.45807340251868,49.18269735307836,38.1705267607276,60.73538800139925,36.34627157182836,49.01887534981344,51.26888263759328,39.51257142024253,71.10430270522389,70.01632098297576,61.597998775652975,28.8521090834888,42.07819059001868,30.244133337220145,57.70144152285448,40.92680882695896,52.8052923857276,49.67046117070896,35.53456593983209,36.465667269123145,27.11948315065297,35.9908611240672,41.23779296875,26.868659631529855,43.81081652285448,32.81993353544776,36.19633278917911,30.4644137709888,31.669477320429106,38.88319875233209,38.4093181553172,16.61636398087685,19.537393598414173,27.779398903917908,34.45352582789179,49.31782736707089,34.661774137126855,32.99671321128731,22.809205923507466,35.800198227611936,38.35841301305971,41.27388934235076,25.482188666044774,32.18130538712687,44.34763438666044,29.91556378264924,45.6739447294776,16.441435401119413,40.83888176305971,61.22315181902985,54.09920854710821,14.637542269123147,35.16064453125,4.675868703358214,23.256245627332092,27.116706506529855,37.41990729944029,12.652241721082094,23.4404296875,31.65837074393656,25.884802063899254,26.718720848880587,47.566690473414184,70.65726300139924,25.48774195429104,22.42788013059703,31.697243761660438,31.290928171641788,21.01919601212685,14.062776935634291,33.01614972014925,26.802945720615696,9.762680736940293,21.70687820662315,51.99543784981344,51.286468050373145,18.61369665345148,31.3492376982276,28.07835092117539,39.92073810634328,16.768153859608212,25.2628337803172,26.056953999533572,14.199758045708961,13.683302238805974,27.10652547807836,24.779697702891788,19.529989214085827,38.93225279850747,54.2769137709888,30.280229710820894,23.23866021455224,51.54562150186571,30.32373046875,18.777518656716428,49.75838823460821,44.191216767723894,56.035455048973894,15.441843516791039,9.37857829990672,38.84432573460821,30.0590237290112,21.30611590485076,37.46433360541044,25.477560925839562,37.204254605876855,21.49677880130597,8.494679920708961,20.677668784981318,29.716570953824625,15.866670067630587,31.39273845615672,8.105024195429106,45.75539295708956,36.30739855410448,10.98347860307836,34.65807194496268,35.7566974696828,22.80735482742539,24.552012884794774,17.47157037080224,45.49161176539179,18.9922458022388,46.70037750699627,15.887032124533572,34.07960441930971,62.16073198460821,29.923893715018682,12.885479827425373,53.32174819263059,33.31417618936571,6.244672632929107
train_063,2,6439.101342130063,2662.1102994200005,1718.508548565765,1323.675368102629,1301.3488289295738,1104.7405146502738,1118.5007130743854,1007.9329611232031,860.0572174876484,820.9111630916595,704.1041631093665,650.1447728747753,567.0656993353546,545.9844916044775,511.94005801072757,468.3912018626483,429.9032121238424,400.53211282260384,431.13230964319024,355.47338502798505,340.6204625777345,323.94924902915955,349.5360246238424,351.1667797138442,271.9445254197761,367.10659835587694,281.3591773839139,297.84670851212826,317.8222951026105,227.33866312966416,241.83365586088667,266.66982713386193,256.19262330923505,223.09872755363807,196.65953735273277,191.89665199393656,190.44631064382952,195.9699889225746,225.4707709266179,196.56880336555082,191.3672233748792,176.32707527769142,206.88496183103592,185.56035767473392,190.73414851480453,153.61783611240668,172.67301918143656,176.27340106110077,170.90337132695896,167.7657634678172,186.21748921408584,187.69557429605453,161.11847743703356,156.52867713170264,188.67020666243425,134.72554949860077,108.20489593050374,120.6683258512127,134.29609520755596,138.885887943097,106.42136485541045,100.21649078824626,145.43321478544775,143.08787604944027,151.78987873134332,101.60758949393656,124.26778218283583,130.85213094682834,127.3285695545709,131.90818126166045,118.3970309584888,118.71079174440297,97.79062937266791,115.50839552238807,134.88289266557834,113.6841403334888,126.69179250233209,128.55954844916045,87.11258162313429,158.830515109781,124.41586986940297,103.38741837686571,97.88873746501868,107.7208343050373,103.88536322294776,100.96988689365672,122.24453416511193,76.22165782416045,105.17372609608209,78.3541205107276,106.43154588386193,86.67942513992537,91.0618951142724,91.28957993236942,87.90299965018656,115.55374737639926,119.98804804104478,109.9754693330224,103.02552909281721,92.15774399486942,104.09546262826493,111.80620335820896,127.11661905317163,95.7294338852612,106.95910826725746,104.99787196828358,96.17925023320896,101.3271484375,89.87904471781721,162.40783398631794,116.5959144706157,103.24766062266791,113.04921437733209,89.78834100979478,107.01464114972015,79.68320749766791,96.9594872318097,94.71780987639924,97.79618266091417,122.68231838852611,96.70033378031721,91.45432748367537,93.86352903451493,85.14671758395522,86.98855818563429,79.55640741604478,75.96990875699626,77.57943680037314,108.46682602611942,77.36933739505598,84.15915782416045,91.91062266791045,87.80581710587686,94.99454874067165,89.58842263292911,100.24240613339552,69.75855585354478,84.21561625466417,112.1958590834888,80.99841126399254,84.34796962453358,65.14284777285448,87.75028422341418,83.28173828125,100.96711024953358,103.88536322294776,92.90558681203358,79.49717234141791,91.35899603544776,71.09319612873132,64.87351329291045,73.46445020988807,102.06573577425374,76.37807544309703,82.32194496268656,82.05168493470148,87.53278043376868,101.74549615205224,115.43527722714552,80.05805445429104,88.87760173740672,99.19468575093279,80.22372755363807,109.55527052238807,74.78243062033583,83.79819408815297,92.68345528218279,71.39585033815297,102.95055970149254,90.65743062033582,79.13620860541045,80.5245306669776,109.25724405317165,78.05424294542911,97.26399253731344,78.63456156716417,106.12611503031721,90.85087016091417,92.85190502565297,81.6759124300373,89.70781833022389,97.39819700326494,91.3266018540112,86.04727582789178,96.01357713386193,117.69361444729478,87.3125,102.0259372084888,92.60478369869402,100.13874475279852,76.89730789412314,88.71100309001868,79.0936333955224,85.00048099347015,84.86442543143656,97.98314336520524,82.88190152751868,93.22119869402985,107.32099755130598,81.11503031716417
train_064,2,6082.051610498285,4201.568095421613,1679.3106029211585,828.7496294512678,611.5105162663248,535.1824204174441,443.9604054920709,318.2894962639062,300.57080078125,253.35766965951493,244.1216068334544,233.21575693408056,275.86331096513953,248.23119531638588,192.5695254197761,188.54248103277004,203.30958488805973,203.6890444453083,179.6544280550373,165.0131760239601,170.9996283232276,142.75467875466416,160.16422983692655,155.66793259311078,128.28003294076493,130.69571332789178,117.08738048041045,143.68207789179104,166.46816025385218,104.92197702891791,137.7344986102474,121.19119236629399,145.13889050839552,132.69304600046644,113.34816639458955,111.66366895988807,208.63428547755993,104.74519735307835,82.3450836637127,94.40590018656721,101.73068738339552,81.24460704291045,98.35706477378731,94.1337890625,56.159478486473894,77.57666015625,69.08938461986942,55.6532037080224,118.26560313666045,70.88217117537314,111.78769996717796,73.43946041277985,61.6109564482276,72.36397358908583,66.12670534048506,66.97265625,68.80339027518656,83.71396921641791,94.47994402985074,102.18883366371269,75.31369519589552,85.82329320195896,63.352837861473894,41.89308098180971,60.32999795942164,63.19734579057836,74.95458255597015,52.02598093516791,61.620211928638064,48.30620335820896,45.79519152285448,51.50212074393656,63.92112435867537,40.90181902985076,83.91111094916045,71.23110278684703,54.25932835820896,46.69112202658583,67.66959392490672,54.66379285214552,56.12153101679104,73.04147475513058,55.27095236707089,64.09975513059703,54.9590426772388,64.85222568796642,65.63616487873132,58.26510027985075,61.77107625932836,68.66178142490672,73.84114826259328,54.29172253964552,49.60011951958956,42.94172691231344,66.1378119169776,61.54339144123132,45.3065021571828,45.61100746268656,63.28434730643656,58.3197076142724,43.0740802821828,50.07122347248132,54.42870364972015,49.36225367304104,45.89422516324627,52.44617974580224,88.0733004897388,43.54148204291044,54.03071799207089,85.65114126632463,53.21253352378731,30.16823839785448,35.48643744169776,51.39660826725747,52.60167181669776,73.34968225279852,59.883883803638064,63.00668289412313,27.756260202891788,35.36426510027985,33.95650652985076,63.50462774020523,50.23597102378731,62.25513788479477,62.18479623367537,60.94826405083956,26.02270872201492,63.830420650652975,68.15643219449626,42.92321595149253,49.70192980410448,51.09117741371268,49.217868178638064,60.02641820195896,49.57883191464552,59.03330515391791,49.446478544776106,51.18650886194029,51.61596315298508,50.65524428638059,58.93704815764925,39.06553171641791,27.0130451259328,38.27048594916044,35.63915286847015,35.024588969216424,34.91629984841417,36.873833955223894,36.96176101912313,42.67146688432836,21.3153713852612,47.88322790345148,58.53813695195896,59.84501078591417,24.54090630830224,35.08012185167911,36.25927005597015,55.7031833022388,42.31698198460821,54.96829815764924,76.14483733675374,35.20969857742537,34.87650128264925,23.701434235074625,48.047049906716424,51.58264342350747,50.68578737173508,47.873046875,60.87051801539179,26.607655083955226,57.23496531016791,76.77143336054104,36.42216651119403,31.236320837220145,36.855322994402975,43.31935051305971,41.53396834188429,58.527030375466424,76.04487814832089,51.77145522388059,25.637680736940293,37.86139371501868,63.01223618236941,44.20787663246268,50.739469158115696,17.328110424440293,48.789339435634304,36.1074801772388,63.57589493936571,63.67585412779852,39.699532124533576,76.9833838619403,52.07503498134328,51.38550169076492,52.89321944962687,44.85946245335821,30.581032824160438,40.11602874300373,41.40901935634328,37.30143715018656
train_065,3,10159.216242484194,4243.932990560781,1213.968194154661,606.4977783551856,444.9597248639633,329.9162269706157,304.30353603078356,227.32106257730453,221.4310300247883,204.79785856826985,189.92986619161138,187.40032447096127,169.17999708963862,170.5257477262127,173.14691491803126,120.94136252332089,123.28022242304104,102.7469391324627,107.77081389925374,141.283057369403,115.16594274720148,123.61156862173507,126.5946099580224,110.08468400186571,97.79155492070896,107.13126020289178,118.35723239272389,97.50833722014926,92.05315706623132,95.3471825443097,108.44091068097015,81.6860934584888,80.82255713619402,86.10280871035448,82.72178171641791,73.0636879081157,86.56002944263058,73.73748688199626,79.75169805270522,75.65707351912314,69.42720965485076,64.70136135727611,85.95101883162314,69.55678638059703,50.85793930736941,42.41971781716417,54.14456040111941,63.99239155783583,59.63398583255597,36.63504256063429,75.69872318097015,17.902875757929106,60.72243032882463,47.38065531716417,70.1639458955224,68.7996880830224,49.303018598414184,71.64204611707089,66.12022650419776,53.78174556902985,47.87397242304104,71.55689569729478,43.86449830923508,93.68489826259328,51.20872201492537,41.14986590485076,52.05930066464552,53.63088123833956,49.609375,55.75964173274253,119.9158401542635,69.94551655783582,60.82516616138059,55.54769123134328,38.78971840018656,47.264961812033576,68.24343371035448,46.62540811567164,17.13652197994403,41.845878031716424,67.57796466884328,20.16121297807836,40.24467992070896,42.54281570662313,42.01802996735075,28.55778480643656,26.88717059235076,46.91047691231344,50.91069554570896,46.03398291744403,27.485074626865696,32.95413800139924,37.77994548740672,37.23849988339552,25.77095965485076,29.213072819496265,20.65730672807836,35.03476999766791,21.02660039645524,50.76075676305971,71.11633482975746,46.39772329757463,48.056305387126855,11.453657007929106,33.74270493236941,33.28178200792911,21.27001953125,30.54956419076492,37.04320924673508,39.15160768423508,35.46792648087687,33.215142548973894,43.71085733442164,23.359907007929106,31.182639050839562,43.77472014925373,33.80379110307836,41.21095207555971,22.878622026585827,33.84914295708956,23.639422516324625,31.5806247084888,27.584108267257466,30.0590237290112,48.85412779850747,47.1002142607276,44.361517607276106,42.0106255830224,31.250204057835827,31.07527547807836,50.92087657416044,43.10554891557836,30.904974638526106,25.884802063899254,50.082330048973894,19.59847976912315,38.35285972481344,68.8616998017724,53.193097014925385,37.52449422807836,30.33853923740672,49.44462744869403,38.63237523320896,32.74126195195896,40.04383599580224,55.90958051539179,38.82859141791044,37.69664616371269,22.09838502798508,20.661008920242534,17.359579057835827,49.36040257695896,35.03662109375,41.27481489039179,40.7583590834888,44.24489855410448,51.08654967350747,30.38481663945896,50.85608821128731,38.17330340485076,29.117741371268682,58.17347102378732,59.66082672574627,24.436319379664173,43.43967175839552,55.213568388526106,35.5493747084888,52.751610599347025,68.37948927238807,31.71853136660448,31.076201026119413,40.09936887826493,64.1987887709888,73.83004168610074,69.16435401119402,51.04027227145523,47.4149005946828,27.48137243470148,43.15552850979477,51.891776469216424,51.79737056902985,38.98408348880597,45.11491371268656,48.04334771455224,39.57921087919776,39.14235220382463,34.16938257929104,35.76965514225747,23.675518889925375,24.289157241138067,56.8267986240672,37.807711928638064,42.68535010494403,41.338677705223894,32.89397737873132,54.07421875,42.82418231110076,44.56051043610076,46.984520755597025,34.5118353544776
train_066,2,7251.486402086359,3128.599469779143,776.7329039965103,619.5676844760553,473.71215105635014,354.6959334296077,295.69408815298505,321.9102364155783,242.44916044776122,172.20746851679104,201.38708156569683,214.81137039412312,146.93260261194027,167.9980760261194,136.43688782649252,109.84589260727611,101.2827259164248,97.0835106693097,91.48579611707089,116.32102670242537,102.60903247434703,121.98167852145524,86.38047312266791,59.29801189365672,80.77813083022389,74.61027868470148,74.58436333955224,78.42075996968279,97.97111124067165,110.38548711520524,89.65135989972015,121.17460062966418,106.39637505830224,98.1478909165112,74.70283348880598,76.90841447061571,86.34067455690297,78.82152227145524,88.19177063899254,87.61330311333955,67.0902008512127,83.03739359841417,101.54372667910448,96.94930620335822,68.38134036847015,63.41299848414179,98.92257462686571,91.09336374766791,82.34693475979478,52.64702367070896,67.5474215834888,84.28318126166045,40.66395318330224,53.78544776119403,46.82995423274253,69.32447382229478,54.7730075209888,52.15278101679104,76.85750932835822,76.14020959654852,52.93579465951492,71.61150303171642,57.83564598880597,68.3720848880597,47.7869709071828,76.1670504897388,58.825982392723894,35.15046350279852,48.81340368470148,37.87064919542911,35.264305911847025,35.458671000466424,41.37569962686571,54.713772446361936,60.55860832555971,49.02627973414179,60.71132375233209,48.53944146455224,28.23014079990672,37.1783392607276,64.58011456389924,42.91858821128732,53.84375728777985,67.96484375,46.02842962919776,53.02649836753731,62.217190415111936,63.052960296175385,62.054293959888064,42.73903189132463,26.1930095615672,41.671875,47.68423507462687,90.64910068796642,79.61286584654852,110.34476300139924,83.97312266791045,44.03387360074627,22.049330981809707,33.16886514692164,59.5599419892724,28.467081098414173,39.710638701026106,43.978340718283576,46.69297312266791,35.27171029617537,56.100243411847025,44.55125495569029,19.466126399253735,43.82099755130597,34.3258001982276,40.87497813666044,29.25564802938429,57.18961345615672,34.75340339319029,41.73481226679104,39.98737756529852,41.98933797807836,26.86403189132461,37.68831623134328,43.3174994169776,42.09485045475747,27.489702367070894,33.07445924673508,37.50875991138059,57.00265275186571,50.53769968516791,60.3707220732276,30.88924032182836,37.8558404267724,24.4566814365672,19.212526236007466,43.490576900652975,45.25744811100747,36.39254897388059,26.988055328824625,51.95749038013059,34.78024428638059,42.71126545009328,31.675030608675375,38.20477203824627,40.44644939365672,34.46093021222015,38.19829320195896,23.992981868003735,32.76347510494403,27.39899865904852,33.62330923507463,20.622135902518682,39.69305328824627,27.407328591417908,44.22083430503731,45.77297836986941,61.62113747667911,28.428208080690293,39.425569904384304,57.68107946595148,42.2679279384328,39.44963415345148,47.8897067397388,33.031884036847025,26.99545971315297,34.94961957789179,50.89311013292911,32.98005334654852,22.724055503731318,55.19783407182836,49.15770755597015,56.99895055970148,35.141208022388064,30.60139488106344,42.56780550373132,35.822411380597025,43.71270843050373,32.22388059701493,48.16829670009328,23.390450093283572,44.57902139692164,53.590157124533576,48.72269997667911,31.131733908582092,24.048514750466428,48.072039703824615,54.01498367537313,37.84195720615672,21.65782416044776,36.61838269589552,20.23155462919776,31.68798828125,20.723020638992534,33.60109608208956,24.34098793143656,55.27743120335821,32.79401819029852,38.05760989972015,43.25641324626868,28.542976037779855,25.428506879664173,60.3540622084888,29.43520434934703
train_067,3,9144.251643090107,4373.707440122739,1578.1417761872067,1053.7745057460088,747.2884138875933,621.7181130985716,437.96405224657775,406.98016379128643,404.81253027915955,296.204049984021,232.21813726247248,252.79030871035448,185.48723937949137,182.1302009367231,187.91785722170303,156.31951084421644,187.84460267024252,124.07805240421153,152.64786176539178,123.49494956856344,83.73618236940297,98.05070837220148,108.62416919309703,113.23062179337686,135.53077629430973,85.58357625932835,102.32211258162314,89.85775711287314,65.84071099580224,71.53375699626868,91.05541627798506,66.46638147154852,58.69733121501868,46.75776148554104,42.62426393423508,32.7088677705224,52.71551422574627,54.41482042910448,58.28268569263059,67.47337774020524,52.511893656716424,31.0299236240672,56.33255597014924,64.24969391324626,23.9652154267724,30.233952308768682,36.175970732276106,47.63518102845148,35.679876982276106,48.320086578824615,49.50756471548508,26.3262884794776,27.55541627798508,25.353537488339562,48.513526119402975,35.45496880830224,28.72530900186571,41.14153597248132,27.831229594216428,25.44516674440297,31.187266791044774,25.06846869169776,33.95465543376868,41.9032620102612,41.41364709654852,24.73804804104476,27.352721256996265,15.71858238106344,22.58799994169776,1.5336331040112003,26.94918231110076,19.5790432602612,23.70235978311571,32.76810284514925,21.429213794309707,4.964639692164173,17.061552588619413,23.258096723414187,12.644837336753733,14.546838561100762,29.73600746268656,15.124380538712694,3.7336607975746268,25.240620627332092,16.847750991138067,34.5738470732276,4.3491502448694135,28.684584888059707,26.780732567630587,43.54703533115672,7.2757331506529725,30.838335179570894,10.792815706623147,13.98225425606344,16.761675023320894,33.85099405317164,15.598261135727599,19.200494111473894,30.52457439365672,34.63770988805971,37.690167327425385,17.47990030317164,37.17186042444029,19.13940794076492,23.19145726445896,16.670045767257466,17.94267432369403,20.39445108442164,30.312623892257466,18.853413596082092,0.6321493120335728,20.878512709888067,29.615686217350746,19.397635844216428,18.44894910214552,24.994424848414173,30.481999183768682,39.13494781949627,7.99858617070896,2.6942703474813188,-5.6837905200559735,24.24658203125,28.97520697294776,20.99605731110076,19.91964493936571,29.338021805037307,42.723297574626855,31.79627740205224,30.904049090485067,44.820589435634304,14.393197586287306,15.48719537080224,15.779668551772401,13.547246676772401,18.13981605643656,7.37939453125,34.99589697994403,29.73508191464552,23.226628090018682,22.581521105410438,6.479761835354481,30.8984958022388,10.379095732276106,20.839639692164187,3.2033217700559735,26.1448810634328,-4.180700501399239,9.203649720149253,10.419819846082094,14.45613485307836,18.504481984608212,30.949400944496265,15.201201026119413,23.52372901119403,10.63362144356344,3.943760202891786,5.028502506996267,49.40575443097015,14.723618236940293,24.10497318097016,47.73606576492537,12.206127565298521,-0.957016674440293,10.614184934701479,6.577869927705227,3.4671029617537332,7.051750524720147,16.75334509095148,6.341855177238799,18.36564977845148,30.86702716884328,16.39238135494403,26.23095703125,36.82848210121269,15.391863922574627,12.711476795708961,8.18508410097948,4.32508599580224,26.674294542910438,25.12862931436571,30.22099463619403,45.11491371268656,-9.34803521455224,19.590149836753735,12.48008978544776,34.57014488106344,10.49756588152984,39.241385844216424,28.288450326492534,14.8828125,21.853114797108212,2.2768481809701466,24.2012301772388,20.072360366138067,43.74973035214552,11.387017548973894,12.088120190065293,5.958678288246267,1.1495306669775993,9.005582439365694
train_068,3,11361.902240682004,5059.077986532183,1001.4383223910829,564.618822827268,466.1245347101298,358.9284293709406,289.75947411380594,262.35675812301355,222.00010202891792,213.4831938156441,177.77649107975748,168.0767551793981,163.1398819284653,206.3370525303172,172.36297572726633,193.74868876364698,164.58094130389725,119.87605672807835,136.8885552705224,127.6302982159515,148.0756468728407,124.57969187266791,113.10382171175374,106.47874883395522,78.01907211986942,88.8359520755597,99.65283203125,125.46914354011193,95.43696070429104,90.3242333255597,81.39917356576493,74.5649268306903,91.12946012126868,101.53447119869402,71.51894822761193,111.20459713152985,125.51171875,92.48168580923507,75.99397300606344,91.36084713152985,74.20766528684703,61.21852407882463,63.05943913246268,52.13612115205224,81.1872230643657,76.96209625699626,60.49104331856344,73.75414674673507,19.762301772388067,59.59788945895523,71.18760202891791,69.19026935634328,53.123680911847025,50.03420155083956,71.7808783232276,44.24119636194029,36.94602670242537,73.73471023787313,65.02807981576494,73.92722423041045,49.2039849580224,59.984768540111936,50.03697819496268,59.6793376865672,62.859520755597025,19.595703125,63.17976037779852,49.14474988339552,60.872369111473894,47.893408931902975,52.52207468516791,48.76342409048508,39.32283407182836,23.899501515858212,49.93424236240672,60.26706069263059,54.44443796641791,42.36140829057836,46.2227947178172,56.4760159165112,44.33190006996268,59.79040345149253,32.32569088152985,47.90914324860075,40.69727291277985,46.53840659981344,57.60703562266791,57.14796379430971,34.81541511194029,52.80344128964552,42.403057952425385,49.132717758861936,64.9429293959888,53.12275536380597,48.23586170708956,44.04683127332089,64.78836287313429,60.30038042210821,63.60273583255597,65.67133570429104,34.652518656716424,58.62698956389924,43.51926888992537,42.81029909048507,42.62426393423508,33.590915053638064,49.2039849580224,48.85597889458956,52.6858966884328,50.775565531716424,45.48976066930971,64.99105789412314,80.68279938199626,55.44773204291044,70.12784952192165,31.751851096082092,51.75757200326493,54.07051655783583,53.65587103544776,54.54069496268656,47.91932427705224,53.1727349580224,60.23836870335821,68.6636325209888,53.48371909981344,43.96723414179104,40.558440706623145,50.2748440415112,85.61319379664178,60.67430183069029,47.25107859141791,60.608587919776106,48.99758774486941,66.74312033582089,68.44520318330224,43.64884561567164,57.42192601445896,57.43580923507463,45.20376632462687,49.31412517490672,63.41022184001868,64.58566785214552,69.03292618936571,52.101875874533576,61.26295038479477,60.34850892024253,77.32305999300374,55.852196536847025,42.2466403334888,68.24898699860076,54.86186013292911,40.691719624533576,55.13582235307836,60.30500816231344,42.53911351445896,39.7161919892724,44.58179804104477,51.06988980876868,57.7616021455224,55.74760960820896,41.99026352611941,50.702447236473894,58.52055153917911,46.27092321595148,40.055868120335816,53.19032037080224,43.84783844449627,51.79274282882463,61.33791977611941,55.67541686100747,46.07007929104477,39.878162896455244,37.72163596082089,48.195137593283576,66.08505567863807,67.47245219216417,67.61035885027984,38.12147271455224,38.37692397388059,52.7266208022388,32.34420184235076,79.33890362639926,55.46531745569029,52.55631996268656,41.09896076259328,67.09482859141791,84.83573344216418,64.36723851445896,63.946114155783576,50.5154865321828,58.456688724347025,71.40695691464552,56.44084509095148,69.54567980410448,59.80613776819029,53.73824481110076,64.87536438899254,50.72928812966417,49.968487639925385,83.93424965018656
train_069,2,6288.874411248448,4404.048389264897,2542.407350454757,2326.8953401935632,1913.911532319304,1582.863057302895,1742.110949160448,1341.072788653089,1237.1173865706173,1172.4666729827425,1053.3662709317991,866.8710416075008,677.4114181639543,581.2173288829291,618.4539625306627,589.2214986210438,557.9009226329291,598.1317193330225,531.9716942630597,461.58164213308646,403.1517943019298,355.9861386427239,361.98711962842225,327.4811100746269,335.63981605643664,305.09395405783584,298.90202252366646,298.84280258861946,279.09992218551355,299.6332206156717,351.8970371182285,278.07257899953356,291.0534205543462,241.36165663911333,282.24862905135797,267.86563520289184,255.01810284514923,258.5314832089552,234.90765875311038,293.07869377331946,351.9454684079583,367.718415890167,336.5125775799823,313.44702512826495,290.7850116224431,275.434767082556,226.12619519589552,228.82789263707488,239.0051810474538,186.24340455923507,195.6238339552239,212.68075880363807,198.0173011893657,170.54148204291045,252.27197909799975,166.85872638759332,157.51162429087196,139.38752741155344,148.32833662762573,172.10843487639923,143.9578912080224,140.87938216728952,150.69125320662312,135.04393045493026,156.11866691930973,137.14500020600076,122.76098997201494,128.21894677005596,108.97865409281721,113.59991546175374,116.89023874766791,128.86220265858208,114.54767665578358,116.08408640391791,126.72788887593279,97.31397213152985,125.77364884561571,119.13932048740672,117.36782153684703,125.20443680037313,108.1317776352612,108.18916161380598,113.17231226679104,116.87080223880598,89.52270872201493,98.15066756063429,109.91530871035448,103.07365759095148,128.64747551305973,107.06462074393656,105.44306057602611,111.85988514458955,107.14514342350746,103.8557456856343,107.38023262593279,89.88737465018656,105.37734666511193,118.33594478777985,127.77560925839552,133.22245947994404,130.9937473668981,105.28571740904852,106.45098239272389,131.51204670009332,114.86513963386193,101.53632229477611,97.1557034165112,107.59866196361942,108.31411059934703,78.93999242070896,78.33005626166045,107.4996283232276,110.1328125,99.2252288362873,121.78916452891791,96.26532620102611,91.36732596781721,101.81583780317165,118.82278305736942,107.25991138059703,76.11151760727611,67.7926918143657,81.1446478544776,124.59357509328358,102.55442513992537,85.23371909981344,114.01456098414178,99.1280462919776,115.18167706389926,100.68666919309703,95.83957410214552,93.05645114272389,81.51949481110074,88.15289762126868,100.06840310167911,100.29886456389924,91.47654063666045,111.97187645755598,78.03573198460822,83.61030783582089,70.20929774953358,120.31106430736942,170.03890945662312,97.23159835587687,87.11443271921642,104.83960325326493,78.07738164645524,93.21749650186571,95.16762622434703,79.59250378964552,77.85617566464552,68.67103690531721,77.13980148087687,75.54600775419776,109.4238427005597,83.31320691464552,60.03752477845148,101.25680678638058,68.73489972014924,87.3125,86.58964697994402,69.46238048041045,95.21205253031721,105.30052617770524,94.26706798041045,97.67956360774254,89.8068519706157,95.50174906716417,80.13765158582089,90.56117362406721,76.97135173740672,96.61703445662313,103.05977437033583,60.54194846082089,74.41313695195896,87.03668668376868,67.14388263759328,79.24727437033583,52.97281658115672,97.50556057602611,72.83970528218279,88.61382054570896,77.0018948227612,79.51845994636193,93.16751690764924,78.8622463852612,68.23325268190297,82.32934934701494,86.04635027985074,61.83679017024253,47.86008920242537,64.12567047574626,64.69395697294776,105.71609724813429,98.8133599580224,91.23034485774254,90.05952658582089,114.80127681902984,89.64117887126868,105.74571478544776
train_070,2,8827.389557644505,3769.929327969231,1421.5723143833789,776.1460459801688,499.75987606973786,438.4635453971464,310.5778262010261,294.40665082789184,222.35458692863807,257.91599376166045,268.47663316619924,242.15205952658584,233.11579774564774,179.24070051090038,184.6912529246131,142.16325355643656,181.87760201941677,183.40104652518656,137.9075836637127,144.7270216301306,144.5807926094354,129.0806319962687,163.12690911631088,183.38531220848878,149.03174556902985,134.65891003964552,173.7707115883258,138.2472597947761,141.41170854710822,129.10747288945896,173.7901556669776,147.65730672807834,115.1104098647388,127.5849463619403,114.73463736007463,183.48712249300374,135.60382646144328,120.32864972014926,126.74917648087687,153.1050976372477,110.89083634561571,138.2111634211754,126.83340135261193,127.72285302005598,109.92086199860076,130.79103720632952,90.23075297341418,87.61793085354478,82.85968837453358,90.27610482742537,98.12290111940297,79.35186129897389,71.16631442397389,130.70311771222015,122.59346577658583,108.87221606809703,123.92995714785448,122.70175489738807,96.3495510727612,137.2754343516791,176.1234471388717,148.42458605410448,183.39628252876335,179.85621266756485,175.96517842385302,203.28091560815696,189.9067085661105,170.44894237838574,185.702680118938,262.43546755545174,197.3592365321828,157.6245108727199,199.8970892607276,250.91607392723884,197.2111488456157,204.54243758810097,170.37118120335822,195.2804404924165,169.64367773372734,132.04702860739698,168.99675750198645,140.7749390646593,112.99923478311571,119.89179104477611,143.56730993470148,156.3917187309977,127.40261339785448,174.3269583912038,150.30066436351237,136.4951935681834,115.62594012360076,117.74729623367539,127.16844974347013,130.35788829291045,119.80293843283583,145.49615205223878,131.0242828824627,83.25397184001868,93.64047195662314,113.81001486707089,92.63440123600746,100.1202337919776,87.79100833722015,134.22668667426748,98.54587657416045,132.5125641324627,128.0005174323694,106.85267024253731,121.61516149720148,91.56539324860076,93.46924556902984,83.05683010727611,91.23312150186571,65.86755188899254,90.41123484141791,90.54821595149254,129.02509911380596,77.48317980410448,107.09701492537314,143.3849769706157,95.93120335820896,109.10637972248132,118.98660506063429,125.86157590951494,141.1451507112873,96.6429498017724,141.7106605643657,86.65536089085822,112.20048682369402,80.95305940998132,82.38210558535448,88.78689802938429,103.99920563199626,86.48320895522389,89.09603107509328,114.60783727845148,81.80548915578358,79.93032882462686,98.23952017257463,94.00236124067165,90.1196872084888,74.54641586986942,128.49013234608208,59.39611998600747,60.40774399486941,87.20050868703358,94.59193534281721,79.86924265391791,67.44746239505598,81.01136893656721,80.2144720732276,79.0482815415112,74.17989884561571,82.82359200093279,75.57655083955224,56.790702250466424,51.23741400419776,62.79565794076492,73.70972044076494,58.95833576259328,55.7864826259328,75.7431494869403,60.91679541744403,44.00055387126868,70.15746705923507,44.109768540111936,37.26996851679104,32.14891120569029,60.47160680970148,42.6927544892724,83.17900244869402,43.0074408232276,63.086280025652975,91.06744840251868,54.95348938899253,81.71941318796642,36.08341592817164,36.68131996268656,64.40796262826494,64.60325326492537,65.09471927472016,37.087635552705244,62.41525769589552,52.28143219449627,36.971016499533576,36.93121793376868,41.16467467350747,49.38909456623132,48.41819467117537,50.04253148320896,40.71023058535448,41.652438491138064,34.14069059001868,60.32629576725747,73.40891732742537,42.712190998134304,30.651374475279855,33.80564219916044,60.599332439365696,65.6417181669776
train_071,4,7469.206071519139,2501.2556334538244,1590.914361862994,1136.112071478545,1162.3819318066783,1374.4178107194045,902.3000875008639,1160.4521338619402,859.2177151352612,815.1433899331449,757.2750772504663,697.8289473910829,602.1097248134329,608.5941143889925,487.59471485152176,493.7299003031717,398.75663916744406,409.1412579088069,297.4878305356894,312.82228020055976,306.03799792012165,334.2440669011714,223.51244752798507,262.74920563199623,221.82611413678126,185.73066608407603,199.3399093400187,145.90154209421644,143.79314365671644,177.8264706739739,233.37800035369926,215.76111894045303,202.65878835898727,161.55619353233877,158.81940853328845,159.05920117381794,189.94360937111412,184.20997551305973,180.9040541666657,176.59456623134332,164.8613937150187,171.8131699117262,160.6085080362078,164.03673041044775,125.91433214785448,119.10692630597015,112.43927821828358,207.41992859875978,109.884765625,95.54062208488807,102.42947615438429,108.52421000466417,106.32973559934703,57.08687762360076,79.78316668610076,146.60124884345637,117.20399953358209,94.07918172807835,72.4852203824627,85.85568738339552,81.5102393306903,84.72003993703358,89.45144152285448,78.58828416511193,97.74897971082089,73.10348647388058,72.59628614738807,69.15139633861942,94.85571653451493,64.92256733908583,83.6371487290112,104.46753294076494,83.11328853777985,144.1818814037451,107.54683127332089,119.949167453531,102.40078416511193,95.41197090718279,90.91380742770524,84.72003993703358,93.83483704524254,111.51280462919776,118.89127361240672,91.80881238339552,81.75088182136193,108.94440881529852,87.81137039412314,95.04175169076493,89.30335383628731,120.73496531016791,99.53528743003731,112.5346096665112,83.20121560167911,105.58837161847015,105.28016412080224,104.97195662313429,111.80065006996269,86.07134007695896,70.90068213619402,92.52518656716417,64.34687645755598,77.26289937033582,106.65460296175374,66.14706739738807,71.59206652285448,81.9794921875,79.4823635727612,85.40772213152985,101.42340543376868,78.98164208255598,98.05996385261193,68.02778101679104,95.76182806669776,93.72747347248132,69.00423420009328,85.30683739505598,119.01622259794776,95.50545125932835,83.11051189365672,83.77598093516791,89.09788217117537,109.16283815298506,71.06172749533583,83.08274545242539,80.91973968050374,107.95499795942165,82.61441814365672,90.26870044309703,65.84811538013058,64.2172997318097,70.39348180970148,83.14938491138058,71.24313491138058,74.11418493470148,61.57948781483209,46.19225163246269,113.65174615205224,60.10046204524253,62.79936013292911,78.63826375932835,55.63746939132463,88.54440444263058,90.41678812966418,92.20679804104478,84.09807165345148,89.30613048041045,75.81904442630598,71.72164324860076,75.41457993236942,56.05026381763059,74.92126282649254,59.41833313899253,78.86039528917911,69.87424935867537,78.57902868470148,93.68027052238807,78.90667269123132,74.44182894123132,106.73420009328358,112.6466009794776,108.07717030083955,82.46725600513058,69.34113368703358,95.20927588619402,66.57467059235076,67.66311508861942,71.60317309934703,84.60527197994402,58.84726999766791,50.29335500233209,93.8376136893657,58.2743557602612,81.89989505597016,61.91361065764924,105.27090864039178,78.48369723647389,63.94241196361941,89.92069437966418,80.09692747201494,75.18967175839552,76.21795563199626,78.28192776352611,78.70212657416045,69.64101125233209,75.9810153334888,77.38507171175374,87.41153364039178,70.91641645289178,61.6155841884328,69.5604885727612,95.88122376399254,118.26097539645522,115.40287547591907,109.54046175373132,97.57497667910448,76.15131617304104,101.74642170009328,66.46545592350746,82.69216417910448,106.20663770988807
train_072,4,8760.204799497305,3603.755570401896,2385.2450892533834,2222.3279767507934,2506.720561124496,2519.9776484904005,2538.407623857704,2758.5579888642724,2028.2310548300172,1406.0259899150078,1030.0424602974706,603.6785287430038,543.3226154384328,548.2530098530783,427.63188695195896,398.42248604546734,425.6632765478162,369.90823227611946,305.3318199043843,308.07514429804104,290.95805882695896,310.5083873885781,270.6172895289179,254.0398137053447,272.3193572368194,209.82187716106873,220.7385800489739,186.58308069029852,249.13252771256575,208.94802355410448,179.27666819807308,292.59165111940297,546.9739024603546,461.3894309321446,561.5550165781335,316.9798420009329,238.12222335587688,299.7619020725365,190.0390922151395,186.42016909549483,173.51618587703845,192.45474989289667,135.45117916277985,130.92617479011193,183.0826579990672,151.3946697178172,112.16994373833955,123.60416423740672,158.1780113106343,101.81121006296642,92.2382666744403,94.72613980876868,78.78912809001868,82.92864170359142,93.01572702891791,81.32975746268656,99.46402023087686,75.65522242304104,64.11086170708955,59.39334334188429,89.47735686800374,89.10621210354476,63.0492581040112,72.4648583255597,59.449801772388064,67.02448694029852,82.7402926772388,52.61648058535448,117.61401731576494,62.05151731576492,70.13988164645522,49.278954349347025,51.47250320662313,58.5011150303172,62.55131325792911,36.34442047574627,84.42201346781721,47.80733296408583,79.32779704990672,69.97420854710822,53.8548638642724,28.967802588619413,64.81520376632463,55.80221694263059,58.14477903451493,61.94322819496268,102.24436654617537,65.79813578591417,85.9343589668843,103.7187645755597,57.47560780083956,68.49055503731344,59.384087861473894,66.24980322994402,92.23271338619402,89.86238485307835,68.47111852845148,60.58267257462687,69.42258191464552,62.89284048507463,57.133155025652975,61.139852495335816,51.2549994169776,78.94369461287313,70.97102378731344,75.45530404617539,134.38679891557834,56.45750495569029,49.88889050839552,61.11671379430971,56.73609491604477,71.97802005597015,142.1030929337687,80.84477028917911,74.89164528917911,81.50746268656721,72.52316785214552,52.934869111473894,82.81526206856344,78.13661672108209,99.4186683768657,55.96141120569029,45.40368470149253,46.148750874533576,54.9664470615672,73.67547516324626,65.4158844449627,50.42478282416044,92.71955165578358,50.01846723414179,74.29281570662314,45.90625728777985,64.70784019356344,49.97589202425373,59.29616079757463,80.9706448227612,74.26042152518656,63.90446449393656,53.33748250932836,65.70650652985076,62.30048973880597,67.26790607509328,77.60442659748132,61.279610249533576,37.2857028334888,81.89249067164178,65.70187878964552,63.9720295009328,45.062157474347025,57.86618907416044,58.70658669542911,65.83145551539178,72.45097510494402,45.5619534165112,57.30623250932836,41.3164645522388,61.6683404267724,82.02021630130598,104.00938666044776,88.16307864972015,54.99421350279852,53.9261310634328,42.95838677705224,69.2957818330224,83.6251166044776,35.04680212220148,47.43156045942164,74.45756325792911,68.73952746035448,45.8433200209888,58.78988601912313,56.73887156016791,43.518343341884304,41.347933185634304,80.18855672807835,96.82991050606344,69.62805357975746,52.52762797341417,41.35348647388059,25.495146338619413,44.74747114039179,35.72707993236941,48.87448985541044,67.52798507462687,56.02434847248132,64.50236852845148,12.528218283582094,32.243317105876855,45.28243790811571,40.2122857392724,41.20817543143656,42.9454291044776,44.93165520055971,42.924141499533576,50.61729681669776,50.54510406949627,57.78474084654852,30.53012768190297,39.11180911847015,42.29106663945896
train_073,2,9089.603932764992,2398.3245102611936,1835.8577455949426,1429.0831972947763,993.580480080932,840.0338506093665,739.0046378036043,492.7999970343576,487.77581947597105,346.4881646455224,393.42082443166134,309.2126201311154,298.60137080612463,309.2172478713206,351.14552238805976,250.0610037935314,261.6589100396455,226.60655462919775,224.4018991954291,214.81044484608208,193.54506819461707,292.0816741487873,195.9098131603269,198.1552078474813,194.47800548041045,169.09015458644328,131.83969070662312,167.8740601584093,206.62212132695896,142.19656571612427,147.92479011194027,144.30219507929104,154.24258860990182,116.83655696128731,133.47883628731344,130.49950471298015,98.53014225746269,131.8841245823832,101.3725002915112,113.15102466184703,103.38093954057835,105.85307835820896,131.19458372201493,96.06633337220148,86.78586316464552,78.51424032182835,85.20502711054104,109.53583401352611,84.52104710820896,71.33383861940297,81.90915053638058,100.59503993703358,71.17001661613807,70.17505247201494,62.21904151119403,57.09520755597015,61.722022213152975,71.07375961986942,71.87620977145522,66.65056553171642,79.7202294193097,68.76636835354478,51.74553987873132,52.84231430736941,64.5375393540112,62.79103020055971,45.67672137360076,49.17251632462687,49.8953693446828,47.94061188199627,48.505196187033576,114.01363543610076,54.71932573460821,44.06811887826492,49.77412255130597,56.823096431902975,51.80199830923508,59.058294951026106,46.878082730876855,84.25541482042911,60.67707847481344,61.27405696128732,59.41277985074627,77.71456681436571,69.64101125233209,61.05932981576492,74.65377944263058,60.98991371268656,52.978369869402975,53.92890770755597,37.001559584888064,79.25930649486942,55.70225775419776,41.74406774720148,48.1451579990672,54.97292589785448,99.61673565764924,50.78667210820896,53.41060080457089,60.790458109841424,58.17439657182836,48.30712890625,53.60404034514924,46.04971723414179,78.29488543610076,64.18305445429104,37.52634532416044,56.00953970382463,44.636405375466424,36.753512709888064,83.9990380130597,57.42377711054104,62.20053055037313,57.33955223880597,58.11423594916044,54.22878527285448,41.877346665111936,47.60741458722015,27.93581652285448,43.91540345149253,41.05731110074627,43.28973297574627,37.46525915345148,48.54592030083956,39.33671729244403,50.40812295942164,31.434388118003735,34.09256209188429,42.27348122667911,49.690823227611936,44.19306786380597,49.09569583722015,44.21620656483209,54.65453737173508,43.5609185517724,46.36255247201493,40.91014896222015,43.07315473414179,30.84944175606344,67.24661847014926,50.54325297341417,40.52419542910448,54.99606459888059,54.432405841884304,53.71788275419776,16.8838473647388,50.61729681669776,49.72044076492537,54.884998833955244,54.3463298740672,61.16484229244403,21.172836986940293,48.98370452425373,41.85513351212687,59.8126166044776,32.84769997667911,34.38503527285448,31.886055562033572,28.087606401585827,26.983427588619413,15.136412663246267,54.74338998367537,55.957709013526106,27.0750568446828,21.676335121268682,7.020281891324626,114.30518306902985,68.96397286030779,23.622762651585827,18.55538712686571,48.2210529384328,52.58316085587687,14.707883920242534,27.736823694029855,40.927734375,42.87231080923507,39.576434235074615,23.577410797574625,32.55892898787313,28.29770580690297,47.318643598414184,37.94469303871269,39.35383993120336,40.76298682369403,51.288319146455244,32.595025361473894,41.67742828824627,34.802457439365696,51.83069029850747,37.04228369869403,20.036263992537307,29.049250816231318,26.597474055503735,45.35648175139924,28.73271338619403,49.446478544776106,28.093159689832092,33.29381413246268,26.7103909165112,47.294579349347025
train_074,3,6424.712088969217,5361.102717308855,2076.817812791511,710.4341375578693,406.8690677472014,308.0205218240397,259.78930299673505,222.16776248056496,170.82656219423708,161.31654093292227,128.23653218283584,144.5872638759328,123.20895522388058,113.07327862639924,103.62898641557835,100.6181786380597,110.17168551772389,94.32074976679104,93.55439598880598,105.93174994169776,85.35033815298507,78.68361561333955,85.24112348414178,72.53057223647389,89.33574801772389,90.0863674790112,77.49428638059703,68.64234491604476,67.2660549790112,38.9813068446828,93.99403130830224,85.97323198460822,54.42500145755597,69.71135290345148,58.996283232276106,64.09790403451494,51.29942572294776,58.22067397388059,76.34475571361942,44.86409019356344,48.86708547108209,43.28510523554104,23.885618295242534,49.31412517490672,35.0079291044776,54.72395347481344,36.77757695895523,34.14716942630597,35.520682719216424,43.57850396455224,35.32076434235076,25.991240088619413,35.06623863106344,18.68681494869403,51.428076900652975,54.28802034748132,40.39739534748132,3.461549673507467,35.44941552005597,57.53206623134328,34.54885727611941,22.412145813899254,29.25657357742539,25.6969158115672,15.447396805037306,44.00980935167911,38.25752827658583,43.48039587220148,61.82753468983209,53.21438461986941,28.06539324860076,35.9381048857276,27.878432544309707,27.67758861940297,27.096344449626866,48.44966330457089,43.02872842817164,36.78127915111941,20.73782940764924,40.94254314365672,12.966928055037306,24.78339989505597,18.02412255130597,18.57112144356344,23.572783057369413,23.259022271455226,28.05983996035448,28.589253439832092,30.49588240438429,41.15819583722015,37.56059060167911,31.590805736940293,25.62102087220148,27.453605993470145,36.19910943330224,32.86806203358209,33.73622609608209,32.63297283115672,16.390530258861933,30.410731984608212,15.195647737873147,16.45531862173508,21.699473822294774,30.22932456856344,8.075406658115709,41.22761194029852,5.8087395055970275,34.2017767607276,35.88719974347015,15.54920708955224,23.82730876865672,23.165541919309707,19.335624125466428,26.658560226212693,7.768124708488799,22.57319117304104,12.087657416044774,-5.25618732509328,32.25627477845148,-3.764203882929107,25.608988747667908,21.556939423973894,23.164616371268682,26.083794892723894,12.896586403917906,27.344391324626866,8.42896600979476,36.39717671408583,22.979506763059707,45.21487290111941,29.013154442630587,19.570713327891788,28.72623454990672,30.673587628264933,25.985686800373134,22.98043231110076,17.26147096548508,23.28401206856344,17.17817164179104,33.16516295475747,4.076113572761201,36.28981314132463,34.87742683069029,21.6874416977612,18.5701958955224,5.929986298973894,22.113193796641788,24.3992974580224,16.532139109141788,16.057332964085827,25.1600979477612,18.741422283115696,22.92952716884328,30.937831593983212,34.11477524486941,24.471490205223894,4.9812995569029725,26.16987086054104,30.610650361473894,27.094493353544774,39.50794368003732,42.473399603544756,30.888314773787307,13.78233587919776,19.43928550606344,35.70116458722015,15.040155666977599,36.32405841884328,44.30320808069029,25.64230847714552,47.7036715834888,5.144196012126852,-5.294134794776106,16.1683987290112,11.10750204057836,0.5220090951492392,57.735686800373145,37.008963969216424,25.292451317630587,22.51117945429104,25.98938899253732,24.632535564365696,12.050635494402973,11.817397388059707,9.731212103544774,56.922130072294756,24.37338211287315,13.505597014925373,19.69936450559703,14.271025244869413,36.900674848414184,6.2215339319029725,30.901272446361933,34.21751107742537,15.477939890391786,32.09708051539179,26.6937310517724,32.19518860774253,26.28278772154852,38.97020026819029
train_075,2,3662.060340561084,3460.4537337893867,2833.2813130964096,2080.180457511055,2524.083229221515,2118.060119953618,1765.9554875617596,1516.755682494213,1174.2890316568205,924.5799480730028,828.9763205932147,728.7645256732828,812.384096559304,857.1638104853346,680.3336155628092,620.5537736629374,601.2674760960821,527.1440356809701,502.48839169473786,506.42286613805976,543.2328372784516,597.5921626740427,662.6442310409758,524.672792132221,494.06032095382466,473.8898827744954,427.500428850971,385.4527813463069,485.0927162633014,567.1545140983453,452.6670359141791,478.5323711900569,524.8218356459888,398.04396717583955,534.4789736270905,330.25682864972026,354.03666195584765,254.99031369454826,370.1618324393657,319.30389313199623,266.070997551306,283.80632640443633,345.3154952775187,370.2126997326736,330.89175460587694,330.8047228108592,276.8239919827945,252.1849775821415,295.3081346198694,234.24047487173507,271.47527256296644,307.38866016402176,266.4060686515338,280.2744577891791,233.52410068796644,261.9486065764925,306.43781953427333,284.4042531483209,269.69822032416045,222.71557337401518,207.10250346963088,219.39470700274654,199.05301215666447,189.78547691231344,254.78299093335423,214.50316289645522,248.9002075844736,186.44980177238807,167.0114418143657,148.74482567630596,176.74360217532114,194.37434409981344,182.74390741604478,211.39887476679104,207.18487724528381,257.1348539243884,313.0212730293843,262.29318296019716,252.10079812914577,268.80781282951585,283.1205407247615,248.96129375518257,249.98494988857811,191.60605261841818,189.2468079524254,243.36269907364206,227.97729127798507,211.80704145289178,187.7529734141791,210.1077201099538,234.19142082555973,216.5819437966418,218.28012006763203,220.00575038479337,202.83292764692166,205.0348064365672,222.01581363624604,197.35925924155245,217.09189805788782,191.8707366487873,152.94775447027004,191.2311829524254,212.12728107509332,212.61226824860077,192.4010605367262,160.93894382644055,144.0199104965623,217.83418758680574,188.33238919724278,190.3778125190023,155.6429276564228,169.78345819729478,190.69341683120868,175.11183826958955,192.27332733727212,165.89893306902985,175.3386051094354,157.0469916044776,172.08913462375526,168.40901935634332,140.57316202192166,214.57720673973884,174.90914324860077,165.33433362441275,173.32460500233208,163.20560340916933,162.3753716767724,163.10286757661333,131.06592497451985,151.38447354978592,181.10938957555973,260.5822932835835,148.82441523804596,198.9919259859555,248.3069312901639,189.05798101247248,174.40657066231344,185.12814187914577,148.50788537779852,161.07127448694027,132.4051929899116,143.91339677394328,178.77125083955366,155.82975967428578,240.13621589319027,205.7874813782635,240.9608564883915,191.30522679570896,153.02919512809214,146.67160563415558,162.86498659048507,181.83504194910844,154.66833313899252,183.21040633810097,300.6800154500933,239.67806961287312,242.15596610307693,251.05305503731344,212.3753052407236,178.238324412659,210.49831652285448,160.74272007194918,148.94104186100748,130.02931873833955,146.50023542055445,137.25414674673507,171.37450555901032,151.4335578751208,141.2969405900187,179.90154938199626,152.8644172976266,146.0487193723223,138.21301451725748,200.35984814167023,146.8206112989739,151.22892849036117,113.89602270677909,157.57918172807834,155.2958547108209,176.54180999300374,152.72192074825517,117.73248746501868,155.28937587453356,165.95816814365668,157.94753470883438,242.1500040461768,167.4853224113806,160.40950763759332,144.4808182814228,132.3330078125,117.62049615205224,166.11259841029326,137.33288645833287,165.62495570930082,131.63977989954736,140.60186158098392,140.46025273070404,129.91732742537312,94.80018365205224,133.82684235074626
train_076,2,8357.622915694961,6244.550642262644,4902.842776257599,5523.92905311709,5495.169773835743,5854.942682131013,5775.6140249496075,5715.621556690379,7457.245686336239,5142.461461772669,6130.581115201338,6875.212174686034,4042.4900742813725,2598.5019724502495,1531.1436295838498,1185.5076448810635,1022.2428215368471,631.6874332819413,529.5220411108501,517.1712555387127,386.2043566347948,420.49591155550377,398.95288563130504,357.8363091767724,374.60723968050377,304.953407011815,305.88994808250396,302.08407182835816,309.38273929571034,353.5343921611558,275.5708075050098,274.18525451777583,260.1826609141791,264.61420007428126,269.4964508512127,276.7268321478545,241.2829699160448,237.41232800839552,251.63894208687458,232.74307439754259,189.93263905083955,185.96944233908584,188.93861559433725,242.3232859141791,175.6384902445238,193.51452510926256,174.37887234919106,168.0388001399254,216.1154675839552,150.8236141462824,165.3991295570758,164.39570679415516,181.96272972982322,234.99389368651518,197.43328037546644,134.76627361240668,151.6991750233209,135.18185225262573,127.84317426539178,116.39229390158583,129.19725104944027,99.09657765858209,120.13244110523765,140.4084144706157,192.57137651585822,264.97727227922695,151.22436887826493,96.97429600046642,154.73127040578356,103.85482013759328,118.26652868470148,98.00628206623132,127.25174906716418,144.43548156699137,128.45681261660448,123.52549265391791,104.25650798740672,112.03573927238807,139.86696886660448,107.67640799906721,102.69695953824626,99.31500699626868,80.9539849580224,65.88421175373132,106.50836637126868,97.3583984375,82.39876545009328,94.27632346082089,126.84450792910448,117.55108004897389,75.50713473647389,94.6752346665112,105.01082964085822,85.38643452658583,93.99218021222015,92.32249154617537,105.28849405317165,109.92271309468279,113.47126428404852,68.84874212919776,95.67204990671642,59.83482975746268,85.66317339085822,69.02644735307835,90.87308331389924,98.54865321828358,79.23801888992537,83.70101154384328,118.51179891557835,85.10506792210822,82.33397708722016,76.75477349580224,64.39778159981344,107.78932486007463,100.08136077425374,99.81665403451493,87.35877740205224,84.83573344216418,102.22493003731344,73.25435080457089,82.1386864505597,95.78496676772389,67.35490759095148,98.19046612639926,116.19052442863807,104.14821886660448,91.02209654850746,68.48037400886193,78.81134124300374,84.44052442863807,75.54508220615672,62.40137447527985,72.06502157182835,69.49940240205224,63.65178987873132,66.27294193097015,86.87286468050374,96.7114403568097,57.12112290111941,78.70027547807835,80.16356693097015,66.41640187733209,55.84479215251868,67.78898962220148,92.46502594449626,60.70854710820896,64.2506194612873,98.3959377915112,82.7689846665112,89.8262884794776,52.7099609375,111.7802880130597,101.7964012943097,84.89681961287314,76.2410943330224,115.59817368236942,86.21942776352611,81.07985949160448,113.89701638292911,62.69292210820896,73.95036293143656,76.16890158582089,77.70160914179104,93.94775390625,70.42772708722015,79.19266703591417,72.10482013759328,105.57448839785448,82.06094041511193,81.71293435167911,68.03518540111942,67.34102437033582,88.05849172108209,73.6245700209888,104.25650798740672,81.04746531016791,83.2363864272388,121.98075297341417,87.07370860541045,69.68173536613807,78.9677588619403,104.80906016791045,99.8657080806903,58.00687237639924,89.55602845149254,77.7460354477612,100.12486153218279,62.56704757462687,78.87612960587686,83.11606518190297,97.24825822061571,99.82590951492537,103.11067951259328,74.53068155317165,80.49028538945896,114.67077454524254,76.73348589085822,82.47836258162314,78.23657590951493,59.38223676539179
train_077,3,8027.265703948577,2166.596837762577,945.018795184235,656.371829815765,467.1493586248426,445.3820472831157,357.190484813345,332.69936506961704,262.10225133620094,238.33602495335822,233.95448052705225,206.7803900419776,180.3846703198419,164.27003664490002,200.49591884328356,155.4633864760399,152.30633453824626,171.8104084071828,148.22281658115668,132.92813520289178,117.35856605643656,100.8764065415112,109.81349842583955,97.50463502798507,104.49159718983209,78.35967379897389,79.28522184001868,96.73920679804104,74.9453270755597,69.54475425606344,92.60941143889924,96.49393656716418,96.94467846315297,76.60020697294776,81.40287575792911,63.31674148787313,55.26354798274253,43.03335616837687,47.9183987290112,69.50680678638058,42.888970673973894,42.65850921175373,51.22723297574627,48.97074685167911,71.09597277285448,50.186916977611936,43.09814453125,35.6187908115672,53.50963444496269,41.48306319962687,51.53914266557836,49.34374271222015,42.10965922341417,20.460164995335827,33.39654996501868,41.8958576259328,51.04212336753732,22.70369344682836,44.5484783115672,41.01658698694029,50.88570574860076,41.76350425606344,56.17428725513059,41.49694642024253,40.53067426539179,35.23283727845148,28.595732276119413,15.524217292444026,33.98057077891791,23.644975804570894,22.89620743936571,35.32446653451493,28.27641820195896,53.71232946595148,21.82719945195896,23.99807238222948,26.1689453125,27.033407182835827,31.03547691231344,8.85842030083956,21.268168435167908,9.883927530317202,39.48573052705224,18.9589260727612,30.25153772154852,11.27872842817164,37.6077935517724,28.0006048857276,28.44857013759328,35.99363776819029,16.359061625466428,51.41789587220148,20.86740613339552,35.92237056902985,21.411628381529855,33.91022912779852,51.84642461520523,31.1539470615672,26.364235949160438,21.457905783582092,13.166846431902973,34.28415053638059,42.70108442164179,8.164259270055974,9.904289587220147,35.296700093283576,34.84780929337687,45.497165053638064,19.248622609608212,35.0699408232276,21.279275011660438,19.372646047108212,27.923784398320894,-8.559468283582094,37.63185780083956,31.918449743470145,24.34931786380597,38.00577920942164,35.4327556553172,17.994505013992534,30.99567834654852,23.61628381529852,23.6195232334422,19.291197819496265,6.33259969682836,31.2705661147388,27.097269997667908,39.62919047341417,36.69520318330224,31.414951609141788,11.69059730643656,8.75290782416044,12.032124533582094,6.385355935167906,14.96055853544776,19.961294601212693,12.113572761194026,41.60245889692164,39.12661788712687,62.19220061800373,30.731897154850746,35.34020085121268,16.314635319496265,41.0138103428172,36.75721490205224,33.323431669776106,26.2642767607276,26.328139575559707,54.99051131063429,34.38225862873132,49.80374008861941,9.585901061100762,31.488995452425375,23.902278159981318,34.47203678871268,39.50794368003731,42.17259649020523,47.28717496501868,15.558462569962694,22.94896367770524,30.503286788712693,32.171124358675385,14.36450559701492,41.92547516324627,55.48475396455224,30.5477130946828,36.635042560634304,3.832694437966427,31.546379430970145,41.23501632462687,32.48488514458956,16.002725629664173,30.957730876865696,39.54218895755597,24.98331827192164,22.72220440764924,43.110176655783576,23.985577483675375,31.93696070429104,8.46598793143656,26.54194117304104,26.521579116138067,45.82666015625,43.57572732042911,33.33083605410448,26.041219682835827,12.23204291044776,12.637432952425373,15.909245277518682,39.56810430270523,25.325771047108212,12.02101795708956,41.48769093983209,21.428288246268682,48.66161380597015,37.27644735307836,34.00093283582089,52.875634036847025,42.960237873134304,10.00609987173508
train_078,3,6857.968289133329,3824.421821447451,2113.489877273787,1738.4744784769725,1888.9361352110975,1721.1583850374864,1512.390797932646,2132.1230634246294,1418.264420824264,1597.9595048649985,1298.2144519019485,1231.1554925904345,1330.5918750665082,1052.7507663449246,1104.4240377785557,912.8757779073359,893.4667326950315,873.9857899573312,770.3478584227278,716.5305635386438,797.7202604555372,800.8462071098501,733.8336917357657,898.4294834421642,669.7775811891058,748.0501777743227,750.8767333635644,760.4756602253486,563.542137943097,697.1895375207289,658.9541088502799,550.3068009561567,720.8248036574961,644.7765336783964,664.8913859867338,480.7250247784515,572.5403159981342,887.0063165310604,604.2079270829014,478.63486478933646,598.9962190523077,647.7291000574382,498.91485070826405,539.9280458644255,642.0082876157404,489.90464052869316,548.4871356585131,554.261667735541,459.38740996104565,461.0673099347014,513.9577527402053,567.1962016091418,538.8725804570896,465.6441147185084,701.5764838394834,586.2325330768059,467.7617989155783,482.45275045864616,591.1142140858209,460.97568067863807,521.8246385766499,471.9730425023321,515.4377040578358,502.7882011319274,469.80170679804104,631.3782926664423,531.684433729791,572.9502959313678,502.5540374775431,555.4760170445513,597.0728923740671,385.70085850046644,664.6869231373516,556.2117974580225,470.1386062849813,533.9134940531717,411.9778204213328,407.2466610687882,386.3320519852994,525.3957132803861,526.3359943921887,446.2298190095532,475.2754281919394,415.9440662896455,415.7820953824626,514.4529209421642,485.00195199695986,461.88429634250815,485.27131675606336,579.1755699043842,869.1007171175373,768.5500656375245,762.3257626312882,685.4673580340484,764.470249872599,813.859041647235,543.7866556475411,614.5111808643412,665.9151178180281,395.14147879828266,483.2036424323694,488.99479652518664,587.3176160214553,483.5285097947761,503.6137975543292,560.1037648195652,455.20673973880594,380.5381515275187,412.48810018354385,399.5803769239739,441.15229273554104,502.4485931289729,590.8315812927574,468.5716534514925,429.4922687936185,509.57528276585816,530.3659062607965,714.6581798516102,470.4504856956538,587.4166875107965,542.075864378196,648.1178226648871,641.0719357897987,502.74844041511193,413.6820268773321,526.6803361124067,469.01221431902985,442.3767927938433,410.5463003934319,570.7410506063433,635.6385902993715,628.8284078133639,476.56838852611946,515.9309833147631,622.0497166701218,558.3239359366361,600.4723924798753,605.4444592657374,561.5180022262815,467.2453431086754,507.19010761513636,557.2909864738806,596.031635688312,823.7300115049776,470.7892665578358,525.0661500496652,505.7083733295327,418.8225206972948,482.5354270258946,650.4001635757845,560.0704450900876,658.3802312158826,460.97102265927333,622.9475134095148,714.1102932602612,431.0721792996819,849.1487309852643,522.697702891791,579.2366257959337,546.6684337578603,475.4456987523321,648.9859867273871,494.52309497434703,526.5609706942714,663.337163732123,771.372987162711,724.804037477543,664.2585382203558,562.0528932961065,495.3995889692164,542.1157386418598,540.2109229244403,502.54852203824623,462.18071394891876,405.76951667444024,605.6388394939366,659.98243057283,595.6993790811567,504.0164033823939,526.5887371355028,655.2080752876268,643.7824875125245,703.1712788121023,601.8190648795953,444.7647370188983,866.2842441494786,786.8454494627554,636.1134342933767,513.2855323499708,548.9425431436567,526.5461316464553,423.9204090282099,322.1657179540662,428.13445953824623,388.0647081972948,363.18320020988807,395.39597423041045,333.7452192164179,289.1689744636194,434.41152635261193
train_079,2,13702.236720106495,5404.205474440731,3425.3377502275935,2380.5465834888064,3074.548230764581,2923.1224103445434,3182.8697457482563,2605.3520064905506,2804.447677124792,2328.2872509004465,2089.0554089902053,1658.6571195018826,1822.9241902579124,1803.1081385710345,1168.644204991967,1745.8315917271289,1265.5915541221843,1075.2193403101678,840.4188710246514,883.016362193805,724.9595295484387,686.1948690734691,1037.7841074626838,644.5173802269038,527.6346064218835,472.84395292979565,597.815181902985,393.1811680473498,341.07836662477524,283.57956713438034,642.1461564249067,478.2001297224813,321.98428025886193,245.79689042158978,257.82346166692565,234.80783582089552,292.51853282416045,186.50439396722996,197.67933989816635,178.40586374766792,476.2944565851297,225.882760921521,138.58045708955225,132.45888234608208,141.56997726212688,159.82178463152985,122.34634444962686,153.12174236240668,172.12787138526122,209.81898697009726,188.54429427990274,230.19881096081946,189.8798752427101,124.66199752021191,131.81562645755596,98.96792648087686,116.35804862406721,118.49143685867539,112.78358208955224,164.22190814676566,132.26167248523058,112.3791175956157,110.00045913013058,83.20584334188429,138.27502623600748,179.60537400886193,108.29189744636193,99.04659806436571,125.55244286380598,136.05464405533093,105.36716563666045,122.68231838852611,114.7050198227612,94.81591796875,93.04904675839552,89.51530433768656,80.50694525419776,82.24882666744402,130.48839056669777,114.72630742770524,136.47020755597015,133.27428260045264,175.04613949825517,161.11385726661823,143.84960208722015,121.62811916977611,152.08327746035448,163.7396294892724,101.99909631529852,106.23070195895524,115.06968575093279,81.35104506763058,143.43217992070896,80.1459815181903,96.17647358908583,79.07419688666045,100.27202367070896,85.27907095382463,187.97510494402985,135.2188666044776,121.06168376865672,112.63364330690297,168.48769093983208,120.89052550917242,121.66236444729476,188.77385290345148,113.63693738339552,97.43059118470148,77.2212497084888,150.42099317863807,163.7858993215347,91.76160943330224,140.56575763759332,132.33023116837688,137.90480701958955,180.71232946595148,267.65643863624604,579.6365306777742,473.1345674448939,480.06788566930976,355.1855093080607,313.6978789265476,265.17508975694426,223.09920925213328,175.69217203090437,220.10550518889926,154.48600017490668,193.9495175489739,140.4612388370642,147.3740890275187,133.1678521455224,141.6115587958649,101.47431057602611,127.44055329774741,89.74298915578358,121.19403713852611,108.62694583722015,81.62870947994402,111.38507899953358,182.19781893224857,135.13834392490668,131.9331710587687,127.95238893423506,224.40097364738804,128.61970907182837,119.70483034048506,131.81470090951493,109.51917414878731,81.42138671875,118.01477961753731,96.77900536380598,62.953926655783576,59.64786905317164,78.8002346665112,68.70713327891791,60.88440123600747,57.21182660914179,67.76122318097015,67.32436450559703,79.2056247084888,50.34333459654852,54.257477262126855,56.42511077425373,70.85718137826494,65.45012972248132,47.582424790111936,55.34962395055971,58.40670913013059,103.26154384328358,61.64335062966417,71.46248979710822,108.82316202192165,63.85726154384328,110.0541409165112,74.12251486707089,68.23788042210822,77.24438840951493,65.02900536380598,58.10868266091417,52.35640158582089,101.08280375466418,53.45039937033583,39.99570749766791,73.71712482509328,50.02864826259328,30.792057777518682,60.00142840485076,25.10086287313429,39.1127346665112,36.916409165111936,26.62431494869403,54.64343079524253,70.46752565298506,63.00483179804104,51.570611298973894,59.87833051539179,65.6370904267724,34.03610366138059,38.5689751923974,38.27048594916044
train_080,1,5355.88814936645,3465.5177023437486,2861.6520312214966,2649.644130704118,2209.0073606576498,1524.8088684295542,1276.1927965238917,1192.2771486720044,1083.1012620089657,977.8193376295602,897.5362917336065,940.6900069962688,797.5623626602229,704.2791219682837,570.4136791122493,636.0810703911,659.9583587539729,589.2427559468283,585.0639065415112,505.7240773670709,500.00514630061474,481.7088823460821,478.49263318261103,377.72263438666045,425.14768573063526,353.3735890352904,375.1116633628731,355.1670286263992,351.41581269520435,403.24462161847026,403.13352557438526,350.788291123376,351.92943129966505,289.2263357327945,313.2119586352092,332.1588298740671,288.23507378083553,272.1099941347962,315.53503879949227,348.3947936100746,259.7652387476679,288.74231952606743,256.94044341702954,266.1144755998654,287.2845586520522,245.92366779384326,255.93997140339954,266.05063549440297,285.13823545423907,251.12527049388459,205.51794251399252,254.18420676953758,223.84011424388459,213.1436690803784,195.24252330189321,183.31589610541045,192.41945038090893,201.2178614548783,185.9703527475471,168.34237232759818,220.506244781302,179.60815065298507,191.48387270721037,181.359272407062,213.37121764225748,170.49520464085822,175.8106421801581,210.78244463187545,178.94916044776122,166.45983032148277,199.3158299513717,217.2612960587687,177.21744492338667,191.63288594181856,169.0791312776395,209.01929075326493,196.25505771921644,188.29532942665153,167.597313724347,213.1092875466418,217.8646171253119,163.0630538712687,177.23226883162312,153.01714029418892,150.98094974347015,168.3358783517311,163.99509588818054,141.35155549423015,144.2253745918843,154.83031918575517,179.72659809286912,151.33543464319027,169.41140302437458,182.69577891791045,217.99247901119404,195.82745452425374,194.0133576544363,173.27647650419775,169.271630130597,140.20109927921155,184.88652842169378,149.11968777250888,231.37685194211218,143.81072906949626,145.00652956873623,162.8557311100746,148.57637593283584,144.51229448460822,167.47236473880596,162.08843664446874,159.643168999188,122.47592117537314,184.3442481071202,142.93515305287804,109.76259328358209,91.1572265625,132.6301087336754,138.48975338152985,120.22313724347015,143.00920446595148,135.61870335820896,127.69971431902984,151.76211229011193,122.69805270522389,146.0125397310328,138.8831112989739,156.03721869169775,135.49282882462688,136.08888176305973,122.90907765858209,141.86529521532913,128.97882171175374,144.964895046469,118.32206156716417,137.03016412080225,128.68912517490668,131.4787269706157,142.38722861257952,150.1220411613806,138.22597218983208,138.96555320273586,160.1373965135261,130.04782969916045,164.3375335237873,154.78032445195896,123.52179046175374,135.11150303171644,120.7636572994403,140.02155052903873,115.92211549673507,151.15495277518656,152.2100775419776,147.3203391130291,149.50470061800374,137.0440549112078,135.4206360774254,131.45929046175374,131.10850775419775,129.41290374300374,160.87967090286426,163.04639400652985,148.86238541709847,138.32586325015595,152.29529608986272,132.8689076980548,152.569190181903,133.63525390625,178.40495333920666,184.66812179337688,197.91362466918892,141.22011253282204,166.6486269822761,128.9658640391791,161.72933914412312,162.61971635960822,137.3374460704291,152.37389954524252,171.21157882462688,176.8305961213895,144.22444147405344,125.39047195662314,169.17537313432834,140.63517374067166,171.36983240006575,156.01130334654852,163.5869140625,197.31203358208955,193.724609375,171.4346359025187,180.24028482543892,182.36337091495744,188.6183456929762,136.03149778451493,230.91220411613804,167.88329292945008,182.81318726290516,155.85488572761193,176.66583343050374,183.349420219215,175.51906426806949
train_081,3,11002.29488877574,5726.9815827412385,2310.811173906077,824.6503771774804,544.2240992304104,482.9833619986008,368.15249035162714,269.31319233908584,247.94134738374112,203.49099230410448,177.98936712919775,134.80329553404852,174.33251924923997,116.6995758512127,130.21257725046644,148.20523116837688,160.16794716867048,158.26501282649252,158.91104535914178,118.70894064832089,89.14045738106344,123.27559468283583,91.66350134095148,91.23960033815297,104.22041161380598,102.21104681669776,125.53208080690297,145.72846461054104,127.8163333722015,166.32007256728497,128.0606780550373,121.39950880363807,238.19536436048907,157.5477130946828,143.8384955107276,152.567331516031,154.81827192164178,142.6806273415907,95.91917123367537,115.88416802705224,91.73014079990672,139.82069146455225,89.44403713852611,81.55188899253731,120.21850950326494,101.18091184701494,112.85762593283583,62.92708576259328,86.46654909048506,86.13983063199626,77.89597423041045,70.11304075326493,65.3149997084888,70.05102903451493,56.68056203358209,95.7294338852612,84.34334188432835,46.10710121268656,68.40170242537313,72.84248192630598,52.31937966417911,59.90239476445896,60.14581389925373,56.89899137126868,43.40172428871268,44.47165782416044,54.256551714085816,53.91595003498132,66.79402547807835,40.75743353544776,53.67623309235076,27.288858442164173,42.26700239039179,10.4346286147388,23.748637185167908,49.60844945195896,35.85202891791044,36.33516499533583,23.9124591884328,30.205260319496265,32.21092292444029,32.80234812266791,12.304235657649238,38.71382346082089,15.81761602145524,43.4535549790112,24.75841009794776,30.073832497667908,25.616393131996265,45.868309818097025,36.730374008861936,37.034879314365696,55.177472014925385,20.879438257929106,23.360832555970145,7.00824976679104,53.15422399720148,29.226956040111933,17.504890100279855,12.82994694496268,26.26150011660448,1.3466723997201466,7.749613747667906,19.2523248017724,27.6859185517724,29.15846548507461,31.186341243003735,16.749642898787307,30.83000524720148,4.926692222481319,20.042742828824625,21.50325763759328,27.406403043376866,26.9371501865672,23.868958430503735,24.378935401119413,23.142403218283572,17.303120627332092,35.54844916044776,27.275900769589562,43.34989359841417,40.77316785214552,35.6946857509328,19.041299848414173,29.21770055970148,14.038712686567202,26.0162298857276,32.657037080223894,21.06825005830224,35.92237056902985,36.672064482276106,19.25510144589552,40.65192105876868,60.22726212686571,16.47290403451492,21.41533057369403,36.08156483208956,42.08096723414179,36.45733733675373,34.75618003731344,10.507746909981318,26.752040578358212,43.4942790928172,23.872660622667908,34.33875787080224,3.557806669776106,42.69090339319029,26.68725221548508,48.21827629430971,22.747194204757466,37.08115671641791,15.72043347714552,30.88461258162315,31.6426364272388,39.72822411380597,20.035338444496265,33.49743470149253,23.4237698227612,22.363091767723894,12.747573169309707,8.582606984608214,35.30595557369403,21.444022562966428,34.75247784514924,24.744526877332092,14.816173041044774,35.44941552005597,30.3477947178172,13.065961695429106,32.806975862873145,24.5807048740672,9.629401819029853,8.742726795708961,33.2669732392724,43.60997259794776,12.49582410214552,35.10881384095148,34.43131267490672,12.162626807369413,17.149479652518682,22.967474638526106,33.8250787080224,37.79105206389925,18.6414630946828,38.653662838152975,42.15223443330224,48.304352262126855,24.800985307835813,27.3184759794776,28.523539528917908,27.551714085820894,31.581550256529855,32.14335791744403,53.75860686800373,47.06874562733209,29.66196361940297,61.33051539179104,17.784405608675375,19.63735278684703,66.41547632929104
train_082,3,5624.690575443098,7648.1014896222005,6471.0868855198805,7299.307890783495,7017.035858088465,6168.444465989497,4900.7085230332705,4531.001908834301,3859.8075633974217,4049.4415002340697,3008.109683862374,4322.2435166515515,2389.4606048002174,1438.8856160391624,906.0874300848194,728.316499863098,496.1205606140307,449.78120740136103,445.4329524253731,519.9571854214171,401.9812788216036,311.1192718050374,254.60253177472012,252.29423009993425,219.19648075637537,233.8267397578083,206.556392276465,171.15141820195896,169.89821858459442,159.50986737190786,156.7785751027847,148.0978675956157,141.97721840018656,127.64973472481344,135.8186217350746,136.50445283348878,117.76117945429104,121.34675256529852,120.0546875,133.15674556902985,100.53673041044776,120.85065881529852,128.5114199510261,119.72519239738807,83.69083051539178,81.04006092583955,89.55232625932835,69.8316741487873,77.50909514925374,94.8298011893657,74.71116342117539,83.30765362639924,66.31366604477611,78.96035447761193,71.54393802472015,89.7022650419776,84.75521076259328,89.61618907416045,76.8491793959888,68.86077425373132,73.0784966767724,59.61084713152985,73.44131150886193,111.57851854011193,72.70550081623132,51.19206215018656,50.17210820895523,54.40556494869403,46.47454378498132,38.00855585354477,54.06033552938429,31.488069904384304,74.67043930736942,66.24702658582089,50.88570574860076,47.7869709071828,67.25865059468279,56.001209771455244,62.34861823694029,75.02399865904852,60.0032795009328,20.54624096315297,46.33293493470148,45.64432719216417,42.65388147154852,31.4566012709888,14.344143540111933,45.007550139925385,44.901112115205244,57.9022854477612,40.67228311567164,70.98027926772389,34.40817397388059,51.95286263992537,41.49694642024253,46.26814657182836,34.84410710121268,73.43020493236942,45.02606110074627,58.09017170009328,62.40877885960821,38.8193359375,61.42399574393656,44.8798245102612,41.961571536847025,48.22290403451493,44.760891586986936,41.29887913945896,43.96168085354477,49.11050460587687,30.744854827425375,61.99690998134328,61.79143831623132,60.75297341417911,38.78416511194029,49.62418376865672,50.93383424673507,46.36255247201492,62.174615205223894,58.8944729477612,48.62829407649253,43.16848618236941,59.0731037196828,40.017920650652975,60.573417094216424,37.02099609375,13.529661263992534,38.86283669542911,52.22312266791044,25.855184526585827,49.250262360074615,22.67037371735076,18.41748046875,34.808010727611936,39.086819321361936,24.395595265858212,57.4682034165112,43.99870277518656,51.14856139225747,36.660957905783576,41.47473326725747,38.81748484141791,55.946602437033576,46.93731780550373,50.92411599230411,54.91091417910448,39.28025886194029,49.04849288712687,58.5770099696828,53.13848968050373,35.8048259678172,31.328875641324625,55.59674527751868,78.90389604710822,49.99440298507463,52.278655550373145,45.20746851679104,56.5713473647388,53.61329582555971,52.04264079990672,55.419040053638064,53.65031774720148,49.11790899020523,37.807711928638064,13.598151819029853,55.26077133861941,48.12294484608209,50.70985162080224,37.64944321361941,41.79774953358209,40.66950647154852,55.97807107042911,46.87345499067164,38.5333415928172,34.21936217350747,32.134102437033576,53.74842583955224,48.2117974580224,19.205121851679106,30.2237712803172,42.08837161847015,46.195953824626855,44.93165520055971,65.67781454057835,33.80101445895523,18.09724084654852,10.073664878731318,56.743499300373145,36.23613135494403,58.23918493470148,46.221869169776106,54.0908786147388,57.32937121035448,34.05554017024253,17.32163158815297,46.68556873833956,43.45448052705224,22.99986881996268,36.24723793143656,35.80760261194029
train_083,1,6894.311100746269,5714.427539159113,4763.672722356533,4987.093381662868,5289.858883943131,4631.925465337377,4931.01170220037,4663.648692572295,4322.209021570967,4385.976071443131,4683.533166686101,4104.639069363252,2967.68223746588,2959.1644188441446,2333.8943420497335,2087.8072685910693,1989.7999928486881,2062.619336073968,1851.9494373833954,1720.1338184956294,1333.9822105293842,1287.6446478544776,1190.080823170605,974.2615158202043,639.8526786583573,723.3259751049441,496.50284223414184,495.81978777985074,385.3686170328908,362.77136161078266,348.2217161263992,336.435991756062,333.3063050606358,315.58319000699623,339.6613222947761,363.70428375699623,267.21219828591416,287.1022483973361,256.1768889925373,258.8156113179762,236.0127631141179,235.5418105570238,224.71843662546644,195.76450211788293,227.81532037080223,250.5023539528918,210.71120771187458,196.3809473923783,174.29365380130596,179.12595526318054,178.96396921641792,144.95840864039178,204.11297572726633,174.06596898320896,150.84396863339552,308.5851212686567,168.1526425489739,124.09563024720148,136.61459305037312,137.31061274702867,142.56030609625492,155.0996460959093,121.19496268656721,143.3988601912313,214.7326988106343,151.28638059701493,131.50001457555973,120.43693884095148,88.30838969216417,130.08208254646897,147.65545563199626,111.69883978544776,97.80451259328358,92.85745831389924,106.92116079757461,89.99196157882463,116.72086345615672,105.69295854710822,99.78703649720148,112.48370452425374,133.22060838386193,89.37462103544776,113.23895172574626,60.34480672807836,96.14222831156721,84.52104710820896,67.11426510027985,83.0170315415112,81.01229448460822,90.55469478777985,108.54086986940297,100.73757433535448,85.31239068330224,78.01814657182835,88.35466709421642,67.3734185517724,79.35371239505598,85.63818359375,70.6868805387127,59.02590076958956,58.8037692397388,73.47278014225746,101.2299658931903,47.03542589785448,66.42565735774254,82.65791890158583,79.77020901352611,101.42803317397389,73.96887389225746,75.28963094682835,88.88130392957089,71.11911147388058,70.31388467817165,64.97347248134328,71.32921087919776,72.9526221431903,83.4344537080224,61.85622667910448,52.86915520055971,74.60194875233209,58.91946274486941,58.49185954990672,69.54938199626868,51.891776469216424,69.35316581156721,71.685546875,78.49110162080224,60.40311625466417,56.3353326142724,75.88475833722015,63.03907707555971,37.95765071128731,60.3660943330224,65.13822003264924,71.2181451142724,49.27340106110076,47.736065764925385,72.07890479244402,37.33198023554104,50.45254926539179,58.5149982509328,55.78925927005597,57.80602845149253,77.74510989972015,63.84985715951492,49.78893131996268,83.86298245102611,58.57330777751868,47.397315181902975,60.69929162779852,50.57934934701492,64.35335529384328,74.10585500233209,69.42906075093279,58.71861881996268,60.43643598414179,52.898772737873145,42.7880859375,63.705471665111936,57.86526352611941,63.88132579291044,36.72111852845148,64.37371735074626,39.97256879664179,37.80586083255597,30.15805736940297,52.29809205923508,45.69338123833956,58.3817193330224,80.36255975979476,32.630196187033576,31.685211637126866,46.68001545009328,46.17188957555971,52.278655550373145,80.49583867770524,50.35721781716417,43.3174994169776,54.04182456856344,58.05314977845148,39.028509794776106,55.16451434235076,57.56446041277985,50.73669251399253,51.70851795708956,55.60322411380597,44.76413100513059,61.01120131763059,48.43670563199627,55.44310430270523,76.63260115438429,66.18964260727611,65.61210062966417,41.508978544776106,54.32781891324627,53.11627652751868,62.39211899486941,63.1519939365672,49.72044076492537,59.89499038013059
train_084,5,3821.2888943170433,1481.9004612467184,1041.5571277782099,922.2475670095699,872.019925918152,1237.481840544672,862.4414292413796,726.7230089280142,588.5439671758396,500.52808094380504,457.59925114574713,360.1010949540494,374.9987465018657,310.1067222481343,317.98223323875396,296.9611785607552,206.4888575486283,213.2305343400187,276.8277168843283,252.31827920942166,244.9222248134328,241.71427530317166,206.54344974347015,228.92688842851723,205.1319738412971,193.828270755597,200.40984287546644,172.52770813899252,229.88008179415516,210.72601648053126,204.24900101014038,166.6171583488806,148.17191143889923,161.27026731576493,160.73252390391792,164.9724746195238,157.81612202658584,114.58284748134328,156.52960267974368,136.45169659514926,141.4533582089552,144.45583605410448,103.49755859375,116.8439613456157,126.24197615438429,128.7233704524254,94.38368703358209,119.30314249067165,182.80685982241562,128.8066697761194,174.09560166010218,101.70847423041045,126.11887826492537,131.93317862855858,105.03674498600746,98.64213357042911,65.97213881763058,109.1739447294776,95.75905142257463,101.47338502798506,88.58235191231344,66.62094799440297,105.28941960121269,103.7104346431903,97.89614184934703,139.43381238339552,98.3857567630597,139.7364741626071,105.00897854477611,91.10261922807835,116.01837249300374,81.98782211986942,108.05032940764926,106.22699976679104,70.96454495102611,97.15940560867537,118.7191216767724,95.56838852611942,101.0457818330224,103.66785943330224,84.36000174906721,75.64781803871269,96.65405637826494,95.04175169076494,68.06480293843279,64.62824306203358,94.3818359375,70.23798973880598,117.34190619169776,98.91609579057835,93.23323081856344,57.30993470149253,101.70847423041045,88.95719886893656,90.5037896455224,75.85606634794776,58.209567397388064,97.79433156483209,120.25923361707089,103.48552646921642,77.47577541977611,76.16334829757463,64.18027781016791,50.53122084888059,71.03488660214552,85.73721723414178,79.7951988106343,67.65663625233209,78.43464319029852,77.80897271455224,73.24139313199626,86.66276527518656,68.28323227611942,71.74478194962686,64.09605293843279,59.96533203125,60.131005130597025,83.02351037779852,93.57568359375,68.4961083255597,57.01561042444029,66.61632025419776,62.97428871268656,82.51538450326494,87.19495539878731,81.41953562266791,58.85930212220148,78.76228719682835,76.94728748833955,70.19263788479476,74.05309876399254,81.18537196828358,79.0381005130597,66.32477262126868,89.87349142957089,55.81517461520523,84.69782678404852,91.8874839668843,61.44435780083956,62.59573956389924,74.68432252798507,76.56596169542911,69.37075122434703,82.62367362406721,44.72618353544776,70.87199014692165,57.0128337803172,67.43728136660448,72.58425402285448,49.2206448227612,68.17586870335822,59.68303987873132,77.4072848647388,72.9609520755597,75.64874358675374,92.3808010727612,56.10209450792911,67.94355614505598,57.5135552705224,54.50737523320896,70.26297953591418,65.8083168143657,81.81752128031721,56.92027897621268,40.03735715951492,63.1519939365672,77.142578125,82.97908407182835,56.411227553638064,66.68666190531721,70.01585820895524,73.35430999300374,73.01555940998132,77.30917677238807,67.54094274720148,89.55973064365672,80.18578008395522,75.95324889225746,103.54753818796642,88.04923624067165,49.42704203591417,80.11081069263058,76.68072965251868,74.4621909981343,51.9204684584888,86.42397388059703,47.94431407416044,69.01210135844221,90.07988864272389,75.91992916277985,77.65903393190297,58.50759386660448,89.28114068330224,96.03856693097015,60.28094391324627,87.10240059468279,76.80475309001868,73.99386368936571,50.78111881996268,75.42476096082089
train_085,3,9526.97721284895,8320.4979705686,5622.4988322631625,5168.466658407183,4768.180020199783,4145.295618162226,4155.836699941265,4166.276692599503,2911.615913830586,3087.348378497273,3782.0503305356897,3005.6783372866576,2824.5034457543006,2547.6658809122755,3068.0215233519893,2261.3581483969047,1804.8168289412315,1606.8467912602782,1175.2016220252906,920.5427075179655,801.5706084343924,807.549891012818,673.5638543990121,617.8106915025568,511.36899486940297,600.9657474347016,586.8974172108209,547.6634660300923,517.8126603311567,514.7666514489188,538.9568053288248,478.15200122434703,440.33966155550377,547.8217347451111,417.07789291908495,532.2354754547575,357.1875,414.53881185090364,402.6578241604478,340.56002944263054,348.94549469449623,444.68510960820896,384.0904049090486,406.3081856343283,310.71483759026034,312.46039091651124,262.9296875,219.65753993703356,234.17936599165645,207.4106882579291,210.22826087919634,198.1006156526395,177.565481265979,258.85912721548505,228.60481284981344,126.10684614039178,169.49376923023763,166.96794105643656,186.53126513957977,178.66364401667866,170.79602289377752,160.6233092350746,140.67219566231344,204.74788654384326,171.1327709849201,174.4306349113806,191.06456916545753,107.63383278917911,358.22966709421644,122.21584217583955,260.09473385027985,203.46322586287312,248.29582471367138,173.61613749568144,126.41227699393656,180.98999387826493,136.71641090467796,135.20128119169775,236.03881471548507,142.1402511116284,204.85795863261862,269.2333226951201,118.6367554709093,139.71610453591416,132.6921204524254,155.42078855678216,143.16377098880596,118.10825996968279,192.25667504232322,119.0458401352612,117.14383891091418,109.94585179570896,167.90831300571784,110.16057894123132,129.92380626166045,116.00541482042911,154.02228546676355,197.60173011893656,160.87229679769547,164.103369869403,189.08851652803702,95.27128760494402,124.95731547341417,132.7957818330224,124.41031658115672,95.17965834888058,110.26609141791045,115.65833430503731,100.11653159981344,123.3764794193097,89.97992945429104,264.3652352210301,200.3959710095356,136.260108150653,133.51308156483208,126.36970178404852,95.98118295242539,102.13330078125,111.24624679337687,84.87368091184703,100.18317105876868,171.04218082374604,129.63133308069027,94.5225192397388,143.6894822761194,80.10710850046642,126.18829436800374,97.1455223880597,140.79344245569027,92.09203008395522,105.61151031949626,107.4329888642724,98.13030550373132,81.16963765158583,106.92949072994402,94.78630043143656,101.47245947994402,91.83935546875,176.84076201026122,100.54320924673507,81.66573140158583,83.79911963619402,175.55041178482682,103.36983296408582,94.95937791511193,96.38564744636193,131.44725833722015,90.13542152518656,91.9966986357276,72.37045242537314,60.53454407649253,114.58840076958955,77.90708080690297,117.57699539412314,97.23344945195896,124.34275157416045,69.89923915578358,74.61768306902985,53.9835150419776,133.5686144472948,80.46344449626868,91.59501078591418,90.49731080923507,112.34024457789178,167.53992974580225,158.44549469449626,108.34002594449626,103.88166103078358,144.25684322527985,128.43554015124022,115.3334593728407,138.989685579912,124.60931697977121,147.63046583488807,104.11675023320896,92.4761325209888,115.56948169309703,107.01741779384328,137.5651308885261,98.27561654617539,93.05367449860076,104.93400915345148,72.48892257462687,83.84076929804104,99.9915826142724,94.16155550373132,85.25037896455224,83.3918784981343,153.0828693446828,81.26589464785448,87.24771163712687,73.98183156483209,99.85460150419776,84.76539179104476,124.4945338831019,113.17971665111942,71.38937150186571,96.32271017957089,107.79672924440297,95.44529063666045
train_086,2,11695.440790172834,8557.970504618403,6536.749315987772,5687.292760739576,5436.53672346873,5293.751650990835,5127.484707954214,4645.155129275216,4964.831386585734,4884.86662843601,5104.381694533041,5048.846189194651,4225.575645180781,5296.595415424055,4817.595917810255,5363.307524138422,4949.754181090575,5393.790252055695,4573.385666534082,4355.35455436582,4030.7339674483483,4551.969410412346,3957.7321474329747,4420.786616581589,4115.210573111007,3207.026184235936,4220.572064342783,3040.7300093823405,3136.3609264065967,1064.5292604361005,719.059236484677,346.44003614738807,285.3760937309977,245.7246749650187,237.13096140391792,237.07001148942692,210.52977001667023,196.2902285447761,191.9401527518657,204.0453804411105,186.283203125,195.9338925489739,202.2072571711754,186.11199187698645,154.32588036380596,141.68750672375978,175.99666219682834,140.25384794776122,180.59293376865668,138.94141325576985,151.4085529384328,181.27783931902985,151.59366254664178,152.51271661181949,119.31239797108209,126.8306247084888,120.38695924673507,116.46078445662314,116.9004273459093,145.48319437966416,156.93592583955225,109.08694321361942,132.1553025886194,93.84501807369402,119.09489418143656,117.0429541744403,113.24357946595148,115.85640158582089,95.68500757929104,86.56188053871269,92.87134153451494,92.27066085587686,101.05503731343279,106.58518685867537,116.82452483675374,84.04438986707089,86.58687033582089,108.11696886660448,91.38028364039178,90.22334858908583,86.80067193330224,95.73868936567165,87.4633643306903,96.92524195429104,118.59417269123132,87.26622259794776,84.00644239738807,95.56190968983209,83.75932107042911,71.26442251632463,103.52069729477611,133.9369825676306,91.86341971781721,93.19898554104476,70.65263526119402,92.24381996268656,91.87915403451494,86.86360920009328,94.2642913362873,83.0170315415112,75.01011543843279,88.00943767490672,79.74799586054104,105.9447076142724,81.94339581389924,74.79076055270522,89.2681830107276,78.38651469216417,75.2368747084888,82.52834217583955,59.58308069029852,100.10727611940297,81.83603224113807,105.95211199860076,89.60693359375,83.53996618470148,60.53454407649253,75.3173973880597,83.44741138059703,72.44819846082089,67.26050169076493,63.93315648320896,79.72578270755598,47.37880422108209,59.12678550606344,57.92820079291044,37.328278043376855,54.19453999533583,53.15237290111941,68.23602932602611,61.12874591884328,88.84983529617539,79.2158057369403,67.48726096082089,87.35137301772389,80.55970149253731,64.28671583488807,80.4976897737873,83.28821711753731,92.09295563199626,50.62747784514924,62.75447105293844,71.38289266557835,42.559475571361936,70.89420329990672,77.50631850513058,59.40630101445896,55.35054949860075,78.54570895522389,70.85903247434703,74.2733791977612,74.47237202658583,82.22661351445896,85.89826259328358,83.11791627798506,71.23387943097015,59.95607655083956,62.60406949626868,73.84762709888058,68.94777576958955,91.46728515625,69.43553958722015,74.15398350046642,58.57330777751868,73.77450880363807,46.18762389225747,64.87906658115672,69.15417298274254,51.59560109608209,50.17858704524253,66.2618353544776,66.28682515158583,59.26931990438429,64.04422224813429,78.61697615438429,78.62067834654852,78.73081856343279,105.4652737290112,89.74021251166045,79.54622638759328,68.29711549673507,65.37793697527985,76.73348589085822,84.91162838152985,57.508001982276106,76.53171641791045,67.27623600746269,61.00102028917911,61.651680562033576,100.94397154850746,90.65743062033582,64.81057602611942,64.92441843516791,88.80540899020524,54.547173798973894,56.85641616138059,77.74140770755598,66.9249905258862,56.108573344216424,76.24479652518656
train_087,3,7255.876079630496,2548.1087263875934,1991.4739534748135,1466.9834640275185,1210.6631150886192,1051.2032197411381,762.0842248717352,591.1373527868471,480.04008894891876,397.9634444962687,365.6118231300098,325.5632382773641,204.4951967890583,311.5191085587687,247.8173390858209,236.76523367148727,188.91825353743425,161.82004285214552,173.6763132579291,191.40425286631088,200.91055679588177,145.10834742304104,167.48155209110746,151.8833515136989,141.40615525886193,175.3626542189228,157.3172516324627,185.82605052083287,170.3461989760399,161.27582060401122,165.30750030101237,136.70622230643656,131.71381617304104,136.7025201142724,91.87915403451494,121.7743557602612,99.38719974347015,78.81967117537314,91.03597976912314,93.62473763992537,105.40141091417911,102.9227932602612,114.89753381529852,101.67700559701494,96.3310401119403,79.06956914645522,70.85533028218279,102.19994024020524,100.98469566231344,94.44292210820896,76.75662459188429,72.20940706623132,113.16028014225746,104.68318563432835,98.57549411147389,80.63929862406721,110.32347539645524,102.74416248833955,78.57902868470148,79.6063870102612,110.62890625,93.70988805970148,86.48783669542911,95.74794484608209,90.13449597714552,85.78997347248132,80.57080806902985,70.1000830806903,102.33692135027985,86.29624825093279,71.72997318097015,80.24501515858209,69.23562121035448,88.31857072061571,118.80704874067165,78.7715426772388,85.36051918143656,78.78450034981344,71.23295388292911,71.51154384328358,89.8198096431903,46.87067834654852,61.76182077891791,62.68088998367537,83.83984375,61.74886310634328,74.86110220382463,74.97216796875,55.39034806436571,86.1629693330224,66.1498440415112,63.24177209654852,64.92349288712687,63.60921466884328,50.1341607392724,50.3201958955224,83.50849755130598,77.88764429804104,78.54478340718279,74.60472539645524,81.0326565415112,44.74562004430971,65.01604769123132,62.96410768423508,64.03033902751868,61.31107888292911,87.07278305736942,68.92463706856344,55.92624038013059,49.87870947994403,89.25985307835822,61.20741750233209,78.58828416511193,85.06989709654852,75.45900623833955,88.23249475279852,73.0146338619403,74.5714056669776,84.48957847481344,73.58847364738807,54.02053696361941,73.59310138759328,49.05867391557836,66.0878323227612,76.54559963852611,52.35269939365672,64.06828649720148,59.06477378731344,81.28718225279852,55.33666627798508,42.07911613805971,68.3850425606343,68.26287021921642,82.2006981693097,65.2844566231343,67.75381879664178,61.11393715018656,72.83877973414178,61.379569437966424,53.97611065764925,67.82508599580224,53.39764313199627,63.450020405783576,64.32188666044776,60.44661701259328,72.36860132929104,37.12743411847015,42.40861124067164,48.24604273554104,55.05807631763059,65.75648612406721,66.96340076958955,64.14233034048506,68.02685546875,66.29237843983209,97.66568038712687,55.88181407416044,70.1620947994403,61.31570662313429,65.03548420009328,72.51946565998132,63.24269764458956,67.90745977145524,64.92812062733209,61.28238689365672,60.70021717583956,76.91952104710822,60.46975571361941,54.98218137826492,66.65241662779852,64.20341651119402,77.11758832789178,46.11080340485076,62.494854827425385,57.224784281716424,80.10618295242539,83.16558200209889,83.16558200209889,89.39035535214552,60.77518656716417,66.2451754897388,58.30212220149253,67.3780462919776,66.42565735774254,59.82372318097015,70.89697994402985,39.44222976912313,39.05720178404852,71.41898903917911,72.21403480643656,70.2305853544776,65.41866108908582,74.1308447994403,46.64391907649253,52.24163362873132,54.398160564365696,52.32215630830224,61.40918697527985,61.9210150419776,73.48666336287314
train_088,2,8451.26370558276,4080.544756141172,2779.5769956316526,1864.7757426945134,1688.3088339647252,1518.2337827157617,1474.352632111578,1472.2035549790112,1257.8235353907544,1227.0749783711644,1151.0579272223943,885.4671528481725,884.337984238098,813.609597863546,943.7220720995716,907.4957432835849,925.9176753536979,878.1270022543508,937.9707014329398,974.789017645281,951.8618886310662,1004.1002742550268,1368.1755967994231,1386.7338211287315,1052.7201929804105,926.2032836390965,830.5858486365915,746.7904311925618,768.4352976804348,699.0572177696585,655.4656804346326,616.6176525078602,634.7167822994404,547.8152634786136,527.4985205806903,457.9102655666978,486.17369581692253,439.62791511194024,374.21014929173595,406.0916073927239,415.02156740515983,373.2078413216036,334.2542706389925,335.0955938083022,436.9716225133014,266.5337715718283,398.7501603311567,351.84246006296644,317.3088743295242,282.7752885960821,299.27781016791045,357.26709713152974,311.9395798818389,277.22200034981336,279.07867999930875,248.6995907532635,260.21320399953356,315.9635902518657,347.9912546641791,323.2680456709506,253.917626224347,256.2194642024254,262.3551265508382,239.62994111473884,222.09541833756575,253.27346749714954,223.67441843516792,255.73149600046787,292.85078186152583,256.10097134380203,258.91928783815297,262.0078416511194,206.13805970149252,234.90296288479618,241.73093516791045,226.2215417837029,222.01489565799486,218.0980066274529,200.08881396144184,228.26053168791444,224.2047347533169,204.22844970849027,208.51118001831108,227.6551854201217,199.82950911415153,223.4782249598361,207.82625932835822,237.30701991604337,211.06197527985077,219.4779836170709,242.2261033698694,216.85312937266792,243.61720207555973,243.35989972014926,227.26369373833955,232.59577600279852,238.12407445195896,198.90397621268656,207.05155290863408,216.0210616837687,209.22288861292512,192.7389007112873,175.6644055896731,163.5785841301306,183.97767809433725,177.63045887359934,174.78604535914178,172.09917939598878,192.62320720615668,216.71334890910046,198.7234943446828,186.3970606736283,167.576026119403,257.8095330275706,242.3899253731343,220.6747172341418,191.2286106926292,176.2502623600746,176.55200616103497,192.57879603976633,204.10185401119404,184.13408057369404,220.8154005363806,200.6014313199627,222.24444671175374,233.63704025834355,227.46733701673907,193.35810749032603,176.79554641246796,206.0381156526395,197.13245455275722,201.93794540060097,158.46215455923507,191.09348067863667,230.01810199911918,200.01000612173507,191.29320981075517,213.61833896921644,178.88438722446784,216.38942980410448,199.25403775652842,181.00571305538293,196.97605964319027,187.65671641791045,154.4434249650187,136.9903655550373,166.48387943097015,183.476031056091,143.32481634794775,168.30167092316185,168.22113310401122,167.07715572527985,158.76943650886193,181.46387447527985,195.4951827775187,185.23363164645522,181.81280608675374,184.51631677506575,197.8470230591831,149.4399122551306,185.9499906906441,179.49893598414178,223.10242974580223,190.4945829679717,198.524516655438,154.69611471980366,184.6125662015445,174.464895328479,175.03779442630596,209.61166420890322,189.63181322813034,191.13214931203356,185.41596461054104,160.93985423490182,156.1991895988806,187.0763977961754,184.57279034514923,208.34364068330225,196.51327048308815,162.7742828824627,195.3063861167253,160.80478477922838,190.44433086131934,165.2510645798783,184.1831346198694,213.96192167677097,218.27860961209484,240.74615205223884,188.61373309235077,198.28013412365274,180.42726066930973,222.15927358260794,185.88429191930973,204.21199422807834,170.6645799323694,170.78120655533093,205.1495971030264,144.36698344216416,172.42404675839552,204.60999502530737
train_089,2,4487.065111800805,6549.905176959822,3613.4147865727764,2093.6969037296167,1431.909145267152,1131.3500965282099,1125.1146642361111,977.7628337803171,844.605041546608,709.8102273407267,721.0324973383947,660.4589288483807,562.8193152022005,571.6453413216036,495.2339158698694,439.3548784398321,462.3677049323694,377.04516349977524,368.34963965415955,346.97520729943886,350.7299815967901,311.60613278399654,294.5251058375657,277.88006500699623,231.3018749809977,235.9916117653918,221.02920213386193,221.52251923973878,191.50236852845148,183.42142372166933,171.83169601212688,188.50636951958955,129.39624387826493,160.99352845149252,143.2859433302239,148.32276819979967,141.3311782977474,147.33984375,147.9321944962687,144.28731818252533,150.980031765219,143.33592292444027,148.63931319962688,146.15521038557168,125.5876136893657,136.98481226679104,119.75666103078358,121.0801947294776,121.40783873600746,115.38066989272389,130.8308433418843,104.22781599813429,144.2327789762127,103.46608996035448,85.32164616371269,93.82280492070896,101.46968283582089,97.82487465018656,95.45547166511193,111.77288362873132,96.9696682602612,113.00478807136193,117.6195706040112,119.12728836287313,93.48405433768656,109.93659631529852,111.25180008162313,91.58760640158582,95.08340135261193,79.51660885027985,91.35066610307835,84.9912255130597,84.82277576958955,63.50555328824627,83.08552209654852,71.81142140858209,60.23096431902985,82.29510406949626,49.039237406716424,92.77230789412314,82.43393627565297,101.49374708488807,71.03303550606344,66.72646047108209,45.888671875,80.12747055736942,125.34974784281721,116.27567484841417,75.34794047341417,57.381201900652975,71.11170708955224,86.9052588619403,76.26515858208955,80.18392898787314,91.28402664412313,70.66744402985076,88.9701565415112,79.16582614272389,58.93797370569029,50.79129984841417,87.41893802472015,58.293792269123145,76.42898058535448,81.41305678638058,63.59625699626868,81.2001807369403,61.93952600279852,83.72415024486942,76.63260115438429,62.76326375932836,58.80006704757463,74.86572994402985,62.38471461054104,67.74086112406721,87.56702571128731,88.56291540345148,76.23091330457089,72.14461870335822,99.29834713152985,92.55572965251868,76.76773116837686,71.8882418959888,78.20880946828358,103.94274720149254,68.08053725513058,72.3408348880597,70.14821157882463,75.94862115205224,57.906913187966424,64.63564744636193,68.59421641791045,83.02536147388058,71.87898641557835,83.27340834888058,83.99441027285448,54.13067718050373,76.61409019356344,45.45551539179104,66.34883687033583,79.43330952658582,47.40379401819029,78.57162430037314,69.07365030317165,93.51922516324626,75.11747901119402,67.59740117770522,88.99144414645524,79.48606576492537,58.1290447178172,63.8480060634328,70.56563374533583,50.826470673973894,83.34467554804104,94.39016586986942,58.3863470732276,44.873345673973894,78.56144327192165,52.349922749533576,62.45505626166044,53.36247230643656,86.25367304104478,76.6011325209888,59.89313928404852,67.88987435867537,79.7757623017724,47.7490234375,76.58169601212687,54.6702716884328,72.38063345382463,55.94845353311571,67.80657503498132,81.22239388992539,64.08402081389924,54.14918814132463,76.04395260027985,60.96770055970148,65.34693111590485,69.72616167210822,46.29776410914179,78.23935255363807,65.18634853078358,75.36182369402985,60.40311625466417,53.27917298274253,45.09362610774253,79.4990234375,66.29608063199626,79.73874038013058,54.61658990205224,78.77617041744402,59.8079888642724,39.117362406716424,53.27639633861941,68.4775973647388,75.4229098647388,70.66929512593279,81.28533115671642,53.29305620335821,55.71614097481344,73.99016149720148
train_090,4,10522.771331331624,4209.490704741052,3509.0763761703643,2562.3798651793113,2032.8060993552208,1829.529947743487,1190.0455463679868,992.505918805279,1044.8725014195513,1384.7124696258288,1597.098866303465,2271.9511062849815,1645.6958128632004,1384.3172757518826,923.7228300286763,717.8467004227995,710.958923297142,530.8879077861558,470.63843250630504,386.5875032446277,353.6859473764007,302.3526170164792,199.81473062465437,222.36755974079247,144.0347116954291,131.16589173274252,154.77014342350748,85.83532532649254,126.25956156716418,102.00927734375,134.6459523670709,175.92168523571385,106.14184934701493,181.24914732975748,136.6608704524254,112.41243732509328,108.81483208955224,129.16855906016792,97.0770318330224,93.4803521455224,95.47768481809703,78.40224900886193,67.59832672574626,79.99048944729476,66.69684293376868,70.1519137709888,74.62045971315297,77.79046175373132,55.27095236707089,78.4799950443097,56.31219391324627,41.88475104944029,49.694525419776106,37.62260232042911,41.84772912779852,33.64274574393656,54.91739301539179,23.49781366604476,40.755582439365696,35.41794688666044,42.023583255597025,35.4420111357276,48.34229973180971,41.21557981576492,44.30413362873132,55.380167035914184,12.764233034048521,36.65633016557836,38.26123046875,52.2138671875,29.50184380830224,43.304541744402975,39.67269123134328,23.85970295009328,31.40384503264924,17.402154267723894,23.83378760494403,62.758636019123145,23.09427472014924,46.3560736357276,19.167174381996265,22.311261077425375,20.482378148320894,25.47108208955224,62.713284165111936,57.71995248367537,46.148750874533576,34.3831841767724,38.529639400652975,41.2664849580224,8.375284223414173,31.864767957089562,32.761624008861936,48.64773058535448,50.39423973880597,28.940036147388067,7.22575355643656,39.59587074393656,35.00885465251868,25.23876953125,12.319969974347027,54.30653130830224,51.88020711870336,49.45388292910448,42.97412109375,30.806866546175375,54.10105964319029,51.84920125932836,49.06978049207089,42.05875408115672,50.164703824626855,29.091826026119413,47.97115496735076,44.49016878498132,58.86022767024253,48.00540024486941,50.931057602611936,46.85957177005597,-9.406344741138067,53.85856605643656,20.64249795942164,68.2295504897388,53.48834684001868,19.12922691231344,32.09985715951492,33.19200384794776,25.488667502332092,24.407627390391788,32.55152460354477,39.68657445195896,29.02240992304104,16.65153480643656,53.01816843516791,40.567696187033576,43.447076142723894,37.745700209888064,27.93674207089552,54.992362406716424,56.60559264225747,33.60479827425373,32.536715834888064,33.09297020755597,26.23836141557836,22.07524632695896,40.27799965018656,18.19905113106344,40.109549906716424,18.82194496268656,32.95321245335821,27.945072003264933,22.4551837978078,21.580078125,46.44585179570896,15.887032124533572,41.58857567630597,27.74885581856344,35.03106780550373,36.18059847248132,25.16102349580224,5.67546058768656,32.762549556902975,35.54567251632463,41.92362406716417,33.164237406716424,45.91458722014925,37.86139371501868,44.591053521455244,34.21658552938429,28.784544076492534,39.63011602145523,37.17556261660448,49.29283756996269,56.852713969216424,35.19026206856344,61.22037517490672,62.71235861707089,64.72820225046642,56.89066143889924,48.330267607276106,49.86204961520523,59.235074626865696,62.397672283115696,30.224696828358212,30.320953824626866,33.33268715018656,55.395901352611936,27.87287925606344,41.46362669076492,43.57202512826492,36.094522504664184,65.09101708255598,49.71766412080224,45.72484987173507,21.9142009678172,18.318446828358212,23.76066930970148,25.64138292910448,23.000794368003735,48.99666219682836,33.23828125
train_091,2,7488.8968487195125,4634.819727048055,1407.8112661091252,540.2849970468835,433.88303842117534,204.29250176806946,173.74017607276122,152.12585267024252,121.74473822294776,82.09148350046642,95.25370219216417,72.79713007229478,66.55152810642969,101.66219682835822,38.99148787313429,70.74426451725746,41.47010552705224,49.80096344449627,46.685572523234505,53.25973647388059,55.33666627798508,40.34463910914179,58.52517927938429,42.99540869869403,19.77433389692164,51.18650886194029,31.072498833955226,47.58982917444029,46.94194554570896,17.31700384794776,29.84799877565297,27.87287925606344,31.10396746735076,42.39472802005597,22.500998425839562,55.25244140625,35.08567513992537,30.34501807369403,33.05039499766791,32.25349813432836,33.84266412080224,32.978202250466424,41.45159456623132,25.61176539179104,35.039397737873145,43.72474055503732,15.43443913246268,22.581521105410438,11.638766616138067,46.97989301539179,24.82597510494403,27.09634444962685,30.250612173507466,38.22420854710821,7.149858617070893,15.874074451958961,37.132061858675385,15.1762112290112,16.190611881996265,10.667866721082094,21.597663537779855,25.2720892607276,43.6275580107276,39.53293347714552,14.284908465485067,21.144144997667908,13.17887855643656,78.76228719682835,30.640267898787307,24.032780433768682,-4.880414820429107,36.83033319729477,35.06716417910448,21.83552938432836,19.600330865205226,15.754678754664187,22.217780725279855,19.23844158115672,7.562653043376867,49.94442339085821,47.40194292210821,48.51445166744403,10.219901469216428,42.272555678638064,59.89961812033583,23.33676830690297,9.980184526585827,29.091826026119413,38.16219682835821,13.69533436333956,21.635611007462693,16.379423682369413,21.482895580690293,20.103828999533572,30.21451579990672,11.733172516324627,38.75732421875,42.92043930736941,33.233653509794756,25.89035535214552,-1.760392374067202,20.396302180503735,-3.386580282182798,35.06438753498132,18.9376384678172,28.10704291044776,171.97052821828356,64.66896717583955,30.888314773787307,19.22455836054104,21.19412459188429,29.6869534165112,9.501676189365709,21.180241371268682,32.85880655317164,8.865824685167906,5.44962686567164,19.539244694496265,16.99861532182836,11.427741662779853,29.021484375,9.722882171175373,10.298573052705226,21.9688083022388,27.84233617070896,5.26359170942164,35.794644939365696,38.05298215951492,33.55389313199627,-3.978931028451479,24.59273699860076,28.18941668610076,9.901512943097027,19.824313491138067,18.29623367537315,31.095637534981318,3.6170417444029725,17.662233267257466,38.56018248600747,28.09130859375,-1.9168099930037334,24.723239272388067,-8.290133803638067,37.49210004664179,35.41609579057836,25.74967204990672,10.166219682835827,20.41203649720148,0.22028043376868134,10.974223122667906,1.6493266091417864,3.429155492070893,28.172756821361933,2.212985366138067,36.57580748600747,20.772074685167908,28.71050023320896,29.173274253731318,2.48787313432836,5.068301072761201,-0.5136791627798535,21.891987814832092,0.030543085354480137,13.221453766324613,12.0756252915112,4.966490788246267,29.41576784048508,29.84799877565297,43.551663071361936,18.47856663945896,10.602152810167906,15.43351358442164,23.99390741604476,26.103231401585827,37.96135290345148,21.139517257462693,3.911366021455227,11.70448052705224,8.166110366138067,15.57419688666044,3.853056494869414,-1.8048186800373063,16.77463269589552,-3.6559147621268666,18.236998600746265,1.8399895055970275,18.475789995335827,8.865824685167906,19.29582555970148,11.991400419776106,14.943898670708961,5.8291015625,20.163064074160438,34.6266033115672,8.002288362873147,22.07709742304104,4.415789703824626,28.1533203125,2.579502390391786,20.984950734608212
train_092,2,7248.305535702562,2615.863410173957,809.9498370832472,551.5201641588068,395.57277661561966,275.5559987363531,245.6570910335477,184.77456360299195,195.3998475443961,151.75008016557834,102.63957177480654,105.29497288945896,107.25621297332773,97.25751370102611,71.77625436791735,147.29449189598878,89.38480206389924,117.34931057602611,73.8198644425442,69.59936537538002,47.16593195653673,40.76946565998132,59.16750961986941,76.52986532182835,33.60387651110762,78.78542589785448,49.411307719216424,44.59475571361941,37.46525915345148,38.88042210820896,57.756048857276106,52.17777081389924,35.52901265158583,39.95313228777985,62.52632346082089,41.96897592117537,20.7452337919776,35.9427326259328,30.25153772154852,21.388489680503735,33.39377332089552,43.923733383861936,26.026410914179106,21.89013671875,39.75691610307836,37.53189861240672,34.3304279384328,20.0131252915112,25.89961083255597,3.6096373600746268,13.716621968283572,30.02848064365672,40.77872114039179,24.50851212686571,30.093731780550375,34.67935954990672,23.84489418143656,22.485264109141788,22.53154151119403,25.955143715018682,7.661686683768681,17.354951317630587,36.12691668610076,12.425482451026106,29.756369519589562,33.09944904384328,8.964858325559707,26.79924352845148,42.50024049673507,14.78933214785448,34.40354623367537,37.93358646222015,29.33246851679104,23.59407066231344,27.20741021455224,20.483303696361933,19.799323694029855,41.88845324160448,16.984732101212693,4.600899312033572,40.327979244402975,26.63449597714552,12.103391732742534,23.71068971548508,29.72397533815297,9.923726096082094,33.97779413479477,27.58133162313429,5.607895580690293,14.38671875,10.59474842583956,7.229455748600761,16.7265041977612,4.88874475279852,-6.949014692164173,34.77839319029852,8.8056640625,17.726096082089562,20.72672283115672,3.9095149253731476,11.904398903917906,16.77463269589552,17.98987727378732,-6.762053987873133,13.018758745335827,7.61263263759328,34.8792779267724,21.45698023554104,18.28327600279852,15.825945953824613,22.157620102611933,28.5633380946828,30.15990846548508,0.6145638992537334,6.0910316581156945,7.353479186100761,1.9057034165112003,18.83120044309703,19.396710296175375,6.491793959888067,9.071296350279853,13.57131092583956,10.814103311567202,37.58928259095148,14.830981809701479,7.985628498134291,21.730942455690293,11.2074612290112,20.98124854244403,18.591483500466428,5.32375233208956,33.99723064365672,14.068330223880587,34.2138088852612,23.22477699393656,26.66781570662315,13.82120889692164,15.379831798041039,30.03403393190297,15.526993936567202,-3.9363558185634404,-0.5951273903917864,10.90665811567164,-0.5284879314365596,22.64168172807836,2.2916569496268666,27.31662488339552,32.4654486357276,1.0847423041044801,-1.630815648320893,19.7650784165112,6.839800023320893,15.09846519356344,-13.0391208022388,12.528218283582094,30.26171875,38.43708459654852,22.504700618003735,26.06713502798508,34.1397650419776,13.747165053638067,31.92955631996268,36.077862639925385,17.0078708022388,23.228479186100746,53.75953241604477,21.357021047108212,16.75797283115672,7.5765362639925335,0.28691989272389407,13.167771979944026,-13.542618936567202,7.93842554804104,9.764531833022401,-1.229127798507467,5.14697265625,28.768809759794774,17.10505334654852,24.654748717350746,35.60213094682836,6.825916802705227,1.72059380830224,39.6588080107276,-3.4856139225746126,19.9844333022388,13.93782795009328,17.117085471082092,27.476744694496265,27.12873863106344,7.4830559118470275,12.478238689365709,21.325552413712693,16.5858208955224,24.73527139692164,35.92977495335821,15.566792502332094,11.558243936567202,5.113652926772401,34.622901119402975,37.60501690764924
train_093,3,4672.144479716002,2150.210571894005,1811.202981738012,1689.0445916688263,1086.1316652609341,1014.6515143531473,937.1211240291595,883.8150420251177,678.6192583575178,726.7267111201784,611.8955745305587,625.3613124214,650.5427585324245,562.7230279267725,625.7380710324244,479.9021822908032,479.8515799401411,424.15645405783584,314.2385730876851,500.6909471198694,577.9454862786763,433.79668994092225,424.7654646688433,387.5593589668843,291.8789791277986,197.589697994403,306.03521370620865,149.08358382911823,154.9802503986145,227.39974930037312,189.55964319029852,97.00206244169776,142.81298828125,112.56145055970148,101.26883891091418,77.15738689365672,101.58537634095148,67.51039966184703,93.3628075443097,108.47700705457089,86.01117945429104,88.09736473880598,91.16833313899254,79.08345236707089,80.34312325093279,101.07817601445896,109.99305474580224,53.50315560867537,49.87500728777985,73.02203824626868,79.76743236940297,70.91363980876868,57.31456244169776,57.59407795009328,47.38343196128731,54.990511310634304,27.050067047574625,56.52229331856344,61.53043376865672,53.952971956623145,44.11994956856344,56.49637797341417,60.44754256063429,53.74935138759328,81.1668610074627,63.50832993236941,56.75090368470148,66.53394647854478,44.78541861007463,69.06902256296642,69.1699072994403,62.8419353428172,60.441989272388064,42.65665811567164,55.62451171875,46.84661409748132,75.5136135727612,44.66602291277985,37.18204145289179,24.471490205223894,43.49150244869403,40.2742974580224,42.04579640858209,59.04070953824627,44.26340951492537,54.779486357276106,44.82336607975747,54.45091680270523,33.65755451259328,41.58394793610076,67.43080253031721,30.531978777985067,61.37031395755597,19.444838794309707,43.03335616837687,43.79600775419776,43.79878439832089,56.22334130130597,40.19655142257463,42.27903451492537,26.717795300839562,42.17074539412313,48.50612173507463,46.13209100979477,34.29895930503731,15.003133745335813,36.8183010727612,19.728982042910438,37.29958605410448,42.84176772388059,31.9073431669776,40.91385115438429,32.33494636194029,41.68205602845148,27.24350658815297,58.02815998134328,45.84424556902985,34.478515625,51.46047108208956,37.91414995335821,13.1631442397388,28.457825618003735,25.770034106809707,44.00147941930971,30.491254664179106,42.714042094216424,16.948635727611933,16.948635727611933,30.35612465018656,17.03748833955224,0.46555066464551986,40.417757404384304,42.92321595149253,23.686625466417908,67.3780462919776,6.778713852611933,22.5889254897388,13.203868353544774,57.2081244169776,36.33238835121268,39.14512884794776,29.65548478311571,26.75666831856344,31.21225658815297,28.62720090951492,11.986772679570894,37.599463619402975,30.442200618003735,48.91243732509328,47.37139983675373,34.45167473180971,43.93576550839552,20.2445123017724,18.203678871268682,-0.6016062266791068,28.724383453824625,31.98323810634328,10.407787721548521,14.004467409048521,26.14858325559703,21.00808943563429,2.034354594216427,35.7974215834888,57.80232625932836,26.381821361940293,32.03321770055971,4.70548624067164,11.117683069029853,34.21473443330224,23.622762651585827,18.84693475979476,25.0906818446828,61.82105585354477,23.170169659514933,24.977764983675375,24.27712511660448,37.11725309001868,73.23676539179104,31.296481459888067,54.928499591884304,47.94523962220148,77.70808797807835,52.05837511660448,34.63770988805971,34.89778888759328,15.34651206856344,28.531869461287307,25.381303929570894,40.14657182835821,26.38459800606344,13.160367595615709,30.954954232742534,6.9564190764925335,19.478158523787307,19.459647562966428,33.527977786847025,48.01928346548507,24.283603952891788,19.788217117537307,4.65828329057836
train_094,3,7821.630640741605,3069.380129468975,1691.8794847602276,758.0250436761485,610.2971530636745,447.1951958955224,467.42424639303294,301.1150381689641,306.19445338800773,263.9607480177239,290.8727040228559,234.64679046175374,287.8934330068418,278.9287109375,284.94477320429104,223.44303142490668,160.30954844916045,201.93144385494404,128.51789878731344,120.71552880130598,106.61572994402985,101.54372667910448,121.53093662546642,89.31538596082089,105.87621705923507,111.12407445195896,110.09116283815297,111.47208051539178,97.53240146921642,115.18815590018656,111.84137418376868,88.35189045009328,86.52578416511193,65.20856168376868,88.38428463152985,44.65954407649253,79.63322790345148,52.7386529267724,85.03009853078358,69.68173536613807,41.84310138759328,59.829276469216424,36.13709771455224,45.60637972248132,71.38104156949626,57.527438491138064,50.81721519356344,55.74205631996269,48.09980614505597,47.72681028451492,55.78925927005597,46.81329436800373,58.91761164878732,36.59524399486941,60.1180474580224,47.44914587220148,74.39832818330224,46.57635406949627,68.58866312966418,41.10081185867537,45.96364126632463,38.79434614039179,56.12615875699627,55.35517723880597,59.47016382929104,68.97831885494402,36.70075647154852,37.2357232392724,71.5615234375,50.05363805970148,44.13753498134328,40.16600833722015,46.41253206623132,30.4024020522388,38.68790811567164,20.180649486940293,43.11110220382463,38.79712278451492,46.13671875,26.09212482509328,25.83759911380597,31.63985978311571,22.86196216184703,52.44432864972015,50.56454057835821,26.785360307835827,41.97915694962687,33.32991050606344,19.917793843283572,34.72008366371268,32.303477728544756,26.56230322994403,40.10769881063429,50.23041773554104,22.297377856809707,43.28788187966417,28.79379955690297,46.81144327192164,36.23705690298507,40.846286147388064,23.67366779384328,37.10429541744403,45.16952104710821,46.821624300373145,31.369599755130587,41.8292181669776,58.11978923740672,31.9027154267724,47.87027023087687,74.10585500233209,72.05113835121269,51.05322994402985,35.079196303638064,50.83850279850747,31.484367712220145,48.8272869053172,35.01533348880597,41.07397096548508,19.7197265625,13.475053929570894,33.98149632695896,34.91907649253731,28.612392140858212,40.5223443330224,54.35651090251868,51.56135581856344,49.92035914179104,46.87438053871269,29.908159398320894,30.434796233675375,34.52571857509328,40.356671233675385,52.38694467117537,51.02268685867537,47.95356955457089,26.4410564365672,41.5024997084888,48.13867916277985,45.75446740904852,35.45311771222015,66.07024690998132,42.093924906716424,55.1737698227612,40.13731634794776,37.74014692164179,48.5172283115672,39.295067630597025,23.397854477611933,44.81596169542911,45.18525536380597,41.42660476912313,31.5806247084888,43.94502098880597,36.83125874533583,20.735052763526106,58.60755305503731,43.60534485774253,46.85957177005597,43.30176510027985,42.80289470615672,63.98591272154852,44.7965251865672,36.504540286847025,42.32160972481344,42.01617887126868,39.25341796875,67.0966796875,55.60600075792911,37.62260232042911,37.65684759794776,26.947331215018682,39.9114826259328,56.5713473647388,39.71434089319029,50.71910710121269,42.55855002332089,44.05423565764925,40.86757375233209,66.22573898087686,30.35612465018656,45.96641791044776,50.44792152518656,54.82021047108209,50.155448344216424,50.20357684235076,34.33227903451492,47.72310809235076,34.23046875,29.89057398554104,42.048573052705244,51.28461695429104,30.06087482509328,45.65913596082089,72.82211986940297,48.85968108675373,30.99567834654852,63.00205515391791,54.2982013759328,40.87497813666044,42.40583459654852
train_095,3,6181.092609855666,1346.6353248099786,890.8316349714104,435.0279451328427,335.0669169586095,190.22511223180973,143.2007966953427,164.40786382022185,103.57067688899254,80.10895959654852,112.77340106110076,118.19711636651807,96.22182544309703,85.49102145522389,63.43891382929104,59.94127156707774,39.73840135736253,36.77387476679104,46.16263409514924,29.202891791044774,34.498877681902975,24.915753264925375,19.930751515858212,32.68758016557836,24.900944496268682,19.64198052705224,-0.33782503498131866,8.080959946361933,11.00754285214552,15.59548449160448,35.075494111473894,49.72044076492537,19.995539878731318,10.703037546641786,2.150973647388067,17.716840601679106,31.838852611940293,18.341585529384304,15.312266791044774,24.149399486940293,6.5325180736940265,26.143955515391788,10.932573460820894,4.850797283115709,15.067922108208961,9.203649720149238,32.78291161380597,12.580048973880587,8.146673857276106,11.019574976679106,5.349667677238799,32.31458430503731,15.821318213619413,19.963145697294774,-3.8863762243470275,5.2821026702425335,-2.1019196012126797,1.1726693680037334,4.693454116138067,9.597933185634306,1.9991837686567202,23.446908523787307,21.92623309235076,19.90576171875,-1.0014429804104394,27.964508512126866,4.749912546641786,-5.5727247551305865,6.524188141324626,-9.245299381996267,56.453802763526106,-5.625480993470147,9.791372726212694,8.435444846082094,22.91471840018656,1.8261062849813188,8.5122653334888,27.41195633162315,12.864192222481318,13.59630072294776,-4.027985074626852,6.895332905783572,14.55054075326492,17.882513701026106,5.755057719216428,35.64933389692164,24.49462890625,21.5634182602612,11.497157765858214,17.38549440298508,33.474296000466424,21.815167327425375,11.399975221548521,-1.031060517723894,3.1450122434701466,-3.99929308535448,-0.48683826958956045,22.23258949393656,18.412852728544774,38.5546291977612,8.684417269123147,7.92269123134328,15.090135261194026,19.5670111357276,3.0783727845149196,36.049170650652975,28.610541044776106,3.6059351679104394,34.89501224347016,26.28278772154852,22.22611065764924,17.836236298973894,3.2893977378731476,3.2079495102612006,23.36360920009328,0.5257112873134404,19.81413246268656,30.532904326026106,32.412692397388064,6.373323810634291,17.416037488339562,7.1230177238805865,11.79796087919776,14.414485191231318,-1.984375,10.336520522388067,3.6429570895522403,35.954764750466424,15.55013263759328,13.3158596665112,41.47103107509328,-0.4849871735074669,39.41261223180971,5.88370889692164,-6.45014429804104,29.01407999067164,12.811435984141786,23.23866021455224,11.58878702192164,7.382171175373148,10.255072294776106,10.295796408582094,3.492092758861933,7.414565356809707,19.38375262360076,-7.195210471082094,29.953511252332092,15.319671175373147,7.776454640858214,16.114716942630587,9.959822469682798,19.107939307369413,22.528764867070894,29.6795490321828,22.797173798973894,39.947578999533576,28.49299644356344,-6.9045883861940265,20.99235511893656,11.222269997667906,23.992981868003735,11.490678929570894,0.34060167910448014,23.073912663246265,6.8620131763059735,19.366167210820894,4.2251268073694135,9.883001982276106,0.6710223297574669,2.4675110774253732,29.213072819496265,3.826215601679107,8.639065415111933,32.75699626865672,11.15285389458956,17.834385202891788,24.719537080223894,25.530779938199625,20.1778728428172,6.290950034981319,20.134372084888067,18.1361138642724,1.2152445778917864,10.282838736007466,17.919535622667908,3.5374446128731476,21.839231576492534,9.469282007929106,5.594012360074626,-1.4864301539179063,-5.605118936567202,14.762491254664173,5.5301495452425335,10.851125233208961,12.705923507462694,4.312128323227599,38.44078678871268,18.26106284981344,15.073475396455226,35.75114418143656
train_096,2,9300.541884607343,6425.568165207087,1781.9478181751804,855.6886307339171,757.4462733589,462.5241426620911,409.9161762826478,332.52442135027974,892.6087420911932,374.64518715018664,369.0798667793843,317.49261075525146,200.9846082089552,184.62832322761193,192.03272269554992,172.0252036808142,147.32873717350748,138.05937732733898,249.8191632423828,100.8143948227612,111.52020522863117,104.22596490205224,116.29326026119402,83.3798501584957,95.00658086520524,58.72972539645523,92.72510494402985,84.44607771688429,55.81517461520523,82.89393365205224,61.77292735541044,84.21376515858209,70.18338240438429,93.41278713852611,65.25669018190297,95.53044105643656,63.94703970382463,60.23096431902985,62.02004868236941,47.05301131063429,46.901221431902975,59.91720353311571,49.322455107276106,71.72349434468279,124.03269298041045,74.25209159281721,72.64719128964552,88.86371851679104,83.25952512826493,43.02595178404852,97.68604244402985,77.27770813899254,58.2669513759328,57.99576579990672,50.055489155783576,48.00540024486941,48.578314482276106,47.7490234375,50.67005305503731,55.84664324860076,145.20182777518656,71.95858354710822,62.02004868236941,76.7251559584888,58.41966680270523,56.055817105876855,28.1366604477612,102.35913450326493,43.636813491138064,26.050475163246265,37.868798099347025,94.5817543143657,39.5921685517724,47.13075734608209,39.606051772388064,41.42567922108209,52.58501195195896,49.16881413246268,34.03980585354477,32.74126195195896,28.15239476445896,45.01310342817164,46.94287109375,45.163967758861936,48.49686625466417,14.161810576026106,39.73933069029852,23.917086928638067,24.74267578125,35.37629722481344,13.189059584888067,34.56551714085821,33.13554541744403,39.48295388292911,31.954546117070894,33.07075705457089,8.389167444029853,176.91108852180082,69.76781133395522,53.45687820662313,33.30121851679104,52.26107013759328,61.94137709888059,33.5196478544776,15.0521877915112,38.99426451725747,44.39576288479477,17.614104769123134,52.481350571361936,90.90640304337686,42.6399982509328,22.42602903451492,8.694598297574627,22.558382404384304,31.7666598647388,33.59646834188429,19.7030666977612,27.40177530317164,33.24198344216417,19.64753381529852,41.72278014225747,19.815983558768682,34.55070837220148,56.34643919076493,45.1898831040112,62.62443155317164,68.87002973414178,16.331295184235067,0.8801961870335728,34.10459421641791,41.260931669776106,41.297028043376855,42.48219230993471,43.66735657649253,6.981408873600761,40.514014400652975,11.362027751865694,40.16508278917911,33.3243572178172,45.30835325326492,27.30551830690297,37.37085325326492,133.07528220183815,31.236320837220145,10.163443038712694,22.762002973414187,97.78692718050374,32.657037080223894,21.630057719216428,67.08187091884328,34.64696536847015,26.886245044309707,39.02665869869403,36.10933127332089,61.95711141557836,28.22273641557836,35.261529267723894,20.193607159514933,38.70179133628731,22.767556261660438,38.00577920942164,23.46079174440297,30.335299819263067,37.20980789412313,30.376486707089562,23.46264284048508,8.925985307835827,20.16861736240672,34.977386019123145,37.912298857276106,29.42409777285448,27.845112814832092,21.52269414645524,61.23610949160448,34.40632287779852,30.825377506996265,29.21770055970148,14.223822294776106,30.404253148320894,26.777955923507466,23.47189832089552,32.72367653917911,40.81296641791044,45.6165607509328,28.141288187966428,17.26147096548508,45.3592583955224,35.83351795708956,38.51020289179104,41.18688782649253,28.314365671641788,55.08214056669776,38.05298215951492,30.888314773787307,45.451813199626855,42.3919513759328,35.93255159748132,31.174309118470145,31.9693548857276,33.73807719216417
train_097,3,11097.653967188364,5892.308300027207,3203.038620483519,3619.523085712497,2880.037990068322,1920.1317243647218,1729.7161384812043,1291.8355899426474,1377.523692572295,598.1122828241604,525.6604124503348,273.6068097014925,184.1145759367231,196.51705594294106,163.5684031016791,151.0984943446828,120.75162517490672,128.72522154850748,118.44515945662313,125.66073198460822,106.48892986240672,87.29954232742537,85.89456040111942,98.22841359608209,63.23344216417911,68.44335208722015,74.97587016091417,78.66232800839552,59.75708372201492,53.64939219916044,61.20556640625,41.57932019589552,30.723567222481318,20.103828999533572,34.25175635494403,33.96391091417911,26.60025069962685,48.636624008861936,19.6864068330224,31.600986765391788,15.077177588619413,34.05091243003731,18.78307194496268,37.57262272621269,20.84334188432836,16.3470295009328,15.399268306902973,29.34542618936571,41.98748688199627,29.13255013992539,19.444838794309707,32.51635377798508,22.8536322294776,10.228231401585827,40.65747434701492,29.790614797108212,14.880035855876868,15.02164470615672,25.52291277985076,4.446332789179107,25.11382054570896,24.885210179570894,30.45793493470148,35.947360366138064,31.36219537080224,16.475680678638067,13.7666015625,13.792516907649238,31.210405492070894,30.66618324393656,19.646608267257466,41.43400915345148,23.45061071595148,2.6137476679104394,14.80599201259328,23.339544951026106,22.57874446128732,29.489811683768682,12.552282532649253,20.915534631529855,6.177107625932798,8.245707497667906,2.468436625466427,14.302493878264933,8.035608092350762,33.14850309001868,18.7654865321828,10.585492945429106,-6.725032066231319,19.235664937033572,18.669229535914173,25.758001982276106,18.99132025419776,12.33107655083956,7.74406045942164,22.73701317630597,23.135924381996265,23.927267957089562,18.35546875,22.56208459654852,14.79025769589552,19.003352378731318,39.88649282882463,70.73038129664178,29.091826026119413,34.90982101212687,7.190582730876867,32.806975862873145,33.536307719216424,15.20767986240672,9.871895405783572,3.9474623950559735,1.4781002215485208,10.481831564832094,12.213531949626853,18.61832439365672,31.21318213619403,19.72990759095148,36.8803127915112,20.14640420942164,3.7956725163246268,57.496895405783576,37.82899953358209,22.087278451492534,38.052056611473894,14.218269006529853,8.596490205223894,5.730067922108214,39.26452454524253,43.270296466884304,38.00485366138059,27.276826317630587,3.75217175839552,10.705814190764933,24.259539703824625,-0.44703970382462666,13.368615904850762,14.684745219216428,-8.474317863805974,30.43757287779852,6.89348180970148,13.306604186100762,8.096694263059707,5.922581914645519,-11.96826171875,18.8136150303172,23.773626982276106,5.474616662779853,1.450333780317202,25.4581244169776,11.916431028451479,11.138045125932798,22.640756180037307,24.300263817630587,34.54793172807836,10.623440415111933,13.16129314365672,21.30056261660448,21.442171466884304,29.198264050839562,25.75059759794776,40.257637593283576,31.00493382695896,15.630655317164173,-1.2541175956156945,27.66185430270524,17.98247288945896,24.37800985307836,37.691092875466424,25.164725687966428,44.822440531716424,32.66999475279852,22.24832381063429,16.591374183768682,8.602043493470147,20.534208838619413,4.780455631996267,35.02921670942164,25.86629110307836,1.5447396805037334,16.675599055503735,8.404901760727599,0.13420446595147928,37.13668959888059,10.659536788712694,-5.71433360541044,32.03506879664179,10.999212919776106,12.188542152518682,18.20552996735076,20.75356372434703,12.973406891324627,19.99831652285448,22.863813257929106,13.970222131529853,20.16398962220148,23.085944787779855,29.412065648320894,11.099172108208961,16.18968633395524
train_098,1,8694.811993195051,3764.806785623529,3704.6809098729445,3069.847932428566,2608.658079232743,2217.952843032666,1578.8586065920429,643.7371583678829,503.30006704757466,466.11429312335923,301.9563234893244,331.7423559649667,276.050241390271,240.8970163829291,237.34752450594263,228.42709248635302,188.41751690764926,174.80363077192166,113.75910972481344,140.38897039196385,101.28549877565297,70.86180911847015,84.57935663479476,66.63853340718279,66.30626166044776,48.36728952891791,84.9625335237873,72.85821624300374,46.575428521455244,69.16898175139924,82.50520347481344,60.20319787779852,64.72727670242537,40.51586549673508,55.83831331623132,22.60188316231344,50.11287313432836,30.30336841184703,47.71292706389924,11.461986940298521,35.50217175839552,43.89133920242537,43.0074408232276,53.48094245569029,6.05493528451492,47.746246793376855,36.486029326026106,33.658480060634304,28.6040622084888,12.361619636194026,27.980242828824625,25.34705865205224,17.6279879897388,29.557376690764933,29.388001399253735,23.96799207089552,51.87419105643656,22.5343181553172,31.152095965485067,33.25123892257463,31.41957934934703,25.477560925839562,40.311319379664184,26.1309978428172,35.431830107276106,4.37043784981344,15.63620860541044,24.27619956856344,47.46488018889924,32.620940706623145,17.77607567630597,15.68156045942164,37.50875991138059,34.25823519123132,51.52896163712687,43.60256821361941,14.75138467817164,12.303310109608214,16.53584130130597,34.71915811567164,-0.02406424906720206,1.4114607625932798,25.397038246268682,128.50401556669777,141.1534730738668,99.26595295009328,65.52139692164178,45.95253468983209,37.405098530783576,28.52631617304104,22.68981022621268,31.46122901119403,9.278619111473894,32.23221052938429,39.01647767024253,32.451565415111936,21.47178900419776,30.527351037779855,39.582913071361936,35.059759794776106,25.3868572178172,21.986393715018682,10.927020172574613,36.1287677821828,29.59995190065297,26.60580398787315,48.15071128731344,9.989440006996267,28.18478894589552,32.85788100513059,-1.0828912080224007,20.05199830923508,54.99328795475747,31.723159106809707,15.514036263992534,20.362056902985067,12.988215659981318,47.06411788712687,7.471949335354481,1.5549207089552408,36.69520318330224,20.499038013059707,29.53516353777984,27.995051597481318,27.907124533582092,19.825239039179106,28.833598122667908,12.587453358208961,18.23051976445896,36.009372084888064,27.932114330690293,6.100287138526106,15.328926655783572,23.26179891557836,11.562871676772401,37.35326784048507,17.72517053404852,11.72484258395524,34.420206098414184,21.847561508861933,18.38786293143656,19.84375,24.413180678638067,6.509379372667906,22.445465543376866,28.5587103544776,26.103231401585827,26.793690240205226,24.006865088619413,39.36633482975747,-14.209013526119413,28.807682777518682,26.364235949160438,33.871356110074615,18.72661351445896,23.507069146455226,35.23653947061571,26.33369286380597,12.202425373134291,32.15724113805971,13.112239097481318,13.01320545708956,24.85189045009328,35.59009882229477,24.51591651119403,34.31376807369403,27.93118878264924,22.854557777518682,-0.27488776819029304,0.11754460121267962,11.499008861940293,23.985577483675375,50.89403568097015,39.51257142024253,32.11466592817164,13.876741779384306,46.65410010494403,28.042254547574625,19.8604098647388,33.10407678404852,32.56355672807836,22.45286992770524,46.89937033582089,26.145806611473894,14.220120102611933,20.0131252915112,35.396659281716424,34.207330048973894,18.11760290345148,37.5337497084888,35.865912138526106,21.13211287313429,27.637790053638067,28.88172662080224,25.602509911380587,42.148532241138064,23.682923274253735,42.334567397388064,7.850498484141786,13.121494577891786
train_099,3,6227.161826190664,1927.6157133944,1010.536459634553,942.3198970965484,822.0301506732828,427.963229365758,342.0362596436223,312.482619209076,220.28691260494404,252.46823313165066,281.59430443528873,233.44450355643656,201.51309614039178,147.41851533348878,109.6718895755597,76.66128935876178,91.30623979710822,82.91244461287314,83.84909923041045,75.83107655083955,72.11592671408583,74.81852699393656,43.68679308535448,60.16432486007463,39.682872259794756,73.45241808535448,45.71096665111941,55.69485336986941,29.201040694962693,38.96094478777985,28.4300591767724,47.39824072994403,27.914528917910438,39.808746793376855,21.94196740904852,2.2500072877798534,22.68610803404852,33.04113951725747,24.671408582089562,39.63844595382463,15.986991312966428,19.4716796875,26.863106343283572,28.165352437033572,13.266805620335827,25.120299381996265,44.36336870335821,22.8203125,20.40185546875,19.6956623134328,34.703423798973894,10.06811159048508,9.8432034165112,9.671051480876853,21.939190764925375,20.396302180503735,27.290709538246265,-9.050008745335827,16.91439045009328,24.242879839085827,32.622791802705244,13.21590047807836,30.32095382462685,35.4327556553172,5.042385727611933,-5.196952250466428,16.5904486357276,5.145121560167906,17.124489855410438,13.898954932369413,3.895631704757467,36.8636529267724,20.16121297807836,36.67113893423507,5.525521805037321,17.397526527518682,10.726176247667906,33.7103107509328,31.34831215018656,-13.834166569496267,18.217562091884304,1.2874373250932798,24.37523320895524,40.76761456389925,37.88083022388059,31.573220324160438,3.70589435634328,3.234790403451479,20.698956389925375,-6.52141149720148,20.1204888642724,26.2550212803172,24.841709421641788,29.78135931669776,26.06065619169776,22.57319117304104,11.77482217817164,2.0250991138059735,28.86784340018656,22.20112086054104,47.65554308535448,22.837897912779855,18.268467234141788,10.49478923740672,15.655645114272401,36.077862639925385,21.617100046641788,40.5889837919776,31.762032124533572,19.41429570895524,23.546867712220145,41.26278276585821,20.9840251865672,5.1978777985074665,16.550650069962693,17.646498950559707,44.05978894589552,3.6947877798507607,31.13451055270524,-11.277802880130587,14.406155258861933,3.212577250466427,37.567069437966424,49.11513234608209,14.361728952891786,25.552530317164173,1.639145580690293,25.38037838152984,1.7307748367537334,11.926612056902973,33.98334742304104,21.170985890858212,13.373243645055974,22.22148291744403,12.153371326958961,10.0625583022388,3.9289514342350804,-5.552362698227599,15.134561567164187,17.230002332089562,19.994614330690293,3.17000204057836,24.5233208955224,40.27614855410448,25.93107946595148,18.705325909514933,17.80476766557836,23.72457293610076,10.85205078125,20.92849230410448,8.62425664645524,34.78116983442164,28.534646105410438,14.70418172807836,16.426626632462693,35.96216913479477,19.854856576492534,21.103420883861933,24.79080427938429,13.815655608675373,26.82145668143656,19.14033348880597,12.748498717350762,-2.751654326026106,7.706112989738799,14.980920592350762,38.6786526352612,45.121392548973894,8.317900244869413,34.85243703358209,26.878840659981318,1.019028393190293,11.273175139925373,-0.5386689598880671,32.85880655317164,26.860329699160438,26.02363427005597,15.172509036847027,7.80607217817164,44.55958488805971,39.46907066231344,32.80975250699627,29.28989330690297,12.91324626865672,16.576565415111933,30.0377361240672,2.112100629664173,10.455916219682798,10.925169076492534,22.71757666744403,36.15468312733209,2.7553565181902933,23.219223705690293,5.52922399720148,22.611138642723894,16.844048798973894,19.854856576492534,1.25596869169776,4.229754547574626,25.50810401119403
train_100,5,3161.447639082795,2126.1188516074153,1884.7638176305968,1927.8535035430493,2216.8912318597977,1653.9294201082257,1762.1936192414655,1606.5627237095762,1547.3274522681731,1009.6997642054487,551.9570531133396,475.83350338152974,399.4508001982276,345.81064077010797,271.1661243776777,223.0738740127478,198.93359375,162.07919251874313,171.8261427238806,271.5058156483209,239.2041890158582,235.3002273787313,183.4547283115672,190.28342175839552,177.2785462336754,199.66107451026122,171.2245289274116,158.23632083722015,155.6494064927101,157.02563587142458,187.3614665928172,184.97910593516792,175.15448160758658,178.94281786769184,137.1319744053172,141.531104244403,176.92589729045753,193.0906089668843,172.0400805775799,138.83034749084442,110.98616779384328,273.5244132164699,119.36330311333955,77.89689977845148,108.91849347014924,116.04706448227611,115.40380859375,84.21561625466417,102.22955777751868,149.94803812966416,141.89855438648763,121.17274953358209,97.95445137593279,110.36605060634328,105.56153072527985,106.3667575209888,125.12854186100746,134.06748484141792,133.5973064365672,111.19719274720148,96.73272796175374,108.69913858442165,82.82359200093279,107.07295067630598,66.84955836054104,78.9575778334888,109.32666015625,78.73452075559703,113.86462220149254,109.12581623134328,76.07912342583955,79.56010960820896,84.0323577425373,77.06575763759328,102.01390508395524,80.14413042210822,64.3746428987873,51.83439249067164,72.26123775652985,96.56242712220148,88.83780317164178,87.1616356693097,61.58319000699627,49.76486707089552,91.69959771455224,93.88296554337687,52.340667269123145,63.024268306902975,79.14546408582089,67.01338036380598,63.51480876865672,100.33773758162313,79.75262360074626,71.16168668376868,83.03831914645524,110.67518365205224,67.10963736007463,108.20211928638058,73.25064861240672,97.43059118470148,72.9711331040112,62.94282007929104,70.91919309701493,75.34608937733209,134.979149661847,62.14592321595148,88.16585529384328,78.03573198460822,77.01762913945896,66.63945895522389,88.86186742070896,57.3441799790112,43.1434963852612,51.6724215834888,89.31723705690297,85.44289295708955,75.12025565531721,54.56661030783583,48.92632054570896,69.38555999300374,69.97235745102611,86.62851999766791,32.30347772854477,62.57167531483209,62.97336316464552,48.780083955223894,38.20106984608209,43.88856255830224,57.04245131763059,70.19634007695896,59.38871560167911,47.024319321361936,62.88636164878731,51.43455573694029,56.61669921875,68.06387739039178,102.2286322294776,50.119351970615696,42.954684584888064,64.87814103311571,32.04617537313429,54.41482042910448,65.92771251166045,69.63638351212686,76.98708605410448,51.45584334188429,49.67786555503731,72.76010815065297,86.91729098647389,78.48925052472015,63.58792706389925,76.9297020755597,81.27144793610076,86.3471533931903,81.88138409514924,91.40805008162314,48.62181524020523,101.71680416277984,76.42157620102611,94.92513263759328,74.17527110541045,102.46464697994402,86.31198256763058,88.49442484841417,84.80241371268656,85.75665374300374,77.06298099347015,74.93514604710822,102.46372143190297,69.74004489272389,82.12387768190297,62.815094449626855,78.22917152518656,79.14638963386193,91.31086753731344,69.54105206389924,82.86061392257461,97.25658815298507,76.42435284514924,79.5749183768657,58.62791511194029,66.5052544892724,72.47318825792911,81.30661876166045,68.93111590485076,94.33740963152985,85.15782416044776,78.49758045708955,100.2590659981343,73.19789237406721,80.27278159981344,61.449911089085816,99.38905083955224,86.7608733675373,62.47726941464552,78.25138467817165,104.60821624300374,78.56977320429104,101.07354827425374,41.17300460587687
train_101,2,8942.575862448608,6498.269837856293,5006.194037702547,5083.280946688866,5061.462319402552,3475.5792745396275,2174.7917688044154,1626.5858634941612,1023.7801265538628,771.4599962483593,569.0722874883396,512.4037575792911,471.06137768190297,422.01103369869406,368.6215161147402,385.9517122987491,333.89424759060586,310.07234071439774,319.6881318252477,286.863294252264,273.7919041701217,226.71299265391792,231.28149778451493,203.27810111508438,212.49657474347015,212.69928490403873,191.79948458920666,213.54707177005596,341.7614210790662,258.5916438316231,177.35629226912312,200.954049984021,179.39991748332977,172.48049004931946,188.76168452269997,181.93591911579247,185.067973686688,168.65614068330225,171.22175985307834,187.58174702658584,198.74478194962688,208.7323860001208,158.71853136660448,129.70908668592796,123.93365934001868,154.99782824160448,139.0367522737873,122.91648204291045,137.75024049673507,128.32816900868912,143.74085397729235,155.48836870335822,109.63301655783583,125.70793493470148,109.51454640858209,89.7596490205224,99.79166423740672,96.44951026119402,100.31644997667911,96.73920679804104,93.43314919542911,108.12622434701493,99.93049644356344,97.13256471548506,101.14851766557835,111.65348793143656,99.40571070429104,80.63652197994402,102.6747463852612,73.8291161380597,62.7938068446828,84.69690123600746,129.65168756780344,96.98725367304104,72.82582206156721,91.74772621268656,84.30631996268656,80.7105658232276,72.1057456856343,90.75738980876868,105.82623746501868,95.18706273320896,102.95241079757461,121.41154092817165,113.357421875,82.37655229710822,88.07237494169776,102.98295388292911,77.49243528451494,82.82914528917911,83.27618499300374,47.42508162313429,90.13727262126868,78.47906949626868,92.06611473880598,92.88337365904852,77.51094624533582,99.36868878264926,81.64999708488807,72.00393540111942,71.25701813199626,108.39185663479478,75.84218312733209,73.10903976212686,79.17970936333955,74.12251486707089,59.50626020289179,80.80589727145522,89.67449860074626,85.46418056203358,64.49681524020522,62.705879780783576,75.43864418143656,72.96465426772389,93.09162196828358,81.33438520289178,93.08236648787314,79.99419163945896,64.96514254897389,56.5380276352612,45.09640275186571,72.4750393540112,86.93117420708955,61.75534194263059,58.31322877798508,75.36737698227611,96.03393919076493,55.93179366837687,92.72140275186571,82.94946653451493,73.28211724580224,65.85366866837687,105.23296117070896,60.21523000233209,55.42274224580224,63.63142782182836,68.69695225046642,65.28908436333955,57.79769851912313,74.0586520522388,75.83662983908582,79.82481634794776,44.253228486473894,81.01507112873132,74.24005946828358,82.50983121501868,72.57314744636193,81.37510931669776,68.08701609141791,54.87204116138059,59.96625757929104,64.88832206156721,90.32145668143656,62.158880888526106,43.28140304337687,64.13307486007463,57.57741808535448,68.57570545708955,49.12068563432836,69.07179920708955,90.20576317630598,89.59397592117539,92.17070166744402,53.1893948227612,58.47890187733209,57.836571536847025,63.2852728544776,51.49471635960821,91.85694088152985,56.10949889225747,40.186370394123145,58.950005830223894,71.91323169309703,61.96081360774253,55.68097014925373,76.07819787779852,57.08039878731344,81.9961520522388,69.31984608208955,74.12806815531721,62.41433214785448,86.73958576259328,52.289762126865696,48.38024720149253,70.48973880597015,52.48968050373132,76.98430940998132,81.28995889692165,83.26322732042911,74.82408028218279,55.70133220615672,69.52161555503731,68.90520055970148,73.11736969449626,61.19631092583956,59.55901644123132,74.22339960354476,75.93936567164178,66.50432894123132,63.01778947061571
train_102,2,6610.135503382826,1267.9100671045817,547.7930124766791,352.2163663319688,310.6453912080224,256.774808166632,168.1239429899116,166.14327396697075,142.24470178404852,123.68376136893656,109.28685780559012,93.34430036838374,141.44780492070896,127.5146047108209,114.85033086520522,126.04575996968279,95.42955631996269,74.85832555970148,92.47150478078358,82.27659310867537,72.99612290111942,58.88429191930971,70.4934409981343,63.922049906716424,66.2618353544776,61.659084946361936,56.822170883861936,37.58835704291044,50.677457439365696,29.97202221315297,40.0216228428172,25.22581185867539,27.522096548507466,40.67043201958956,12.4190036147388,27.49155346315297,33.01985191231344,30.78928113339552,33.9537298857276,32.46915082789179,22.208525244869413,11.660054221082094,19.903910622667908,35.42997901119403,17.970440764925375,26.041219682835827,20.82575647154852,26.839967642257466,8.75105672807836,38.240868411847025,26.82515887360076,23.1590630830224,16.210048390858212,30.506988980876866,14.85134386660448,-6.852757695895519,30.2996662196828,0.5877230060634404,27.790505480410438,12.319969974347027,0.8626107742537334,29.19271076259328,23.737530608675375,15.7676364272388,38.943359375,40.94254314365672,15.004059293376853,38.796197236473894,8.422487173507466,33.66403334888059,8.50486094916044,10.393904500932798,17.9454509678172,13.01505655317164,23.076689307369413,12.957672574626868,14.818949685167906,14.223822294776106,37.008963969216424,31.49454874067164,11.056596898320894,14.523699860074627,10.295796408582094,8.072630013992534,2.8516135144589603,2.30183797807836,10.352254839085827,17.772373484141788,25.19249212919776,16.414594507929106,15.92127740205224,34.59883687033583,10.517002390391786,31.79627740205224,32.535790286847025,16.777409340018682,13.490788246268682,5.87537896455224,10.230082497667906,19.940932544309707,6.107691522854481,18.24532853311571,4.66013438666044,1.8640537546641731,-3.7623527868470275,23.917086928638067,6.406643540111933,16.196165170242534,0.16659864738806707,-0.16104535914178641,9.95426918143656,22.8443767490672,11.13064074160448,13.9072848647388,5.414456040111933,11.34814453125,21.91142432369403,18.156475921175375,16.862559759794774,28.745671058768682,-7.248892257462679,33.67051218516791,-1.7104127798507607,50.85516266324627,33.49373250932836,42.16426655783583,20.148255305503735,20.549017607276106,4.24919105643656,20.972918610074625,27.23332555970148,21.344988922574625,26.590069671175375,5.81429279384328,12.50415403451492,-0.040724113805973516,-2.678536030783573,11.499008861940293,10.173624067164173,5.619002157182798,17.24203445662315,7.32663829291044,-23.83286205690297,18.609068913246265,14.109979885727599,13.826762185167906,10.151410914179106,14.071106868003733,22.093757287779855,9.127754780783572,0.5756908815298535,-7.128108238106319,-15.498301947294774,23.88469274720148,8.7269924790112,4.152934060167906,-5.7134080573694135,10.58919513759328,5.619002157182798,-2.088961928638067,-1.2106168376865596,-8.985220382462694,-8.497456564832094,9.577571128731318,0.22861036613806707,8.04671466884328,19.659565939832092,22.756449685167908,38.24364505597015,-3.903036089085827,13.914689249067202,0.8783450909514793,25.576594566231318,13.219602670242534,8.962544455457094,4.70548624067164,25.9449626865672,9.000029151119413,17.108755538712693,16.754270638992534,19.800249242070894,28.5013263759328,27.37678550606344,25.196194321361933,5.182143481809707,9.050008745335827,0.7543216534514793,17.133745335820894,15.044783407182798,19.1903130830224,9.200873076026106,0.9681232509327979,21.61154675839552,14.142374067164173,28.290301422574625,15.849084654850762,-4.667538770988799,6.072520697294773,8.305868120335813,15.328001107742534
train_103,3,4850.283558534153,1562.8610688670356,1170.0787287576873,1037.585601134087,737.9940907385812,608.9384485394207,766.0844737842901,515.0212074393658,1248.9715485074626,530.5926579610625,501.47485603147476,293.4709217583955,248.58739505597015,240.79520609841416,188.73405433768656,175.1877332089552,176.50016033115668,138.23985541044775,123.58565327658583,90.24463240913491,134.86993877789868,99.22337774020522,79.30558389692165,95.61466592817165,94.28557894123132,78.92518365205224,58.15958780317164,110.01341680270522,46.81329436800373,54.35280871035448,80.54859491604476,56.60189045009328,75.45530404617537,62.63553812966417,47.12057631763059,57.29790257695896,48.46724871735076,47.47321012126868,39.6875,68.8681786380597,55.11823694029852,43.57665286847015,47.7036715834888,43.183294951026106,18.55538712686571,55.44588094682836,37.82159514925373,38.74991983442164,53.492974580223894,55.929942572294756,42.13835121268656,58.97407007929104,22.06043755830224,35.13380363805971,67.63164645522389,74.95643365205224,40.03458051539179,38.88690094449627,33.08741691930971,70.5341651119403,35.79649603544776,46.46806494869403,69.24765333488807,67.17905346315297,46.38198898087687,34.34523670708956,43.22401906483209,38.6786526352612,32.079495102611936,40.5390041977612,39.69212774020523,41.48954203591417,31.856438024720145,28.27734375,34.60716680270523,49.36595586520523,40.29928725513059,22.287196828358212,19.1903130830224,11.3648043959888,24.62513118003732,30.56159631529852,21.29593487639924,36.3675591767724,45.13805241371268,43.72936829524253,35.21340076958956,27.33235920009328,33.11240671641791,28.714202425373134,28.48929425139924,0.9616444146455199,20.273204291044774,30.97439074160448,13.9359768540112,17.51322003264924,15.308564598880587,30.732822702891788,30.568075151585827,21.327403509794774,12.99284340018656,33.36137913945896,18.7108791977612,31.78239418143656,34.30173594916044,19.69843895755597,32.288668959888064,2.6267053404850804,18.690517140858212,32.83381675606344,15.169732392723894,17.30126953125,50.63673332555971,35.06346198694029,38.62311975279852,38.5472248134328,-0.10736357276120034,31.482516616138067,35.27541248833956,31.187266791044774,36.02140420942164,40.85554162779852,26.56322877798508,34.89408669542911,38.97482800839552,15.528845032649253,21.194124591884304,41.98285914179104,41.466403334888064,18.351766557835827,14.434847248134291,27.886762476679106,40.99622493003732,47.45747580457089,26.824233325559707,19.47908407182836,34.5738470732276,12.993768948227599,50.25170534048508,24.1058987290112,38.74158990205224,30.61342700559703,35.37907386893656,33.32991050606344,23.09890246035448,32.54689686333956,54.72858121501868,19.71232217817164,34.23417094216417,20.50551684934703,35.65766382929104,43.85801947294776,33.38081564832089,24.83615613339552,19.98258220615672,18.304563607742534,26.553047749533572,38.06964202425373,2.4962030666977597,46.45047953591417,34.791350862873145,23.669965601679106,18.692368236940293,6.855534340018681,44.025543668376855,32.97264896222016,27.724791569496265,23.6597845732276,36.290738689365696,52.29346431902985,20.359280258861933,16.321114155783572,48.32841651119403,48.14700909514924,39.42649545242537,40.63341009794776,47.550956156716424,37.18019035680971,31.8573635727612,35.65488718516791,38.9100396455224,33.12258774486941,33.13924760960821,11.477721256996267,27.87380480410448,24.802836403917908,28.09038304570896,20.922939015858212,14.198832497667906,26.16616866837685,35.22358179804104,41.349784281716424,27.063024720149254,29.86836083255597,38.28344362173508,44.4864665928172,48.85227670242537,24.08183447994403,16.409966767723894,74.79723938899254
train_104,1,6234.142733424456,3061.2975365946545,1107.3165268026182,705.3555646191784,531.2978650100196,423.06153072527974,327.55422836986946,294.9268126118539,271.1004407459231,272.64239242761886,202.83663740887573,210.99349607949827,202.40068157217397,222.58228688631485,164.23202104710822,189.3912085864081,177.83201639243026,139.63558185634332,116.16831127565297,197.4258608515583,141.05907474347015,119.25593954057835,116.77639633861942,140.44080865205225,83.31876020289178,92.70011514692165,70.22780871035448,91.57002098880598,101.85285972481344,91.82639779617537,102.82653626399254,87.80026381763058,101.93245685634328,68.39429804104478,76.96302180503731,85.84365525886193,84.04068767490672,62.27827658582089,72.73326725746269,79.06031366604476,65.88698839785448,80.74481110074626,88.73876953125,47.75920446595148,58.891696303638064,69.27171758395522,85.67705661147389,56.8267986240672,62.466162838152975,81.87953299906721,27.489702367070894,51.7631252915112,76.43545942164178,67.75289324860076,68.10460150419776,65.92956360774254,34.42483383861941,44.256930678638064,71.80031483208955,73.07016674440297,65.67226125233209,83.14475717117539,47.19647125699627,82.23031570662313,58.05685197061571,72.47874154617537,67.55112377565297,49.83150652985076,61.349951900652975,70.30092700559703,61.31107888292911,91.00358558768656,100.04526440065297,58.05407532649253,56.728690531716424,67.98705690298506,69.453125,79.4657037080224,93.64695079291045,49.41223326725747,87.36525623833955,69.12177880130598,80.58931902985074,65.67781454057835,79.33797807835822,92.99629052005598,54.4749810517724,44.85205806902985,73.28581943796642,65.40848006063429,67.11889284048506,65.11970907182835,55.01272446361941,38.12980264692164,72.16683185634328,68.96258453824626,62.23014808768656,62.81139225746269,52.86452746035448,60.84275157416044,76.02914383162314,52.05004518423508,74.01237465018656,82.56351300139924,72.86747172341417,49.82595324160448,64.83278917910448,52.92098589085821,65.58063199626868,71.94655142257463,95.36661905317165,70.42495044309703,67.36601416744402,53.44854827425373,63.337103544776106,79.16582614272389,47.03912809001868,68.12126136893656,60.19486794542911,53.75490467583956,76.39936304804104,63.67492857975747,72.05854273554104,55.7152154267724,65.45475746268656,68.99868091184703,41.11099288712687,61.13800139925373,49.2659966767724,51.11616721082089,59.658050081623145,46.62540811567164,77.94040053638058,52.10557806669776,54.611962161847025,60.09490875699627,51.68723035214552,58.1336724580224,59.04070953824627,64.93182281949626,69.0745758512127,74.16416452891791,72.77861911147389,51.28739359841417,97.0751807369403,51.53729156949627,46.57265187733209,77.9348472481343,71.85954990671642,79.9886383512127,69.10697003264926,74.2345061800373,76.13743295242539,75.96435546875,79.91366895988807,78.96313112173507,67.40581273320896,47.2982815415112,57.905062091884304,40.33353253264924,53.16625612173507,61.91361065764924,50.86719478777985,73.40058739505598,44.49849871735076,36.9210369053172,56.60559264225747,52.581309759794756,38.838772446361936,28.335653276585827,24.92963648554104,58.0670329990672,39.21361940298507,47.47043347714552,53.350440181902975,55.89847393889925,71.46989418143656,66.37660331156721,55.22189832089552,54.547173798973894,77.89042094216418,65.81664674673507,72.44079407649254,70.46289791277985,46.91510465251868,59.60621939132463,61.15373571595148,43.08426131063429,46.98359520755597,32.53116254664179,41.60153334888059,82.62459917210822,56.20853253264924,59.37483238106344,37.41898175139924,36.61468050373132,56.2779486357276,67.7436377681903,59.72561508861941,47.7730876865672
train_105,4,13181.988670366914,4481.294334904472,1411.124735665855,1112.4948242662556,799.795649524945,604.8243572178171,610.5692339085821,389.17721694263054,407.9732465601679,414.648952067788,480.65742949229565,327.53107452926355,279.5701308695238,271.38643509060586,231.21485832555973,208.09466826026122,199.20755597014923,228.90746705923507,174.79993614954736,114.88179949860076,106.61295329990672,119.9380722317233,159.266455806903,131.1927326259328,125.00544397154852,87.2671481459888,75.08138263759328,93.32486007462686,85.08470586520524,87.39487377565297,79.58047166511193,89.30520493236942,97.08443621735076,72.67218108675374,80.44771017957089,65.31962744869402,99.45476475046642,92.89170359141791,72.46763496968279,83.83058826958955,61.55079582555971,72.66847889458955,76.88805241371269,91.16000320662314,61.77200180736941,151.00038625233208,68.14532561800374,65.78980585354478,47.74532124533583,66.98653947061571,60.74186683768656,61.51007171175373,63.85633599580224,69.82612086054104,47.42045388292911,50.57472160680971,46.53470440764924,55.09602378731344,49.37243470149253,17.88899253731344,48.543143656716424,25.96810138759328,53.34396134561571,23.062806086753735,33.33453824626868,76.84362610774254,36.946952250466424,32.39973472481344,41.63762972248132,38.74899428638059,28.936333955223894,28.035775711287307,38.68420592350747,47.75642782182836,11.700778334888067,49.50293697527985,65.61302617770524,30.982720673973894,47.65554308535448,29.613835121268682,34.30266149720148,32.81993353544776,28.47355993470148,45.22875612173508,8.926910855876853,39.23583255597016,36.77109812266791,32.37752157182836,59.03052850979477,56.01879518423507,36.95805882695896,40.59638817630597,37.25145755597015,40.13268860774253,24.793580923507466,33.88894152285448,14.0933200209888,31.84440590018656,44.28192047574627,64.45053783815297,34.82374504430971,28.7900973647388,28.993717933768682,35.52160826725747,33.443752915111936,38.94521047108209,50.80610861707089,28.90764196595148,42.652030375466424,16.917167094216428,31.33350338152984,38.2945501982276,41.50805299673507,23.063731634794774,7.10913450326492,53.449473822294756,29.31025536380597,29.42594886893656,42.75569175606344,25.297079057835827,38.18996326958956,11.43977378731344,26.600250699626866,26.118040170242534,8.022650419776106,34.63956098414179,45.52308039878731,21.30056261660448,32.76902839319029,27.488776819029855,25.730235541044774,46.459735016324615,20.35557806669776,53.76601125233209,23.96243878264924,32.3867770522388,40.31687266791044,39.25156687266791,57.45061800373132,16.405339027518682,39.02017986240672,42.05505188899253,42.497463852611936,44.80392957089552,52.419338852611936,57.651461928638064,32.331244169776106,29.9849798857276,8.11613077192164,32.88749854244403,55.815174615205244,30.5264254897388,35.12825034981344,72.4028466068097,25.95236707089552,45.72762651585821,36.36848472481344,18.349915461753735,24.419659514925375,5.65232188666044,44.3050591767724,31.61024224580224,16.31648641557836,24.41688287080224,38.61478982042911,29.875765216884304,26.955661147388067,26.33276731576492,40.13083751166044,34.962577250466424,21.957701725746265,34.05924236240672,45.42219566231344,26.801094624533572,43.39246880830224,51.517855060634304,24.273422924440293,41.276665986473894,5.484797691231319,23.2090426772388,24.636237756529855,51.24944612873132,24.636237756529855,16.583969799440293,33.649224580223894,37.8104885727612,29.971096665111933,46.4847248134328,21.940116312966428,44.68545942164179,17.708510669309707,22.473231984608212,31.64726416744403,21.060845673973894,28.26993936567164,7.19428492304104,27.203708022388067,21.127485132929106,63.43521163712687,27.282379605876866
train_106,1,6216.267760363977,3745.867015977404,3331.0667453915335,2731.098398104533,3003.4088783504358,2478.78517811334,1824.890926856603,1552.089510486197,1343.6013707616435,1140.075298469458,930.489950804568,805.9425168571188,573.9440998639633,561.578125,533.8718443913248,510.65539732975753,456.80241484072667,492.51098381227524,416.8057212366986,463.70515213083866,364.83347507644055,364.7452527907358,299.29541072027,330.15131617304104,259.78745190065297,269.78614738805976,259.1543770405783,232.05988368703356,220.03437424595674,214.5170461170709,230.00965851990145,218.12207087652004,203.13556671676355,175.83930389027097,223.51246266756485,195.3646805037313,155.55500059252356,150.94208429553615,116.29233471315297,115.72775040811571,117.7954247318097,101.55020551539178,132.5255218050373,104.8886572994403,139.80403159981344,129.6479929454291,148.6087701142724,112.16161380597015,131.12794426305973,93.12216505363807,108.78706564832089,134.48398145988807,112.62901556669776,113.20840864039178,139.33848093516792,103.92053404850746,109.37016091417911,123.83648436549885,116.71716126399254,106.04836899486942,123.87720090951494,163.67021338619404,119.95472831156721,99.23911205690297,82.59313053871269,105.77163013059703,87.30879780783583,112.36801101912314,139.9539779522526,162.85388001399252,135.52522300606344,131.95538421175374,164.7909158076813,138.3240802821828,126.55018365205225,107.75230293843279,124.68057660914178,144.19761572044288,134.18225279850748,135.5853836287313,135.81306844682834,138.07325676305973,127.42297545475746,148.10526441015415,130.8215878614739,171.9918082534377,148.26631733908584,157.22462870024924,132.80226066930973,122.67028626399254,132.0460879197761,159.44416103078356,130.47358179804104,113.36482625932835,139.5837511660448,139.8234681086754,135.289208255597,124.10766994152496,105.98728282416045,163.72298476411333,144.24851329291045,160.01985191231344,171.28192047574626,189.84471198694027,242.5509707322761,237.5661733675359,219.90095907182834,256.47882203824486,229.02593720848884,285.658348034567,300.2672210237873,292.7890653645814,246.54656162546644,295.9403142110625,330.4271294892724,255.86518368703213,276.7213167085576,284.0747277665494,257.0163383563953,292.98072193718673,264.90453450715364,279.39518715018664,302.08407182835816,261.73202833488807,306.5906030891546,240.54345703125,216.1820843335408,231.33423131348482,205.94832235307834,216.30057719216416,256.9756596613286,219.57866396921787,217.93229567915645,217.371436275653,195.08147794275143,205.25323577425374,192.71576201026122,210.0547746268671,184.45429748652586,204.96078530265322,191.06183037028381,155.83082147854478,212.3633185349294,182.83366286665645,178.3114578474813,219.46227200974278,158.88515272336218,203.89080634846619,189.81231780550374,176.75561159048507,173.420846859021,170.0638992537313,194.6890304337687,174.72310809235077,184.35826758395382,158.38808800658182,167.53900419776122,185.33545707054992,174.98133599580225,157.88274634596127,150.3034485774254,152.16656164446874,202.87085240723482,181.4851620802239,149.7703177662038,164.94467032934304,178.31240610489206,171.93074479209847,161.3730031483209,191.64582847481344,165.1714523087687,138.2676218516791,163.54894388344755,160.3761879081157,162.8983063199627,174.07152227145522,181.70819644874604,162.7576230177239,172.96641034065786,159.6524093400187,394.3260028460132,402.3116313441476,287.43052273010136,215.8156127280264,228.62424935867537,201.56770347481344,178.25685051305973,196.41520023968687,183.3297793260261,163.76163825793054,144.5215499650187,125.58019416545754,139.89751952174885,142.02811597265415,164.32087365904852,133.4445910097948,132.26174061333955,154.81734637360077,119.78905521222015,127.98108092350746
train_107,3,12280.946092292446,7453.470405365105,3481.0962317488083,1079.3287281936673,546.6740248950559,375.2569441261576,329.2407131568709,282.15887360074623,277.3099274137127,201.94256557101633,165.4732490982582,158.3779296875,157.33391149720148,130.26903568097015,124.07619373833955,111.47855935167911,114.18208517957089,145.6590485074627,103.64749737639924,87.91965951492539,106.29086258162314,97.64531833022389,87.1551568330224,71.58928987873132,95.40178987873132,86.09262768190297,69.10326784048507,69.53272213152984,70.45364243236942,63.337103544776106,52.77197265625,59.50070691464552,80.81237610774254,52.95338007229477,84.64414499766791,72.23995015158583,62.16073198460821,55.946602437033576,66.99764604710822,53.01816843516791,66.8773248017724,55.42366779384328,51.40401265158583,70.31943796641791,31.524166277985067,47.06874562733209,26.62338940065297,30.594916044776106,22.3621662196828,51.4530666977612,47.96282503498132,52.831207730876855,33.71678958722015,22.15391791044776,46.97433972714552,37.831776177705244,45.23430940998132,29.234360424440293,36.41661322294776,40.24653101679104,47.44729477611941,55.69392782182836,19.9298259678172,30.5958415928172,28.702170300839562,38.97760465251868,53.09128673041044,34.01944379664179,52.340667269123145,36.971016499533576,56.87122493003732,23.54409106809703,49.02165199393656,28.70402139692164,33.74363048041044,36.71649078824627,28.957621560167908,28.299556902985067,52.7553127915112,20.1297443446828,26.886245044309707,37.40694962686571,38.38340281016791,55.647650419776106,54.22415753264925,22.124300373134304,25.5821478544776,19.67807690065297,58.5224026352612,22.318665461753735,33.80379110307836,43.792305562033576,18.311967992070894,33.633490263526106,15.091986357276106,32.43120335820896,34.932959713152975,28.831747026585827,22.723129955690293,37.18019035680971,33.3243572178172,19.992763234608212,45.53141033115672,9.55443242770524,8.771418784981318,43.08333576259328,36.22039703824627,21.21448664878732,20.75263817630597,12.20057427705224,14.010946245335827,25.79409835587685,33.84729186100747,30.50884007695896,31.638008687033572,24.559417269123134,37.28292618936571,42.71866983442164,38.51483063199627,35.78631500699627,40.61860132929104,61.864556611473894,31.47603777985076,25.433134619869413,51.81032824160448,39.14697994402985,19.622544018190293,8.328081273320894,29.325989680503735,39.76524603544776,21.816092875466428,26.080092700559707,32.68665461753732,34.92092758861941,33.27807981576493,27.56374621035448,19.01723559934703,18.163880305503735,14.47834800606344,44.485541044776106,39.19788508628731,21.195050139925375,19.08480060634328,37.39584305037313,30.30244286380597,9.282321303638067,2.4008716184701466,24.429840543376866,19.958517957089562,45.249118178638064,19.956666861007466,37.98264050839552,39.35152606110076,43.02595178404852,12.96044921875,27.391594274720145,26.027336462220145,11.754460121268682,28.330099988339562,21.866998017723894,21.83552938432836,19.297676655783572,48.99573664878731,27.01119402985076,28.925227378731318,22.921197236473894,14.327483675373132,16.8671875,31.60376340951492,23.58018744169776,22.360315123600746,30.383891091417908,46.03490846548507,25.08235191231344,28.754000991138067,31.6639240321828,22.9896877915112,27.155579524253735,32.4154690415112,29.63419717817164,30.23025011660448,12.31071449393656,25.459049965018682,8.73439686333956,32.54319467117537,20.411110949160438,15.149370335820894,28.87154559235076,28.5540826142724,14.248812091884306,34.09163654384328,44.02461812033583,45.342598530783576,38.72122784514925,14.730097073227599,32.34790403451492,12.038603369869413,6.838874475279853,25.99031454057836,21.181166919309707
train_108,1,4627.612411466107,1652.1440379370506,1162.9446347364737,824.8724784281717,795.6714074540495,410.14921000466416,353.7083649137127,399.2867056825267,252.62278829982031,254.30820749766792,297.4350250937155,200.23026763102902,183.88233150652985,141.69400448452183,140.7203203755528,158.0307772591043,118.60342817164178,78.17826638292911,113.13158815298506,103.70673245102611,83.89907882462686,98.02016528684703,50.463655841884304,62.02097423041044,78.01351883162313,66.50803113339552,66.10356663945896,64.34872755363807,58.38819816930971,73.29044717817165,84.69042239972016,99.71947149020524,74.2345061800373,61.26572702891791,77.09259853078358,66.18223822294776,76.73441143889926,49.82132550139924,34.51090980643656,48.59219770289179,56.52784660680971,39.74488397854477,39.50794368003731,68.44242653917911,40.67228311567164,50.17581040111941,19.75212074393656,23.495962569962693,52.73680183069029,27.505436683768682,39.10255363805971,27.159281716417908,32.16927326259328,22.23629168610076,35.21247522154852,32.38492595615672,45.38239709654852,14.120160914179106,37.13668959888059,24.009641732742534,25.53494490438429,12.93823606576492,38.89985861707089,25.690436975279855,43.39339435634328,23.4117376982276,17.200384794776106,33.01614972014924,36.65540461753731,39.51997580457089,28.01541365438429,26.646528101679106,21.805911847014933,21.85959363339552,20.49533582089552,52.73217409048507,9.861714377332094,23.234958022388067,53.23567222481344,24.5112887709888,26.1235934584888,22.714800023320894,32.390479244402975,29.54349347014924,42.68535010494403,50.34333459654852,37.43379052005597,7.909733558768681,10.230082497667906,36.8682806669776,16.064737348414173,44.45870015158583,45.56010232042911,44.17733354710821,29.20104069496268,11.85997259794776,53.725287138526106,12.64298624067164,17.467868178638067,50.77001224347015,31.732414587220145,36.22039703824627,15.040155666977599,24.547385144589562,-1.092146688432798,24.653823169309707,16.956040111940293,22.36494286380597,19.90576171875,11.251887534981318,30.56900069962685,23.852298565764933,37.48932340251868,51.395682719216424,45.40738689365672,24.237326550839562,17.988026177705226,14.201609141791039,12.44954670009328,13.13907999067164,14.920759969682798,38.43708459654852,25.5034762709888,11.411081798041039,28.98168580923508,27.969136252332092,40.29651061100747,6.02531774720148,9.366546175373132,42.73347860307836,10.302275244869413,15.901840893190293,24.6519720732276,18.69792152518656,44.65028859608209,16.663566930970145,2.2879547574626935,15.934235074626853,25.103639517257466,8.812142898787306,24.09201550839552,11.247259794776106,33.91763351212687,49.5094158115672,22.2788668959888,43.36377681902985,9.485016324626853,18.926531891324625,26.535462336753735,44.295803696361936,46.56987523320896,33.466891616138064,22.07709742304104,36.14357655083956,12.996545592350762,16.303528743003735,22.68981022621268,32.389553696361936,24.18549586054104,34.71360482742537,19.47908407182836,27.337912488339562,81.38991808535448,17.418814132462693,0.9718254430970273,36.522125699626855,22.887877506996265,15.583452367070894,12.154296875,17.6492755946828,21.12470848880597,28.12092613106344,3.585573111007467,27.45638263759328,-0.8107800839552268,24.891689015858212,5.225644239738799,23.784733558768682,9.744169776119413,20.7979900303172,36.86735511893656,52.46376515858209,38.91281628964552,27.214814598880587,4.714741721082094,15.477939890391786,23.062806086753735,16.131376807369413,21.977138234608212,20.284310867537307,43.29991400419776,15.701922516324627,37.521717583955244,24.817645172574625,23.029486357276106,28.70679804104476,33.39747551305971,18.90339319029852,45.30094886893656,11.65172428871268
train_109,3,6253.086349088753,3889.9081108134187,857.1139065890169,442.278654422333,298.0691806825239,292.69344626433815,198.95666432291713,194.21236183794576,164.12096285197268,204.17418301461348,141.71065677947075,187.295752681903,134.9310211637127,142.12160389458955,111.60628498134328,114.16635086287314,113.46108325559703,103.3383643306903,97.43892111707089,126.40950034981344,126.60201434235076,95.33329932369402,102.64790549207089,68.36745714785448,78.57717758861942,72.73049061333955,119.83163042210822,76.04672924440297,80.61245773087687,43.55814190764924,70.40088619402985,77.26937820662313,65.14469886893656,66.03877827658583,50.892184584888064,73.43020493236942,42.15871326958956,39.82448111007463,39.46444292210821,34.47018569263059,56.815692047574615,35.73170767257463,29.461119694496265,67.17720236707089,61.11856489039179,42.80104361007463,44.98441143889924,31.850884736473894,35.351307427705244,36.405506646455244,26.37071478544776,41.76813199626868,40.036431611473894,35.43460675139924,56.6333590834888,23.5477932602612,20.109382287779855,52.81547341417911,34.16197819496269,37.60686800373132,47.26588736007463,62.59203737173508,27.157430620335813,25.08512855643656,23.496888118003735,35.39943592583956,50.96252623600747,33.73252390391791,35.29299790111941,54.14085820895523,1.9343954057835728,9.708073402518682,20.13344653684703,12.58190006996268,21.54860949160448,27.13058972714552,15.69636922807836,22.786067222481318,24.175314832089562,29.757295067630587,48.35618295242537,23.96614097481344,36.1768962803172,24.182719216417908,37.45230148087687,33.32713386194029,21.275572819496265,44.95386835354477,30.3616779384328,31.433462569962693,37.70960383628732,24.574226037779855,37.4097262709888,25.757076434235067,8.369730935167906,25.22488631063429,24.28730614505597,30.26912313432836,10.75764488106344,14.723618236940293,12.297756821361933,35.06438753498132,32.67462249300373,27.477670242537307,43.91077571128732,26.753891674440293,7.661686683768681,21.483821128731318,27.360125641324625,31.507506413246265,23.136849930037307,23.86988397854476,18.01949481110076,19.229186100746265,40.48254576725747,41.11654617537313,19.6817790928172,16.560831098414173,36.34904821595148,15.51866400419776,13.288093225279853,26.3883001982276,9.2850979477612,30.1617595615672,22.444539995335827,32.77643277751868,39.54774224580224,3.3347495918843055,8.0781833022388,13.824911089085827,8.595564657182798,17.499336812033572,28.459676714085827,26.63449597714552,29.05295300839552,36.89049381996268,39.41446332789179,47.353814423973894,48.41541802705224,24.060546875,29.016856634794774,37.71885931669776,26.779807019589562,42.86398087686571,20.787809001865696,54.35188316231344,29.19178521455224,33.97501749067164,37.27922399720148,38.00577920942164,32.99393656716417,39.90315269356344,30.876282649253735,35.52345936333956,21.78647533815297,14.150703999533572,23.240511310634304,15.7509765625,9.496122901119413,9.372099463619413,30.79390887360076,16.79499475279852,4.77397679570896,13.769378206623147,21.65504751632461,60.73538800139925,20.472197119869413,5.24137855643656,32.00822790345148,40.59638817630597,23.9124591884328,36.324983966884304,26.839967642257466,30.289485191231318,32.18500757929104,30.86887826492539,6.913843866604481,32.15261339785448,30.808717642257466,10.65120685634328,14.212715718283572,7.807923274253733,42.66036030783583,42.50394268889924,42.41971781716417,31.10026527518656,0.9135159165112003,33.376187908115696,19.72713094682836,23.731977320429106,19.112567047574625,49.93701900652985,24.04018481809703,33.162386310634304,25.614542035914187,17.729798274253735,24.24750757929104,24.179942572294774,40.92958547108209,40.9443942397388
train_110,1,6607.302627922883,5256.742517661693,4527.626498059551,3846.992868675225,3503.234362354029,3409.715269662106,3318.4452587099217,2853.249913674682,2392.719330766308,2117.379955690299,1671.6841476212685,1450.136888387488,1444.6230959153886,1311.2072044646561,1054.7499501135812,1051.7012781340684,1038.8360165375384,950.0963895863562,934.0260913799059,793.1826087716801,759.9416114358759,849.6993790811567,696.0176498747584,540.4438885183478,488.8075633084596,484.14742892179913,407.97506737709045,375.57440710423595,427.6661322294776,367.70727903451495,306.38604183250396,284.2081732198374,308.3824262476679,274.07143481809703,285.2659232349538,275.60786727560094,253.41505363805973,207.24686625466416,222.69889079990668,189.80119608943144,194.74271222014926,222.87381937966416,205.21715454023277,200.40660345732275,193.7634672531441,169.67887126865668,194.58722014925374,183.9647052821828,203.88249912546644,175.9457570545709,184.63572761194027,151.76211985990182,167.46502848258658,173.45880946828356,153.51225550761862,124.25019677005598,153.044921875,150.12851999766792,133.71485103777985,140.1511121152052,156.57865672591907,125.38399312033582,123.01551568330224,128.82055299673507,117.06701842350746,105.24591884328358,92.31045942164178,80.44215689132463,97.19827862639926,87.74935867537314,119.11062849813429,100.91898175139926,104.42403218283583,96.10890858208955,101.22163596082089,87.42264021688429,88.52867012593279,81.1048492887127,97.68419134794776,106.14462599113807,106.65923070195896,98.20805153917911,101.50207701725746,119.06435109608209,102.13422632929104,116.86432340251868,110.82419688666045,84.97178900419776,98.05903830457089,100.86715106110076,98.98180970149254,104.2555824393657,91.20905725279852,94.93901585820896,124.22520697294776,101.27531774720148,106.91745860541045,130.05801072761193,106.69162488339552,119.9140041977612,99.97677384561571,110.9528480643657,118.74040928171642,85.72425956156721,136.6978923740672,106.88876661613807,90.29646688432835,84.34426743236942,86.65813753498132,78.57347539645524,80.67632054570896,82.11832439365672,84.95142694729476,81.7249664762127,77.34990088619402,92.19569146455224,92.4733558768657,86.97652606110074,77.90522971082089,73.13588065531721,75.2063316231343,82.02391849347016,75.98008978544776,74.8342613106343,72.25198227611942,51.75016761893656,85.62430037313429,107.25065590018656,63.38708313899253,99.64820429104478,85.3012841068097,67.61406104244402,107.58570429104476,81.15575443097016,64.65415840718279,91.64499038013058,73.39966184701493,74.25024049673507,76.96672399720148,59.17491400419776,62.02189977845148,85.92788013059703,64.95125932835822,50.271141849347025,61.81180037313429,79.87201929804104,84.95050139925374,69.55586083255598,56.17891499533583,76.15224172108209,82.40431873833955,58.79266266324627,77.3637841068097,57.99484025186571,60.01623717350747,82.84025186567165,72.28252536147389,72.88875932835822,59.0110920009328,87.83173245102611,81.55096344449626,65.04196303638058,59.44239738805971,55.05159748134328,102.07684235074626,71.94377477845148,71.93359375,70.26205398787314,73.3432034165112,75.58580631996269,71.35790286847015,66.99672049906721,52.21942047574627,80.2098443330224,92.72880713619402,50.29057835820896,79.90163683535448,47.8397271455224,68.53127915111942,97.41948460820896,99.38627419542911,89.99658931902985,87.37728836287314,88.43148758162313,67.39378060867539,96.51522417210822,67.1133395522388,79.69709071828358,57.51170417444029,80.1644924790112,81.17010042560632,82.00910972481344,71.21259182602611,87.81044484608209,72.70087307602611,71.01822673740672,62.99742741371269,61.619286380597025,72.15850192397389,56.70462628264925
train_111,3,13684.269451648443,7847.4846574868725,2589.0873583350603,1247.651048825748,1000.0841547695559,729.4762115585271,695.4040115235457,597.0710715571447,542.0722000349812,423.1734917590867,399.5054075326492,412.4862490874618,297.95796352180076,368.24779909048505,312.8046720784101,396.7195079291045,367.54901031949623,341.7512097714552,321.0762873514375,287.2364301539179,299.62091597870216,250.10066610307834,257.9215319103269,234.02482217817166,218.03318798542023,220.15826142723878,253.14939864091025,249.85260408849857,286.0933783232276,198.7244198927239,198.9530453984417,234.1044041701217,211.45534833687455,233.50558972714552,187.24023493902004,232.0330200844736,289.8039004197761,205.89277433103592,211.4405092890583,205.729877875812,207.06451815099857,225.07845967385302,239.59385988071782,219.93522705871666,332.82244781949623,230.1763782839277,228.42320104944176,269.1347659514911,251.22055652337286,265.9858244221602,240.82204699160448,243.85040990274345,297.6497408845532,335.42598417979565,335.62408173973876,359.2292589785448,297.41748888457,302.1812543726679,252.15350894874604,340.6007232772771,341.3467452775187,325.3486171089002,331.4859261690681,297.1944015275187,264.20694379664184,266.6577950093283,258.64995335820896,296.3465995219217,254.77931145055973,270.9819781664592,300.9558287663246,267.2714106511714,266.93456415276034,299.1722976912313,235.78431171356743,251.30387855643656,264.23193359375,235.67137214319027,257.4689313484662,232.7012884794776,261.0760191581142,228.61497116889527,274.5194227793324,260.4751340951492,223.95946452244007,235.8638861357276,260.1974469734662,349.98488514458955,220.30933014225604,203.09763438666045,255.76504282364206,221.3875936100732,247.04730582504132,218.15720385313034,198.69665345149252,254.73210850046644,223.98630541563034,295.4802562763442,230.80111564184304,223.482807281302,229.27118472999604,266.22754007177565,304.98316080534636,201.9193890210408,230.9177574043843,217.82495481576493,206.48423737821298,159.13778948961797,209.17293172807834,260.1662054337672,191.4838575676306,178.01526733476723,202.90417213671242,199.70272417210822,171.2319181721602,155.02928173542023,143.3220397038246,192.14086042055445,150.17111791692562,148.14613234996796,149.85085558535448,150.14423917478592,134.19977008317832,114.7281660935772,114.51713357042911,106.43339697994402,126.24197615438429,111.90801364272389,107.25065590018656,107.5736721665112,116.90967525652985,128.97419397154852,118.71079931419285,102.82838736007463,99.47142461520522,84.65340047807835,91.17758861940297,132.19139896222015,139.94015528995598,110.87510202891791,102.71361940298507,127.44796525186571,125.20721344449626,111.0898291744403,96.63924760960822,89.13675518889924,94.96585675139926,143.45902081389923,74.50013846781721,113.26579261893656,120.67110249533583,116.54778597248132,96.95485949160448,118.06846140391791,106.59999562733209,80.5865423857276,103.2161919892724,82.12480322994402,99.93975192397389,128.71041277985077,77.59609666511193,108.44091068097015,73.86058477145522,89.25985307835822,74.52327716884328,103.40407824160448,120.63222947761193,117.80189599830715,120.72300131374327,106.74808331389924,128.9556754409377,155.03945519408182,127.06849812482719,135.91858092350748,107.52924586054104,105.13300198227611,86.85805591184703,77.33046437733209,98.59122842817165,125.63389109141791,92.68715747434703,104.25002915111942,88.24175023320896,92.23271338619402,85.29387972248132,88.37873134328358,90.56672691231344,70.02141149720148,97.98129226912314,76.38362873134328,76.88990350979478,66.55430853544776,112.78913537779852,104.4629052005597,85.04398175139924,71.61520522388058,66.8319729477612,61.57856226679104,79.62582351912314,106.44172691231344
train_112,1,4471.346468861423,5652.178532691145,3977.0943702183554,2804.674186591782,2635.708214408426,2097.3176628057636,1665.3828878714078,1698.2069863730403,1731.0310848746724,1811.8659163686766,1177.4423738326602,1025.2471807572379,835.1423594916046,866.2999708963864,761.9787426742155,963.9425807105962,623.4833754461204,583.8254929834337,510.3129445545709,409.23754518423505,397.4654693710271,352.4218758460301,334.8419709356863,329.9689832089552,269.4723866021455,306.8728573927239,322.47646743237084,257.7651445705499,275.49122551305976,297.7441770638992,234.52463325991562,239.16809264225748,247.85991429570896,212.29573081856344,230.00993103233736,204.8274988149529,193.51173332555973,204.1138861357276,230.74929252133438,174.12427094000492,163.3249839668843,214.0986984025187,217.686137749188,166.6958299323694,173.341257297281,146.68826549889437,172.29248268034925,150.9707687150187,142.33910768423507,176.5612465018657,147.77022358908584,134.79681669776122,141.63384007695896,150.85692630597015,204.53502563398277,140.33251953125,136.59978428171644,132.70415257695896,132.10162080223878,127.2147271455224,138.3620277518657,133.49549615205225,133.38350483908584,132.8374314948694,131.82488193796644,121.94650769589552,120.73125554821385,118.98290286847015,137.83539091651122,129.0593443913246,132.5292164274116,125.41546175373132,102.59977699393656,129.02139692164178,115.50376778218279,138.88126020289178,140.11315707573252,132.58475687966416,116.83933360541045,129.23334742304104,117.44741866837687,110.25591038945896,114.98453533115672,99.76852553638058,105.57448839785448,96.55409718983209,130.5115292677239,87.11165607509328,104.91642374067165,104.4610541044776,105.26998309235076,101.42803317397389,122.98866722032204,81.59909194263058,121.67532211986942,96.45043580923506,125.3608544193097,102.56368062033583,99.15997769939368,92.92409777285448,102.23325996968279,98.76245481576493,117.8703941231343,111.77103253264926,99.40663625233209,103.3670563199627,121.89467700559703,92.51315444263058,83.19566231343279,101.58445079291045,105.56430736940297,96.55409718983209,118.10733442164178,97.7573096431903,84.51179162779852,99.14840834888058,75.37385581856344,78.9862698227612,94.07362843983209,89.6754241487873,100.09431844682835,103.39482276119402,108.75744811100746,98.05533611240672,106.5074408232276,99.12249300373132,75.50250699626868,104.83219886893656,115.37974434468279,80.03213910914178,78.60772067397389,98.2126792793843,102.5322119869403,116.84025915345148,109.31555357975746,108.86110949160448,114.03955078125,98.00257987406721,93.68489826259328,89.3727699393657,110.29941114738807,91.24700472248132,100.49322965251868,101.14481547341418,89.0821478544776,97.85264109141791,109.6228355293843,85.46140391791045,99.45939249067165,100.09616954291045,106.35750204057835,87.26344595382461,127.98755975979475,112.12644298041045,111.48503818796642,90.20946536847015,87.58553667210822,92.58904938199626,96.77993091184703,116.73659777285448,93.52570399953358,88.59993732509328,88.04090630830224,90.06415432602611,91.39509240904852,80.15153480643656,63.32692251632463,97.52407153684703,96.98170038479478,113.61564977845148,89.41071740904852,89.03031716417911,88.3398583255597,120.52949364505598,87.58461112406721,65.85366866837687,99.53898962220148,104.4416175956157,76.12632637593279,79.64618557602611,84.08326288479476,85.70482305270524,75.5635931669776,79.64433447994402,92.74731809701494,93.25266732742539,119.50028422341417,81.04468866604476,93.3544776119403,113.2047064482276,92.58812383395522,103.84371356110076,103.62759809351678,101.0791015625,90.23723180970148,73.10996531016791,89.65043435167911,76.91581885494402,86.00655171408583,89.81610745102611
train_113,3,6487.507565235023,2499.711022459749,1819.8292181669776,1506.747723956606,1547.0174239535827,1811.9980956333789,1468.4911363676417,2327.504343234781,1679.9086205025214,1454.7374849079258,1057.1299126166018,887.50342666658,585.4526064395905,495.70039208255594,544.0149556522938,367.3861138642724,312.1743965718283,308.35097275385215,334.73171717195373,313.98569408815297,282.42080369636193,249.0251792793843,232.89472802005596,249.04924352845148,247.34609887671115,198.0755955763717,205.27635933570008,219.175344547229,176.14567543143656,186.1017957089552,177.34702164913293,186.38499826993515,181.24916246933725,166.0627626420847,138.10009765625,135.07633220615668,122.05942455690297,156.3064850435328,224.61479038444918,144.39382433535448,130.29865321828356,138.75492289528916,147.2111925722948,105.95396309468279,122.91925868703358,105.40881529850746,109.69780492070896,125.57002827658583,105.19686479710822,121.51705340485076,132.50145755597015,129.64891849347015,104.31018977378731,93.03053579757461,119.53082730876868,115.57781162546642,94.81129022854478,106.04374125466417,109.5580471665112,102.62754343516791,104.85626311800374,83.38632520988807,105.47452920942165,85.08655696128731,84.15082789179104,82.86709275886193,82.71993062033583,64.80224609375,107.17105876865672,89.92717321595148,92.07166802705224,97.72954320195896,77.70808797807835,67.57518802472015,94.00051014458955,63.40281745569029,70.33609783115672,85.51323460820896,83.99348472481344,92.95741750233209,73.35060780083955,74.26412371735076,104.99231868003731,78.72711637126868,82.63663129664178,84.0397621268657,82.62459917210822,69.04033057369402,72.59073285914178,72.06687266791045,88.32412400886193,70.44716359608209,71.13299469449626,89.40701521688429,74.5380859375,79.86646600979478,59.099944612873145,64.82723589085822,43.96445749766791,63.4666802705224,73.90315998134328,59.528473355876855,74.80001603311571,44.86964348180971,51.45399224580224,61.1056072178172,92.97870510727611,68.39800023320896,58.2743557602612,42.33641849347015,50.1341607392724,43.33508482975747,50.60896688432836,52.82657999067164,49.20213386194029,55.58471315298508,34.85428812966417,41.64503410680971,74.5316071012127,63.26213415345148,46.82254984841417,57.49782095382463,69.10419338852611,52.9820720615672,62.247733500466424,65.89809497434703,56.08543464319029,62.89006384095148,42.67516907649253,61.03063782649253,38.715674556902975,33.41320982975747,40.346490205223894,43.89319029850747,59.84223414179104,56.10949889225747,30.815196478544774,50.89866342117537,54.57679133628731,67.09205194729478,43.334159281716424,70.1065619169776,40.99900157416044,34.98201375932836,59.962555387126855,69.24302559468279,46.43567076725747,62.41572046991604,80.2700049556903,30.51717000932836,94.58360541044776,47.12705515391791,47.08910768423508,42.91025827891791,42.20499067164179,56.76293580923508,36.71741633628731,38.57591680270523,47.92024982509328,59.209159281716424,51.89918085354477,41.76535535214552,66.17113164645522,71.67721694263058,50.59971140391791,47.89803667210821,30.70598180970148,39.34134503264924,38.08815298507463,58.25954699160448,67.04670009328358,45.229681669776106,34.50535651819029,72.32417502332089,63.75730235541044,54.60455777751868,39.11828795475747,55.34221956623132,75.0480629081157,61.76274632695896,32.96431902985076,63.66011981110076,54.92109520755597,39.87260960820896,25.622871968283572,40.96475629664179,46.485650361473894,41.78108966884328,25.03792560634328,48.49964289878732,37.22184001865672,57.44413916744403,26.52528130830224,60.356838852611936,46.04508949393656,26.901053812966428,45.254671466884304,92.63810342817165,98.39686333955224,60.78166540345148
train_114,3,3548.3298622672232,635.9489592545068,411.0794084952838,441.0544609405211,294.99358832702706,189.99742103023317,219.15219070662312,136.50908057369404,144.40585645988807,99.95455690773564,93.32023233442165,90.92861619636193,74.17341622443341,74.35205078125,102.11849201259328,75.64133920242537,59.074029267723894,111.90616254664178,137.58734404151122,97.33248309235076,58.29842000932836,43.63126020289179,75.17393744169776,83.56865817397389,23.412663246268682,149.10856605643656,65.8212744869403,63.53979856576492,40.06512360074627,23.79213794309703,74.61120423274254,68.35264837919776,111.7117974580224,36.6322659165112,38.0918551772388,31.98416365438429,28.281971490205226,2.255560576026106,12.179286672108214,45.94142811333956,48.56443126166044,83.81022621268656,35.98530783582089,97.29731226679104,89.29409835587687,62.97243761660448,55.96881559001868,35.366116196361936,15.521440648320894,45.36018394356344,47.24922749533583,58.28083459654852,33.381741196361936,36.58136077425373,22.430656774720145,32.14428346548507,33.421539762126855,7.098027926772401,33.97224084654852,28.4467190415112,21.275572819496265,28.257907241138067,31.80460733442164,17.36235570195896,27.39899865904852,36.27315327658583,38.2232829990672,24.42984054337685,14.198832497667906,25.771885202891788,34.171233675373145,10.311530725279853,46.6568767490672,25.48589085820896,23.6551568330224,35.943658173973894,55.56435109608209,10.243040170242534,33.60017053404852,69.71135290345148,12.41807806669776,22.886951958955226,45.679498017723894,47.0215426772388,40.791678812966424,28.332876632462693,38.11129168610076,45.89977845149253,25.077724172108212,40.39184205923507,26.752966126399254,22.490817397388067,34.82374504430971,43.28603078358209,34.40262068563429,39.66158465485076,44.2476751982276,23.359907007929106,34.42390829057836,18.585004664179106,31.810160622667908,12.053412138526106,28.67301553754664,39.295067630597025,20.159361881996265,40.31409602378731,24.35672224813429,27.73497259794776,22.893430795242534,15.26413829291044,28.784544076492534,44.18288683535448,74.84166569496269,35.829815764925385,17.47342146688429,7.993958430503733,5.532926189365709,18.688666044776106,16.043449743470145,52.46931844682836,23.731051772388067,29.055729652518682,25.943111590485067,54.07606984608209,39.211768306902975,42.180000874533576,55.08491721082089,11.163034923041039,54.87574335354477,36.589690706623145,17.510443388526106,28.128330515391788,36.46751836520523,42.42897329757463,37.96412954757463,27.892315764925375,25.057362115205226,41.320166744402975,54.52310954990672,22.1715033232276,46.95305212220148,29.523131413246265,34.331353486473894,29.864658640391788,56.78052122201493,31.955471665111933,42.838065531716424,36.51194467117537,40.63341009794776,27.09171670942164,31.45475017490672,15.722284573227599,26.03011310634328,34.97831156716417,29.902606110074625,26.3883001982276,55.167290986473894,30.7337482509328,38.22513409514924,22.320516557835827,50.365547749533576,23.41821653451492,34.712679279384304,50.76260785914179,35.87701871501868,49.57790636660448,59.54976096082089,36.253716767723894,44.58087249300373,28.963174848414173,38.18070778917911,39.83281104244403,40.15582730876868,37.40232188666044,34.26471402751868,35.72152664412313,28.172756821361933,33.013373076026106,34.8672458022388,40.815743062033576,31.7046481459888,24.688993994869413,41.74962103544776,57.69218604244403,33.18367391557836,26.89087278451492,31.216884328358212,36.334239447294756,28.57259357509328,40.605643656716424,38.22420854710821,48.68105031483209,55.4144123134328,33.102225687966424,32.34235074626868,39.8355876865672,40.94994752798507,54.33707439365672,29.91001049440297,47.81751399253731
train_115,3,6148.175859159498,2558.068435310428,1899.6641625548475,1165.4556768509879,897.6967219060926,647.5383993120337,512.5213021805038,504.40424586054104,424.5534838882845,367.40740146921644,384.42267665578356,324.9302996735075,262.2882637830813,273.0311188199627,219.49092615006575,211.37386604520808,172.57676218516792,187.6909616954291,196.50774747400143,168.16097248134332,159.1035593516791,162.87516761893656,144.41973968050374,134.4136398087687,141.0479681669776,143.7153976212687,142.03275128264923,108.33724930037314,134.37476679104478,126.76583634561571,123.20155083955224,127.47758278917912,115.27608296408582,153.8964336425511,121.45874387826494,129.7664630946828,76.12910302005598,97.25658815298506,102.6775230293843,109.94400069962686,113.13899253731344,93.46461782882463,98.93090455923506,90.34922312266791,107.15162225979478,94.80481139225746,79.33149924207089,80.06453329057835,73.30155375466417,102.22955777751868,92.75657357742539,76.19204028684703,75.75240496735074,67.78621297807835,84.33686304804104,73.01185721781721,70.76555212220148,84.60897417210822,108.68803200792911,125.22479885727611,69.7770668143657,63.750823519123145,84.54048361707089,85.23464464785448,71.33568971548506,56.98136514692164,85.20687820662314,66.99486940298507,77.73677996735076,63.2352932602612,67.29659806436571,53.38561100746269,100.31182223647389,75.16468196128731,75.26186450559703,52.9126559584888,64.90127973414178,61.23981168376868,67.16331914645522,76.81123192630598,62.91227699393656,75.9291846431903,45.291693388526106,61.65075501399253,77.12314161613807,58.36413392024253,73.0784966767724,60.12452629430971,66.66259765625,54.55272708722015,74.1493557602612,43.100921175373145,45.72484987173507,54.84982800839552,43.95520201725747,55.5338080107276,44.9918158232276,65.67596344449626,89.10158436333955,44.388358500466424,83.16326813199626,57.30160476912313,33.00319204757463,72.61294601212687,70.86180911847015,87.52907824160448,66.40899749300374,70.89883104011193,67.53631500699626,79.37685109608209,57.632025419776106,44.397613980876855,49.29561421408583,41.7718341884328,64.05903101679104,55.01365001166044,55.79296146222015,71.10430270522389,73.61346344449626,37.92895872201492,60.61691785214552,52.35917822994403,70.92196974113807,54.74709217583956,62.49670592350747,43.02872842817164,60.543799556902975,31.91474755130597,46.75961258162313,39.10255363805971,50.20357684235076,53.53832643423508,50.98844158115672,61.2435138759328,54.20564657182836,57.60148233442164,39.64677588619403,40.66487873134328,46.33108383861941,61.46379430970148,74.16416452891791,60.3994140625,45.53881471548508,53.973334013526106,44.234717525652975,71.84103894589552,78.60124183768656,41.31461345615672,103.02182690065297,71.13021805037314,75.22669368003731,69.61417035914178,67.49373979710822,46.87715718283583,38.01410914179104,44.6650973647388,51.366065181902975,36.6942776352612,38.156643540111936,76.41139517257461,52.21479273554104,63.40744519589552,52.36010377798507,42.60852961753732,44.74099230410448,35.49569292210821,53.46150594682836,51.65483617070896,47.29735599347016,26.466971781716428,66.16187616604478,44.8178127915112,58.992581040111936,29.79616808535448,17.74923478311571,64.57641237173507,46.25889109141791,47.43989039179104,30.350571361940293,71.41158465485076,53.30786497201492,47.52596635960821,34.45260027985076,59.1304876982276,52.0037677821828,59.260064423973894,74.55937354244402,58.66956477378732,67.48263322061571,31.24372522154852,60.95381733908583,48.433928987873145,28.738266674440293,43.25641324626868,56.327002681902975,36.113959013526106,40.699124008861936,29.06961287313429,29.42317222481344,66.77273787313429
train_116,4,10499.904499196295,1777.8445079291046,1198.6448359267038,966.2795592350748,694.626551169068,598.2168697527984,475.35499504430976,521.1483657502416,394.67774895055976,343.1062272431246,322.81357130363807,361.99479652518664,285.0188170475746,323.3633468400187,249.08533990205223,254.8857343357001,209.72284352067692,195.7774673602474,172.02234755389725,151.29192631547133,130.41434672341416,167.0530914762127,140.0076597386332,115.2122163643588,117.00315560867539,105.80309876399254,144.88529034514923,140.33807281949626,116.38859170942165,109.37710252448693,102.36561333955224,94.4891995102612,128.12546641791045,69.12085325326493,58.98610220382463,54.24914732975747,73.08960325326493,70.78683972714552,92.5668362290112,79.09270784748132,156.34635173740668,104.93308360541045,69.45682719216417,58.95185692630597,63.11867420708956,48.29602232975747,72.75085267024254,82.37377565298506,90.48250204057835,45.44163217117537,52.627587161847025,98.1812106459888,107.61439628031721,66.67370423274254,53.73269152285448,51.36791627798508,79.46755480410448,60.23466651119403,58.35395289179104,34.73766907649253,105.56986065764926,40.062346956623145,66.88935692630598,52.32215630830224,64.99013234608209,51.102283990205244,20.411110949160438,67.69643481809703,100.9819190181903,61.37031395755597,62.510589144123145,34.32765129430971,47.34085675139925,50.056414703824615,41.71630130597015,56.47046262826492,58.51222160680971,63.14088736007463,36.362005888526106,59.53402664412313,65.96195778917911,47.84620598180971,53.766936800373145,36.234280258861936,50.86812033582089,79.93680766091418,51.50674848414179,31.521389633861933,47.51023204291044,58.77600279850747,39.32838736007463,27.9913494053172,47.52226416744403,57.51448081856344,52.98855089785448,26.0208576259328,27.52579874067164,42.13279792444029,38.78971840018656,32.7875393540112,56.99339727145523,36.20836491371269,39.71248979710821,41.88475104944029,25.16194904384328,40.52974871735076,50.69781949626868,59.79410564365672,34.36467321595148,49.67231226679104,16.82646338619403,36.08341592817164,48.68105031483209,23.36268365205224,39.51719916044776,23.545016616138067,47.98781483208956,17.480825851212693,26.341097248134304,31.520464085820894,32.40251136893656,35.06901527518656,36.98027197994403,61.659084946361936,31.501953125,28.796576201026106,37.95672516324627,59.29801189365672,26.783509211753735,37.381034281716424,36.97749533582089,64.9716213852612,38.780462919776106,20.05199830923508,40.045687091884304,25.69413916744403,40.45755597014925,41.54970265858209,28.68180824393656,38.68883366371269,25.808907124533572,24.145697294776106,32.58762097714552,48.558877973414184,25.726533348880587,34.16105264692164,48.6412517490672,61.4989651352612,41.35533756996269,59.83112756529852,35.83722014925373,27.344391324626866,41.466403334888064,25.5201361357276,53.07185022154852,61.64705282182836,36.70445866371268,35.918668376865696,42.745510727611936,35.51420388292911,66.48581798041045,43.946872084888064,47.549105060634304,50.1221286147388,24.864848122667908,76.76865671641791,56.348290286847025,33.57888292910448,40.1669338852612,29.833190006996265,32.13132579291044,34.32024690998132,34.094413187966424,43.98111736240672,29.84799877565297,22.660655462919774,16.472904034514933,48.10628498134328,35.4063775361474,20.54068767490672,49.008694321361936,48.966119111473894,41.8292181669776,40.32335150419776,67.14943592583955,32.39695808069029,49.74635611007463,45.34074743470148,24.760261194029855,29.700836637126866,30.394997667910438,48.89485191231344,25.65248950559703,40.5723239272388,33.05409718983209,33.32158057369403,39.97904763292911,32.03321770055971,37.354193388526106,39.125692339085816
train_117,1,5143.721417935927,4374.160510011572,2276.8981605643653,2285.5427111396148,1750.7166948460822,1868.3305986149985,1657.3399965113667,1414.966678014442,1162.329145289179,1468.7179940449657,1156.2040500285023,1228.4087006681002,1046.8772536160343,799.8215573003043,809.2565940307147,784.953553568961,828.0943111590484,834.3750498864188,1098.3496054268594,1167.0078511949796,982.7931419646561,755.4962041947379,690.2604988261835,627.655814143259,658.897650419776,648.5488252604187,441.58174702658584,455.12436596315297,442.55175165276034,549.7098224696828,487.6703372784515,388.74032798809793,406.187834109833,418.47941488650304,397.93293169007376,484.1788975551946,517.6895624416978,612.9515945662312,490.55434497434703,439.2947178171642,404.1961152838237,347.6987512040494,306.65970883084765,264.18935838386193,239.7298851635919,266.2598093516791,282.1690546291978,248.36524838653963,211.5173449160448,238.98761077425374,215.91183187534563,177.84590718283584,187.00711794931496,159.71256996268656,198.1698803599201,168.2276195100884,152.17305562033584,161.25730964319027,146.72991516074137,143.82739650402496,170.58313170475748,157.37464318079736,145.93301072761193,160.47243733459442,135.10409864738807,131.2871385261194,143.68122047185898,145.9626282649254,111.27957409264437,170.3489831899529,183.09482637981873,118.40443534281721,134.33867041744404,123.44959771455224,97.8258001982276,130.53374242070896,139.23111736240668,117.85928754664178,126.59183331389924,102.17957818330224,118.49606459888058,105.92434555736942,110.17261106576493,104.18894298041045,111.65256238339552,106.85544688666045,87.16996560167911,123.77353952891791,94.26336578824626,121.27641091417911,115.1224419892724,114.37737581623132,97.55831681436571,114.92067251632463,86.19536351445896,99.91661322294776,96.27365613339552,97.9720367887127,116.30344128964552,118.55067193330224,111.28141761893656,108.08642578125,83.57143481809703,93.70803696361942,93.91073198460822,112.81690181902985,86.71644706156721,87.61052646921642,106.28068155317165,88.13716330457089,90.5926422574627,87.38746939132463,106.14555153917911,69.5938083022388,75.61264721315297,98.40704436800374,93.18047458022389,60.47623454990672,103.5429104477612,79.10473997201494,121.95668872434703,94.65394706156721,83.94165403451493,106.80824393656721,111.92745015158582,70.65078416511193,75.56822090718279,77.09259853078358,84.16008337220148,84.66358150652985,66.38678434001868,59.54883541277985,91.1220557369403,70.8007229477612,86.0370947994403,91.51356255830224,85.77331360774254,86.54707177005598,80.74758774486942,89.47550577192165,72.94521775886193,73.42557719216417,90.61948315065297,62.81231780550373,86.98670708955224,94.6752346665112,66.99116721082089,100.6163275419776,72.21218371035448,79.04735599347015,70.50362202658582,76.04210150419776,91.04245860541045,85.39106226679104,64.11178725513058,87.95020260027985,83.65103194962687,86.96819612873132,71.4541598647388,72.84618411847015,85.90196478544776,101.50855585354476,90.9027008512127,82.49779909048506,66.96340076958955,72.65922341417911,79.69616517024254,51.68352815998132,84.1434235074627,89.70041394589552,79.67487756529852,77.22032416044776,62.3837890625,82.43578737173507,76.82974288712687,80.52082847481344,96.90395434934703,58.24658931902985,97.98777110541045,66.77736561333955,58.92686712919776,110.56411788712687,78.84280987639926,86.64147767024254,83.66584071828358,99.13082293610074,64.44868674207089,82.29325297341417,76.76495452425374,96.78733529617537,72.35194146455224,94.55676451725746,70.48603661380598,101.79732684235076,48.24604273554104,88.23249475279852,49.07255713619403,84.96160797574626,78.73174411147389,76.92507433535448
train_118,2,8239.444126750106,1574.7607870422194,835.8465804342014,659.277094837445,477.16259036847026,387.9369787827356,312.15033232276124,278.6900557991284,250.33481461788293,252.78936802273367,177.87644648329533,169.6594347597948,194.24305253420303,192.1150964712029,176.21046379430973,155.3263977961754,155.51335850046644,139.1774355760261,144.52247551305973,123.50790724113807,125.8837890625,111.68310546875,134.0610060051306,124.37051801539178,108.00497755363807,92.90928900419776,152.89311685668892,110.17261106576493,138.75260902518656,111.76825588852611,170.33892327813962,110.77421729244402,89.34685459421642,98.29135086287314,102.1786526352612,79.39721315298506,44.64751195195896,99.16691930970148,78.93906687266791,87.80674265391791,79.77668784981344,73.42742828824626,63.76100454757463,83.97127157182835,84.3090966068097,79.93865875699626,63.52961753731344,86.59334917210822,51.95471373600747,57.58297137360076,69.43739068330224,63.8341228428172,52.93024137126868,77.69235366138058,68.23232713386193,51.41419368003731,57.98188257929104,42.435452133861936,51.96489476445896,66.9273043959888,40.98604390158583,53.56886951958956,60.26706069263059,62.31252186333956,60.1060153334888,51.02731459888059,55.53473355876868,55.83646222014925,43.78767782182836,44.64103311567164,70.08434876399254,55.72724755130597,62.67626224347015,18.780295300839562,43.32490380130597,45.3139065415112,56.68796641791044,27.290709538246265,42.28643889925373,48.39875816231344,51.82606255830224,34.5784748134328,44.98626253498132,31.599135669309707,34.978311567164184,38.35748746501868,69.89276031949626,36.69612873134328,27.535054221082092,34.64326317630597,53.45132491837687,40.82129635027985,35.66599376166044,37.591133687033576,39.91333372201493,53.43559060167911,49.78522912779852,24.56126836520524,36.37126136893656,43.56832293610076,38.59257666744403,37.416205107276106,34.14716942630597,53.40134532416044,42.419717817164184,27.70442951259328,39.67824451958956,50.04530812733209,39.80689569729477,39.233055911847025,35.95754139458956,29.23806261660448,33.90930357975747,41.71815240205224,43.31009503264924,53.219937908115696,34.063870102611936,29.133475687966428,50.84313053871269,35.49754401819029,39.38762243470148,42.16981984608209,19.26528247434703,30.146950792910438,27.8599215834888,8.67701288479476,48.70696565998132,36.15560867537313,36.94510115438429,62.07558156483209,57.13963386194029,37.033953766324615,28.947440531716428,41.40624271222015,42.48080398787313,50.20450239039179,42.77050052472015,49.26877332089552,58.11978923740672,38.0918551772388,17.299418435167908,26.671517898787307,35.5947265625,27.01119402985076,52.8506442397388,57.61536555503731,23.02208197294776,59.34428929570896,47.75735336986941,47.621297807835816,31.007710471082092,26.92326696595148,50.15637389225747,15.290979186100762,25.11937383395524,50.73576696595148,21.171911438899254,49.03646076259328,33.68994869402985,35.349456331623145,11.831280608675387,30.567149603544774,45.20006413246268,41.92917735541044,24.197527985074625,29.666591359608212,23.25439453125,20.51569787779852,40.91292560634328,55.8892184584888,13.352881588152973,46.38939336520523,53.12553200792911,16.148036672108212,6.6759780200559735,26.15413654384328,32.95413800139924,29.34172399720148,25.729309993003735,24.39652081389924,28.373600746268682,33.35860249533583,50.18228923740672,36.18800285680971,31.58988018889924,53.574422807835816,22.9443359375,28.513358500466428,33.04669280550373,41.64688520289179,35.698387943097025,26.250393540111933,33.754737056902975,24.61587569962685,48.33489534748132,57.23866750233209,57.666270697294756,40.70560284514925,32.985606634794756,43.07593137826492
train_119,2,7237.377574842369,1632.6784283171837,772.76316789015,675.8749478575008,398.12078766324623,319.52417356576495,196.01163858442166,207.57543580923507,222.8099414252523,237.05693270021408,159.3469784864739,135.8343560517724,158.6287418519383,165.68797624378064,120.21110511893656,188.206628210509,139.8595644822761,115.93877536147389,133.7546496035448,120.05098530783583,110.5113616487873,81.77031833022389,110.46045650652985,133.88607742537312,57.71995248367537,80.70501253498132,67.40766382929104,68.37578708022389,76.58539820429104,66.18408931902985,75.3729302705224,49.05034398320896,58.35395289179104,48.39042822994403,41.85791015625,38.00300256529852,42.54836899486941,44.1236517607276,51.64928288246268,62.57167531483209,53.660498775652975,56.79903218283583,24.800985307835827,23.715317455690293,27.776622259794774,33.835259736473894,46.74850600513059,29.630494986007466,39.01184993003732,44.00055387126868,15.342809876399238,45.496239505597025,46.84568854944029,17.545614214085827,23.7791802705224,27.973763992537307,52.06022621268656,43.1360920009328,47.15852378731344,57.2747638759328,46.40975542210821,34.59513467817164,31.147468225279855,29.260275769589562,39.233055911847025,43.33786147388059,8.580755888526106,31.970280433768682,44.47350892024253,25.416474755130587,4.00114418143656,49.488128206623145,39.9642388642724,30.44034952192164,32.719048798973894,10.298573052705226,15.40852378731344,10.193986124067202,41.54600046641791,66.38400769589552,31.6019123134328,22.29275011660448,12.630954116138067,38.53426714085821,38.82303812966417,26.64467700559703,19.232888292910438,29.926670359141788,35.20044309701492,13.307529734141786,26.237435867537307,6.970302297108214,14.70603282416044,26.2642767607276,32.35438287080224,-8.607596781716428,42.60575297341417,5.026651410914173,14.582934934701479,-4.874861532182798,43.18977378731344,25.11382054570896,26.397555678638067,21.37830865205224,40.87960587686571,12.60318767490672,11.172290403451479,13.08447265625,2.685014867070893,11.19172691231344,57.18868790811571,16.521958080690293,1.7020828474813188,17.85474725979476,25.9042385727612,16.795920300839562,26.99083197294776,14.451507112873147,15.71950792910448,8.747354535914173,45.947906949626855,15.539951609141786,377.53193364125576,61.681298099347025,33.30862290111941,38.97575355643656,34.32765129430971,17.297567339085813,4.126093166977599,14.056298099347027,30.82074976679104,31.152095965485067,16.049003031716428,16.348880597014933,21.913275419776106,22.0308200209888,19.16902547807836,29.529610249533572,14.301568330223894,23.061880538712693,13.88322061567164,25.5108806553172,1.884415811567202,10.181953999533572,31.29000262360076,32.53856693097015,36.60172283115672,30.49403130830224,29.97294776119403,37.94561858675373,53.20790578358209,25.258206040111933,15.244701784048521,-7.682974288712679,2.6054177355410397,22.51025390625,16.45531862173508,9.2850979477612,21.70687820662315,10.504970265858214,21.51158756996268,-2.585981226679107,16.583969799440293,26.01252769356344,0.7608004897387997,-2.159303579757467,24.7667400303172,32.9615423857276,27.89509240904852,28.792874008861933,34.78672312266791,39.459815181902975,27.92100775419776,11.97566610307836,23.27660768423508,16.66541802705224,5.94294397154852,28.955770464085827,8.921357567630587,4.570356226679107,8.77419542910448,30.88646367770524,20.808171058768682,19.783589377332092,7.92176568330224,13.959115555037306,55.50789266557836,37.97801276819029,19.34117741371268,15.191019997667906,71.97987115205224,26.924192513992534,51.87696770055971,31.855512476679106,24.7713677705224,14.965186275652973,35.80852815998132,4.5888671875,18.33418114505597,22.53154151119403
train_120,5,12917.213652027187,7478.680906815315,3366.9243503070593,1659.6761933138118,1020.761823554537,724.2930516911977,721.4331082443694,551.3431422496908,482.08280375466416,371.7101380558156,354.0776434425098,329.7024064486596,486.82811884026034,297.7468174518044,287.0346758205499,241.83183504396408,249.2796898510919,306.00654442630594,235.92497230643656,224.7108959849201,208.44082322761193,273.0884876589277,221.32631819461707,217.9776702425373,223.52262855643656,231.14453181402004,198.13948867036333,203.28828214353592,172.16119111473878,199.2973341301306,154.87558777207758,159.5478224113806,152.5941875488011,152.48403976212688,139.0682209071828,146.1958663712687,181.032569088153,142.1058620081019,127.369286098587,141.90502565298507,149.27423158599368,102.68862960587687,110.95932690065297,141.68752186333955,100.40160039645522,121.55870306669776,131.57683506296644,96.41711607975746,107.70602553638058,116.28307923274254,124.04379955690297,124.78608908582089,96.37546641791045,83.01240380130598,121.9316989272388,104.84608208955224,73.27471286147389,70.05843341884328,99.71854594216417,97.27602466184703,85.41512651585822,90.08451638292911,87.20883861940297,97.62773291744402,87.9659369169776,77.59887330923507,90.24185954990672,70.8034995918843,73.13217846315297,71.19130422108209,76.72978369869402,73.34135232042911,77.84877128031721,58.233631646455244,75.09063811800374,89.58657153684703,65.5112158931903,92.3086083255597,73.44131150886193,82.2441989272388,74.34279530083955,89.29872609608209,61.999686625466424,52.60722510494403,73.47463123833955,78.13384007695896,68.63077556553172,59.12771105410448,67.12629722481344,73.82217452775186,76.18648699860076,81.51486707089552,36.92381354944029,61.23610949160448,49.34374271222015,55.19968516791044,65.35387272621269,67.72420125932835,84.97178900419776,48.293245685634304,54.99791569496269,57.20997551305971,80.34312325093279,65.48252390391791,40.738922574626855,60.88440123600747,57.33399895055971,60.68725950326492,50.02494607042911,58.35395289179104,88.46110511893656,44.52811625466417,79.10288887593279,77.1490569612873,48.19050985307836,76.21517898787314,67.52335733442165,64.62546641791045,97.93779151119402,69.02367070895524,67.78065968983209,57.5302151352612,44.43556145055971,52.72291861007463,51.759423099347025,67.77788304570896,51.17540228544776,59.5691974696828,51.01713357042911,39.24971577658583,53.394866487873145,60.22355993470148,54.40278830457089,96.02653480643656,53.39023874766791,50.16331550256529,46.76979361007463,50.19339581389924,49.55661876166044,62.46708838619403,60.71687704057836,50.21375787080224,37.48562121035448,45.909033931902975,56.73979710820896,43.573876224347025,54.33152110541044,52.71366312966417,70.67114622201494,47.15111940298507,60.52899078824627,47.07615001166044,78.29118324393656,62.66237902285448,58.17809876399253,25.108267257462693,58.231780550373145,40.40942747201493,35.13010144589552,52.573905375466424,66.42380626166045,39.65325472248132,63.37690211054104,57.92172195662313,39.11921350279852,39.04239301539179,49.86297516324627,51.9991400419776,57.647759736473894,57.23681640625,51.68260261194029,27.355497901119413,34.800606343283576,56.16410622667911,34.7719143540112,67.11241400419776,55.12101358442164,29.034442047574625,57.72643131996268,15.25951055270524,29.02426101912315,41.28499591884328,44.04220353311571,30.98457177005597,45.49901614972015,25.85240788246268,22.26128148320896,45.07604069496268,55.61340514225747,45.07696624300373,39.39595236707089,34.7552544892724,46.32182835820896,39.39595236707089,50.93753643889925,64.38760057136193,56.04285943330224,23.448759619869413,53.13478748833956,39.71804308535448
