line_id,channel,wavelength_nm,peak_px,core_lo,core_hi,bg_left,bg_right,step_nm,fwhm_nm,prominence,snr,corrected_wavelength_nm,assignment,element,ion_state,db_wavelength_nm,delta_nm,Ei,Ek,gi,gk,Ak,log_intensity,n_competing,alternatives,channel_offset_nm,token_index,selection_freq_top10,selection_freq_top20,selection_freq_top40,selection_freq_top80,selection_freq_top150,selection_freq_top250,rank_mean,rank_sd,rank,selected,occlusion,occlusion_b1,occlusion_b2,occlusion_b3,occlusion_b4,occlusion_b5,occlusion_b6,occlusion_b7,occlusion_b8,occlusion_b9,occlusion_b10,best_descriptor,best_F,rho_area,rho_shift,rho_continuum
231,3,656.3070068359375,8892,8875,8909,8837,8946,0.0880126953125,1.51021724641209,0.4527784585952759,13.405666796298336,656.3570068359375,H I 656.279,H,I,656.279,0.07800683593745816,10.1988358,12.0875052,8.0,18.0,44101000.0,-33.78846135059675,2,H I 656.285 (+0.072); H I 656.271 (+0.086); H I 656.272 (+0.085),-0.04999999999999988,231,0.68,0.76,0.82,0.94,1.0,1.0,1.6,0.4898979485566356,1,True,0.0060432884,0.010153211,0.0050786794,0.0037716068,0.0066630426,0.0062819812,0.0074680685,0.0054607615,0.007433023,0.0059921537,0.0021303594,shift,9.49288440852852,0.18599660662595063,0.4394363321824591,-0.2629334078384
108,1,374.5480041503906,3281,3279,3283,3278,3284,0.0419921875,0.13010682871831847,1.8327409029006958,15.17064630501446,374.5820041503906,Fe I 374.556,Fe,I,374.556,0.02600415039063364,0.08728574,3.3965088,5.0,7.0,11500000.0,-32.46664844777989,1,Fe I 374.590 (-0.008); V II 374.580 (+0.002); Co I 374.550 (+0.032),-0.033999999999999864,108,0.46,0.74,0.78,0.86,0.94,1.0,10.0,1.8973665961010275,2,True,0.0052237767,0.0039703865,0.007180649,0.0042378246,0.01000314,0.004294531,0.0029146215,0.003954937,0.0061152037,0.007262403,0.002304065,asymmetry,5.777942917757589,0.048604036642415624,0.11531659411737645,0.16605083223180508
102,1,371.9679870605469,3214,3211,3217,3208,3218,0.0419921875,0.13828834747681196,2.3040440529584885,25.79073126720714,372.00198706054687,Fe I 371.993,Fe,I,371.993,0.008987060546871817,0.0,3.33201954,9.0,11.0,16200000.0,-32.15729535010252,0,Mo I 372.025 (-0.023); Mo I 371.955 (+0.047); Ar II 372.043 (-0.041),-0.033999999999999864,102,0.74,0.94,0.98,1.0,1.0,1.0,11.6,8.16333265278342,3,True,0.0033963318,0.0022042918,0.0054754326,0.0008862885,0.003890109,0.00431054,0.00266556,0.0021812166,0.004621086,0.0059286673,0.0018001274,shift,8.441522830553394,0.09261132273996106,0.12402184868976238,0.23478147531183083
97,1,364.73699951171875,3028,3025,3031,3020,3040,0.0419921875,0.14187417895124987,1.6088438630104065,18.5376914338407,364.77099951171874,Fe I 364.784,Fe,I,364.784,-0.01300048828125,0.91460217,4.31247059,9.0,11.0,29100000.0,-32.59556936315842,0,Fe I 364.742 (+0.029); Mo I 364.784 (-0.013),-0.033999999999999864,97,0.28,0.64,0.72,0.82,0.92,1.0,16.4,13.705473359209451,4,True,0.00087389274,0.0014365965,0.0011353481,0.0004095902,0.0009875927,-0.00023815688,-0.0011319922,0.001913555,4.0423507e-05,0.0025983513,0.0015876207,width,4.558154054052612,0.024998221688546526,0.1131140598279776,0.2379388027907228
110,1,375.7749938964844,3313,3310,3316,3306,3322,0.0419921875,0.14564727477403094,2.256044089794159,17.313482351484193,375.80899389648437,Fe I 375.823,Fe,I,375.823,-0.014006103515612267,0.95815732,4.2562228,7.0,7.0,63400000.0,-32.49329034965359,0,Cr I 375.766 (+0.043); Ti II 375.769 (+0.040); Fe I 375.745 (+0.064),-0.033999999999999864,110,0.76,0.9,0.98,0.98,1.0,1.0,16.8,22.103393404633596,5,True,0.0022999742,-0.00010846909,0.0041825646,0.0007852425,0.0014017249,0.002675292,0.0019243917,0.0020293556,0.0032585587,0.0035510543,0.0033000244,asymmetry,11.139473493197535,0.04213024948638288,0.2615156846176375,0.24120101285482418
78,1,349.7300109863281,2650,2647,2653,2638,2662,0.0419921875,0.1429848668881455,0.3891412913799286,6.441453521132764,349.7640109863281,Fe I 349.784,Fe,I,349.784,-0.019989013671875,0.11011433,3.65369332,3.0,5.0,3080000.0,-33.311637444436364,0,Fe I 349.710 (+0.054); Mn II 349.752 (+0.012); Fe I 349.715 (+0.049),-0.033999999999999864,78,0.24,0.48,0.7,0.76,0.86,1.0,19.2,10.961751684835777,6,True,0.0011922065,-0.00037581293,-0.0006045001,0.00044816209,0.00075175514,0.00040447694,0.0017846792,0.00037366684,0.0027180847,0.002057147,0.0043644067,width,12.94799512912833,0.04793857472246588,0.16089711899306394,0.03381197548701121
56,1,322.57000732421875,1990,1987,1991,1985,1992,0.0419921875,0.14276296738869254,0.5512912422418594,11.209636566514396,322.60400732421874,Fe I 322.579,Fe,I,322.579,0.025007324218734084,2.39920471,6.24162851,11.0,13.0,118000000.0,-33.01488750511356,0,Fe II 322.638 (-0.034); Ti I 322.612 (-0.008); W II 322.547 (+0.057),-0.033999999999999864,56,0.08,0.22,0.48,0.66,0.84,1.0,21.2,11.034491379306976,7,True,0.0002659132,-0.0040949774,-0.0004144123,0.00030485287,-0.00029198185,-0.00024366945,0.00048876344,0.00036338912,0.0015467572,0.0018809885,0.0031194193,height,4.564592668873816,-0.20032212110921638,-0.04239788091071049,-0.17627869261016293
86,1,356.9670104980469,2831,2828,2834,2824,2838,0.0419921875,0.1452460967052751,3.049435168504715,36.02708149129866,357.00101049804687,Fe I 357.010,Fe,I,357.01,-0.00898950195312409,0.91460217,4.38646275,9.0,11.0,67600000.0,-32.306022790643446,0,Fe I 357.001 (+0.000); Co I 356.938 (+0.063); Mo I 357.064 (-0.063),-0.033999999999999864,86,0.28,0.46,0.74,0.84,0.96,1.0,22.2,26.369679558159213,8,True,0.0019013311,0.0019203932,0.0025969753,0.0016759203,0.0014049232,0.0017556932,0.0018293477,0.00090131926,0.0016044197,0.003471086,0.0018532332,shift,4.371747449910901,-0.052209827589099776,0.11140338869680247,0.2016747447943316
126,1,387.8039855957031,3631,3627,3635,3624,3638,0.0419921875,0.16461476014528253,1.5483836978673935,14.323738641896943,387.8379855957031,Fe I 387.857,Fe,I,387.857,-0.019014404296910925,0.08728574,3.28302483,5.0,3.0,6170000.0,-33.366381108844024,2,Fe I 387.802 (+0.036); Fe I 387.873 (-0.035); Fe I 387.867 (-0.029),-0.033999999999999864,126,0.2,0.54,0.72,0.86,0.96,0.98,24.4,19.03260360539251,9,True,0.0011403455,-0.00028114344,0.0016914621,0.00069095235,0.0027252464,-0.00028806183,0.0015585863,0.001069302,0.0011023002,0.0018339944,0.00130081,asymmetry,6.863684204603457,0.03234723593494794,0.24820644621864285,0.1613347325382483
77,1,349.0450134277344,2633,2630,2636,2626,2637,0.0419921875,0.12765936844744807,0.7022994309663773,12.18695321141796,349.07901342773437,Fe I 349.057,Fe,I,349.057,0.022013427734350444,0.05156912,3.60252504,7.0,7.0,6140000.0,-33.055770754970204,0,Ti II 349.105 (-0.026); W II 349.092 (-0.013); W II 349.032 (+0.047),-0.033999999999999864,77,0.3,0.62,0.84,0.92,0.96,1.0,25.0,30.172835465033774,10,True,0.0017052317,0.002733478,0.0021616318,0.0012296473,0.0021045,0.0018037293,0.0011030888,0.00047572202,0.001082038,0.0017856485,0.0025728287,continuum_slope,11.325944922596282,0.06337439795260429,0.3292192016907844,0.05967095770244923
158,2,435.1579895019531,4899,4895,4903,4892,4915,0.06201171875,0.2342945115564808,0.9089335501194,10.179471022120147,435.20998950195315,Cr I 435.176,Cr,I,435.176,0.0339895019531582,1.03000806,3.87826474,9.0,11.0,12000000.0,-33.974153440761626,1,Fe I 435.273 (-0.063); Cr I 435.105 (+0.105); V I 435.287 (-0.077),-0.05199999999999988,158,0.04,0.1,0.3,0.56,0.88,0.98,28.4,24.12135982899803,11,True,0.00075253204,-0.0011863549,0.0010013209,0.0014871844,0.00015248518,0.00083573855,0.00048241127,0.00043463908,0.0015813614,0.0012861823,0.0014503524,continuum_slope,7.825639019302932,-0.24956630318549666,-0.02459315791118582,0.06353714679172243
93,1,361.83099365234375,2954,2950,2957,2945,2958,0.0419921875,0.1544079084524408,2.1177646219730377,24.502638485957974,361.86499365234374,Fe I 361.877,Fe,I,361.877,-0.012006347656267735,0.99011115,4.41527878,5.0,7.0,72200000.0,-32.42002256090091,0,Fe I 361.839 (+0.026); Ni I 361.939 (-0.074); Fe I 361.830 (+0.035),-0.033999999999999864,93,0.0,0.18,0.58,0.76,0.94,1.0,30.8,13.70255450636851,12,True,0.00059859484,-0.0015291583,0.0017510562,-0.00036004258,-0.00059556536,-0.0002932995,0.00076814933,0.001092197,0.0016545919,0.0016449788,0.0018530394,asymmetry,7.920774216869976,-0.0242387271059952,0.15283924313628128,0.1927741916150039
79,1,351.3370056152344,2690,2687,2693,2680,2698,0.0419921875,0.1279203558379769,0.4286181628704071,6.387729347753941,351.37100561523437,Fe I 351.382,Fe,I,351.382,-0.010994384765638188,0.85899575,4.38646275,11.0,11.0,3400000.0,-33.673202275114704,0,Ni I 351.393 (-0.022); Co I 351.348 (+0.023); V II 351.387 (-0.016),-0.033999999999999864,79,0.0,0.18,0.46,0.84,0.98,1.0,39.2,9.495261976375375,13,True,0.0011342635,-0.000126387,0.0006247126,0.00075533695,0.0014384208,0.0012921018,0.0014687915,0.0010709,0.0016992559,0.00022921324,0.0028902865,continuum_slope,8.180657297361691,-0.1029874653939599,0.013359871371164768,0.08844856909940593
123,1,385.97100830078125,3582,3578,3586,3576,3588,0.0419921875,0.15653093676119623,1.785540834069252,13.058267238433821,386.00500830078124,Fe I 385.991,Fe,I,385.991,0.014008300781256366,0.0,3.21118938,9.0,9.0,9690000.0,-32.43747502164538,0,W I 385.930 (+0.075); V I 385.934 (+0.071); S II 386.011 (-0.006),-0.033999999999999864,123,0.06,0.2,0.5,0.74,0.94,0.98,40.6,20.32338554473639,14,True,0.0011685471,-0.001158818,0.0019077406,0.00081152224,0.001587802,0.0016345172,0.0010398894,0.00037463635,0.0018753895,0.0021035527,0.0015092363,shift,8.207301023349915,0.09289342072776584,0.3425537565758641,0.211823039073565
272,3,939.2420043945312,12172,12169,12186,12168,12222,0.0880126953125,1.2388108940721263,0.35091234743595123,29.812862068746544,939.2920043945312,N I 939.279,N,I,939.279,0.013004394531208163,10.6899808,12.0096116,4.0,6.0,25100000.0,-33.6733256191904,0,,-0.04999999999999988,272,0.4,0.62,0.78,0.86,0.96,0.98,41.4,31.129407318482635,15,True,0.0038462908,0.005819865,0.002688081,0.0049307374,0.004152744,0.002987261,-0.0011457185,0.0055549415,0.005752169,0.0052347835,0.0024880415,width,5.872255877920322,-0.11804715797369193,0.18921903364048984,0.20481398906887707
62,1,335.8039855957031,2308,2297,2319,2289,2324,0.0419921875,0.45504938536564943,0.21510078012943268,5.159740947981803,335.8379855957031,Mo I 335.812,Mo,I,335.812,0.02598559570310499,1.4201599,5.1111725,5.0,7.0,75900000.0,-35.25183552089223,0,Ti I 335.827 (+0.011),-0.033999999999999864,62,0.06,0.08,0.2,0.34,0.42,0.86,45.6,48.47102227104355,16,True,0.00024745925,-0.0018576416,0.00029860635,-0.00033724646,-0.0007505626,0.000574779,0.0009109282,0.0012986398,0.000887556,0.0012932499,0.00015628301,continuum_slope,6.398091861052322,-0.1634396175241762,-0.005113930189178933,0.02905970938476148
81,1,352.5799865722656,2721,2718,2724,2713,2727,0.0419921875,0.1424350511096124,0.7872442901134491,12.271346753992844,352.6139865722656,Fe I 352.604,Fe,I,352.604,0.009986572265631821,0.08728574,3.60252504,5.0,7.0,1140000.0,-33.63174368656059,5,Fe I 352.617 (-0.003); Fe I 352.638 (-0.024); Fe I 352.624 (-0.010),-0.033999999999999864,81,0.0,0.02,0.26,0.7,0.82,1.0,45.6,15.14727698300919,17,True,0.00041462522,-0.00039530796,-8.259815e-05,0.0005204062,3.0702136e-05,-0.00014221764,0.0009782647,0.0007643336,0.0007434352,0.00019554506,0.00153369,shift,5.2501902909128875,-0.14665117060892263,-0.1537325534309964,0.16164576365300737
273,3,944.6580200195312,12244,12234,12254,12229,12281,0.0880126953125,0.9098339561194936,0.04336375743150711,5.784522371863988,944.7080200195312,Fe II 944.668,Fe,II,944.668,0.04002001953119816,12.3766049,13.6887084,6.0,4.0,12000000.0,-35.96158028896547,0,Fe I 944.380 (+0.328); S I 944.503 (+0.205); B II 944.637 (+0.071),-0.04999999999999988,273,0.06,0.22,0.3,0.4,0.58,0.9,46.6,64.40372660025194,18,True,0.0029062952,0.0074865255,-9.853679e-05,0.0034644944,0.0010067857,0.0051814765,-0.00030606083,0.007420375,0.0018316376,-0.0004802601,0.0035565132,continuum_slope,9.698139375033245,-0.45300596872404275,-0.06361671289084685,-0.4207636153743043
113,1,379.47698974609375,3410,3407,3412,3402,3413,0.0419921875,0.13941257559053266,0.8085296601057053,5.099860364116469,379.51098974609374,Fe I 379.500,Fe,I,379.5,0.010989746093741815,0.99011115,4.2562228,5.0,7.0,11500000.0,-33.06951126352714,0,Fe I 379.434 (+0.077); V I 379.495 (+0.016); V II 379.436 (+0.075),-0.033999999999999864,113,0.0,0.02,0.48,0.84,0.96,1.0,48.4,26.280030441382674,19,True,0.0011549576,0.001308396,9.9125e-05,0.0010608722,0.0026991426,0.0015669388,0.0010133457,0.00019231274,0.0019571367,0.00046297422,0.001189329,shift,6.337482395020556,0.017743240104746708,0.2852124107884928,0.2796314387319213
33,1,295.3999938964844,1356,1353,1359,1351,1360,0.0419921875,0.13425410987791664,0.44494375586509705,5.751326688096279,295.43399389648437,Fe II 295.377,Fe,II,295.377,0.056993896484357265,1.04046986,5.23672772,6.0,8.0,5200000.0,-32.80079453671314,1,Fe I 295.394 (+0.040); Fe I 295.465 (-0.031); Fe II 295.406 (+0.028),-0.033999999999999864,33,0.08,0.2,0.34,0.44,0.72,1.0,48.8,42.17771923658272,20,True,0.00082934304,-0.0020179402,0.0005905947,0.0003732083,0.0015414457,-0.000658674,0.0016349363,0.0031879547,0.00069063937,0.00023115413,0.0027201085,width,7.351753914879197,-0.12841245070508292,0.11048476191600229,-0.08619901847870629
40,1,302.5690002441406,1521,1517,1525,1514,1537,0.0419921875,0.1667083818795767,0.5066977739334106,6.491565026663465,302.6030002441406,Fe I 302.584,Fe,I,302.584,0.01900024414061363,0.12126572,4.21758325,1.0,3.0,34800000.0,-32.69869137389023,1,Fe I 302.564 (+0.039); Fe I 302.646 (-0.043); Fe II 302.547 (+0.056),-0.033999999999999864,40,0.02,0.06,0.2,0.46,0.78,0.94,53.4,31.436284767764782,21,True,0.0009887702,0.0019313273,0.0007144162,0.0009065134,4.4966397e-05,2.2831147e-05,0.0005301879,0.0008643983,0.0022411095,0.0012983957,0.0013335572,continuum_slope,6.192434091085138,-0.1666837443839312,0.08752632567773647,-0.03711035195980555
99,1,368.7149963378906,3130,3126,3134,3114,3141,0.0419921875,0.1498536414744076,0.9408126771450043,9.45808358421309,368.7489963378906,Fe I 368.746,Fe,I,368.746,0.002996337890635914,0.85899575,4.22036211,11.0,9.0,8000000.0,-33.33760743784202,0,Fe I 368.766 (-0.017); Fe I 368.710 (+0.039); V I 368.748 (+0.001),-0.033999999999999864,99,0.04,0.08,0.22,0.62,0.88,0.98,53.6,44.65691435824916,22,True,0.0008859265,0.0027910366,-0.00038898876,0.0007867339,0.0009128318,0.0005395624,0.0003606995,0.00058371125,0.0010526619,-2.5888605e-05,0.0022469058,width,3.833142163159964,-0.030763147234198023,0.1888682194761685,0.26099488833245954
39,1,302.0929870605469,1510,1506,1513,1499,1514,0.0419921875,0.16901448512326578,1.5884916186332703,18.929785859722532,302.12698706054687,Fe I 302.107,Fe,I,302.107,0.019987060546839075,0.05156912,4.15435379,7.0,7.0,45500000.0,-32.663818728449044,1,Fe I 302.064 (+0.063); Cr I 302.156 (-0.029); Fe I 302.049 (+0.078),-0.033999999999999864,39,0.38,0.44,0.52,0.66,0.84,0.96,56.2,82.76327688051023,23,True,0.0010635373,-0.0008757373,0.0008997172,0.0025742264,-0.0004139175,0.0005361515,0.0021685811,0.0008709648,0.0018544329,0.001717098,0.0013038552,continuum_slope,4.674353365502696,-0.08780842366554124,0.13456074018287936,-0.07464746754218754
183,2,501.7640075683594,5929,5926,5932,5917,5941,0.06201171875,0.16600468327859585,0.29512906074523926,5.648451605151543,501.8160075683594,Fe II 501.844,Fe,II,501.844,-0.02799243164059817,2.8910183,5.36090398,6.0,6.0,2000000.0,-33.3236322767442,0,Ni I 501.759 (+0.057); Ar II 501.716 (+0.100); Ar II 501.763 (+0.053),-0.05199999999999988,183,0.08,0.16,0.36,0.64,0.82,1.0,56.8,53.525321110666866,24,True,0.001199029,0.0055340445,0.0028239854,-0.0006132608,0.001250046,0.0015735866,0.0012718581,0.00021574443,0.00018176815,0.0006278065,-0.00087528845,continuum_slope,4.889165271391557,0.003041594971074599,-0.08109955485300453,0.17487181931200835
53,1,319.6629943847656,1921,1918,1925,1917,1937,0.0419921875,0.16621678362998793,0.5177454054355621,9.724332239021876,319.6969943847656,Fe I 319.693,Fe,I,319.693,0.0039943847656331855,2.42543332,6.30254306,9.0,11.0,59700000.0,-33.40252905034024,0,Ni I 319.711 (-0.014); V II 319.656 (+0.041); Ti II 319.752 (-0.055),-0.033999999999999864,53,0.08,0.18,0.28,0.5,0.8,0.98,57.2,50.487226107204584,25,True,0.0011087947,0.0011587902,0.0015826361,0.0001037042,0.0002353788,0.0016674664,0.0006773682,0.0019816565,0.0016867063,0.0012857255,0.0007085161,continuum_slope,4.498155684466007,-0.16079585304872376,-0.04318269197934686,-0.02113926588101193
230,3,649.4829711914062,8821,8815,8827,8802,8837,0.0880126953125,0.49569247388959253,0.31276917457580566,9.130431344614124,649.5329711914062,Fe II 649.521,Fe,II,649.521,0.011971191406246362,11.0930363,13.0013649,2.0,4.0,47000000.0,-34.713903645590385,2,Fe I 649.647 (-0.114); Fe I 649.574 (-0.041); Fe II 649.694 (-0.161),-0.04999999999999988,230,0.14,0.28,0.32,0.62,0.86,0.98,58.0,54.405882034941776,26,True,0.001740115,0.002473391,0.0034362702,-1.9962476e-05,0.0037501112,-0.00028831957,0.0019356398,0.0031801022,0.0012211513,0.00013163647,0.0015811326,continuum_slope,8.514245011288642,-0.025732399785012808,0.1634396175241762,-0.3201848327992929
50,1,313.2149963378906,1769,1765,1773,1758,1785,0.0419921875,0.16310737464596436,1.093856319785118,22.27207041790836,313.2489963378906,Mo I 313.259,Mo,I,313.259,-0.010003662109397737,0.0,3.9567289,7.0,9.0,179000000.0,-34.00644975635662,2,Fe I 313.252 (-0.003); Fe II 313.305 (-0.056); V II 313.280 (-0.031),-0.033999999999999864,50,0.0,0.0,0.06,0.24,0.48,0.94,58.8,33.62380109386802,27,True,0.00094558037,0.0005759758,0.0016718513,-0.00057805557,0.001550523,0.0019963225,0.0010808023,0.0007261653,0.00022950917,0.00022525607,0.0019774502,continuum_slope,4.07773883959583,-0.2279496407097382,0.05062212224748057,-0.029338190731696967
59,1,330.635009765625,2183,2179,2187,2167,2189,0.0419921875,0.1669877756603455,0.6653531789779663,16.947499749807015,330.669009765625,Fe I 330.635,Fe,I,330.635,0.03400976562500091,2.22271209,5.97150625,3.0,5.0,48400000.0,-33.52052294558827,3,Fe I 330.634 (+0.035); Fe I 330.597 (+0.072); Fe I 330.723 (-0.054),-0.033999999999999864,59,0.2,0.34,0.62,0.74,0.86,1.0,59.6,63.80470202108933,28,True,0.00085648353,-0.0016284664,0.0005191618,0.00094105134,0.0006284757,0.00047604347,0.0012462026,0.0010628751,0.0016102972,0.00094872504,0.002760477,shift,5.731129649908092,-0.10269813412441654,0.30053923959729856,0.05141054995698623
69,1,341.29901123046875,2442,2439,2445,2437,2447,0.0419921875,0.11058619943148473,0.2547298073768616,5.906073568693769,341.33301123046874,Fe I 341.313,Fe,I,341.313,0.020011230468753638,2.1978664,5.82938837,5.0,7.0,32300000.0,-33.54117873683031,0,Ni I 341.348 (-0.015); Ni I 341.394 (-0.061); Co I 341.263 (+0.070),-0.033999999999999864,69,0.28,0.46,0.68,0.86,0.94,0.98,60.8,24.69331893448104,29,True,0.0042230356,0.003882694,-0.0001619995,0.00540047,0.0013901849,0.0037752672,0.0049776593,0.004057306,0.0045783576,0.0033441805,0.0109862415,continuum_slope,11.641923658517932,-0.029772187636012006,0.06997838417993153,0.02350816565039821
87,1,357.8399963378906,2853,2850,2855,2847,2856,0.0419921875,0.11243887708818567,1.657263845205307,19.94913674209503,357.8739963378906,Cr I 357.870,Cr,I,357.87,0.003996337890612267,0.0,3.46352849,7.0,9.0,148000000.0,-32.74066661387173,0,Fe I 357.838 (+0.036); Fe I 357.868 (+0.006); V II 357.864 (+0.010),-0.033999999999999864,87,0.26,0.38,0.6,0.8,0.96,1.0,62.6,51.16092258745927,30,True,0.0013126739,0.0022755794,0.0019081248,0.0007930876,0.0006866228,0.0011411294,0.0010393672,0.00080787047,0.0009213972,0.0024284632,0.0011251,continuum,4.65388072537244,-0.015464756357092732,0.2532588935130438,0.14159149003278307
151,2,427.4119873046875,4783,4782,4785,4781,4789,0.06201171875,0.11935124803551012,1.1312295198440552,8.981670547018176,427.4639873046875,Cr I 427.481,Cr,I,427.481,-0.017012695312473625,0.0,2.89953685,7.0,7.0,30700000.0,-33.15499687061398,0,Cu I 427.511 (-0.047); W I 427.549 (-0.085); W I 427.369 (+0.095),-0.05199999999999988,151,0.02,0.1,0.34,0.52,0.72,0.92,63.8,58.72103541321457,31,True,0.00038906757,-0.0024224897,-0.0014915577,0.0010258198,-0.0005456678,0.00037588907,0.00018274222,6.821208e-05,0.0012808458,0.0014276286,0.003989254,shift,3.276438812058599,0.006723335376013888,-0.1784848435404311,0.06885360886958172
74,1,344.3529968261719,2517,2515,2520,2514,2523,0.0419921875,0.1150626447858829,0.3047899752855301,6.3928426886896474,344.38699682617187,Fe I 344.388,Fe,I,344.388,-0.0010031738281099933,0.08728574,3.68638944,5.0,3.0,7920000.0,-33.598177617264184,0,Ti II 344.431 (-0.044); Co I 344.364 (+0.023); Ti II 344.337 (+0.050),-0.033999999999999864,74,0.06,0.08,0.32,0.6,0.76,0.98,64.4,48.06911690472377,32,True,0.0015076939,-0.00012823699,0.0011138432,0.0017604277,-0.00022782483,0.0008491468,0.0034153238,0.002870061,0.0023578955,0.0010873905,0.0019789138,continuum_slope,12.261725979282208,0.006763118425576101,0.03376134251484112,0.07636175531423196
42,1,304.08099365234375,1556,1552,1561,1551,1563,0.0419921875,0.2159127717511784,0.45281393826007843,5.465903956319521,304.11499365234374,Fe I 304.174,Fe,I,304.174,-0.05900634765623636,0.95815732,5.03306811,7.0,9.0,5200000.0,-33.90820093810089,4,Fe I 304.164 (-0.049); Fe I 304.043 (+0.072); Cr I 304.084 (+0.031),-0.033999999999999864,42,0.0,0.02,0.16,0.44,0.62,1.0,67.0,67.22797036948238,33,True,0.00025960073,-0.0018269338,-0.00046341642,0.00014080944,-0.00060959195,-0.0005725876,0.00065089145,0.00065891375,0.0014558097,0.0009967476,0.0021653643,width,3.6065772286238613,-0.22449213203869503,0.0674973685435972,-0.05455341087240101
186,2,516.6909790039062,6169,6165,6173,6156,6184,0.06201171875,0.2640474601704579,1.439737394452095,26.93098349764083,516.7429790039063,Fe I 516.749,Fe,I,516.749,-0.0060209960937527285,1.48486439,3.88350907,9.0,7.0,2720000.0,-33.55267215439183,0,Fe II 516.655 (+0.088); Mg I 516.732 (+0.011); Mo I 516.775 (-0.032),-0.05199999999999988,186,0.04,0.06,0.18,0.44,0.76,0.98,67.0,33.89985250705377,34,True,0.001157066,0.0055040177,0.0024765464,-0.00083565846,0.00071819476,0.0011596818,0.00127212,0.00026080792,0.00077175687,0.0010145842,-0.00077138905,shift,4.0604862275483615,-0.1116565535576529,0.10009776933939557,0.0628210518996026
26,1,283.57000732421875,1087,1083,1090,1071,1091,0.0419921875,0.15322066413702484,0.7178546041250229,13.614368407945872,283.60400732421874,Cr II 283.563,Cr,II,283.563,0.04100732421875364,1.54936314,5.92044389,10.0,12.0,200000000.0,-32.64223562395871,1,Fe II 283.571 (+0.033); Fe II 283.651 (-0.047); Fe II 283.618 (-0.014),-0.033999999999999864,26,0.0,0.2,0.28,0.42,0.64,0.94,70.0,52.21110992882645,35,True,0.0015892114,-0.00040026728,0.0026832146,-0.00024678552,0.0017297637,-0.0016283668,0.0055549718,0.0010101245,0.0014026873,0.0030462795,0.0027404919,continuum_slope,4.388126197286166,-0.18275971304793426,0.161851912182557,-0.18820637419708808
28,1,284.9859924316406,1119,1115,1123,1111,1128,0.0419921875,0.16557926336483408,0.5196993499994278,10.079009308223501,285.0199924316406,Cr II 284.983,Cr,II,284.983,0.03699243164061272,1.50613169,5.85542884,6.0,8.0,92000000.0,-33.08198315354503,1,Fe II 284.961 (+0.059); V II 285.068 (-0.048); Fe II 285.071 (-0.051),-0.033999999999999864,28,0.0,0.0,0.06,0.26,0.64,1.0,70.0,38.58497116754138,36,True,0.00013572394,0.00011672488,0.00026688725,0.00027657318,0.00018604069,0.00038312454,0.0002751896,0.0006307562,-0.00032203787,0.00021071635,-0.0006667365,continuum_slope,5.13926478857779,-0.221779651386726,-0.020676335849742548,-0.22566392368034563
92,1,360.84600830078125,2929,2927,2932,2926,2941,0.0419921875,0.12054971299161199,1.5731971561908722,18.6461026833417,360.88000830078124,Fe I 360.886,Fe,I,360.886,-0.005991699218782287,1.01105568,4.44562726,3.0,5.0,81300000.0,-32.45799923617421,0,Fe I 360.814 (+0.066); Mn I 360.849 (+0.031); Mo I 360.837 (+0.043),-0.033999999999999864,92,0.0,0.0,0.02,0.38,0.94,1.0,72.2,20.84610275327261,37,True,0.00020724058,-0.0020278275,0.0007142534,0.00061002927,0.00018943411,-4.6621233e-05,0.00044546698,0.00014390142,0.00033897645,0.00044391354,0.0012608793,width,6.909281831680587,-0.027153739646644578,-0.2350274068909427,0.19727690949727247
51,1,318.0570068359375,1883,1879,1887,1868,1896,0.0419921875,0.1798672651026061,0.41275961697101593,7.752481447712479,318.0910068359375,Fe I 318.022,Fe,I,318.022,0.06900683593750045,2.44955978,6.34703293,7.0,9.0,44200000.0,-33.62264552436985,2,Fe II 318.015 (+0.076); Fe I 318.152 (-0.061); Ca II 318.128 (-0.037),-0.033999999999999864,51,0.02,0.04,0.1,0.22,0.56,0.98,72.6,75.99368394807557,38,True,9.197291e-06,-0.002515193,-0.0025308162,7.9699246e-05,-2.0470598e-05,0.00071774016,0.00089443265,0.0011653741,0.0012929959,0.00048962294,0.00051858654,area,2.920917922986812,-0.2327236066572037,0.18290437868270595,-0.024126611239047146
100,1,370.5379943847656,3177,3174,3178,3169,3179,0.0419921875,0.11791707653833061,0.606548547744751,6.789510198519401,370.5719943847656,Fe I 370.557,Fe,I,370.557,0.014994384765600444,0.05156912,3.3965088,7.0,7.0,3210000.0,-33.16165035500276,0,Ca II 370.603 (-0.031); Mn I 370.608 (-0.036); Ti II 370.622 (-0.050),-0.033999999999999864,100,0.0,0.16,0.34,0.54,0.76,0.96,73.0,43.49252809391516,39,True,0.0008115998,-0.0016572903,-0.0016991257,-4.249842e-05,0.0028734938,0.0016758286,0.0021175365,4.118885e-05,0.0031180943,0.0012130314,0.00047573904,shift,5.693677598053617,0.09145399766178762,0.1993926444058083,0.2669876622528764
134,2,403.0119934082031,4422,4415,4429,4405,4432,0.06201171875,0.4287967486577752,0.47599072754383087,5.632541393752415,403.06399340820315,Fe I 403.049,Fe,I,403.049,0.014993408203167746,3.21118938,6.28647868,9.0,11.0,10400000.0,-34.059971043284264,2,Mn I 403.076 (-0.012); Fe I 403.089 (-0.025); Fe I 403.196 (-0.132),-0.05199999999999988,134,0.24,0.3,0.36,0.48,0.72,0.92,73.2,99.32049133990428,40,True,0.0011366516,0.00549312,-0.00086827134,-2.838365e-05,-0.0005293572,-0.00073989405,-0.00034537018,0.003208573,0.0010261674,0.0012355567,0.0029143807,continuum_slope,3.9641966335325347,-0.24159161006870777,-0.0010922255425261937,0.1611719836991301
247,3,794.7689819335938,10401,10389,10413,10357,10439,0.0880126953125,1.049492305982087,0.6172687113285065,20.017040564937187,794.8189819335937,Ar I 794.818,Ar,I,794.818,0.0009819335937208962,11.72316039,13.28263902,1.0,3.0,18600000.0,-35.60379382579027,0,Co II 794.488 (+0.331),-0.04999999999999988,247,0.0,0.02,0.22,0.62,0.82,0.96,75.8,79.89593231197692,41,True,0.00094573107,0.0037084569,-3.0412852e-05,0.00085027085,0.000816053,0.00090526865,0.00013194434,0.0016172141,0.00035247274,-0.00059643004,0.0017024736,continuum,6.325630049524406,0.2678303395754214,0.10162399178623681,-0.42673107280863615
64,1,337.9830017089844,2361,2355,2367,2350,2375,0.0419921875,0.25278339092063273,0.23122990131378174,5.595540725471223,338.01700170898437,Fe I 338.011,Fe,I,338.011,0.006001708984342713,2.75857762,6.42557692,7.0,7.0,16600000.0,-34.2806466013064,2,Ni I 338.057 (-0.040); Ti II 338.028 (-0.011); Ni I 338.085 (-0.068),-0.033999999999999864,64,0.02,0.08,0.14,0.28,0.6,1.0,76.0,21.494185260204677,42,True,0.0005305313,-0.0010259723,0.00013502174,0.0006947301,-4.9713915e-05,-9.311716e-06,0.0012617732,-9.950651e-05,0.0014722749,0.00080670853,0.0021193067,shift,5.022372744637551,-0.21644510610452025,0.15385551922055232,0.0364485066807251
104,1,372.739990234375,3234,3231,3237,3228,3239,0.0419921875,0.13765241036431775,1.1227477490901947,12.294014369669057,372.773990234375,Fe I 372.762,Fe,I,372.762,0.01199023437499136,0.95815732,4.28330826,7.0,5.0,22400000.0,-33.2466403261374,0,Fe I 372.781 (-0.007); Fe I 372.693 (+0.081); Fe I 372.709 (+0.065),-0.033999999999999864,104,0.0,0.0,0.08,0.36,0.88,1.0,76.2,23.978323544401515,43,True,0.0010387144,0.0018517998,-0.00043954563,0.00067568733,0.0016804106,0.0016846593,0.0011739401,0.0012465011,0.0009845108,6.3827014e-05,0.0014653564,width,6.362182938364538,-0.013584103105060872,0.3080510026828181,0.2356711689656767
111,1,376.3500061035156,3328,3325,3330,3322,3331,0.0419921875,0.13556005759131207,1.2274931967258453,9.627912820864537,376.3840061035156,Fe I 376.379,Fe,I,376.379,0.005006103515597715,0.99011115,4.28330826,5.0,5.0,54400000.0,-32.71726116848557,0,V I 376.314 (+0.070); Ar II 376.350 (+0.034),-0.033999999999999864,111,0.0,0.16,0.48,0.8,0.96,1.0,76.2,41.07261861629959,44,True,0.0030844249,0.0016517335,0.0043118005,0.002891962,0.004665456,0.004641756,0.0030780393,0.0038598871,0.003567389,0.0026630142,-0.00048678528,asymmetry,6.581677103595723,0.05632556489835411,0.27815584925725023,0.21060423110061363
132,2,396.86199951171875,4332,4328,4336,4317,4347,0.06201171875,0.24733009224705005,1.1399737149477005,11.516199281205246,396.91399951171877,Fe I 396.926,Fe,I,396.926,-0.012000488281216803,1.48486439,4.60759327,9.0,7.0,22600000.0,-33.26548360484142,1,Ca II 396.847 (+0.067); Cr I 396.974 (-0.060); Fe I 396.796 (+0.118),-0.05199999999999988,132,0.0,0.04,0.12,0.26,0.48,0.9,76.8,73.2404259954842,45,True,-0.0001092219,0.0010662826,-0.0030042385,7.839534e-05,-0.00018905473,-8.8792134e-05,0.00036130016,0.00064673094,0.00049775146,-0.0005306154,7.002004e-05,continuum_slope,4.129227972859775,-0.1716204591705148,0.11170718652982299,0.04759861048075244
68,1,340.72698974609375,2428,2423,2435,2422,2437,0.0419921875,0.28013092413925156,0.6002127528190613,14.397634059522547,340.76098974609374,Fe I 340.746,Fe,I,340.746,0.014989746093760914,2.17594512,5.81351269,7.0,9.0,60900000.0,-33.1866320544199,0,Fe I 340.680 (+0.081); Fe I 340.753 (+0.008); Fe I 340.644 (+0.117),-0.033999999999999864,68,0.0,0.02,0.2,0.5,0.82,0.98,77.0,73.51190379795642,46,True,3.4363984e-05,-0.0021389765,-0.00087291544,-9.988863e-05,-0.0005333824,-0.00017685782,0.00022393726,0.00068867876,0.0010173285,0.00062631804,0.0016093978,continuum_slope,4.794118507040852,-0.18072716087939217,0.05698741017743455,0.07928761777748922
82,1,354.1390075683594,2760,2755,2766,2754,2773,0.0419921875,0.24533428964057347,0.5439982265233994,7.0846914258627205,354.17300756835937,Fe I 354.208,Fe,I,354.208,-0.034992431640660016,2.86539125,6.36471779,7.0,9.0,95100000.0,-33.25505405907137,1,Fe I 354.108 (+0.065); V II 354.133 (+0.040); Mo I 354.216 (-0.043),-0.033999999999999864,82,0.0,0.04,0.12,0.38,0.62,0.96,77.6,63.27906446843221,47,True,0.00032105276,-0.0013047297,0.00075884437,0.00024831938,-7.223946e-05,-0.00011164714,0.0016372243,0.0006242771,0.0010384991,-0.0010073686,0.0013993464,asymmetry,4.403183005075149,-0.18082119354199372,0.21406897305339537,0.22750479388281528
11,1,260.67401123046875,577,573,580,569,581,0.0419921875,0.16915528883966624,0.4186200946569443,10.85923491133879,260.70801123046874,Fe II 260.709,Fe,II,260.709,-0.0009887695312613687,0.08278213,4.83702231,6.0,4.0,173000000.0,-31.788852461487252,0,Fe II 260.652 (+0.056); Fe I 260.683 (+0.025); Fe II 260.753 (-0.045),-0.033999999999999864,11,0.02,0.08,0.16,0.32,0.5,0.94,78.0,65.77841591282052,48,True,0.000419956,0.0016505085,-0.0008596649,0.00020309306,0.00054954604,-0.0013922176,-0.0003478424,0.0014929508,0.0002546628,0.0009517007,0.0016968221,shift,4.84373904399081,-0.15314304096930179,-0.012347211927762997,-0.01208319714430468
70,1,342.23699951171875,2465,2462,2468,2458,2473,0.0419921875,0.12158573784937676,0.40887854993343353,8.872038483311352,342.27099951171874,Fe I 342.266,Fe,I,342.266,0.00499951171872226,2.22271209,5.84412959,3.0,5.0,13800000.0,-33.98703630571848,0,Mo I 342.231 (+0.040); Mo I 342.226 (+0.045); V II 342.225 (+0.046),-0.033999999999999864,70,0.0,0.0,0.02,0.2,0.42,0.9,78.4,45.906862232132575,49,True,0.00036666144,-0.0021369914,0.0017393916,-0.002031954,0.00045924322,-0.000573698,0.0016845688,-0.00088456745,0.001191896,0.001386044,0.002832682,width,6.027318604071273,-0.1832298763609422,0.11795312531109033,0.06891509176435968
41,1,303.7349853515625,1548,1545,1550,1543,1551,0.0419921875,0.12880150780886934,0.4840881675481796,6.370386334783487,303.7689853515625,Fe I 303.739,Fe,I,303.739,0.029985351562515916,0.11011433,4.19086081,3.0,5.0,29100000.0,-32.79210837742031,0,Ni I 303.794 (-0.025); Mn II 303.809 (-0.040); Fe II 303.696 (+0.073),-0.033999999999999864,41,0.0,0.0,0.02,0.32,0.72,1.0,79.2,26.16409753842085,50,True,0.0005121281,0.0018276707,-0.00090378465,0.0007580811,-0.00053682295,0.00024222273,0.00066087715,0.0007653638,0.00074885995,-0.000101987156,0.0016608003,continuum_slope,3.508579406248604,-0.03592047711380847,-0.020245955586296795,-0.06842322860613596
118,1,382.7349853515625,3496,3495,3498,3494,3504,0.0419921875,0.09889501385274135,0.9985541105270386,7.568391466745806,382.7689853515625,Fe I 382.782,Fe,I,382.782,-0.01301464843749045,1.55735733,4.79546566,7.0,5.0,105000000.0,-32.902092112448855,0,Fe I 382.757 (+0.012); V II 382.697 (+0.072); Mo I 382.715 (+0.054),-0.033999999999999864,118,0.02,0.08,0.3,0.7,0.96,1.0,79.4,22.150395030337496,51,True,0.0009725103,0.00049751817,0.001502657,0.00063818705,0.0012643611,0.0018395429,0.0012636634,-0.00030069813,0.0013947694,0.001406556,0.00021854845,asymmetry,4.437087720117272,-0.05943587604594526,0.21255721717003132,0.15190614979200392
95,1,363.1289978027344,2987,2983,2991,2975,2997,0.0419921875,0.14937530151288447,2.347739890217781,24.47506320753261,363.16299780273437,Fe I 363.146,Fe,I,363.146,0.016997802734351808,0.95815732,4.37135106,7.0,9.0,51700000.0,-32.45952880706514,0,Fe I 363.204 (-0.041); Fe I 363.110 (+0.053); W I 363.194 (-0.031),-0.033999999999999864,95,0.0,0.04,0.36,0.74,0.92,1.0,79.8,69.04317489803029,52,True,0.0003593206,-0.00036805889,0.0004571921,0.00066856854,0.00019450179,0.00028762492,0.0001443663,0.00043317032,0.00041197563,0.0008053191,0.00055854523,width,5.150828194901487,0.026007264491079003,0.23280678939719743,0.23907804466454982
58,1,328.67999267578125,2136,2132,2140,2124,2152,0.0419921875,0.14770297641504282,0.3478088974952698,8.212635334206363,328.71399267578124,Fe I 328.675,Fe,I,328.675,0.038992675781230446,2.17594512,5.94709859,7.0,7.0,59900000.0,-33.4939716576534,0,Ti II 328.765 (-0.051); V II 328.704 (+0.010); Mo I 328.738 (-0.024),-0.033999999999999864,58,0.0,0.02,0.04,0.3,0.58,0.98,81.2,32.66435365960882,53,True,0.000104017614,0.00036415033,-0.00019537956,-0.00019590471,-0.0004493799,7.636177e-05,0.0006759295,0.0004312121,-0.00020171357,-2.0878777e-05,0.0005557783,asymmetry,4.589888262910202,-0.03556242966774856,0.23752650573162348,0.02871974514304803
148,2,425.4010009765625,4753,4751,4756,4750,4757,0.06201171875,0.20878159049472467,2.8296031951904297,21.99906013499745,425.4530009765625,Cr I 425.435,Cr,I,425.435,0.018000976562518645,0.0,2.91348182,7.0,9.0,31500000.0,-32.93843742612802,0,Cr I 425.550 (-0.097); V II 425.438 (+0.015); Mo I 425.495 (-0.042),-0.05199999999999988,148,0.24,0.38,0.5,0.56,0.72,0.88,81.2,95.75677521721374,54,True,0.0008641866,-0.0014924394,-0.00027868533,0.0009996911,0.0006535588,0.0018772797,0.0013958402,-0.00038696363,0.0008696304,0.0027402067,0.0022637474,shift,4.395166375630526,0.028155549167438464,-0.13686092377574907,0.07785904463411887
156,2,433.8919982910156,4880,4874,4883,4870,4884,0.06201171875,0.35324596804703634,0.5484424382448196,5.816797746470693,433.94399829101565,Cr I 433.945,Cr,I,433.945,-0.0010017089843472604,0.98287742,3.83921781,5.0,7.0,6920000.0,-34.32339862262677,2,Cr I 433.971 (-0.027); H I 434.047 (-0.103); Cr I 434.013 (-0.069),-0.05199999999999988,156,0.04,0.08,0.18,0.4,0.8,0.96,81.2,24.416387939250967,55,True,0.00083903736,0.0013497812,0.001447235,0.00073197583,0.0006215061,0.0009928921,0.00055889605,0.0007527767,0.0014659573,0.00033567782,0.000133675,area,5.942933583558107,-0.26901659778054926,-0.07008326676514098,0.04634725273997739
85,1,356.489990234375,2819,2816,2822,2808,2824,0.0419921875,0.1272124286504286,1.5287657976150513,18.68764047641979,356.523990234375,Fe I 356.538,Fe,I,356.538,-0.0140097656250191,0.95815732,4.43461275,7.0,9.0,42900000.0,-32.59014491755632,0,Ti II 356.529 (-0.005); Mo I 356.605 (-0.081); Ti II 356.597 (-0.073),-0.033999999999999864,85,0.0,0.1,0.38,0.78,0.94,1.0,81.8,34.66641025546198,56,True,0.00043768878,0.0007511796,0.0012507244,-0.0005030038,0.001710625,0.00012803692,-0.00014585584,2.8848624e-05,0.0005326022,0.00043571478,0.00018801531,asymmetry,4.576452179506594,-0.023186284613031218,0.02264017184176812,0.19197853062375964
49,1,312.4909973144531,1752,1749,1756,1748,1758,0.0419921875,0.1487970938180443,0.8545475751161575,17.366005382909407,312.5249973144531,V II 312.529,V,II,312.529,-0.0040026855468795475,0.3229838,4.28896602,3.0,5.0,150000000.0,-34.155551874894634,2,Fe I 312.565 (-0.040); Fe I 312.568 (-0.043); V II 312.502 (+0.023),-0.033999999999999864,49,0.02,0.04,0.08,0.24,0.54,0.86,82.6,38.36977977523457,57,True,0.0007191079,2.2971275e-05,0.0011193367,9.130548e-05,-0.00026672593,0.0007944441,0.0011720945,0.0005558176,0.0016834311,0.00072383863,0.001294568,area,2.681839679128755,-0.17847761025869247,0.1319459088343812,-0.06356607991867676
249,3,818.7260131835938,10678,10670,10686,10646,10689,0.0880126953125,0.6759999088433273,1.820786863565445,56.42732127575697,818.7760131835937,N I 818.802,N,I,818.802,-0.025986816406316393,10.3259087,11.8397086,2.0,4.0,12500000.0,-33.9911649083849,0,V I 818.729 (+0.047); N I 818.487 (+0.289),-0.04999999999999988,249,0.02,0.06,0.28,0.6,0.86,1.0,85.2,51.097553757494104,58,True,0.0007904079,0.0025710866,0.0010688194,0.00042536034,0.0009094771,0.00015269974,0.0007955708,0.0007863572,0.00036641938,-0.00017622329,0.0010045117,height,4.776119011637519,0.3218376376765594,-0.12186271409079504,-0.21677060378275653
174,2,475.5400085449219,5516,5512,5520,5500,5522,0.06201171875,0.26110389514997656,0.3355785012245178,8.512620572494383,475.5920085449219,Cr I 475.612,Cr,I,475.612,-0.019991455078127274,3.10437812,5.71048876,11.0,9.0,40000000.0,-34.994899162438166,1,Ni I 475.652 (-0.060); Cr I 475.473 (+0.119); Sr I 475.550 (+0.042),-0.05199999999999988,174,0.12,0.16,0.36,0.52,0.78,0.92,88.8,51.007450436186275,59,True,0.00069814426,0.003684337,-0.0005204848,0.00028412303,0.0003236901,-0.00029266698,-6.4628606e-05,0.0009662557,0.000942271,0.00040826717,0.0012502789,area,3.4485507385371483,-0.12565657036268238,0.1723582539078504,0.08226411321291657
106,1,373.66400146484375,3258,3257,3260,3256,3264,0.0419921875,0.10162978619365681,1.0923337936401367,11.18468277654468,373.69800146484374,Fe I 373.713,Fe,I,373.713,-0.014998535156280468,0.05156912,3.3682564,7.0,9.0,14100000.0,-32.295583848209596,0,Ca II 373.690 (+0.008); Ni I 373.681 (+0.017); W II 373.621 (+0.077),-0.033999999999999864,106,0.0,0.02,0.14,0.42,0.84,1.0,90.8,37.9810479055015,60,True,0.0005238281,-0.0015415958,0.00094421307,0.0007541553,0.0014539735,0.0017001356,0.00041502528,-0.00033156804,0.0003347371,0.0018712233,-0.0003620176,width,6.752466291169986,0.06455703951686277,0.07070894563552851,0.2067091088843861
91,1,360.4909973144531,2920,2915,2925,2900,2926,0.0419921875,0.2278510250892749,1.6324174106121063,19.55642025262821,360.5249973144531,Cr I 360.534,Cr,I,360.534,-0.009002685546875,0.0,3.43793441,7.0,5.0,162000000.0,-33.187041450374366,2,Fe I 360.545 (-0.020); Fe I 360.550 (-0.025); Ar II 360.588 (-0.063),-0.033999999999999864,91,0.0,0.02,0.1,0.32,0.86,1.0,91.2,31.32666595729587,61,True,0.00021467928,-0.0009869466,0.000989344,0.00030266677,-0.00025267966,-5.5543962e-05,0.000114460134,0.0001936167,0.00016555998,0.0011433412,0.0005329745,asymmetry,3.9526918405211013,-0.10296214890787486,0.10343954550262141,0.21449212003510254
73,1,344.0679931640625,2510,2506,2513,2500,2514,0.0419921875,0.15034177621003497,1.4432500749826431,30.32493014825348,344.1019931640625,Fe I 344.061,Fe,I,344.061,0.04099316406251319,0.0,3.60252504,9.0,7.0,17100000.0,-32.7372270060899,1,Fe I 344.099 (+0.003); Mo I 344.144 (-0.042); W II 344.059 (+0.043),-0.033999999999999864,73,0.0,0.12,0.24,0.5,0.82,0.98,91.4,37.63296427336013,62,True,0.0014486265,0.0010309014,0.0015004935,0.0028168848,0.0006038425,-0.0006485655,0.00036670224,0.0023657053,0.0021858483,0.0034758458,0.0007886028,width,3.389341776424781,0.003330926240617962,0.12097302043694917,0.08858238481156974
47,1,310.0119934082031,1694,1690,1698,1689,1706,0.0419921875,0.16240044460710168,0.6707048714160919,12.90406957766449,310.0459934082031,Fe I 310.066,Fe,I,310.066,-0.020006591796857265,0.95815732,4.95563019,7.0,7.0,13500000.0,-33.66532166871938,3,Fe I 310.030 (+0.016); Fe I 309.997 (+0.049); Fe I 309.989 (+0.057),-0.033999999999999864,47,0.02,0.04,0.22,0.54,0.66,0.96,91.6,49.04120716295634,63,True,0.000560275,-0.0009709795,-0.00060325937,8.015299e-05,0.000183062,-0.00053857267,0.0010637866,0.0005635936,0.0011303652,0.0011106989,0.003583903,height,3.970942598086079,-0.12139255077778707,0.05295847224904322,-0.04064381008910386
271,3,938.7130126953125,12165,12162,12167,12153,12168,0.0880126953125,0.23154150598356937,0.06768777966499329,5.680029159039863,938.7630126953125,N I 938.680,N,I,938.68,0.08301269531250455,10.6796703,12.0001429,2.0,4.0,21300000.0,-33.79216217013955,0,,-0.04999999999999988,271,0.06,0.26,0.34,0.46,0.68,0.96,92.4,49.35017730464603,64,True,0.0013536602,0.0018427594,0.004089046,-0.00035723913,0.0013659489,0.001174537,-0.002621139,0.002117735,0.0029809577,0.0020981596,0.0008458355,continuum_slope,5.073143705526908,0.09767100331610062,-0.0025388818902430063,0.16792425220209836
66,1,339.90899658203125,2408,2405,2410,2404,2411,0.0419921875,0.12228038678431563,0.24542517960071564,5.886997797201141,339.94299658203124,Fe I 339.933,Fe,I,339.933,0.00999658203124909,2.1978664,5.84412959,5.0,5.0,27600000.0,-33.910710446175194,0,,-0.033999999999999864,66,0.0,0.02,0.14,0.38,0.7,1.0,93.2,44.46751623376327,65,True,-0.00015131159,-0.0021562495,-0.0003652203,0.00047754587,-0.0005961109,-0.000923501,-0.000103868995,0.00033294127,0.00058809086,0.00034918563,0.0008840715,height,4.675516193104343,-0.1366800917322845,-0.0008065109138521232,0.07985181375309879
57,1,322.7799987792969,1995,1993,1997,1992,2003,0.0419921875,0.10053468131691323,0.3561071455478668,7.149822761861352,322.81399877929687,Fe II 322.774,Fe,II,322.774,0.039998779296865905,1.67061856,5.5107139,6.0,8.0,8900000.0,-32.639265833689514,0,Fe I 322.780 (+0.034); Fe I 322.825 (-0.011); Mn I 322.809 (+0.005),-0.033999999999999864,57,0.12,0.24,0.44,0.66,0.86,1.0,93.4,69.66663476873272,66,True,0.0012741415,-0.0022186588,0.0019477833,0.0007193217,0.00097088993,0.0012049986,0.001580573,0.0008020642,0.001594276,0.0023741424,0.0037660256,width,4.690093413243283,-0.09360951561988566,0.2671142446833016,-0.2528827628626375
115,1,381.56298828125,3465,3462,3468,3453,3470,0.0419921875,0.14275248393720208,2.1745485365390778,15.680480410637927,381.59698828125,Fe I 381.584,Fe,I,381.584,0.012988281249988631,1.48486439,4.73314079,9.0,7.0,112000000.0,-32.66189233266522,0,Fe I 381.634 (-0.037); V II 381.538 (+0.059); V I 381.552 (+0.045),-0.033999999999999864,115,0.0,0.12,0.36,0.7,0.9,1.0,93.6,61.97612443514034,67,True,0.0008441025,0.0008575915,0.0017308518,0.000531931,0.0010962375,0.0010573647,0.00085246924,0.00037490533,0.0008192351,0.0010540527,6.6386936e-05,continuum_slope,5.24124444509942,0.0057504589821743305,0.26084660605681853,0.30082857086684195
27,1,284.3219909667969,1104,1101,1107,1092,1111,0.0419921875,0.1303497376930951,0.6413562595844269,12.43211100859772,284.35599096679687,Cr II 284.325,Cr,II,284.325,0.030990966796878183,1.52547926,5.88485505,8.0,10.0,64000000.0,-33.18299312046195,3,Fe I 284.398 (-0.042); Fe II 284.348 (+0.008); Fe I 284.363 (-0.007),-0.033999999999999864,27,0.0,0.0,0.1,0.24,0.72,1.0,94.2,92.82327294380434,68,True,0.0003286188,0.0006681723,0.0010738571,-0.0005602607,-0.0011051402,-0.00035742504,-0.0003827368,0.0016519811,0.0005136972,0.0007224324,0.0010616108,shift,3.8229318604160802,-0.19622085036343923,0.10640519101544088,-0.23148309883903656
107,1,374.3179931640625,3275,3273,3277,3268,3278,0.0419921875,0.10211264934577668,0.7900583744049072,7.021388008586158,374.3519931640625,Fe I 374.336,Fe,I,374.336,0.01599316406247908,0.99011115,4.30127816,5.0,3.0,26000000.0,-33.489168762940345,1,Fe I 374.347 (+0.005); Cr I 374.388 (-0.036); Fe I 374.410 (-0.058),-0.033999999999999864,107,0.0,0.0,0.04,0.46,0.86,1.0,95.0,53.97406784743948,69,True,0.0007526061,0.0004885549,0.0022383966,0.00096080394,0.00026311865,0.00057257485,0.00015674783,0.0011675291,0.00078513916,0.0014215073,-0.00052831264,width,5.357149399427184,-0.19119733619599258,0.18655356931982162,0.16872352983421188
90,1,359.3059997558594,2890,2887,2893,2884,2900,0.0419921875,0.13350574045655872,1.9745675772428513,23.655391756263796,359.33999975585937,Cr I 359.350,Cr,I,359.35,-0.010000244140655923,0.0,3.44926489,7.0,7.0,150000000.0,-32.93932873028535,0,V II 359.333 (+0.007); Fe I 359.267 (+0.073); Ti II 359.308 (+0.032),-0.033999999999999864,90,0.08,0.18,0.46,0.58,0.84,1.0,97.6,69.84439848692234,70,True,0.00019542742,-0.0025537868,-0.0004898404,0.00031172935,-0.0001116064,0.0005754101,0.00036935374,0.000647799,0.0009066403,0.0007922551,0.0015063192,continuum_slope,7.217369521679398,-0.02178302795574591,0.044813797011397566,0.168625880530741
23,1,274.9309997558594,893,891,898,890,900,0.0419921875,0.22239503432490226,0.9180499762296677,18.875159836969193,274.96499975585937,Fe II 274.932,Fe,II,274.932,0.032999755859350444,1.04046986,5.54876624,6.0,8.0,216000000.0,-31.34891800639559,2,Fe II 274.918 (+0.047); Fe II 274.949 (+0.016); Fe I 275.014 (-0.049),-0.033999999999999864,23,0.1,0.2,0.24,0.44,0.62,0.84,98.8,108.02666337529823,71,True,0.00017785738,0.00033761523,-0.00030645044,0.0011875473,-0.0005650207,-0.00039108595,0.0017230593,7.842185e-05,-3.929312e-05,-0.00018667783,-5.9543185e-05,area,3.0758262973064094,-0.20790983365299104,0.020394237861937767,-0.24903465697771074
34,1,296.6650085449219,1385,1381,1388,1376,1389,0.0419921875,0.1554094687493981,0.541003867983818,7.386541546695927,296.69900854492187,Fe I 296.690,Fe,I,296.69,0.009008544921869088,0.0,4.17769679,9.0,11.0,27200000.0,-32.6272565593831,0,Cr I 296.764 (-0.065); Fe II 296.768 (-0.069); V II 296.706 (-0.007),-0.033999999999999864,34,0.02,0.04,0.18,0.34,0.54,0.92,98.8,81.22905883980191,72,True,-0.00028920153,-0.0024846918,-0.00049217424,0.00025889103,-0.0012527182,-0.0009283565,0.00031813927,-0.0007093103,0.00057213526,0.00043963222,0.0013864381,continuum_slope,7.2735060002153,-0.10643050750152593,0.1369983561287822,-0.09567461755625141
18,1,271.8819885253906,825,823,829,822,832,0.0419921875,0.17559074761401172,0.2333042323589325,5.775821695925947,271.9159885253906,Fe I 271.903,Fe,I,271.903,0.012988525390596806,0.0,4.55852281,9.0,7.0,142000000.0,-32.61260280128667,1,Fe II 271.930 (-0.014); Fe II 271.864 (+0.052); Fe II 271.900 (+0.016),-0.033999999999999864,18,0.0,0.0,0.02,0.16,0.54,0.92,99.4,38.63987577619783,73,True,-0.00044800722,-0.0027842496,-0.0010000758,0.0006280465,-2.9549461e-05,-0.0013984222,-0.00070579763,-0.0002203307,-7.174549e-05,-0.00026848807,0.0013705407,asymmetry,2.7126648028914015,-0.12474517686362079,0.19926967861625236,-0.12595313491396432
67,1,340.27801513671875,2417,2412,2421,2411,2422,0.0419921875,0.24096040544204955,0.24732095003128052,5.932623918901103,340.31201513671874,Fe I 340.329,Fe,I,340.329,-0.016984863281265916,2.83159117,6.47361547,5.0,7.0,3980000.0,-34.77612155712805,1,Fe I 340.226 (+0.086); Ti II 340.242 (+0.070); V I 340.257 (+0.055),-0.033999999999999864,67,0.0,0.02,0.1,0.24,0.54,1.0,99.4,35.35873300897531,74,True,0.00042782765,-0.0013552941,0.00023849825,-0.00069611333,-0.00035546304,0.0010536228,0.0012824971,0.0010622516,0.0010608329,0.0012933763,0.00069406827,continuum_slope,3.893283787483245,-0.2087995273068369,-0.06334546482564996,0.08019177799481222
44,1,305.8909912109375,1598,1591,1605,1582,1611,0.0419921875,0.2889243998541864,0.49473804235458374,6.760745177078337,305.9249912109375,Fe I 305.909,Fe,I,305.909,0.0159912109375,0.05156912,4.10337372,7.0,9.0,16300000.0,-32.8366771045495,0,Mn II 305.906 (+0.019); Ti II 305.974 (-0.049); V II 305.918 (+0.007),-0.033999999999999864,44,0.0,0.0,0.06,0.3,0.58,0.96,99.6,59.85515850785127,75,True,-0.00026244164,-0.0016382837,-0.0008710959,-0.00020582574,-0.0002223291,-0.00045931787,-0.00030404655,-0.00032904107,-6.64154e-05,7.0104994e-05,0.0014018336,area,3.3236531337256228,-0.05864021505470101,0.0927776882199485,-0.03232915273060147
141,2,415.4360046386719,4605,4598,4612,4596,4622,0.06201171875,0.4238874344624809,0.515350952744484,5.228118312702992,415.4880046386719,Fe I 415.481,Fe,I,415.481,0.007004638671901375,3.3682564,6.35153108,9.0,11.0,14000000.0,-33.95190883046087,2,Fe I 415.450 (+0.038); Fe I 415.390 (+0.098); Fe I 415.680 (-0.192),-0.05199999999999988,141,0.0,0.0,0.04,0.28,0.76,1.0,99.8,22.745549015137005,76,True,6.1787956e-05,-0.00044139853,0.0007806117,0.00039392876,0.00022399733,0.00012180189,0.00010149149,-0.00019043108,-0.00014178737,-0.0001242355,-0.000106099964,continuum_slope,3.5555601687503438,-0.05799283633909774,-0.022962052879135112,0.173034565750408
262,3,871.0590209960938,11304,11300,11309,11299,11310,0.0880126953125,0.5044312102696906,0.6122330725193024,23.68310698911654,871.1090209960937,N I 871.170,N,I,871.17,-0.06097900390625455,10.3300944,11.7528949,4.0,4.0,12900000.0,-34.230981446621236,0,Ba II 871.077 (+0.032); Mn II 871.331 (-0.222); Mg I 871.269 (-0.160),-0.04999999999999988,262,0.04,0.08,0.16,0.24,0.66,0.98,100.2,42.73827324541786,77,True,0.0011496636,-0.0007687851,0.0010000849,-0.0007124761,0.001792384,0.0002530076,0.0027759701,0.0029354733,0.0010237285,0.00018636913,0.003010878,asymmetry,5.129935991645268,0.33920474713089965,0.17005807031498063,0.24458980534935088
75,1,346.5419921875,2571,2568,2574,2567,2583,0.0419921875,0.13359287376123108,0.5104383528232574,9.65374290455744,346.5759921875,Fe I 346.586,Fe,I,346.586,-0.010007812500020918,0.11011433,3.68638944,3.0,3.0,11900000.0,-33.19820267167873,0,Co I 346.580 (-0.004); Ti II 346.555 (+0.021); Mn II 346.634 (-0.058),-0.033999999999999864,75,0.0,0.14,0.3,0.54,0.84,1.0,100.4,22.159422375143265,78,True,0.0007636416,0.0022230323,0.0002817239,0.00079103076,0.00029208136,-0.0005428818,0.00083923154,0.0021221107,0.0009347055,-0.0005765994,0.001271983,continuum_slope,5.008110901089853,0.009656431121009727,0.291566353600585,0.0759313750507862
60,1,332.3760070800781,2225,2221,2229,2211,2241,0.0419921875,0.16864998196609005,0.21097412705421448,5.546877106450456,332.4100070800781,Fe I 332.374,Fe,I,332.374,0.03600708007809317,2.83159117,6.56078442,5.0,5.0,28000000.0,-34.27473701363039,1,Fe I 332.454 (-0.044); Mo I 332.395 (+0.015); V II 332.373 (+0.037),-0.033999999999999864,60,0.0,0.0,0.02,0.22,0.52,0.98,101.4,61.19673193888706,79,True,0.0004728213,0.00094341516,0.00035769114,-0.00093394925,0.0008582166,0.00045424994,0.0008969561,0.00053385465,0.00015409807,0.00021675508,0.0012469258,shift,8.366697088251147,-0.1570924127985687,0.009081385222792294,0.0332260796661859
121,1,384.9570007324219,3555,3551,3559,3550,3565,0.0419921875,0.16466738619450538,0.8485469371080399,7.296178234893621,384.99100073242187,Fe I 384.997,Fe,I,384.997,-0.005999267578147283,1.01105568,4.2305396,3.0,1.0,60500000.0,-33.79146448988953,0,Cr I 384.953 (+0.038); Mg II 385.038 (-0.047); Ar II 385.058 (-0.067),-0.033999999999999864,121,0.0,0.0,0.06,0.46,0.96,1.0,102.0,42.95579122772621,80,True,0.000102824895,0.0004766265,0.00029460064,0.00011330746,0.00032874214,0.00024984992,0.00026111296,-0.00016141021,-0.00017532284,-0.00043706517,7.780731e-05,continuum,4.428695742148303,-0.04950458021886933,0.2110129115188436,0.28770016451131186
218,2,600.0880126953125,7592,7587,7597,7573,7611,0.06201171875,0.2951369293343258,0.17121022939682007,5.117861722986778,600.1400126953125,Fe II 600.108,Fe,II,600.108,0.03201269531257367,10.9365793,13.0020396,8.0,10.0,1100000.0,-36.172938796870206,0,Cu II 600.012 (+0.128); Al II 600.176 (-0.036); Al II 600.188 (-0.048),-0.05199999999999988,218,0.0,0.02,0.1,0.4,0.7,0.94,102.0,64.39565202713612,81,False,-0.00012595755,-0.0009132396,-0.00046918617,0.00048779225,-0.00052881415,-0.0007787313,-0.0007889291,0.0005306918,0.0006182209,0.00032583365,0.0002567858,shift,4.228442619199791,-0.19509969169395866,-0.051656481536098094,0.03188430590367855
166,2,454.50799560546875,5192,5189,5196,5188,5200,0.06201171875,0.2546557736615235,0.20125918090343475,5.204620918625495,454.55999560546877,Cr I 454.595,Cr,I,454.595,-0.035004394531256366,0.94143042,3.6680193,5.0,5.0,2700000.0,-34.88178626346748,2,V I 454.539 (+0.021); Cr I 454.461 (+0.099); Cr I 454.533 (+0.027),-0.05199999999999988,166,0.04,0.12,0.24,0.46,0.82,1.0,102.4,41.46613075752306,82,False,0.0008317002,0.00072497013,0.0018798988,1.5225961e-05,7.6428616e-05,0.000670279,0.0013859431,0.001442622,0.00078330014,0.0012097333,0.00012860313,continuum_slope,11.517900781781814,-0.23632578096301857,0.023146501563469007,0.033877075022658465
112,1,376.6940002441406,3337,3335,3339,3331,3342,0.0419921875,0.10032733424228724,0.8059170246124268,6.184821584608744,376.7280002441406,Fe I 376.719,Fe,I,376.719,0.009000244140622726,1.01105568,4.30127816,3.0,3.0,63900000.0,-32.87839365600119,0,Fe I 376.666 (+0.062); Fe I 376.803 (-0.075); V II 376.770 (-0.042),-0.033999999999999864,112,0.0,0.0,0.1,0.48,0.82,0.94,103.0,22.89978165834775,83,False,0.0012619154,-0.0006190374,0.004773395,0.0022367805,0.0017613565,0.0025506595,-0.0003794798,-0.0016389596,0.001952774,0.0029152755,-0.0009336056,continuum,3.4064524391038984,0.03965285049091784,0.15129855412596285,0.2795048563014961
250,3,820.0089721679688,10693,10690,10697,10689,10698,0.0880126953125,0.340144548094736,0.2778262794017792,8.882581931610998,820.0589721679687,N I 820.036,N,I,820.036,0.022972167968760004,10.3259087,11.8374298,2.0,2.0,4680000.0,-35.01862245346934,1,Ca II 820.172 (-0.113); Mn II 820.072 (-0.013),-0.04999999999999988,250,0.0,0.08,0.16,0.46,0.76,0.96,105.6,39.48974550437113,84,False,0.0007743443,0.0039183525,0.0020489064,7.100342e-05,0.00013217848,0.00038036433,0.00024305252,-1.7902961e-05,0.00072705216,-0.00010662628,0.00034706583,height,3.5898970790314264,0.2948538801507715,-0.06274510244134747,-0.12754807353732212
35,1,297.3179931640625,1400,1390,1402,1389,1403,0.0419921875,0.4134968488956312,0.5513833165168762,7.3084660711893,297.3519931640625,Fe I 297.324,Fe,I,297.324,0.027993164062479536,0.05156912,4.22036211,7.0,9.0,18300000.0,-32.88293555454729,1,Fe I 297.313 (+0.039); Cr II 297.190 (+0.162); V II 297.397 (-0.045),-0.033999999999999864,35,0.0,0.02,0.06,0.1,0.34,0.82,106.0,52.68016704605254,85,False,-0.0005128795,-0.00314909,-0.0006230067,-3.2997792e-05,-0.0005558123,-0.0010692099,-0.00084701256,0.00012808705,0.00016439069,-0.00041776124,0.0012736176,continuum_slope,6.1204542440433505,-0.15968554430185108,0.24348672988421677,-0.0519711292917265
267,3,904.5490112304688,11722,11706,11737,11694,11738,0.0880126953125,1.3742493860362233,0.5236886590719223,27.44030328984334,904.5990112304687,?,,,,,,,,,,,0,,-0.04999999999999988,267,0.06,0.12,0.22,0.48,0.78,0.98,106.2,65.49931297349615,86,False,0.001385878,0.0022617101,0.0027403613,-0.0005952496,0.0006407361,-1.0447499e-05,0.0003615449,0.0024527945,0.0034403377,0.002284486,0.00028251458,continuum,4.761580137221279,0.18838720624055266,-0.1519712493276512,-0.2746043079236054
190,2,522.656982421875,6266,6262,6270,6255,6271,0.06201171875,0.22236707496847474,1.1836937069892883,20.08658906605931,522.708982421875,Fe I 522.719,Fe,I,522.719,-0.010017578125030013,1.55735733,3.92860683,7.0,5.0,2890000.0,-33.73697897618763,3,Fe I 522.686 (+0.023); Fe II 522.749 (-0.040); Fe II 522.732 (-0.023),-0.05199999999999988,190,0.0,0.0,0.0,0.28,0.72,1.0,106.4,53.30140711088217,87,False,0.00030991138,0.002524319,0.0013241397,0.00021721359,0.00044785687,0.0003022995,-8.264848e-06,-0.00037505836,-0.0004532651,-0.00018177509,-0.0006983508,asymmetry,2.9587709515886376,-0.12142510054561069,0.17149026009922028,0.14577956015942323
260,3,867.9559936523438,11266,11255,11277,11248,11287,0.0880126953125,0.9653096689197438,2.9849421977996826,114.7816220039836,868.0059936523437,N I 868.028,N,I,868.028,-0.022006347656315484,10.3358956,11.7638464,6.0,8.0,25300000.0,-33.51769123148469,0,N I 868.340 (-0.334); S I 868.046 (-0.040); S I 867.965 (+0.041),-0.04999999999999988,260,0.06,0.06,0.14,0.32,0.6,0.9,106.6,69.14217236969056,88,False,0.00031965025,0.0033478858,-0.00024032885,0.002422429,0.0017756228,0.0018440597,0.0002047286,-0.00045376693,-0.0016244713,-0.0014694254,-0.0026102355,area,4.407465766865573,0.3639244874725107,-0.10479578582860592,-0.05382646605767332
109,1,374.8940124511719,3290,3285,3295,3284,3299,0.0419921875,0.21915384296430895,2.6261499524116516,21.603144458758383,374.92801245117187,Fe I 374.949,Fe,I,374.949,-0.020987548828145464,0.91460217,4.22036211,9.0,9.0,76300000.0,-32.29052365871931,0,Fe I 374.826 (+0.102); Fe I 374.896 (+0.032); Fe II 374.849 (+0.079),-0.033999999999999864,109,0.0,0.0,0.06,0.24,0.78,1.0,107.2,23.12920232087566,89,False,0.000663336,0.0021021226,0.0012031689,0.0001776126,0.00055702514,0.0003504044,0.0002814981,0.0005365235,0.00050173193,0.00093422324,-1.0948244e-05,asymmetry,4.781755123621573,0.05184816350217058,0.22407983497959572,0.30219204447456505
29,1,285.8699951171875,1139,1134,1141,1128,1142,0.0419921875,0.1901357459928532,0.41357070207595825,7.994416210212207,285.9039951171875,Fe II 285.834,Fe,II,285.834,0.06999511718748863,3.76769941,8.1040544,10.0,12.0,48000000.0,-32.829877370320936,1,Fe II 285.863 (+0.041); Fe II 285.853 (+0.051); Fe II 285.881 (+0.023),-0.033999999999999864,29,0.02,0.04,0.08,0.2,0.4,0.94,108.0,68.58862879515816,90,False,0.00026088348,0.00087753613,0.00048180166,-4.2650096e-05,-0.00015085896,-0.0013020943,0.0004177974,0.0018669073,0.0008741723,-0.00019392422,-0.00021985116,asymmetry,4.717834331775068,-0.24225345534778822,0.09138528148527107,-0.23942885882887105
127,1,388.6239929199219,3653,3648,3658,3638,3663,0.0419921875,0.21416652448710582,1.4206759333610535,13.286537089662673,388.65799291992187,Fe I 388.628,Fe,I,388.628,0.02999291992188091,0.05156912,3.24096914,7.0,7.0,5290000.0,-32.8164275936425,1,Fe I 388.705 (-0.047); Cr I 388.680 (-0.022); Fe I 388.551 (+0.107),-0.033999999999999864,127,0.0,0.02,0.1,0.38,0.84,0.96,108.2,49.3817780157823,91,False,-4.7583103e-06,-0.0020442943,0.00048361457,0.000254119,0.0002032062,-3.6272472e-06,0.00034527745,-0.00022679567,0.0002761011,-9.371454e-05,0.0007585307,continuum,3.4913256309083436,0.021830044287046706,-0.19624616684952426,0.2364668299569209
181,2,498.3110046386719,5874,5867,5881,5861,5894,0.06201171875,0.44070304624149526,0.35389094054698944,6.5440526687597265,498.3630046386719,Fe II 498.449,Fe,II,498.449,-0.08599536132811636,10.3289055,12.8156139,6.0,6.0,54000000.0,-34.784180917624546,1,Fe I 498.525 (-0.162); Fe I 498.555 (-0.192); Fe II 498.457 (-0.094),-0.05199999999999988,181,0.0,0.0,0.04,0.16,0.5,1.0,111.0,49.9879985596543,92,False,8.044039e-05,0.0007959091,0.0007191827,-1.1899707e-05,0.00025414387,2.7215638e-05,0.00019190316,-7.974196e-05,-0.0002486299,0.0002663325,-0.0011100117,shift,4.936953313521747,-0.10095852986628708,0.15711772928465376,0.1491972857809042
43,1,304.77099609375,1572,1569,1575,1563,1582,0.0419921875,0.1372190793916679,0.595143049955368,7.0538220011483865,304.80499609375,Fe I 304.760,Fe,I,304.76,0.04499609375000091,0.08728574,4.15435379,5.0,7.0,28400000.0,-32.7090934895002,0,V II 304.821 (-0.016); V II 304.865 (-0.060); Fe II 304.779 (+0.026),-0.033999999999999864,43,0.02,0.02,0.12,0.34,0.6,0.94,112.4,59.593959425431706,93,False,-0.00012804291,-0.0029193957,-0.00090286817,-8.217504e-05,-0.00054219377,-3.945125e-06,0.00035850963,-0.00029378172,0.0009145996,0.0008862577,0.0013045628,continuum_slope,4.768307135268556,-0.10610500982328964,-0.02007235682457078,-0.03895845544401377
163,2,447.5429992675781,5086,5083,5089,5080,5091,0.06201171875,0.20901350853894995,0.2620873600244522,6.1796681377908245,447.59499926757815,Fe I 447.602,Fe,I,447.602,-0.007000732421829525,2.84504259,5.61423177,3.0,5.0,10100000.0,-33.90148459189781,0,Cr I 447.536 (+0.059); Cr I 447.706 (-0.111); V I 447.588 (+0.007),-0.05199999999999988,163,0.0,0.0,0.06,0.26,0.58,0.96,112.8,50.97214925819785,94,False,0.0003337226,0.00028440182,0.0007184895,0.00033837833,-0.00014014581,0.00121819,0.00028410432,-0.00047634443,0.0007366688,-3.838833e-06,0.00037732147,width,3.1902054194296863,-0.0609584818519172,0.007464746754218754,0.08530570818399116
122,1,385.59600830078125,3572,3569,3575,3565,3576,0.0419921875,0.13236552997794648,0.8346501737833023,6.243355189719423,385.63000830078124,Fe I 385.637,Fe,I,385.637,-0.00699169921875864,0.05156912,3.2657061,7.0,5.0,4640000.0,-33.18363348997604,0,Si II 385.602 (+0.028); W II 385.682 (-0.052); O II 385.613 (+0.017),-0.033999999999999864,122,0.0,0.02,0.18,0.44,0.8,1.0,113.6,31.87851941354868,95,False,0.00082426507,0.004255193,0.0015505815,0.00036615736,0.0017349689,0.0014657734,0.00021190617,-0.00037684283,-9.263298e-05,-0.00035279215,-0.000519662,asymmetry,4.183690852274183,0.055468421012331896,0.3338702018486939,0.22783390820192087
130,1,392.2619934082031,3751,3749,3754,3748,3755,0.0419921875,0.13738395433315143,0.5582913607358932,6.63922059647446,392.2959934082031,Fe I 392.291,Fe,I,392.291,0.004993408203119998,0.05156912,3.21118938,7.0,9.0,1080000.0,-33.257080589522715,0,V I 392.243 (+0.053); S II 392.346 (-0.050); K II 392.300 (-0.004),-0.033999999999999864,130,0.0,0.02,0.2,0.38,0.78,0.98,115.4,27.70270744891192,96,False,0.0012870386,0.00036357398,0.00280887,-0.0025534395,0.004209248,0.004529437,0.0011077318,0.00063598837,-0.0016721468,0.0011646126,0.0022765126,shift,6.960502300759859,0.04308504267587598,0.06470532179250375,0.20473803961062192
84,1,355.81298828125,2802,2800,2804,2796,2808,0.0419921875,0.10091897989578502,0.5853412449359894,7.506761914444286,355.84698828125,Fe I 355.851,Fe,I,355.851,-0.004011718750007276,0.99011115,4.47327202,5.0,7.0,17700000.0,-33.06648623588303,0,Mo I 355.810 (+0.037); W II 355.792 (+0.055),-0.033999999999999864,84,0.0,0.0,0.0,0.1,0.52,1.0,116.4,69.77277405980071,97,False,-2.0310326e-05,-0.0010789762,0.0012049542,0.00032443073,-0.0001272409,-0.0007485921,0.00064059644,-8.292231e-05,-0.000106823725,-0.00022485666,-3.6735437e-06,continuum,2.930112677191474,0.004278486148372474,0.09841241469430548,0.20696950702697514
162,2,446.6210021972656,5072,5068,5076,5056,5080,0.06201171875,0.23078214579989847,0.25053489208221436,5.809452780712582,446.67300219726565,Fe I 446.655,Fe,I,446.655,0.018002197265673203,2.83159117,5.60664989,5.0,7.0,12000000.0,-33.75324196649241,0,Fe I 446.694 (-0.021); Cr I 446.756 (-0.083); Ti I 446.581 (+0.092),-0.05199999999999988,162,0.0,0.0,0.04,0.26,0.54,0.94,116.4,40.197512360841436,98,False,-0.0002731742,-0.002549199,-0.0003150433,0.00016864881,0.00013681542,8.328329e-05,-0.00020442568,0.00016682406,-0.00013286178,0.0003228219,-0.00040860646,width,1.4950759279461618,0.05024960823794349,-0.12794590403294423,0.06315016621870818
119,1,383.37701416015625,3513,3510,3516,3506,3522,0.0419921875,0.1460288683859483,1.6285144090652466,12.113594451698212,383.41101416015624,Fe I 383.422,Fe,I,383.422,-0.010985839843783651,0.95815732,4.19086081,7.0,5.0,45200000.0,-32.86883046709846,0,Fe I 383.331 (+0.080); Mn I 383.436 (-0.025); Mo I 383.375 (+0.036),-0.033999999999999864,119,0.0,0.0,0.24,0.58,0.9,1.0,117.2,49.42630878388553,99,False,0.00036282302,-0.0007886928,0.0008873357,0.0003891554,0.0006844839,0.0006405584,0.0006024417,-0.0006499026,0.0007026778,0.0006266726,0.0005335003,asymmetry,5.950894553783959,0.07063131048926427,0.2867923876531196,0.17983385058467702
179,2,492.0010070800781,5774,5769,5779,5762,5791,0.06201171875,0.31869231092357897,2.5966272056102753,48.844248806286615,492.05300708007815,Fe I 492.050,Fe,I,492.05,0.0030070800781345497,2.83252676,5.35157038,11.0,9.0,35800000.0,-33.23893713309687,0,Fe I 491.899 (+0.154),-0.05199999999999988,179,0.06,0.08,0.12,0.34,0.66,0.98,117.6,37.57445941061561,100,False,0.001202772,0.0025915734,0.0002647662,0.00023690234,0.001345496,0.0011128489,0.0022041807,0.0003611862,0.0012641886,0.00096325815,0.0016833163,shift,4.635676559241845,-0.06482467094119038,0.1764703745762354,0.19892248109280036
89,1,358.5140075683594,2870,2866,2875,2865,2884,0.0419921875,0.20752231533902865,1.4423381388187408,17.47166595837296,358.54800756835937,Fe I 358.532,Fe,I,358.532,0.01600756835938455,0.95815732,4.41527878,7.0,7.0,11700000.0,-33.34635147838192,3,Fe I 358.571 (-0.023); Fe I 358.496 (+0.052); Fe I 358.611 (-0.063),-0.033999999999999864,89,0.0,0.0,0.04,0.26,0.84,1.0,119.2,56.31482930809611,101,False,0.00019463626,-0.00076956657,0.0005491544,1.8448938e-05,-8.3016166e-05,1.4946998e-05,0.0004447277,0.00045159177,0.00038002557,3.0779997e-06,0.00093697297,continuum,4.411630211031426,-0.09891874441600636,0.3592698706737319,0.21629682382887927
167,2,459.9989929199219,5276,5273,5280,5272,5285,0.06201171875,0.23409169249647643,0.2598547339439392,6.975619997211985,460.0509929199219,Cr I 460.075,Cr,I,460.075,-0.024007080078092713,1.00367492,3.69779039,7.0,7.0,2500000.0,-34.785587780705505,0,Cr I 460.010 (+0.041); Cr I 460.102 (-0.051); V II 460.017 (+0.034),-0.05199999999999988,167,0.0,0.06,0.08,0.32,0.7,0.94,119.4,57.496434672073356,102,False,0.00032657298,0.0007667122,0.00030218053,0.00045741565,-6.3462496e-05,0.00029001563,0.00020603415,0.00034149043,0.00049903535,-8.587272e-05,0.0005521821,continuum_slope,8.435392778079839,-0.22895506687140135,0.010987354960909194,0.032737833148831476
94,1,362.14599609375,2962,2959,2965,2958,2974,0.0419921875,0.1203350801589651,0.5895393490791321,7.141345222184171,362.17999609375,Fe I 362.146,Fe,I,362.146,0.03399609374997681,2.7275445,6.15016512,9.0,11.0,44500000.0,-33.40254369012225,1,Fe I 362.200 (-0.020); Fe II 362.127 (+0.053); Fe I 362.172 (+0.008),-0.033999999999999864,94,0.0,0.0,0.12,0.5,0.76,0.98,120.0,45.98695467195018,103,False,0.00048791585,0.0017791927,0.00034332898,-0.00012250053,0.00015724843,-0.00010939859,0.0007879321,0.0010465116,0.0002836224,-0.00017368667,0.00088690995,width,6.825087142044736,-0.063544380073461,0.24359522911029555,0.18688991692066576
63,1,336.7919921875,2332,2329,2335,2324,2344,0.0419921875,0.14458261943173634,0.7036794424057007,16.61981785900104,336.8259921875,?,,,,,,,,,,,0,,-0.033999999999999864,63,0.0,0.04,0.12,0.2,0.54,0.94,120.6,71.06222625277088,104,False,0.00018925863,-0.0026060964,0.0006748919,-0.00068532577,-0.00014359175,0.0004613029,0.00052502484,0.000321838,0.00095272803,0.0009802335,0.0014115815,continuum_slope,6.521991114508909,-0.156191869222115,0.017790256436047504,0.013945767191990076
80,1,352.0989990234375,2709,2706,2712,2698,2713,0.0419921875,0.12678247313511148,0.4791778177022934,7.141223760634426,352.1329990234375,Fe I 352.126,Fe,I,352.126,0.006999023437515461,0.91460217,4.43461275,9.0,9.0,6140000.0,-33.53792521180336,0,Fe I 352.184 (-0.051); Fe I 352.085 (+0.048); Mo I 352.141 (-0.008),-0.033999999999999864,80,0.0,0.02,0.08,0.34,0.7,0.94,120.6,55.78028325492799,105,False,0.00012010289,-0.00064344506,-0.0003688652,0.0005455279,0.0009222468,-0.0005496749,0.00023989528,0.00027488044,0.00060062326,-0.0008596521,0.0010394952,asymmetry,3.7598795837902528,-0.030354466815968026,0.18929859973961427,0.12316470480374017
255,3,844.6259765625,10984,10977,10991,10956,11012,0.0880126953125,0.5983246444816428,2.3491904586553574,96.81081517032072,844.6759765625,O I 844.636,O,I,844.636,0.03997656249998727,9.5213638,10.9888616,3.0,5.0,32200000.0,-33.83547189416723,1,O I 844.676 (-0.000); O I 844.625 (+0.051); Mn II 844.845 (-0.169),-0.04999999999999988,255,0.24,0.28,0.4,0.48,0.7,0.92,121.2,92.42813424493649,106,False,0.00044888753,0.0020507397,-0.0007189649,0.0009795369,0.00092751,-0.0004274434,0.00100055,-0.0008644693,0.0007724617,0.00032005823,0.00044889588,area,5.054288743458422,0.39192452108256964,-0.10873792437613423,-0.36275992911259874
142,2,418.7439880371094,4654,4650,4658,4639,4663,0.06201171875,0.2380652616606826,0.7959196269512177,7.598515320286674,418.7959880371094,Fe I 418.780,Fe,I,418.78,0.015988037109423203,2.42543332,5.38520741,9.0,7.0,15200000.0,-33.81883565581109,2,Fe I 418.704 (+0.092); Fe I 418.759 (+0.037); Mo I 418.832 (-0.036),-0.05199999999999988,142,0.0,0.0,0.02,0.22,0.72,1.0,122.4,39.40862849681527,107,False,0.0001790302,-0.00037491566,-9.714893e-06,0.00029545816,0.000112710906,-0.00041852365,0.00089490064,0.00038326,-1.9927522e-05,0.00019908849,0.0007279663,shift,4.856631540160541,-0.11137083892897884,0.2435011964476939,0.1397940195207449
240,3,744.27197265625,9834,9828,9840,9822,9847,0.0880126953125,0.4955037568877094,1.7924805283546448,46.42495262266407,744.32197265625,N I 744.229,N,I,744.229,0.09297265624991269,10.3300944,11.9955753,4.0,4.0,11900000.0,-34.39664035652067,0,Fe II 744.360 (-0.038); S I 744.335 (-0.013),-0.04999999999999988,240,0.0,0.02,0.14,0.46,0.78,1.0,123.2,85.32385364011637,108,False,0.00046897092,0.002713054,0.0003289853,-0.0002733798,0.00031334293,0.0006073208,0.00053697824,0.0010278242,-0.00062933005,-0.00016484114,0.0002297524,area,4.710840136436158,0.37421383074564657,-0.018502734687298038,-0.3261378236701476
37,1,299.4490051269531,1449,1446,1452,1441,1456,0.0419921875,0.11976845087610433,0.49566537141799927,6.045636865827847,299.4830051269531,Fe I 299.443,Fe,I,299.443,0.040005126953133185,0.05156912,4.19086081,7.0,5.0,43900000.0,-32.99357086695691,0,Fe I 299.450 (+0.033); Cr I 299.510 (-0.027); Ni I 299.446 (+0.037),-0.033999999999999864,37,0.0,0.0,0.12,0.38,0.6,0.96,123.6,53.891001104080445,109,False,5.9906968e-05,0.00045593287,-0.0002835416,0.00079260085,-0.00021596965,-0.00073721906,0.00034846648,0.00037095934,-0.0006065737,-0.0005596925,0.0010341065,width,6.499459916490915,-0.030593165113341297,0.1978664219589671,-0.0826113107363686
31,1,287.59100341796875,1178,1174,1182,1163,1187,0.0419921875,0.16791104159796277,0.36917026340961456,6.38961841605976,287.62500341796874,Fe II 287.680,Fe,II,287.68,-0.05499658203126501,3.38661825,7.6951447,8.0,8.0,9600000.0,-33.622547153973265,0,Fe II 287.655 (-0.030); V II 287.569 (+0.056); V II 287.693 (-0.068),-0.033999999999999864,31,0.02,0.02,0.08,0.2,0.62,0.98,124.8,48.67607215049299,110,False,0.00028142054,-0.0013702255,0.0015261642,-6.239429e-05,6.90282e-05,0.00043639133,0.0004268556,0.0010655572,5.813692e-05,0.0008760403,-0.00021134916,asymmetry,3.488408679377074,-0.2580726425100715,0.11154443769070486,-0.26185926550022026
61,1,334.23699951171875,2270,2266,2274,2257,2276,0.0419921875,0.16591175036702577,0.20306909084320068,5.065425003460778,334.27099951171874,Fe I 334.229,Fe,I,334.229,0.04199951171875682,2.84504259,6.55353246,3.0,3.0,9420000.0,-34.96371105944699,3,Fe I 334.191 (+0.080); W II 334.246 (+0.025); W II 334.310 (-0.039),-0.033999999999999864,61,0.0,0.04,0.1,0.2,0.5,0.96,125.0,77.85884663928692,111,False,0.00060964195,0.0013892688,0.0010971014,-0.00012199978,0.00028579123,0.0010055274,0.0013946348,-0.0006191566,0.0018703972,0.00010031383,-0.00030545922,asymmetry,5.209581390166335,-0.1313672462952945,-0.05324780351858659,0.03631469096856129
24,1,275.5570068359375,907,904,910,900,918,0.0419921875,0.13227669564084432,0.729281559586525,14.019845290546993,275.5910068359375,Fe II 275.574,Fe,II,275.574,0.017006835937479536,0.9863338,5.48413599,8.0,10.0,215000000.0,-31.261589959866118,0,Fe I 275.633 (-0.042); Fe II 275.651 (-0.060); Fe II 275.616 (-0.025),-0.033999999999999864,24,0.0,0.02,0.02,0.18,0.52,0.92,125.8,48.31728469191952,112,False,0.00023413912,-0.0006798828,0.001471613,0.00036018592,-0.00054408266,-0.001057351,0.0013315028,0.0016835021,-5.675049e-05,-0.00054700795,0.00037966008,shift,3.7335426713504534,-0.15570723934562986,-0.29652476823238444,-0.24243067075038346
193,2,529.739990234375,6382,6377,6387,6369,6399,0.06201171875,0.30817399539057266,0.892803505063057,12.942500612041957,529.791990234375,Cr I 529.827,Cr,I,529.827,-0.03500976562497726,0.98287742,3.32231395,5.0,5.0,3300000.0,-34.483607928245604,2,Cr I 529.738 (+0.054); Cr I 529.801 (-0.009); Fe II 529.886 (-0.094),-0.05199999999999988,193,0.0,0.04,0.08,0.2,0.52,0.9,125.8,83.23556931985267,113,False,7.309182e-05,-0.0016642065,-0.0013766374,0.0017546099,0.0002762188,0.0008419803,-0.0006594497,-0.0006485482,0.0011327448,0.00030286267,0.00077134074,area,3.659594009574647,-0.17183022434093373,0.1272732088312559,0.06507421916117154
88,1,358.0780029296875,2859,2857,2863,2856,2865,0.0419921875,0.17038562290800474,3.1958167254924774,38.712310788450154,358.1120029296875,Fe I 358.119,Fe,I,358.119,-0.00699707031253638,0.85899575,4.32010008,11.0,13.0,102000000.0,-32.04584883821682,0,Fe I 358.181 (-0.069); Fe I 358.165 (-0.053); Mo I 358.188 (-0.076),-0.033999999999999864,88,0.0,0.02,0.18,0.34,0.82,0.98,126.0,60.454941898905176,114,False,1.044845e-05,-0.0011433443,0.0007272046,0.00029973633,-5.2625677e-05,4.0591123e-05,-0.00031188905,-0.00011162901,2.3186645e-05,0.00027488638,0.00035836815,continuum,4.710090348157861,0.009533465331453796,0.2194650012303791,0.1448753999421002
131,2,392.7460021972656,4272,4265,4279,4252,4288,0.06201171875,0.4188634136397123,0.5401127338409424,5.78129995779985,392.79800219726565,Fe I 392.792,Fe,I,392.792,0.0060021972656727485,0.11011433,3.2657061,3.0,5.0,2600000.0,-33.05727991491568,0,Fe I 392.808 (-0.010); Cr I 392.864 (-0.066); Fe I 392.921 (-0.123),-0.05199999999999988,131,0.0,0.0,0.0,0.1,0.34,0.96,126.0,46.00869483043395,115,False,-0.00017134151,-5.835172e-05,-0.0014771342,0.00039961902,-0.0001679744,-0.00025345193,0.00046633708,-7.869681e-05,-5.1012186e-05,-0.0002193838,-0.000273367,continuum_slope,4.447389011228893,-0.08967461035409593,-0.11346849063316822,0.0632333489587019
191,2,523.27001953125,6276,6272,6280,6271,6287,0.06201171875,0.2202614584552569,0.9802281558513641,16.966752926011452,523.32201953125,Fe I 523.294,Fe,I,523.294,0.0280195312500382,2.93984587,5.30848946,9.0,11.0,19400000.0,-33.199673510865345,0,Fe II 523.278 (+0.044); V I 523.407 (-0.085); V I 523.369 (-0.047),-0.05199999999999988,191,0.0,0.0,0.0,0.08,0.54,1.0,126.2,57.81833619190369,116,False,0.00025024658,0.0032848231,0.0007870696,-0.00034249845,0.00029362168,-1.8692332e-05,0.0001062669,-0.00027908207,-0.0004496828,0.00026508493,-0.0011444435,width,3.6431029532036576,-0.03792409615539624,0.15766022541504757,0.14530939684641528
146,2,423.5889892578125,4726,4719,4733,4718,4734,0.06201171875,0.41411927434923607,0.8619470000267029,7.3704597162988685,423.6409892578125,Fe I 423.594,Fe,I,423.594,0.04698925781252683,2.42543332,5.35157038,9.0,9.0,18800000.0,-33.48702068374183,0,Cr I 423.600 (+0.041); Fe I 423.539 (+0.102); Mn I 423.514 (+0.127),-0.05199999999999988,146,0.0,0.0,0.0,0.04,0.48,1.0,126.4,31.972488173428104,117,False,-7.602853e-05,0.0009634292,-4.142985e-05,-0.00044324333,-0.0002508731,-0.0003263035,0.00018200502,-0.00028748246,-0.00045373672,1.42574945e-05,-0.000116908,continuum,4.3048373254421515,-0.11836542237018963,0.1474721480862519,0.17154089307139037
251,3,821.6329956054688,10712,10700,10724,10698,10734,0.0880126953125,1.0883573312656343,2.735739767551422,87.46628533904743,821.6829956054687,N I 821.634,N,I,821.634,0.04899560546868997,10.3358956,11.844477,6.0,6.0,22600000.0,-33.860044275304006,0,Fe II 821.904 (-0.221); Co II 821.600 (+0.083); Mg II 821.399 (+0.284),-0.04999999999999988,251,0.04,0.16,0.26,0.56,0.82,0.98,128.8,65.06120195631188,118,False,0.00088387553,0.004668163,0.0018792856,0.0008833277,0.0008996986,0.0010808618,0.0015331828,0.00041248783,-0.0008299138,-0.0006635113,-0.0010248262,area,5.434830798094278,0.3953639465492663,0.02349731572779033,-0.10701640332235123
217,2,596.8690185546875,7534,7526,7542,7511,7555,0.06201171875,0.49975942204480317,0.24851004779338837,7.453498375943297,596.9210185546875,Sn I 597.029,Sn,I,597.029,-0.10798144531247544,4.78937023,6.8654805,5.0,3.0,9600000.0,-39.20635797272031,0,K II 596.964 (-0.043),-0.05199999999999988,217,0.0,0.0,0.02,0.06,0.34,1.0,129.2,35.79608917186346,119,False,-0.00013948527,0.00045789694,-0.0011687442,0.00013551353,-0.00036804515,-0.00031673678,-0.00015062158,-0.00040722423,0.00023767314,-0.0004447679,0.0006302028,width,3.4216313739570197,-0.18506712992254257,-0.17465482085985082,-0.016651014562220515
144,2,420.15899658203125,4675,4674,4677,4673,4683,0.06201171875,0.13098811552598122,0.5873861014842987,5.353014527823366,420.21099658203127,Fe I 420.203,Fe,I,420.203,0.007996582031296384,1.48486439,4.43461275,9.0,9.0,8220000.0,-33.33656282193947,0,Fe I 420.092 (+0.119); V II 420.235 (-0.024); Mn I 420.176 (+0.035),-0.05199999999999988,144,0.0,0.0,0.06,0.26,0.5,0.98,129.4,51.88294517469108,120,False,-3.886509e-05,-0.00093789113,0.00023815212,0.00016355379,0.00036125045,0.0001648542,0.00025485316,-0.00063496816,-0.00045242405,0.00040441102,4.9557922e-05,asymmetry,3.1944844903372034,-0.15556980699259676,0.10647390719195743,0.058705314590348265
65,1,339.2539978027344,2392,2385,2399,2375,2404,0.0419921875,0.31208016250487436,0.26022450625896454,6.242148632863109,339.28799780273437,Fe I 339.265,Fe,I,339.265,0.022997802734380457,2.17594512,5.82938837,7.0,7.0,18800000.0,-33.92470131406164,2,Ni I 339.299 (-0.011); Fe I 339.230 (+0.058); V II 339.265 (+0.023),-0.033999999999999864,65,0.0,0.14,0.3,0.52,0.72,0.98,129.8,101.76521999190096,121,False,0.00017466057,-0.00033049617,-0.00010604947,0.00017151635,0.000104805455,0.0011192572,-0.00055090577,0.00026430227,-0.00016214994,0.0003210703,0.0009152544,continuum_slope,8.116240134409855,-0.2914940207831992,0.18449208402432515,0.05980839005548234
101,1,370.885986328125,3186,3180,3192,3179,3198,0.0419921875,0.2517869402041253,0.9396980106830597,10.72363864092006,370.919986328125,Fe I 370.925,Fe,I,370.925,-0.005013671875019554,0.91460217,4.2562228,9.0,7.0,15600000.0,-33.20337276547711,0,V II 370.933 (-0.013); V I 370.871 (+0.049); Mo I 370.855 (+0.065),-0.033999999999999864,101,0.0,0.06,0.14,0.4,0.66,1.0,130.2,57.003157807265374,122,False,0.000576144,-7.338202e-05,-0.00041310827,0.0003683223,0.0013105532,0.00042018786,0.0011224212,0.00021096908,0.0014937561,3.718359e-05,0.0012845366,shift,5.3717919520654345,0.011790249233892025,0.3408792518533819,0.31450308999363513
54,1,321.3500061035156,1961,1946,1976,1937,1978,0.0419921875,0.6136097351640228,0.38158339262008667,7.500171860867351,321.3840061035156,Fe II 321.331,Fe,II,321.331,0.053006103515599534,1.6952613,5.55260578,4.0,6.0,6100000.0,-32.89468314030133,2,Fe I 321.401 (-0.017); Fe I 321.406 (-0.022); Fe I 321.376 (+0.008),-0.033999999999999864,54,0.0,0.0,0.04,0.14,0.6,1.0,130.4,39.9879981994598,123,False,-0.00014296998,-0.00022267136,0.00028567127,-0.00022933782,-0.00055170926,-0.0002448859,-0.00035735843,-0.00024675674,-7.139311e-05,0.00046997305,-0.0002612318,continuum_slope,3.819841822075796,-0.22512142754995185,-0.019708918636485606,-0.026683576333636615
138,2,411.8500061035156,4552,4548,4556,4544,4560,0.06201171875,0.22597912791473024,0.5360521972179413,6.055981149144144,411.90200610351565,Fe I 411.854,Fe,I,411.854,0.048006103515660925,3.5732189,6.58275864,11.0,13.0,49600000.0,-33.4647220569189,0,Fe I 411.889 (+0.013); Fe I 412.021 (-0.119); Co I 411.877 (+0.025),-0.05199999999999988,138,0.0,0.02,0.12,0.28,0.64,0.94,131.4,60.32777138267251,124,False,0.00054115,0.0011718747,0.0014447575,-0.00065483915,0.00068817433,-0.00049516634,0.0015839492,0.0003682706,0.0015669528,-0.00042884093,0.00016636659,width,4.930811769309093,0.08242686205203471,0.17132027797836355,0.11949743096227805
125,1,387.20599365234375,3615,3611,3619,3605,3624,0.0419921875,0.1521247716430243,0.7886239737272263,6.847074603151577,387.23999365234374,Fe I 387.250,Fe,I,387.25,-0.010006347656258185,0.99011115,4.19086081,5.0,5.0,10500000.0,-33.34470184064303,0,Fe I 387.175 (+0.065); Co I 387.312 (-0.072); Ca I 387.254 (-0.014),-0.033999999999999864,125,0.0,0.0,0.04,0.24,0.44,0.92,132.2,72.00944382509837,125,False,-4.7189766e-05,0.0023914885,0.00023533196,-0.00020093498,-0.0002971619,-0.00059986615,-0.00018000994,-0.00074641575,-0.00034357782,0.0001223553,-0.00085310696,continuum_slope,4.093981614758852,0.030086835391640414,0.09045218814099372,0.18248484834186807
226,3,625.2459716796875,8571,8560,8582,8555,8592,0.0880126953125,0.9492852803810322,0.17706245183944702,5.043541146009713,625.2959716796875,C II 625.384,C,II,625.384,-0.08802832031256003,24.653514,26.635493,6.0,8.0,1700000.0,-42.82305046474872,1,C II 625.074 (+0.222),-0.04999999999999988,226,0.0,0.02,0.02,0.06,0.3,0.96,132.6,81.67888343996874,126,False,-0.00011637168,0.0001629944,-0.00042897323,-0.0001271091,-0.00015261647,-0.00041577165,-0.0005864265,-0.00055278145,0.00020007021,0.0006961539,4.074148e-05,continuum,4.4974360595361915,-0.02418809413382511,0.13116109776574483,-0.34578703351301115
16,1,267.739990234375,733,729,737,726,743,0.0419921875,0.1570837737619949,0.36828064918518066,7.207206984755311,267.773990234375,Mn II 267.785,Mn,II,267.785,-0.011009765625033197,4.068968,8.697586,1.0,3.0,120000000.0,-34.43825658178213,2,V II 267.780 (-0.006); Fe II 267.783 (-0.009); Mn II 267.725 (+0.049),-0.033999999999999864,16,0.0,0.0,0.02,0.18,0.52,0.96,132.8,55.55321772858886,127,False,0.00024758428,-0.0015287983,0.0002368438,-0.00083802774,-0.0015482776,0.00075673964,0.0014929096,0.00054434594,0.00058921677,0.0004528643,0.0023180272,height,2.990462408572067,-0.20270187080121055,-0.005204346210911234,0.01649911564571025
116,1,382.0169982910156,3477,3473,3481,3470,3483,0.0419921875,0.16835095346048945,2.764718070626259,20.56516865581275,382.0509982910156,Fe I 382.042,Fe,I,382.042,0.008998291015643645,0.85899575,4.10337372,11.0,9.0,66700000.0,-32.344865999791885,0,Fe I 382.118 (-0.067); V I 381.996 (+0.055); V I 382.029 (+0.022),-0.033999999999999864,116,0.0,0.0,0.1,0.34,0.76,1.0,132.8,49.78112091948111,128,False,-0.00022003529,-0.0014921371,0.0001274648,0.00040787857,-0.00018835792,-0.00052352506,-0.00014670439,-0.00022959073,-0.00033166233,0.00040986697,-0.00023358628,continuum,4.735132848283452,0.032470201724503864,0.08411944997886338,0.31703835524300883
164,2,452.8039855957031,5166,5158,5173,5152,5174,0.06201171875,0.5083680398760733,0.47727467119693756,11.340995599153146,452.85598559570315,Fe I 452.861,Fe,I,452.861,-0.005014404296844077,2.17594512,4.91297355,7.0,9.0,5440000.0,-33.66992930127935,0,V II 452.848 (+0.008); Cr I 452.746 (+0.110); Cr I 452.734 (+0.122),-0.05199999999999988,164,0.0,0.02,0.02,0.1,0.4,0.9,133.8,70.81920643441298,129,False,-0.0001635238,0.0002504981,0.00018162216,0.0003153966,-0.0003170493,-8.039729e-05,-0.00017750268,-0.0004522965,-0.00015479901,-0.00022562098,-0.00097509177,area,4.891052537793898,-0.04894038424325978,0.17844144384999958,0.014690795211064235
215,2,589.4849853515625,7402,7398,7406,7395,7416,0.06201171875,0.2428890190222628,0.3916994780302048,15.782099772665132,589.5369853515625,Na I 589.592,Na,I,589.592,-0.05501464843746362,0.0,2.102297177,2.0,2.0,61400000.0,-34.61074037997049,0,Fe II 589.534 (+0.003); Mo I 589.593 (-0.056),-0.05199999999999988,215,0.02,0.06,0.24,0.34,0.58,0.82,134.6,97.28432556172653,130,False,0.0011033247,0.0108500775,7.7302815e-05,-0.0019795047,4.9212304e-05,0.0014371531,0.0011413869,1.397783e-05,0.0007038185,-0.0010781236,-0.00018205628,asymmetry,4.330404149935887,-0.12161316587081387,-0.1601882573826827,-0.14293688043615968
45,1,306.7080078125,1617,1614,1620,1611,1629,0.0419921875,0.1368878305989354,0.4992351830005646,7.532380420173787,306.7420078125,Fe I 306.724,Fe,I,306.724,0.018007812500002274,0.91460217,4.95563019,9.0,7.0,31200000.0,-33.41552801212823,0,Fe I 306.712 (+0.030); Fe I 306.700 (+0.042); V II 306.710 (+0.032),-0.033999999999999864,45,0.0,0.04,0.18,0.4,0.66,0.98,135.4,62.95585755114451,131,False,-0.0002907691,-0.002771659,-0.0005279827,0.000118108605,-0.00062755466,-0.0008719662,7.7983175e-05,-0.00019734581,0.00039619536,0.000160995,0.0013355357,continuum_slope,6.899715382183837,-0.07430388665960479,-0.022871636857402813,-0.031189910856774482
159,2,438.2820129394531,4946,4942,4950,4932,4962,0.06201171875,0.2344791514582335,3.9649748057127,59.102542602129304,438.33401293945315,Fe I 438.354,Fe,I,438.354,-0.019987060546839075,1.48486439,4.31247059,9.0,11.0,50000000.0,-32.287953579797204,0,Fe I 438.277 (+0.057); Cr I 438.285 (+0.049); Mo I 438.241 (+0.093),-0.05199999999999988,159,0.0,0.02,0.1,0.2,0.36,0.92,136.2,54.7883199231369,132,False,5.77893e-05,0.0013734694,-0.00031944687,0.00032016946,-3.258347e-05,0.0002410814,-4.6404522e-05,-0.0003191955,-0.0007112113,0.00019385744,-0.00012184223,continuum_slope,7.271302937589445,0.023088635309560332,0.015895136620538482,0.07227856777280126
103,1,372.20001220703125,3220,3219,3223,3218,3228,0.0419921875,0.10631774950226403,0.5507297068834305,5.922673896071072,372.23401220703124,Fe I 372.256,Fe,I,372.256,-0.02198779296872999,0.08728574,3.41695281,5.0,5.0,4970000.0,-33.130944493223694,0,Ti II 372.164 (+0.070); Ti I 372.257 (-0.023); W I 372.224 (+0.010),-0.033999999999999864,103,0.0,0.0,0.02,0.36,0.72,1.0,136.4,50.9179732511026,133,False,0.00013079848,0.0012320427,0.00077288906,-0.00026535927,0.00050880766,7.1347524e-05,-1.00134785e-05,-0.00054465304,-0.00018057796,0.00035625708,-0.0006327553,shift,7.420132408274998,0.04436895018447465,0.31780869974816806,0.21784112948006698
234,3,697.8159790039062,9330,9322,9338,9304,9360,0.0880126953125,0.7092717138640726,0.24642793834209442,7.802537763883241,697.8659790039062,Cr I 697.840,Cr,I,697.84,0.025979003906172693,3.46352849,5.23972421,9.0,11.0,17300000.0,-34.609704088721564,1,Cr I 697.979 (-0.113); Mo I 697.873 (-0.007); Cr I 698.090 (-0.224),-0.04999999999999988,234,0.48,0.7,0.86,0.9,0.92,0.98,136.8,77.5226418538481,134,False,0.003970006,0.013044834,0.0033242332,0.00047319935,0.00093888585,0.0103368405,0.0015547959,0.00010922168,0.0006750903,0.0041723447,0.0050706128,shift,14.227335111785937,-0.18834380655012115,0.3988467717063946,-0.4117907293775908
149,2,426.0050048828125,4762,4759,4765,4757,4768,0.06201171875,0.21442714093938053,1.9257231950759888,15.50838867962434,426.0570048828125,Fe I 426.047,Fe,I,426.047,0.010004882812495453,2.39920471,5.30848946,11.0,11.0,39900000.0,-33.049691176864364,0,Fe I 426.013 (+0.044); Fe I 426.000 (+0.057); Cr I 426.134 (-0.077),-0.05199999999999988,149,0.0,0.0,0.1,0.28,0.58,0.98,141.2,45.45943246456119,135,False,0.00035966726,0.0025755526,0.0007685832,-0.0005043049,0.0002295296,-0.00011104136,0.0005075707,0.000472776,-0.00015909363,0.00028221874,-0.0004651173,continuum_slope,5.310923559411617,-0.11251369744367513,0.16040525583484022,0.13128406355530078
48,1,312.02099609375,1741,1735,1747,1724,1748,0.0419921875,0.25517502674738246,0.5822223275899887,11.716904538938557,312.05499609375,Cr II 312.037,Cr,II,312.037,0.017996093750014097,2.43395932,6.40618989,4.0,6.0,150000000.0,-33.12119290068969,0,Fe I 312.044 (+0.011); V II 312.073 (-0.018); V II 312.115 (-0.060),-0.033999999999999864,48,0.0,0.02,0.08,0.16,0.36,0.86,142.0,72.89170048777844,136,False,-9.841549e-05,-0.0009769417,0.00033680096,-0.002141069,-0.0018798137,0.00073089695,6.414034e-06,-0.0002334596,0.0015314129,0.0016723213,-3.0719155e-05,height,2.4886219772739846,-0.16754450491082268,0.02229659095918538,-0.058133885333000124
241,3,746.8109741210938,9862,9856,9868,9847,9881,0.0880126953125,0.4969032293216182,2.745256721973419,71.69453829189834,746.8609741210937,N I 746.831,N,I,746.831,0.029974121093687245,10.3358956,11.9955753,6.0,4.0,19600000.0,-34.35518705235384,0,Fe II 746.894 (-0.033); Fe II 747.041 (-0.180),-0.04999999999999988,241,0.06,0.08,0.18,0.4,0.62,0.92,143.0,27.655017627909768,137,False,0.00021627056,0.0007525059,0.0009746727,-0.00066062517,0.0016605684,-0.0015992734,2.0783193e-05,0.0011906526,0.0005136142,-0.0008757731,0.00018557764,area,3.9166127704645373,0.35929880380068624,0.20504907072538106,-0.2937182549178138
55,1,322.1919860839844,1981,1979,1984,1978,1985,0.0419921875,0.11073635755810418,0.29591210186481476,6.1793888097025205,322.22598608398437,Fe I 322.207,Fe,I,322.207,0.01898608398437318,2.39920471,6.24606454,11.0,11.0,86500000.0,-33.297170183332454,0,Fe I 322.192 (+0.034); Ti II 322.284 (-0.058); Fe II 322.293 (-0.067),-0.033999999999999864,55,0.0,0.04,0.16,0.4,0.66,0.98,143.6,68.42981806201153,138,False,0.000100441495,-0.0004422438,-0.0003010904,-7.387568e-05,-0.0007391512,-0.0005772175,0.0005763556,-0.00048792688,0.0005221764,0.00071380835,0.0018135797,continuum_slope,4.98663932138277,-0.28408352364201983,0.003681740404939289,0.00018083204346460162
243,3,758.5360107421875,9992,9987,9997,9981,10000,0.0880126953125,0.39739241886688814,0.21807906031608582,5.57484180777785,758.5860107421875,Fe II 758.664,Fe,II,758.664,-0.07798925781253274,11.0164343,12.6502274,8.0,8.0,6200000.0,-35.41773196839314,1,Fe II 758.762 (-0.176); S I 758.570 (+0.016),-0.04999999999999988,243,0.0,0.02,0.04,0.14,0.36,0.92,143.8,31.262757395981563,139,False,0.00012205248,0.0015210418,0.0005848191,0.0005406043,-0.00055855245,1.1803016e-05,0.00046934796,-0.00053365686,-0.00088475866,-0.0003095939,0.00037947026,shift,4.744730124452653,-0.08553355655875655,0.20871272792597387,-0.3524308027899007
133,2,400.48699951171875,4385,4382,4388,4378,4389,0.06201171875,0.21361090011109063,0.835249736905098,9.559694460322198,400.53899951171877,Fe I 400.524,Fe,I,400.524,0.014999511718770009,1.55735733,4.65203107,7.0,5.0,20400000.0,-33.51988839295129,0,Fe I 400.631 (-0.092); V II 400.570 (-0.031); Fe I 400.662 (-0.123),-0.05199999999999988,133,0.0,0.0,0.04,0.1,0.4,0.96,144.0,40.094887454636904,140,False,3.7963757e-05,0.00020028917,-3.6881098e-05,0.00031542982,0.00024329075,0.00049485645,7.699008e-05,-0.0003473252,-0.000533158,0.00026115598,-0.00029501095,shift,2.576407356382312,-0.06483190422292896,0.11953721401184025,0.1513347205346558
157,2,434.42498779296875,4888,4885,4891,4884,4892,0.06201171875,0.18652600510141454,0.5732771009206772,6.420334727110131,434.47698779296877,Cr I 434.450,Cr,I,434.45,0.026987792968782287,1.00367492,3.85669178,7.0,9.0,11000000.0,-34.062182999308696,0,Cr I 434.507 (-0.030); Mn II 434.398 (+0.079); W I 434.583 (-0.106),-0.05199999999999988,157,0.02,0.06,0.08,0.2,0.58,0.92,144.0,46.62617290749907,141,False,0.00049314956,-0.00032311,0.00029234614,3.948009e-05,0.0005427884,0.0006895677,0.00032575868,0.0008379198,0.0007241878,0.0013926357,0.0004099212,height,5.202534579137425,-0.2421087897130165,0.02832914792916449,0.04713395396458366
161,2,441.46600341796875,4994,4991,4997,4988,5001,0.06201171875,0.18938185922817902,1.2105729132890701,20.72522534841738,441.51800341796877,Fe I 441.512,Fe,I,441.512,0.006003417968770464,1.60789577,4.41527878,5.0,7.0,11900000.0,-33.10460965405407,0,Mn I 441.488 (+0.030); V I 441.503 (+0.015); V I 441.454 (+0.064),-0.05199999999999988,161,0.0,0.0,0.06,0.18,0.5,1.0,144.2,65.65485511369285,142,False,-0.00011309225,-0.0010722846,0.00039674607,8.105316e-06,-0.00028986254,-0.00014150936,-5.063752e-05,-0.00029396676,0.00012523547,0.0004911244,-0.0003038734,continuum_slope,6.495060337800778,-0.03191685567150219,0.04206153330986633,0.07189520384065631
155,2,432.5589904785156,4860,4856,4864,4847,4870,0.06201171875,0.22053566830550858,3.1028229147195816,29.622146075156824,432.61099047851565,Fe I 432.576,Fe,I,432.576,0.03499047851562409,1.60789577,4.47327202,5.0,7.0,51600000.0,-32.52438130682579,0,Fe I 432.710 (-0.099); Mo I 432.614 (-0.003); Mn II 432.664 (-0.053),-0.05199999999999988,155,0.0,0.0,0.02,0.12,0.4,1.0,144.8,48.48669920710215,143,False,-9.326565e-05,-0.00040048463,-3.9754013e-06,0.00025283985,-0.00032271148,-0.00014617466,-0.00034076502,-0.00016262851,-1.3171163e-05,0.00018378919,2.0625594e-05,asymmetry,4.2799875496691655,0.018741432984671312,0.08239431228421107,0.09083555207313869
177,2,487.114990234375,5697,5693,5701,5684,5712,0.06201171875,0.26177736960924913,1.1823043525218964,25.577564732005058,487.166990234375,Fe I 487.132,Fe,I,487.132,0.034990234375015916,2.86539125,5.40986861,7.0,5.0,24400000.0,-33.75226538976746,1,Fe I 487.214 (-0.047); Cr I 487.080 (+0.087); V I 487.126 (+0.041),-0.05199999999999988,177,0.0,0.0,0.02,0.16,0.4,0.92,145.0,65.30237361689083,144,False,-5.3707325e-05,0.00044338338,0.0002977128,-0.0005965921,0.00095502747,0.00039100667,-7.712052e-05,-0.00011616305,-0.0012509018,-3.0871473e-05,-0.00055255555,width,4.069579158509891,-0.052849973022964465,0.17485011946679258,0.20614852954964583
154,2,430.7569885253906,4833,4830,4836,4824,4840,0.06201171875,0.20582137193258604,3.0399752110242844,24.70274174347978,430.80898852539065,Fe I 430.790,Fe,I,430.79,0.018988525390625455,1.55735733,4.43461275,7.0,9.0,33800000.0,-32.608969787001485,0,Fe I 430.903 (-0.094); Ti II 430.787 (+0.022); Ca I 430.774 (+0.035),-0.05199999999999988,154,0.0,0.0,0.02,0.16,0.56,1.0,145.4,44.5627647257214,145,False,-0.00024994175,-0.001259612,2.7310483e-05,0.00024375504,-0.00027976857,1.9329078e-05,-0.00034303952,-0.0004019166,-0.00021679018,0.00011347804,-0.00040216293,shift,4.250924406241335,0.006603986227327251,0.03262933392275272,0.14580487664550826
261,3,870.2429809570312,11294,11290,11298,11287,11299,0.0880126953125,0.3583002709364426,0.5322580635547638,20.488618276139498,870.2929809570312,N I 870.325,N,I,870.325,-0.03201904296884095,10.3259087,11.7500916,2.0,2.0,21600000.0,-34.30726323446369,0,,-0.04999999999999988,261,0.0,0.0,0.08,0.34,0.64,0.96,145.6,44.947079994144225,146,False,0.0010818432,0.0029056421,0.0031810293,3.193795e-05,0.00181701,0.0019174076,-0.0032457388,0.002323482,5.086877e-05,-0.00026472998,0.0021015145,continuum,3.8149603860699206,0.3025898749701872,-0.06719357071057667,0.21693696926274397
224,3,619.0889892578125,8508,8504,8514,8503,8520,0.0880126953125,0.4927280141629741,0.2742588669061661,8.195121221235224,619.1389892578125,?,,,,,,,,,,,0,,-0.04999999999999988,224,0.0,0.02,0.06,0.16,0.46,0.8,146.4,71.1184926724407,147,False,0.0006838105,0.0030785913,0.0004687054,-0.0019800367,0.00039929393,0.0023934403,-0.004114344,0.0026776528,0.0043022344,-0.002231359,0.0018439256,continuum,3.604463421762327,-0.07429303673699691,0.0017323709763908835,-0.3255157614406293
268,3,906.1209716796875,11742,11739,11747,11738,11762,0.0880126953125,0.4480400543547258,0.13494443893432617,7.077134343522989,906.1709716796875,C I 906.247,C,I,906.247,-0.07602832031250273,7.48039414,8.848124381,1.0,3.0,9500000.0,-35.652900076701194,1,C I 906.143 (+0.028); Sn II 906.366 (-0.195),-0.04999999999999988,268,0.02,0.08,0.2,0.38,0.64,0.88,146.6,40.05296493394715,148,False,0.0005122221,0.0028438813,0.001579338,0.00015682243,-0.0007225831,-0.0014314952,7.221869e-05,0.002714249,0.00012810554,-0.0014322702,0.0012139544,continuum,3.000793394249487,0.2200436637694658,-0.09443410973808425,-0.19156261692379106
120,1,384.05499267578125,3531,3527,3535,3522,3541,0.0419921875,0.18888424486576438,2.3296943306922913,20.185233849593224,384.08899267578124,Fe I 384.105,Fe,I,384.105,-0.016007324218776375,1.60789577,4.83485507,5.0,3.0,136000000.0,-33.10532706896253,1,Fe I 384.044 (+0.045); V I 384.075 (+0.014); Mn I 384.108 (-0.019),-0.033999999999999864,120,0.0,0.02,0.02,0.34,0.86,0.96,148.4,47.26774798951183,149,False,-8.2922e-06,-0.0026641563,-0.00046056742,0.0003515101,0.0005418089,0.0011773725,0.00019251925,-0.00070692715,0.000111602894,0.0012850135,8.890175e-05,shift,3.5551474298695918,0.013569636541583704,0.23997135495926494,0.20254997188470028
153,2,429.88800048828125,4820,4817,4823,4816,4824,0.06201171875,0.1963016382071624,0.6702274531126022,5.446246937669045,429.94000048828127,Fe I 429.924,Fe,I,429.924,0.016000488281292746,2.42543332,5.30848946,9.0,11.0,12900000.0,-33.44887177748371,0,Ti II 430.004 (-0.064); Cr I 429.970 (-0.030); Ca I 429.899 (+0.041),-0.05199999999999988,153,0.0,0.06,0.06,0.3,0.68,0.96,148.6,51.76330746774206,150,False,6.991186e-05,-0.0004719122,0.0007414987,6.489137e-05,0.0008826615,0.0008711567,0.00014219935,2.3424804e-05,-0.00037158764,7.833269e-05,-0.0012615462,continuum,2.6402140480236334,-0.11745402887112803,0.16555535243271208,0.05379753293071898
216,2,591.3389892578125,7435,7431,7439,7419,7449,0.06201171875,0.23696866345348888,0.12661126255989075,5.014904133439216,591.3909892578125,V II 591.460,V,II,591.46,-0.06901074218751546,9.11664631,11.2122987,7.0,9.0,3900000.0,-38.06480477196208,1,Co II 591.478 (-0.087); C II 591.464 (-0.073),-0.05199999999999988,216,0.0,0.02,0.02,0.1,0.38,0.94,148.6,66.70412281111267,151,False,-4.174222e-05,0.0022806614,0.0008596335,-0.0008379663,-0.0005150127,-9.897859e-05,-0.000551039,-0.000614929,-1.6275268e-05,-0.00012064636,-0.00080286985,detected,3.758177212300777,-0.007710678333330613,0.12418098088801122,-0.0019276695833326531
137,2,407.0979919433594,4482,4479,4485,4478,4493,0.06201171875,0.20182115586892485,2.052436351776123,23.751770913889164,407.1499919433594,Fe I 407.174,Fe,I,407.174,-0.024008056640582254,1.60789577,4.65203107,5.0,5.0,76400000.0,-32.79733857570561,0,Fe I 407.077 (+0.073); Fe I 407.250 (-0.100); Mn I 407.028 (+0.122),-0.05199999999999988,137,0.0,0.04,0.16,0.2,0.5,0.94,149.6,56.86334495964866,152,False,-3.453748e-06,0.00026005082,-0.0001759932,0.0002108467,-0.0002483883,-0.00019030708,0.00033678918,-0.0007408581,6.581321e-05,0.00012978044,0.00031772995,width,5.090603676363805,0.005244129260473446,0.04528034368353624,0.10105256252888867
194,2,532.3510131835938,6425,6423,6427,6418,6428,0.06201171875,0.1484860525716467,0.38089147210121155,5.010809379920581,532.4030131835938,Fe I 532.418,Fe,I,532.418,-0.014986816406235448,3.21118938,5.53924278,9.0,9.0,20600000.0,-33.45796784249661,0,Mo I 532.446 (-0.043); V II 532.279 (+0.124); Co II 532.410 (-0.007),-0.05199999999999988,194,0.0,0.0,0.02,0.1,0.34,0.96,150.6,43.07017529567299,153,False,4.664021e-05,0.00065192755,0.00122578,0.00015877737,0.000411133,-0.000101845144,1.1020051e-05,-0.0005323444,-0.0007192322,3.766169e-05,-0.00067647576,height,2.7178350054656493,-0.16951557418458682,0.11625692074339238,0.11786270928935803
96,1,363.99200439453125,3009,3006,3012,2997,3020,0.0419921875,0.12070024333378981,0.4493381083011627,5.242547054591399,364.02600439453124,Fe I 364.039,Fe,I,364.039,-0.012995605468745453,2.7275445,6.13237029,9.0,11.0,35700000.0,-33.487112766402305,0,Cr I 363.980 (+0.046); Mo I 364.062 (-0.036); Pb I 363.957 (+0.069),-0.033999999999999864,96,0.0,0.04,0.1,0.32,0.68,0.96,151.6,55.42779086342878,154,False,-0.00019667756,-0.0012250644,-0.00035004097,-0.0001397952,0.000316294,-0.00022418964,0.00071004085,-0.00015645198,-0.00012562628,-0.0005211272,-0.00025081294,area,5.434889187374076,-0.0431104340117274,0.061945824809233926,0.22910334914704233
12,1,261.17401123046875,588,582,595,581,596,0.0419921875,0.3133452392510466,0.47992680966854095,12.182694592405076,261.20801123046874,Fe II 261.187,Fe,II,261.187,0.02101123046872999,0.04770753,4.79323577,8.0,8.0,120000000.0,-31.45876806723505,0,Fe II 261.107 (+0.101); Fe II 261.134 (+0.074); Mn II 261.263 (-0.055),-0.033999999999999864,12,0.0,0.02,0.02,0.08,0.36,0.82,151.8,53.700651765132235,155,False,0.00049299514,0.0031638264,-0.00024249287,-0.0014340585,0.0020997596,-0.0016597803,0.0001475397,-0.0001450733,0.0030508772,-0.00012081905,7.0175054e-05,asymmetry,2.7370467981509474,-0.15525877587783765,-0.015811953880544762,-0.018307436080356267
17,1,271.4330139160156,815,812,818,806,822,0.0419921875,0.13408793992805668,0.23378513753414154,5.68551072934678,271.4670139160156,Fe II 271.441,Fe,II,271.441,0.026013916015642735,0.9863338,5.55260578,8.0,6.0,57000000.0,-32.29487809303185,0,Co II 271.444 (+0.023); Mn II 271.474 (-0.007); V II 271.420 (+0.047),-0.033999999999999864,17,0.0,0.02,0.04,0.14,0.54,0.94,152.0,73.43296262578544,156,False,0.00066456007,0.0032085404,0.0019631446,0.0005228707,0.0002966638,-0.0004641265,-0.00014126272,0.0007405566,0.00077104697,-0.00047630342,0.00022446878,width,2.3072611512422054,-0.1494685338461011,-0.10682833799714805,-0.11010139798385733
185,2,513.9099731445312,6124,6120,6128,6108,6133,0.06201171875,0.2466097549439349,0.6933533400297165,13.780625229698105,513.9619731445313,Fe I 513.946,Fe,I,513.946,0.015973144531244543,2.93984587,5.35157038,9.0,9.0,8690000.0,-33.75051865479549,1,Fe I 513.925 (+0.037); Cr I 513.965 (-0.003); Fe II 514.069 (-0.107),-0.05199999999999988,185,0.0,0.0,0.0,0.02,0.34,0.96,152.0,34.02939905434711,157,False,-0.00016878881,0.0005367318,0.0004384948,5.3938114e-05,6.318526e-05,4.659047e-05,-0.00010437506,-0.0011228188,-0.0006792388,7.689095e-05,-0.0009972866,width,3.182909974205929,-0.07179032125544685,0.14677051975760924,0.1745680214789878
233,3,688.1480102539062,9227,9224,9234,9223,9244,0.0880126953125,0.5842823775194129,0.1461220234632492,5.056658351307274,688.1980102539062,Fe II 688.234,Fe,II,688.234,-0.035989746093832764,11.1669291,12.9679155,10.0,12.0,15600000.0,-34.90932557430554,2,Cr I 688.240 (-0.042); Cr I 688.305 (-0.107); Cu II 687.940 (+0.258),-0.04999999999999988,233,0.02,0.06,0.28,0.4,0.6,0.86,152.6,59.10194582245156,158,False,0.0006319713,0.00045320706,-0.0038991899,0.0015869659,0.0035363536,0.0047345883,0.00033617066,0.00060343876,-0.0008711453,7.9513105e-05,-0.00024018557,area,6.627030338885768,-0.36015956432757773,-0.013088623305967865,-0.405873904915429
32,1,294.7879943847656,1342,1336,1348,1320,1351,0.0419921875,0.24553139547475844,0.5957615375518799,7.961431738669373,294.8219943847656,Fe I 294.788,Fe,I,294.788,0.0339943847656059,0.05156912,4.2562228,7.0,7.0,18300000.0,-33.127780245016346,3,Fe II 294.765 (+0.057); Mn II 294.920 (-0.098); Fe I 294.843 (-0.021),-0.033999999999999864,32,0.0,0.0,0.08,0.28,0.52,0.96,153.0,66.2600935707157,159,False,0.0004128598,0.0010048926,-0.00033461864,0.00010165007,0.00036357966,0.001526674,-0.0010038755,0.0017555729,0.000849871,-0.00040456234,0.00026941643,continuum_slope,2.0844971371225465,-0.12880666455983572,-0.06914294013912507,-0.10055346608892636
152,2,428.9519958496094,4806,4803,4809,4799,4816,0.06201171875,0.20066292308667472,2.1234137266874313,17.254792313666847,429.0039958496094,Cr I 428.973,Cr,I,428.973,0.03099584960938273,0.0,2.88945207,7.0,5.0,31600000.0,-33.425246666706286,0,Ti II 429.021 (-0.017); Ca I 428.936 (+0.068); Ti I 429.093 (-0.089),-0.05199999999999988,152,0.04,0.08,0.18,0.24,0.48,0.8,153.8,96.64450320633864,160,False,0.00016095606,-0.0021873384,0.00023692533,0.0007685022,0.00010037153,0.00244255,0.00018327596,-0.001988975,-0.0009929127,0.0036068321,-0.0005596719,width,3.8540857075504533,0.0005424961303938049,-0.0013996400164160163,0.10769633180577813
150,2,427.1440124511719,4779,4775,4780,4768,4781,0.06201171875,0.2576760768473292,3.5562198758125305,28.809330174081513,427.1960124511719,Fe I 427.176,Fe,I,427.176,0.020012451171908197,1.48486439,4.38646275,9.0,11.0,22800000.0,-32.682840733492654,0,Fe I 427.115 (+0.081); V I 427.155 (+0.041); Cr I 427.106 (+0.090),-0.05199999999999988,150,0.0,0.0,0.08,0.24,0.46,0.96,154.0,43.66692111885151,161,False,-4.1956588e-05,-0.00035511938,2.0904263e-05,0.00038277192,0.00022001579,-3.205245e-05,9.7678174e-05,-0.0002782447,-0.0005236891,2.4085188e-05,2.4085142e-05,shift,4.020788650198213,-0.1827380132027185,0.10955890185346352,0.06371074555344844
227,3,633.5230102539062,8656,8650,8662,8642,8673,0.0880126953125,0.5583451960979096,0.17579729855060577,5.0932736141921895,633.5730102539062,Fe I 633.682,Fe,I,633.682,-0.10898974609381185,3.68638944,5.64241573,3.0,3.0,7710000.0,-34.35518715171831,0,Al II 633.570 (+0.003),-0.04999999999999988,227,0.02,0.04,0.08,0.24,0.44,0.86,154.0,84.56240299329248,162,False,-5.4944445e-05,0.0026969078,-0.0006242933,-0.0022065998,0.00075089507,0.0009062728,-0.0011366878,-0.0018196598,-0.0005869459,0.0007707043,0.00069996103,shift,6.014694672455586,-0.18413041993739593,0.15311049120147815,-0.35134099557770665
235,3,718.7329711914062,9555,9550,9560,9539,9572,0.0880126953125,0.4541692246815579,0.39400023221969604,12.074404985981495,718.7829711914062,Fe I 718.732,Fe,I,718.732,0.05097119140623363,4.10337372,5.82793998,9.0,11.0,8360000.0,-33.72325606957116,0,V II 718.610 (+0.173),-0.04999999999999988,235,0.0,0.0,0.04,0.26,0.64,1.0,154.4,61.164041723875634,163,False,0.00012299026,0.0026812614,-0.00067157927,-0.00047806234,0.0003709813,0.0004169564,0.00084130635,-0.00044967543,-0.0005752704,-0.00068528164,-0.00022073489,continuum,4.768842010943778,0.012329128723416537,0.22679231563156474,-0.40107100584100913
180,2,495.7279968261719,5833,5829,5837,5818,5849,0.06201171875,0.2417683328222472,3.5301210284233093,65.1542503739089,495.7799968261719,Fe I 495.760,Fe,I,495.76,0.019996826171905013,2.80829367,5.30848946,13.0,11.0,42200000.0,-33.041687147182785,1,Fe I 495.730 (+0.050); Fe II 495.882 (-0.102); Mo I 495.753 (+0.027),-0.05199999999999988,180,0.0,0.0,0.0,0.02,0.3,1.0,154.8,28.491402211895434,164,False,-5.344021e-05,0.0013635592,0.00018064429,-0.00029128772,6.7981535e-05,-0.00030576353,-4.5766126e-05,-0.00014933299,-0.00050477585,0.00026184678,-0.0011115075,shift,3.9491976842499925,-0.055323755377560214,0.1830598942400855,0.18765302814408638
168,2,461.56201171875,5300,5297,5303,5289,5307,0.06201171875,0.1800744652539693,0.23913924396038055,6.661315206123243,461.61401171875,Cr I 461.612,Cr,I,461.612,0.0020117187499977263,0.98287742,3.6680193,5.0,5.0,4100000.0,-34.69407883317699,1,Cr II 461.662 (-0.048); Ti I 461.727 (-0.113),-0.05199999999999988,168,0.0,0.02,0.1,0.22,0.4,0.88,155.0,72.6773692424265,165,False,0.00027164305,-0.00080108864,0.0011599796,0.00028609167,-0.00044193259,0.00032545536,0.0016853005,0.00061956234,-0.00051683787,0.00046901888,-6.912219e-05,width,4.767091668810569,-0.23434747840751577,-0.012227862779076362,0.05451724446370809
171,2,465.13800048828125,5355,5352,5358,5351,5364,0.06201171875,0.1721065354354061,0.35046423971652985,8.890227133288615,465.19000048828127,Cr I 465.216,Cr,I,465.216,-0.025999511718737267,1.00367492,3.6680193,7.0,5.0,5800000.0,-34.6863953585556,1,Cr I 465.129 (+0.061); Cu I 465.112 (+0.078); Mo I 465.224 (-0.034),-0.05199999999999988,171,0.04,0.06,0.1,0.22,0.64,0.98,156.4,41.146567293031865,166,False,0.00039619728,-0.00028349124,8.698334e-05,0.00032372857,-0.00029682016,0.0006033842,0.00056484464,0.0004075632,0.00094878604,0.0006770836,0.0009299091,continuum_slope,5.257911041457008,-0.21352647692300158,-0.16511773888752773,0.07734548163067939
46,1,307.5679931640625,1637,1632,1642,1629,1645,0.0419921875,0.2251111837539035,0.34344395995140076,5.825457914498498,307.6019931640625,Fe I 307.572,Fe,I,307.572,0.029993164062489086,0.95815732,4.98804995,7.0,5.0,31400000.0,-33.61084805682735,1,Fe II 307.644 (-0.042); Ti II 307.522 (+0.080); V II 307.600 (+0.002),-0.033999999999999864,46,0.0,0.0,0.02,0.14,0.5,0.94,156.8,54.07550277158781,167,False,-0.00014087351,-0.0005865356,-0.00047577464,-0.0006159639,-0.00071946986,-0.00013834008,-0.000525943,5.6567817e-05,0.00063283026,6.2035666e-05,0.0009018574,area,5.431370131591277,-0.1458591262585477,-0.028962060081290594,-0.029891536784698646
223,3,613.697021484375,8453,8448,8458,8441,8468,0.0880126953125,0.4017698277734633,0.48130616545677185,15.398035480860436,613.747021484375,Fe I 613.769,Fe,I,613.769,-0.02197851562505093,2.58810592,4.60759327,7.0,7.0,1000000.0,-34.330988046313486,1,Fe I 613.661 (+0.086); Ba II 613.583 (+0.164); Ar II 613.866 (-0.119),-0.04999999999999988,223,0.0,0.0,0.02,0.14,0.44,0.96,156.8,69.48208402171024,168,False,0.00023709828,0.001546878,0.00038661977,-4.958272e-05,0.0009809142,-0.0007167714,0.0005527042,-9.472706e-06,-0.00019149405,-0.000104914994,-2.3895775e-05,shift,9.8987290102433,-0.0014068732981546005,0.21524438133591528,-0.36052846169624553
209,2,557.2000122070312,6841,6832,6850,6807,6857,0.06201171875,0.5417558387316319,0.39248935878276825,12.502161041842008,557.2520122070313,Fe I 557.284,Fe,I,557.284,-0.031987792968720896,3.3965088,5.62068415,7.0,5.0,22800000.0,-33.840401834134326,0,Fe I 557.310 (-0.058); Fe II 557.152 (+0.100); Mo I 557.044 (+0.208),-0.05199999999999988,209,0.0,0.0,0.02,0.1,0.34,0.98,158.2,59.957985289700986,169,False,-0.00029743536,-0.0005859249,-0.0004293102,6.939394e-05,0.00014876814,-0.00011826003,-3.5660916e-05,-0.00033577543,-0.00035677938,-0.00017337379,-0.0011574306,continuum_slope,3.470695414184125,0.01016276084271061,0.18485013147038504,0.06772883355923187
52,1,319.32501220703125,1913,1909,1916,1905,1917,0.0419921875,0.15434793685994408,0.29012835025787354,5.581943083663711,319.35901220703124,Fe II 319.380,Fe,II,319.38,-0.020987792968753638,1.72398297,5.604888,2.0,2.0,5400000.0,-33.62317070639146,4,Fe I 319.330 (+0.029); Fe II 319.386 (-0.027); Fe II 319.291 (+0.068),-0.033999999999999864,52,0.0,0.02,0.06,0.24,0.54,0.9,158.4,71.67314699383584,170,False,0.0007626069,0.0010113356,0.00080339593,0.00062914117,-0.00045508158,0.00019597865,0.0008122425,0.0016721984,0.0016732668,-0.00026934408,0.0015529327,continuum_slope,4.072039189581222,-0.23051383908606626,0.19043060833170267,-0.02493673879376856
83,1,355.4549865722656,2793,2788,2795,2773,2796,0.0419921875,0.22109329573506065,0.6454088687896729,7.8894811219941,355.4889865722656,Fe I 355.492,Fe,I,355.492,-0.00301342773440183,2.83252676,6.31920567,11.0,13.0,140000000.0,-32.94020549652092,0,Fe I 355.450 (+0.039); W II 355.516 (-0.027); V I 355.514 (-0.025),-0.033999999999999864,83,0.0,0.02,0.08,0.14,0.36,0.92,158.4,45.07149875475631,171,False,-0.00010683861,0.001259241,-0.0004325201,-4.6523826e-05,-0.00044931535,-0.0019167367,0.00038061125,-0.00014543296,5.544716e-05,-0.00021554453,0.00044238198,height,3.9616729316966737,-0.1435806425108937,-0.1833275256644131,0.1098048334325754
14,1,262.5820007324219,619,616,621,612,622,0.0419921875,0.11626088590375738,0.3299744129180908,8.282724912751213,262.61600073242187,Fe II 262.567,Fe,II,262.567,0.04900073242185954,0.04770753,4.76830747,8.0,10.0,35200000.0,-31.77371546444441,1,Fe II 262.549 (+0.067); Fe II 262.650 (-0.034); Mn II 262.561 (+0.055),-0.033999999999999864,14,0.0,0.0,0.04,0.18,0.46,0.92,160.0,62.28001284521383,172,False,0.0002735452,-0.0006490189,-0.00171353,0.003025264,-0.0020248266,-0.0006608953,0.0008464257,0.0008340544,0.0018805698,-0.0006209305,0.0018183364,width,3.877146366891136,-0.12248477632031327,-0.13173976030483156,-0.08471981236316585
98,1,367.97601318359375,3111,3108,3113,3099,3114,0.0419921875,0.11056629483740466,0.5075816959142685,5.160437854226983,368.01001318359374,Fe I 367.991,Fe,I,367.991,0.019013183593756366,0.0,3.3682564,9.0,9.0,1380000.0,-33.40011560350252,0,V I 368.011 (-0.001); Mo I 368.059 (-0.049); Ti II 367.968 (+0.042),-0.033999999999999864,98,0.0,0.0,0.0,0.08,0.38,0.92,160.0,66.76226479082327,173,False,0.00056078297,0.0020828447,0.0043906355,0.0005904429,0.0023477238,0.0010186302,-0.0036937827,-0.0012748104,0.0016577825,-0.0012839772,-0.00022765597,shift,5.41622034323548,0.08033282698871462,-0.2143836208090238,0.2356711689656767
239,3,742.3660278320312,9813,9809,9817,9802,9822,0.0880126953125,0.37779101315622293,0.8082388639450073,21.13503948807084,742.4160278320312,N I 742.364,N,I,742.364,0.05202783203117178,10.3259087,11.9955753,2.0,4.0,5640000.0,-34.42047810313429,0,Ni I 742.228 (+0.188); Fe II 742.235 (+0.181); Co II 742.436 (-0.020),-0.04999999999999988,239,0.0,0.06,0.1,0.3,0.58,0.92,160.0,65.69931506492286,174,False,0.00060241506,0.0014903632,-0.0006788102,-0.00037282472,0.0022686347,0.00013187759,0.0012979909,0.0014551994,0.0010387155,0.0004211931,-0.0010281919,area,3.42968646550867,0.31904197428459663,0.02167091208879786,-0.3403910053360275
263,3,871.7930297851562,11313,11311,11316,11310,11322,0.0880126953125,0.2568773878775862,0.40151819586753845,15.544136179193922,871.8430297851562,N I 871.883,N,I,871.883,-0.039970214843833674,10.3358956,11.7575319,6.0,6.0,6540000.0,-34.35150632838997,0,Fe II 871.803 (+0.040); Sr II 871.956 (-0.113); Mg I 871.782 (+0.061),-0.04999999999999988,263,0.0,0.04,0.1,0.28,0.46,0.86,160.0,55.526570216428816,175,False,0.0009850226,0.0012009331,0.0005221968,0.00034227248,0.004277529,-0.000603799,0.0012585913,0.0028187775,0.00015470407,-0.0015234498,0.0014024709,width,4.881128327296249,0.27908170931978893,0.14190252114754218,0.20466932343410538
38,1,300.1000061035156,1464,1458,1470,1456,1487,0.0419921875,0.2651857261815025,0.5319383293390274,6.315200159635494,300.1340061035156,Fe I 300.095,Fe,I,300.095,0.03900610351558953,0.08728574,4.21758325,5.0,3.0,64200000.0,-33.141674041940476,0,Fe II 300.264 (-0.130); V II 300.120 (+0.014); Cr I 300.089 (+0.045),-0.033999999999999864,38,0.0,0.0,0.02,0.2,0.54,0.94,160.4,50.28956154113893,176,False,-0.00017110092,0.0012673903,-0.00013551046,-0.000436712,-0.0014968743,-0.000111024056,-0.0005567648,-0.00045445666,5.076838e-05,-0.000543068,0.00070524117,asymmetry,4.209203266918793,-0.1631213531276785,-0.1531285744058246,-0.08563482250309673
196,2,534.531005859375,6461,6457,6465,6445,6470,0.06201171875,0.23285390691590657,0.7073019295930862,9.798825067219802,534.583005859375,Cr I 534.580,Cr,I,534.58,0.003005859374979991,1.00367492,3.32231395,7.0,5.0,4900000.0,-34.45454700488122,0,Fe II 534.595 (-0.012); Fe II 534.686 (-0.103); Fe II 534.574 (+0.009),-0.05199999999999988,196,0.0,0.0,0.04,0.28,0.54,0.96,161.0,54.12947441089743,177,False,0.0005685783,-0.00021826901,-0.0025380955,0.001860589,0.00060757843,0.001632226,0.0015904704,0.00033280376,0.00045601343,0.00044457786,0.0015178864,continuum_slope,4.273351164809463,-0.16019910730529055,-0.1027596170191945,0.12181569775949423
173,2,473.6730041503906,5487,5483,5491,5480,5500,0.06201171875,0.23364085224506292,0.2757612615823746,7.122279129321383,473.72500415039065,Fe I 473.677,Fe,I,473.677,0.048004150390625,3.21118938,5.82793998,9.0,11.0,4780000.0,-34.10529192799577,1,Cr I 473.735 (-0.010),-0.05199999999999988,173,0.0,0.0,0.0,0.08,0.3,0.98,161.2,38.11771241824462,178,False,-2.3407136e-05,0.000536817,0.00045224192,-2.4338311e-05,3.3471086e-05,-0.00016705207,-0.00024680237,-5.4666067e-05,-0.0006641709,0.00028281612,-0.00038238784,asymmetry,4.579852339513081,-0.017417742426510424,0.19349751978886232,0.07734909827154869
225,3,623.0009765625,8548,8544,8552,8536,8555,0.0880126953125,0.39424551011654313,0.37333910167217255,10.457040302956171,623.0509765625,V I 623.080,V,I,623.08,-0.029023437500086402,0.26696538,2.25627573,4.0,6.0,1220000.0,-35.78823995293469,0,Al II 623.174 (-0.123); Co II 622.943 (+0.108); P II 623.229 (-0.178),-0.04999999999999988,225,0.0,0.0,0.0,0.14,0.44,0.96,161.6,69.45674913210378,179,False,0.000144569,-0.00081258826,0.00034813446,0.00049756246,0.0020524757,0.00025610087,-0.0009271578,0.00041325754,0.0006866837,-0.0014436482,0.0003748695,asymmetry,5.033589044417417,-0.029341807372566253,0.1650381727884033,-0.34905286021798193
205,2,544.6309814453125,6629,6625,6633,6617,6636,0.06201171875,0.24169221816475184,0.6240101754665375,14.40416067603831,544.6829814453125,Fe II 544.580,Fe,II,544.58,0.10298144531247999,10.5446893,12.8207506,4.0,6.0,29100000.0,-34.85122790122945,0,,-0.05199999999999988,205,0.02,0.02,0.06,0.08,0.32,0.98,161.8,45.55172883656558,180,False,-5.021404e-05,0.002369462,0.0005555163,0.00034525056,-0.0001851015,-7.49481e-05,-0.0004747441,-0.00059245003,-0.00094895536,-0.0005794456,-0.0009167242,width,4.2746975710003845,-0.1200616269378876,0.19303097311672363,0.15478499592396036
214,2,588.8660278320312,7391,7387,7394,7384,7395,0.06201171875,0.26446226217290336,0.3902340829372406,15.96126719882186,588.9180278320313,Na I 588.995,Na,I,588.995,-0.07697216796873363,0.0,2.104429202,2.0,4.0,61600000.0,-34.009265742603624,0,Mo I 588.831 (+0.087); Ar I 588.858 (+0.060); C II 588.977 (-0.059),-0.05199999999999988,214,0.36,0.48,0.5,0.52,0.6,0.8,161.8,113.06529087213282,181,False,0.0027042138,0.0125757195,0.0010631557,-0.00016950925,0.0025483032,0.0039360896,0.0021147195,0.0009676882,0.0024193951,-0.00029691323,0.0018834905,asymmetry,5.170961158684176,-0.11815927384063997,-0.12146126695430359,-0.14081029560501598
252,3,824.1920166015625,10742,10738,10746,10734,10756,0.0880126953125,0.3744592911585719,1.1926625967025757,38.380419486007916,824.2420166015625,N I 824.239,N,I,824.239,0.0030166015624217835,10.3358956,11.8397086,6.0,4.0,13100000.0,-34.44641434603888,0,,-0.04999999999999988,252,0.02,0.02,0.22,0.4,0.66,0.94,162.0,72.42927584892728,182,False,0.00037149835,0.0034069412,-0.0008711758,-0.0014214524,0.00059254817,-0.00081796217,0.00031195907,0.0014131896,-0.0007725016,0.0007121285,0.0011613086,continuum_slope,4.334489004986187,0.3442029448122613,-0.06207602388052843,-0.22013769643206743
140,2,414.3550109863281,4589,4585,4593,4581,4596,0.06201171875,0.22793123231481863,1.7645296305418015,18.78877354692034,414.40701098632815,Fe I 414.387,Fe,I,414.387,0.020010986328145464,1.55735733,4.54850612,7.0,9.0,13300000.0,-33.106981594493774,1,Fe I 414.341 (+0.066); V II 414.290 (+0.117); S II 414.507 (-0.100),-0.05199999999999988,140,0.0,0.0,0.04,0.26,0.56,1.0,162.4,56.40425515863143,183,False,0.000101984,4.426559e-05,0.0008294698,0.0010650737,0.00017746186,-9.747582e-05,0.00038664564,-0.0005773712,-0.0004895009,-7.4806325e-05,-0.00024392268,shift,4.2995973782473484,-0.049833694537974906,0.1004015671724161,0.16619188122570747
212,2,576.2520141601562,7169,7164,7174,7163,7179,0.06201171875,0.32069118799786733,0.2065303772687912,8.951821514760171,576.3040141601563,Fe I 576.299,Fe,I,576.299,0.005014160156292746,4.20888328,6.35967275,5.0,7.0,9600000.0,-34.13856678947713,0,V II 576.322 (-0.018); V II 576.177 (+0.127),-0.05199999999999988,212,0.0,0.0,0.02,0.06,0.4,0.86,162.4,36.93020444026813,184,False,0.00022511762,0.0020961433,0.0016279371,5.0986473e-05,0.00027964555,-0.00020921465,0.0009081283,0.0004295344,-0.0008102309,-0.00047910222,-0.0016426508,shift,3.3511422906131285,-0.08500552699183993,0.21969646624601377,0.015631121837080163
72,1,343.3370056152344,2492,2489,2495,2483,2500,0.0419921875,0.12609939556523475,0.2719905823469162,5.825546824696742,343.37100561523437,Ni I 343.356,Ni,I,343.356,0.015005615234372272,0.0253904,3.6353112,7.0,7.0,17000000.0,-34.50020146124929,0,Co I 343.304 (+0.067),-0.033999999999999864,72,0.02,0.04,0.06,0.18,0.48,0.92,162.6,49.773888736967294,185,False,0.000279006,-0.0012679119,0.00042024822,-0.0007714666,-0.0002924685,-1.14404775e-05,0.00052229065,0.0003092925,0.0013156574,0.0011261237,0.0014397359,continuum_slope,4.279395210367723,-0.22716121300023256,0.12067645588566722,0.07220985159628471
160,2,440.4049987792969,4978,4975,4981,4969,4988,0.06201171875,0.21385384062163565,2.4301285296678543,40.931312987444116,440.4569987792969,Fe I 440.475,Fe,I,440.475,-0.01800122070312682,1.55735733,4.37135106,7.0,9.0,27500000.0,-32.64287654287377,0,V I 440.367 (+0.090); Ba II 440.523 (-0.066); S II 440.473 (-0.016),-0.05199999999999988,160,0.0,0.02,0.02,0.06,0.22,0.68,164.0,86.08368021872671,186,False,-0.0004548762,0.00055561465,-0.00096476823,0.00014356787,-0.00050643913,-0.00030883396,-0.00010347511,-0.0015921606,-0.0011498636,0.0003108569,-0.0009332619,width,4.521454340253941,-0.005247745901342738,0.05113206861005075,0.08722976112645452
189,2,520.7550048828125,6235,6234,6237,6233,6243,0.06201171875,0.11116646036361377,1.5595204830169678,27.65367814166005,520.8070048828125,Cr I 520.841,Cr,I,520.841,-0.03399511718748727,0.94143042,3.32122225,5.0,7.0,50600000.0,-33.01386905267349,0,Fe I 520.859 (-0.052); Ti I 520.785 (+0.022); V I 520.766 (+0.041),-0.05199999999999988,189,0.22,0.34,0.42,0.48,0.62,0.8,164.6,88.42985921056302,187,False,0.00013310407,-0.0023650131,-0.0017142392,0.0015105057,0.0012867242,0.002679653,-0.0003465837,-0.0017759979,-0.001220517,0.00335202,-7.5508455e-05,shift,3.1313224762244882,0.07322974432142507,0.0752984628986601,0.029573272388200945
198,2,538.27197265625,6523,6519,6527,6509,6535,0.06201171875,0.25249302823307707,0.47169065475463867,8.706939353090588,538.32397265625,Fe I 538.337,Fe,I,538.337,-0.013027343749968168,4.31247059,6.61492758,11.0,13.0,78100000.0,-33.18539440896329,0,Co II 538.262 (+0.062); Co II 538.435 (-0.111),-0.05199999999999988,198,0.0,0.0,0.08,0.16,0.5,0.96,165.4,49.38258802452541,188,False,7.3196396e-05,0.0038393163,-0.00027258316,-0.00028458462,0.0003905177,-0.0004437919,-0.00012300977,0.00019186213,-0.0010334245,-0.00033170305,-0.0012006366,width,3.5562493542713582,-0.12855711633985456,-0.10844135982485228,0.1871864814719477
30,1,286.7090148925781,1158,1150,1162,1142,1163,0.0419921875,0.3275115463165732,0.4343533217906952,7.901431808411792,286.7430148925781,Cr II 286.765,Cr,II,286.765,-0.021985107421869543,1.48306754,5.80535009,2.0,2.0,110000000.0,-33.70926996861505,2,Cr II 286.709 (+0.034); Cr II 286.674 (+0.069); Fe I 286.731 (+0.012),-0.033999999999999864,30,0.0,0.0,0.04,0.1,0.4,0.8,166.8,91.35294193401765,189,False,0.00047781604,-0.0002661058,0.0012784644,-0.0019449699,0.00055332494,0.0032159227,-0.0006660839,0.0014258298,0.00064425415,0.0021273277,-0.0015898065,continuum,2.907742523235335,-0.19973984192926034,-0.15930218036970611,-0.25425708639296846
7,1,256.25201416015625,480,475,485,461,494,0.0419921875,0.20689194051275184,0.32744255661964417,9.35061830145208,256.28601416015624,Fe II 256.254,Fe,II,256.254,0.032014160156222715,0.9863338,5.82322475,8.0,6.0,179000000.0,-31.93143810333513,1,Fe II 256.348 (-0.062); Fe II 256.209 (+0.077); Fe II 256.262 (+0.024),-0.033999999999999864,7,0.0,0.0,0.0,0.04,0.26,0.86,167.0,71.74398929527128,190,False,0.00016851949,0.00028609735,-0.0018813729,-0.0015288068,0.00030944397,0.0020112663,0.0013418618,0.0029927017,-0.001814919,-0.0020917833,0.002060705,asymmetry,6.431419383817684,-0.17545048185109505,0.0402604461569589,0.044741464194011725
256,3,856.68701171875,11129,11123,11135,11105,11150,0.0880126953125,0.5426648649222422,0.24969840049743652,8.03023125971863,856.73701171875,N I 856.774,N,I,856.774,-0.036988281250046384,10.6796703,12.1263787,2.0,4.0,4860000.0,-34.502320890757076,0,Mn II 856.582 (+0.155),-0.04999999999999988,256,0.0,0.1,0.18,0.42,0.6,0.88,169.0,100.53854982045445,191,False,6.927718e-05,-0.001068619,-0.0009960835,0.00025643973,-8.637392e-05,-0.000996399,0.002187661,0.0014090559,0.00077841716,-0.0013032283,0.00051190145,continuum,4.912194273705822,0.34208359326285614,-0.17803276343176958,-0.37799683709492604
147,2,424.9989929199219,4747,4744,4749,4737,4750,0.06201171875,0.1577237205636834,1.1440101563930511,8.894232332051365,425.0509929199219,Fe I 425.079,Fe,I,425.079,-0.028007080078111812,1.55735733,4.47327202,7.0,7.0,10200000.0,-33.37478518571143,1,Fe I 425.012 (+0.039); Fe II 425.043 (+0.008); W I 424.945 (+0.106),-0.05199999999999988,147,0.0,0.02,0.08,0.16,0.46,0.94,169.2,43.55869603190619,192,False,-0.000117155585,-0.0005374295,-0.0009833018,0.00033519065,-0.00037785288,-0.00028160028,0.00028050417,-0.00031751013,-0.00022855189,-0.00029071074,0.0012297079,asymmetry,4.418082702676433,-0.2241160013882887,0.09039070524621576,0.0897360932488739
25,1,276.718994140625,933,928,938,918,953,0.0419921875,0.22757242596611615,0.42299190163612366,8.080132687128353,276.752994140625,Fe II 276.751,Fe,II,276.751,0.0019941406250154614,5.22157443,9.7002396,10.0,8.0,147000000.0,-33.3274000882275,1,Fe I 276.752 (+0.001); Fe II 276.742 (+0.011); Fe I 276.691 (+0.062),-0.033999999999999864,25,0.0,0.0,0.0,0.06,0.28,0.92,169.6,46.067776156441504,193,False,9.26853e-05,0.0004358654,0.00035123885,-0.000990305,8.171121e-05,-0.00051629863,5.063693e-05,0.000612214,0.001074199,5.5980094e-05,-0.00022838879,continuum,2.8383804164041395,-0.25330590984434465,-0.08803988868117593,-0.18319732659311858
178,2,489.0849914550781,5728,5724,5732,5715,5740,0.06201171875,0.23690192473397376,1.83921779692173,34.96771476608275,489.13699145507815,Fe I 489.149,Fe,I,489.149,-0.012008544921854991,2.85122419,5.38520741,9.0,7.0,30800000.0,-33.45425980142545,1,Fe I 489.075 (+0.062); Sr I 489.198 (-0.061); V I 489.122 (+0.015),-0.05199999999999988,178,0.0,0.0,0.0,0.02,0.4,1.0,171.4,28.039971469315013,194,False,0.00011862153,0.00071080547,0.0004904236,0.0003136645,0.0001812706,0.00011712103,0.00029087142,-0.00019325393,-4.281383e-06,0.00034991096,-0.0010703172,continuum_slope,4.2442082636274545,-0.045902405913054466,0.18975429648914507,0.20294418573945308
245,3,777.2659912109375,10202,10194,10210,10170,10231,0.0880126953125,0.7282691796056978,7.727402865886688,223.44214731204684,777.3159912109375,O I 777.194,O,I,777.194,0.12199121093749454,9.1460911,10.7409314,5.0,7.0,36900000.0,-33.62906427552347,1,O I 777.417 (-0.101); O I 777.539 (-0.223); Fe II 777.348 (-0.032),-0.04999999999999988,245,0.1,0.1,0.18,0.38,0.56,0.9,172.0,66.36866730619201,195,False,0.0004658325,0.0065604,0.00055895536,-0.00033846268,0.0007834731,0.00034032707,0.0006030738,-0.00029498484,-0.00069033925,-0.0007842259,-0.0020798908,area,5.433689931732129,0.4144634269799976,0.07271979795885489,-0.36233678213089154
192,2,526.8770141601562,6335,6331,6339,6319,6351,0.06201171875,0.23554995560231617,1.9112283885478973,33.081420544900446,526.9290141601563,Fe I 526.954,Fe,I,526.954,-0.02498583984367997,0.85899575,3.21118938,11.0,9.0,1270000.0,-33.26138077984952,0,Fe I 527.036 (-0.107); Fe II 527.003 (-0.074); Fe II 526.840 (+0.089),-0.05199999999999988,192,0.0,0.0,0.0,0.02,0.22,0.9,172.2,43.078532936951326,196,False,-0.0007164787,0.00047723277,-0.0003610919,-0.0007692471,-0.0008809875,-0.0011295392,-0.0006944733,-0.0010515832,-0.0013634452,-0.0005478869,-0.0008437664,width,3.3671895637804923,-0.062419604763111175,0.02847381356393617,0.02174686154705299
246,3,783.1859741210938,10269,10266,10272,10260,10278,0.0880126953125,0.2836596152144776,0.2550230920314789,7.234950686020344,783.2359741210937,?,,,,,,,,,,,0,,-0.04999999999999988,246,0.0,0.0,0.0,0.1,0.36,0.94,172.4,53.19248067161373,197,False,2.006858e-05,0.0010475834,0.00061816425,-0.00070087187,0.0009735752,2.7810112e-05,-4.98402e-05,-0.0005663879,-0.00046627596,-0.00032480713,-0.0003582623,continuum,5.171396537845156,-0.056198982467928885,0.12439074605843015,-0.4120872939288727
242,3,751.0609741210938,9909,9905,9913,9899,9923,0.0880126953125,0.37511993123475285,0.5172406136989594,13.891108937354094,751.1109741210937,Fe I 751.102,Fe,I,751.102,0.008974121093729082,4.17769679,5.82793998,11.0,11.0,13500000.0,-33.58944142839338,0,Fe II 751.066 (+0.045); Fe II 751.087 (+0.024); Fe II 751.245 (-0.134),-0.04999999999999988,242,0.0,0.0,0.0,0.06,0.42,0.94,173.6,20.075856146127368,198,False,0.00015741224,0.003022651,-0.00042059654,-0.00060114,-0.00049998675,8.610094e-05,0.00032996008,0.00026411205,1.0151187e-05,0.0003869794,-0.0010041081,continuum_slope,3.9280974171901146,-0.032900581987949616,0.1338554952133674,-0.2606187576820531
128,1,389.927001953125,3688,3685,3691,3681,3692,0.0419921875,0.14561266119014027,0.6221701800823212,6.096579112772346,389.961001953125,Fe I 389.971,Fe,I,389.971,-0.009998046875011823,0.08728574,3.2657061,5.0,5.0,2580000.0,-33.285529822602776,0,V II 389.913 (+0.048); W II 389.978 (-0.017); K II 390.011 (-0.050),-0.033999999999999864,128,0.0,0.0,0.02,0.12,0.34,0.8,173.8,33.23492139301671,199,False,-0.0005834095,-0.0010166479,-0.000119944314,-0.0011255046,-0.0023186426,0.0033225222,0.00025684634,-0.0007121169,-0.0014772143,0.0008386876,-0.003482078,shift,4.358304069979583,0.06421707527514932,0.19773983952854185,0.2852480820019318
22,1,274.6619873046875,887,884,889,883,890,0.0419921875,0.11488042659043507,0.5541312396526337,11.797735153188862,274.6959873046875,Fe II 274.698,Fe,II,274.698,-0.002012695312487267,1.04046986,5.55260578,6.0,6.0,169000000.0,-31.69993135769849,1,Fe II 274.648 (+0.048); Fe II 274.712 (-0.016); Fe II 274.652 (+0.044),-0.033999999999999864,22,0.04,0.08,0.08,0.18,0.4,0.94,174.2,80.57642335075441,200,False,0.0007439328,0.004174042,0.00017968453,3.5150202e-05,0.00046076838,-0.00038157616,0.000769361,0.0012806627,0.00077455404,4.4470762e-05,0.00010220799,asymmetry,3.4948246928760827,-0.10602182708329592,0.04460764848184793,-0.25473673359052124
76,1,347.5119934082031,2595,2590,2600,2583,2602,0.0419921875,0.21851483574434738,0.7453815191984177,13.868523460704106,347.5459934082031,Fe I 347.545,Fe,I,347.545,0.0009934082031008984,0.08728574,3.65369332,5.0,5.0,9750000.0,-33.04005651730281,0,Fe I 347.565 (-0.019); Fe I 347.634 (-0.088); Mo I 347.503 (+0.043),-0.033999999999999864,76,0.0,0.0,0.02,0.18,0.42,0.74,176.0,83.93807241055754,201,False,-0.00025616813,0.0020225698,-0.0008192639,-0.00018431518,-0.0006846859,-0.0018209058,-0.000449935,0.00018649109,-0.00017592401,-0.0009284958,0.0002927844,continuum_slope,2.681765275582056,0.0012802908677293794,-0.024198944056432987,0.08406881700669329
211,2,561.4819946289062,6914,6910,6918,6899,6926,0.06201171875,0.2459306134955852,0.9505770355463028,28.888888353937876,561.5339946289063,Fe I 561.564,Fe,I,561.564,-0.03000537109369361,3.33201954,5.53924278,11.0,9.0,26400000.0,-33.41908628017889,0,Co II 561.642 (-0.108),-0.05199999999999988,211,0.0,0.0,0.0,0.08,0.32,1.0,176.4,40.28200590834573,202,False,-0.00012776259,0.0015068281,0.00083720806,-0.00033070912,0.00023346789,-0.00049316074,-0.0005419416,-0.00016877412,-0.00083394506,-3.3002714e-05,-0.0014535969,width,3.6674369424253945,-0.06521526815507392,0.19320095523758035,0.13247755504216713
136,2,406.2820129394531,4470,4466,4474,4456,4478,0.06201171875,0.22666330174213759,2.2968170046806335,26.579860213005094,406.33401293945315,Fe I 406.359,Fe,I,406.359,-0.024987060546834527,1.55735733,4.60759327,7.0,7.0,66500000.0,-32.68402376286018,0,Fe I 406.244 (+0.090); Mn I 406.353 (-0.019); Cu I 406.264 (+0.070),-0.05199999999999988,136,0.04,0.04,0.1,0.24,0.36,0.86,176.6,72.19584475577524,203,False,-0.00032749545,-0.0002117033,-0.0017964038,-0.00067052874,-4.8287664e-05,-0.00070205715,0.00016463551,-0.00084567367,-4.2083248e-05,0.00037019598,0.000506953,width,4.302569876596623,0.008669088163693002,0.16488627387189306,0.11072365245545589
172,2,470.77099609375,5442,5436,5448,5434,5463,0.06201171875,0.34869744477383047,0.2480151355266571,6.258344057757473,470.82299609375,Cr I 470.801,Cr,I,470.801,0.021996093750033197,3.16762385,5.8003593,11.0,9.0,43100000.0,-35.031345433317306,1,Mo I 470.725 (+0.098); Mo I 470.822 (+0.001); Cr I 470.775 (+0.048),-0.05199999999999988,172,0.0,0.0,0.0,0.0,0.16,0.92,176.6,24.8,204,False,-0.0003041685,-0.00017207689,-0.00019050771,-0.00014078668,-0.00020906156,-0.00061699405,0.0003714841,-0.00056757004,-0.00077201927,-0.0004672772,-0.00027687606,asymmetry,4.215218969673518,-0.09107425037051195,0.19654996468254476,0.0993997576516222
182,2,500.572998046875,5910,5905,5915,5894,5917,0.06201171875,0.34105097836971354,0.6281668841838837,12.447530260136128,500.624998046875,Fe I 500.612,Fe,I,500.612,0.012998046874997726,2.83252676,5.30848946,11.0,11.0,5870000.0,-33.82140997747993,0,Fe II 500.684 (-0.059); Ti I 500.721 (-0.096); Fe II 500.745 (-0.120),-0.05199999999999988,182,0.0,0.0,0.0,0.06,0.4,0.98,177.4,33.8088745745847,205,False,0.000109390436,0.0011892613,0.00051493157,-6.958654e-05,0.00040559247,4.532084e-05,0.00028130857,-0.00037298212,-0.00040430605,-0.00031323606,-0.0001823999,width,4.79493296977876,0.003330926240617962,0.15756619275244596,0.18036188015159366
165,2,454.04998779296875,5185,5182,5187,5174,5188,0.06201171875,0.21613991034924307,0.20233070850372314,5.111607479886196,454.10198779296877,Cr I 454.070,Cr,I,454.07,0.03198779296877774,3.10437812,5.83411881,11.0,11.0,31400000.0,-35.03377669167453,2,Cr I 454.050 (+0.052); Cr I 454.106 (-0.004); Cr I 454.151 (-0.049),-0.05199999999999988,165,0.0,0.06,0.1,0.18,0.48,0.86,178.4,77.68294536125674,206,False,0.00068584393,0.0005066792,0.0008418167,-8.251906e-05,-0.00027591593,0.0012009129,0.00094020733,0.0012065432,0.0012898463,0.00026600363,0.0009648631,area,8.081329315704231,-0.19796768790330727,0.08970716012191957,0.028578696149145637
248,3,799.9119873046875,10460,10455,10465,10447,10476,0.0880126953125,0.420310815193071,0.2406446784734726,8.503133489752559,799.9619873046875,Co II 799.784,Co,II,799.784,0.1779873046874627,12.01929228,13.5690876,11.0,9.0,36000000.0,-37.90472881483628,0,,-0.04999999999999988,248,0.0,0.0,0.12,0.18,0.5,0.9,178.8,44.75444112040726,207,False,7.856214e-05,0.00015905143,0.00080288964,0.0018839067,0.0011439071,-0.00094340753,-1.0734989e-05,-0.00010393117,3.4552315e-05,-0.0025917739,0.00041116157,continuum,4.936079913090349,-0.044857196701829076,0.09590246593101681,-0.3966333874943878
143,2,419.8219909667969,4670,4664,4672,4663,4673,0.06201171875,0.5219592177373611,1.539892852306366,13.882117913850259,419.8739909667969,Fe I 419.909,Fe,I,419.909,-0.035009033203095896,3.0468689,5.99867825,9.0,11.0,49200000.0,-33.22455426403532,2,Fe I 419.830 (+0.044); Fe I 419.825 (+0.049); Fe I 419.863 (+0.011),-0.05199999999999988,143,0.0,0.0,0.0,0.04,0.26,0.94,179.2,48.342114144915094,208,False,-0.00022666881,-0.0005151191,-0.00016344832,0.00026430158,-0.00039685922,-0.00050208083,-0.00031528017,-0.0001655825,0.00016319682,8.682567e-06,-0.0006444985,asymmetry,4.60838606077783,-0.2087091112851046,0.12199291316208952,0.06894040825044473
221,2,608.0079956054688,7736,7730,7744,7729,7746,0.06201171875,0.47656550363488015,0.14637908339500427,5.165895728469591,608.0599956054688,V I 608.144,V,I,608.144,-0.08400439453123454,1.05091908,3.08908503,4.0,4.0,11000000.0,-35.7942274557599,1,Fe I 607.901 (+0.159); Fe II 608.289 (-0.229); Co I 608.244 (-0.184),-0.05199999999999988,221,0.08,0.1,0.1,0.22,0.46,0.84,180.4,66.94654584069293,209,False,-0.0003311795,-0.00046328965,-1.7634127e-05,-0.00036798703,0.0003829265,-0.0007311377,-0.00067870494,-0.00057520845,0.0002543779,0.00017949265,-0.0012946279,area,4.910592732224806,-0.34075628606382596,0.18888268603964567,-0.023692614334732104
71,1,342.68499755859375,2476,2474,2480,2473,2483,0.0419921875,0.15179913024934288,0.5002678781747818,11.336752040053481,342.71899755859374,Fe I 342.712,Fe,I,342.712,0.0069975585937527285,2.17594512,5.79264615,7.0,9.0,50400000.0,-33.25587154906198,0,Fe I 342.667 (+0.052); Fe I 342.663 (+0.056); Mo I 342.790 (-0.071),-0.033999999999999864,71,0.0,0.0,0.0,0.08,0.44,0.94,180.8,48.51144194929687,210,False,-0.000113212656,-0.0018274363,-0.00032244634,-0.00044440673,0.0010706342,-0.000104609266,-0.00014266194,0.00022543929,-0.0002429625,3.0714564e-05,0.000625609,width,4.7130955295188,-0.05884636358425066,0.16239079167208154,0.08235091259377957
195,2,532.7750244140625,6432,6429,6436,6428,6445,0.06201171875,0.24105943989995926,1.8601598739624023,24.47129229011962,532.8270244140625,Fe I 532.804,Fe,I,532.804,0.023024414062547294,0.91460217,3.24096914,9.0,7.0,1150000.0,-33.451968624880294,1,Cr I 532.832 (-0.005); Cr I 532.914 (-0.087); Fe II 532.894 (-0.067),-0.05199999999999988,195,0.02,0.04,0.04,0.06,0.52,0.98,181.8,59.77424194416856,211,False,-3.1944368e-05,0.001979059,-0.0001280021,-0.0002598641,8.708653e-05,-0.00014416693,-0.00048636834,-0.0004967278,-0.0007837236,0.00023407114,-0.00032080666,area,3.375529463007502,-0.11322255905405637,-0.08363843674324754,0.11439435069570696
202,2,542.2969970703125,6590,6586,6594,6583,6595,0.06201171875,0.2408368092842581,0.45017124712467194,10.050775350966086,542.3489970703125,Ti I 542.238,Ti,I,542.238,0.11099707031246453,3.5586909,5.8445823,7.0,9.0,12200000.0,-37.49754695994274,0,Co II 542.383 (-0.034); Cu II 542.239 (+0.110),-0.05199999999999988,202,0.0,0.0,0.0,0.04,0.26,0.86,182.6,26.333248945012464,212,False,-0.00038544758,0.0033131246,-0.0013704363,-1.7888644e-05,0.00012580758,-0.00017816693,-0.0006173513,-0.0010556823,-0.0014789156,-0.00091483217,-0.0016601357,continuum,3.7257874311134525,-0.14968191565738934,-0.07491509896651516,0.1830598942400855
15,1,263.1260070800781,631,627,635,622,643,0.0419921875,0.17737182960023468,0.6828571856021881,17.144946640235,263.1600070800781,Fe II 263.132,Fe,II,263.132,0.028007080078111812,0.08278213,4.79323577,6.0,8.0,62900000.0,-31.602156017116595,2,Fe II 263.105 (+0.055); Fe II 263.161 (-0.001); Fe II 263.101 (+0.059),-0.033999999999999864,15,0.06,0.06,0.08,0.16,0.32,0.82,184.4,59.43938088506643,213,False,-4.3011172e-05,-0.00026511063,-0.000119573924,-0.00044021214,0.0015092245,-0.002517805,0.0010944937,0.00074629823,-0.00017726052,-0.0016023584,0.0013421973,shift,3.7774669044208173,-0.17678502233186383,-0.08326592273371046,-0.05465829345761049
139,2,413.1369934082031,4571,4567,4575,4560,4581,0.06201171875,0.23404474106012443,1.1166554242372513,12.143911438828166,413.18899340820315,Fe I 413.206,Fe,I,413.206,-0.017006591796871362,1.60789577,4.60759327,5.0,7.0,11800000.0,-33.27384637506203,0,Fe I 413.290 (-0.101); V I 413.199 (-0.010); Si II 413.089 (+0.100),-0.05199999999999988,139,0.0,0.0,0.02,0.08,0.42,0.98,184.8,19.84338680769994,214,False,-2.8584318e-05,0.00031929507,0.00075828127,9.306057e-05,0.00035608027,-1.0925345e-05,-0.00024056222,-0.00040428463,-0.00047960167,0.0002620212,-0.00093920797,continuum_slope,3.316986076754694,-0.0553780049905996,0.10739253397275761,0.1563148350116709
6,1,254.92599487304688,451,447,455,440,461,0.0419921875,0.18235390514840666,0.18289054930210114,5.120967248338327,254.95999487304687,Fe II 255.003,Fe,II,255.003,-0.04300512695311909,3.26732671,8.1279417,10.0,10.0,174000000.0,-32.48553128360628,4,Fe II 254.946 (+0.014); Fe II 254.939 (+0.021); Fe II 254.908 (+0.052),-0.033999999999999864,6,0.0,0.0,0.0,0.02,0.28,0.84,185.6,58.49649562153275,215,False,-0.00029806176,-0.00051070505,0.00046601918,-0.00019598496,-0.00047629187,-0.0011778248,0.0007477589,-0.0010183355,-0.00030924953,9.162108e-05,-0.0005976249,continuum_slope,3.122850299433854,-0.16214124345210038,0.0757035266760208,0.009052452095837956
210,2,558.6110229492188,6865,6861,6869,6857,6880,0.06201171875,0.2523097019625642,0.6607769727706909,21.23277107531348,558.6630229492188,Fe I 558.676,Fe,I,558.676,-0.012977050781273647,3.3682564,5.58689276,9.0,7.0,21900000.0,-33.65697788881123,0,,-0.05199999999999988,210,0.0,0.0,0.04,0.06,0.34,0.9,186.0,52.50904683956851,216,False,-0.00041589685,-0.0007998663,-0.0010808571,0.00049519405,-0.00029843606,-0.00042196878,-0.0004909892,-0.000139627,-0.0006237123,-0.00011231188,-0.0006863937,width,3.1144230463056064,-0.07483553286739072,0.13404356053857056,0.07168182202936808
236,3,720.6710205078125,9576,9573,9580,9572,9586,0.0880126953125,0.3667171788884316,0.24389520287513733,7.823119562618223,720.7210205078125,Ar I 720.698,Ar,I,720.698,0.023020507812475444,13.30222747,15.02208834,5.0,3.0,2480000.0,-37.8759260407936,0,,-0.04999999999999988,236,0.0,0.04,0.04,0.12,0.34,0.82,188.0,27.84241368847177,217,False,1.2672262e-05,0.002065459,-0.00031737692,6.105893e-05,0.00025434917,-0.00037973555,0.0005116912,-0.0005578135,-0.00065148633,-0.00033101972,-0.0005284037,shift,4.8588017977950635,-0.019631126638517155,0.1964920984286361,-0.41209814385148064
253,3,832.5969848632812,10841,10836,10846,10827,10861,0.0880126953125,0.4613136361815331,0.2456914633512497,7.681834181155011,832.6469848632812,Fe II 832.533,Fe,II,832.533,0.11398486328118906,11.2065018,12.6953327,10.0,8.0,25400000.0,-34.8979232453382,0,Cu II 832.840 (-0.193),-0.04999999999999988,253,0.0,0.08,0.08,0.24,0.4,0.84,188.0,48.70728898224577,218,False,-0.0002632901,0.0005530234,-0.00038248062,0.0009140743,0.0006613846,0.00031548,-0.0001490187,-0.0010000746,-0.0004993433,-0.0008556834,-0.0021902628,continuum,6.015645740637341,-0.07468001731001117,0.16904541087157887,-0.4509806498372393
206,2,545.4669799804688,6643,6639,6647,6636,6652,0.06201171875,0.2230476920071076,0.5313353389501572,12.111392301082505,545.5189799804688,Fe II 545.593,Fe,II,545.593,-0.07402001953118997,10.4801123,12.7519476,10.0,10.0,6900000.0,-35.40327893174792,0,,-0.05199999999999988,206,0.0,0.06,0.12,0.16,0.4,0.86,188.8,58.362316609264234,219,False,0.00023133261,0.0013662109,0.00033632095,0.0019700604,-3.2999138e-05,0.0002131767,0.00022399069,-0.00092439743,-0.0010407493,0.00077212346,-0.0005704128,area,3.637305173544548,-0.12283197384376529,0.2069658903861058,0.15875606759844305
169,2,462.53900146484375,5315,5310,5318,5307,5319,0.06201171875,0.2985673194764097,0.2660951018333435,7.078192170054317,462.59100146484377,Cr I 462.617,Cr,I,462.617,-0.025998535156247726,0.96841324,3.6477223,3.0,3.0,5000000.0,-34.814215485653044,1,Cr I 462.592 (-0.001); Mn I 462.654 (-0.063); Mo I 462.646 (-0.055),-0.05199999999999988,169,0.0,0.0,0.08,0.14,0.44,0.98,189.6,32.512151574449824,220,False,0.00024433187,0.000924129,0.00048404082,-0.0009783661,0.00033689075,0.0006566512,0.00064942526,0.00028535174,0.00032377336,0.0007469896,-0.0009855663,height,4.596020302803562,-0.19914309618582718,-0.07964928186441843,0.0585100159834065
175,2,478.87799072265625,5568,5564,5572,5555,5576,0.06201171875,0.23482562081941893,0.29974085092544556,7.452229428336408,478.92999072265627,Fe I 478.965,Fe,I,478.965,-0.03500927734370407,3.54652001,6.13438193,5.0,7.0,4570000.0,-34.412450128205556,1,Cr I 478.934 (-0.004); N II 478.813 (+0.117),-0.05199999999999988,175,0.0,0.0,0.0,0.06,0.26,0.78,189.6,52.78484631028113,221,False,-0.00041652302,-0.001700487,0.0021096221,0.00030466032,-0.001651915,-0.0001524274,-0.00025670513,-0.00049427385,-0.00015977811,1.8716351e-05,-0.0021826434,asymmetry,6.876445381017391,-0.1014937927149423,0.005949374229985393,0.06614836149935126
232,3,667.781982421875,9012,9007,9017,9001,9022,0.0880126953125,0.39810577621455606,0.27139005064964294,8.693110309690999,667.831982421875,Fe II 667.884,Fe,II,667.884,-0.05201757812506003,10.9300968,12.7859594,4.0,2.0,24000000.0,-35.817920685847014,1,Fe II 667.974 (-0.142); O II 667.786 (+0.046),-0.04999999999999988,232,0.0,0.0,0.02,0.1,0.3,0.72,189.6,33.0732520324204,222,False,0.00087877625,0.0020692183,0.0029285788,0.0015242305,-0.0013044163,0.00029334213,0.0032324276,-0.00027420773,0.001583409,-0.00080849946,-0.00045632478,continuum,5.230386347122979,-0.125045358055772,0.049978360172746594,-0.3708865211458979
114,1,379.8190002441406,3419,3414,3426,3413,3430,0.0419921875,0.30550598375971827,1.037679746747017,6.776259090347384,379.8530002441406,Fe I 379.851,Fe,I,379.851,0.002000244140617724,0.91460217,4.17769679,9.0,11.0,3230000.0,-33.42513444782567,1,Mo I 379.825 (+0.028); Fe I 379.955 (-0.102); Fe I 379.751 (+0.102),-0.033999999999999864,114,0.0,0.0,0.0,0.08,0.34,0.96,193.0,64.69621318129833,223,False,-0.0005055257,-0.0014279214,-0.0009731636,-0.0002096484,0.0002138953,-0.00071554264,-0.000768091,-0.00022217097,-3.6015994e-05,-0.0006900329,-0.00022656452,shift,5.5076325123895895,-0.02300906921043591,0.2850057670636893,0.26772184034934265
187,2,519.156005859375,6209,6205,6213,6193,6219,0.06201171875,0.22750734200113598,0.6609472036361694,11.979371992228986,519.208005859375,Fe I 519.234,Fe,I,519.234,-0.02599414062501637,2.99804479,5.38520741,7.0,7.0,13400000.0,-33.684928180686754,1,Fe I 519.145 (+0.063); Cr I 519.199 (+0.009); Fe II 519.091 (+0.117),-0.05199999999999988,187,0.0,0.0,0.0,0.02,0.28,0.96,193.2,43.48057037344381,224,False,-0.0002426013,-0.0004695683,0.0006987626,6.0776347e-06,0.000117392214,-0.00011895549,-0.0003442657,-0.00036891474,-0.00074157486,-3.2712271e-06,-0.001201695,shift,3.570879713840403,-0.042300231607239606,0.16714667441520054,0.06117548030407473
145,2,422.71600341796875,4713,4709,4717,4697,4718,0.06201171875,0.27652312795326706,0.671004444360733,5.737720795437625,422.76800341796877,Fe I 422.743,Fe,I,422.743,0.02500341796877592,3.33201954,6.26404671,11.0,13.0,52900000.0,-33.26623934052787,1,Ca I 422.673 (+0.095); Fe I 422.642 (+0.126); V I 422.662 (+0.106),-0.05199999999999988,145,0.0,0.0,0.04,0.1,0.3,0.88,193.4,82.12088650276493,225,False,0.00022396477,0.0054146694,-0.0012347095,-0.00020207027,0.00026833397,-9.905711e-05,8.976074e-05,-0.0005129218,-0.0003519751,-0.00053404307,-0.0005983381,continuum,4.316659310681178,-0.23067658792518436,0.1523763131050119,0.1732660307660427
219,2,604.0050048828125,7663,7657,7669,7650,7672,0.06201171875,0.3712660010716873,0.43156468868255615,12.686174713626658,604.0570048828125,V I 603.973,V,I,603.973,0.08400488281256457,1.06360365,3.11584714,6.0,6.0,6600000.0,-35.861887593015354,0,S I 604.193 (-0.136),-0.05199999999999988,219,0.0,0.0,0.04,0.2,0.38,0.7,195.0,76.03420283004222,226,False,0.00011912731,-0.0018053359,0.0025982878,-0.00039472536,0.0013987744,-0.0022871122,0.0015131718,-0.0006333248,0.002300654,-0.0009641474,-0.0005349778,width,5.578154871861782,-0.09813393334737,0.14326599475526527,-0.0011862582051277866
9,1,259.26300048828125,546,540,551,539,552,0.0419921875,0.2991380934639314,0.19438128173351288,5.371223196071251,259.29700048828124,Fe II 259.278,Fe,II,259.278,0.019000488281221806,4.07605998,8.8565248,14.0,16.0,274000000.0,-32.3024322360016,0,Mn II 259.372 (-0.075); Fe II 259.373 (-0.076); Mn II 259.330 (-0.033),-0.033999999999999864,9,0.0,0.0,0.0,0.02,0.18,0.82,196.6,36.87058448139926,227,False,-0.0006678811,5.9377555e-05,-0.00083352363,-0.000497397,-0.00022318517,-0.0017780694,-0.0016322122,-0.0010316469,-0.0004894657,-0.00042692822,0.00017423976,area,2.454267566849419,-0.18874887032748186,0.0312296939063367,0.032003655052365194
201,2,540.9180297851562,6567,6564,6571,6563,6583,0.06201171875,0.2335462745973771,1.1737801730632782,24.582831092048263,540.9700297851563,Cr I 540.978,Cr,I,540.978,-0.007970214843680878,1.03000806,3.32122225,9.0,7.0,6200000.0,-34.16384762759051,1,Fe I 541.091 (-0.121); Fe I 540.913 (+0.057); P II 540.972 (-0.002),-0.05199999999999988,201,0.0,0.0,0.0,0.08,0.34,0.9,196.6,23.397435756937124,228,False,-0.00010187563,0.000496714,-0.0010246868,0.00059263967,4.2757827e-05,0.0005473408,-0.00017053181,-0.0004385912,-0.0005706472,-0.00012924655,-0.00036450307,continuum_slope,3.288878389976701,-0.09949740695509308,0.0921013763773909,0.1663184636561327
237,3,735.5349731445312,9738,9735,9741,9726,9750,0.0880126953125,0.301697218483569,0.3431472182273865,8.88745684921242,735.5849731445312,Cr I 735.589,Cr,I,735.589,-0.004026855468850954,2.88945207,4.57449693,5.0,7.0,9140000.0,-34.52625775793037,0,V I 735.651 (-0.066),-0.04999999999999988,237,0.0,0.0,0.02,0.14,0.24,0.84,198.0,49.347745642531635,229,False,-0.00069190795,-0.00069219404,-0.00047022945,0.000511631,0.0003777043,-8.782811e-05,-0.001064827,-0.00065625185,-0.0014401544,-0.001760081,-0.0016368484,continuum,5.825834162104047,-0.1202352256996136,0.08230751290334806,-0.4091324983386611
244,3,766.4169921875,10080,10075,10085,10072,10100,0.0880126953125,0.43649789083683155,0.26130595803260803,6.773775228793246,766.4669921875,K I 766.490,K,I,766.49,-0.02300781250005457,0.0,1.6171130092,2.0,4.0,37790000.0,-34.253752159214635,0,Fe II 766.614 (-0.147); Fe II 766.255 (+0.212); Cu II 766.465 (+0.002),-0.04999999999999988,244,0.0,0.0,0.06,0.1,0.22,0.64,198.6,81.54655112265631,230,False,-0.00017722807,0.0073376945,-0.00220039,-0.0003453998,-0.0004169657,0.00046459853,-0.00035688296,-0.0017694703,-0.0008044726,-0.0029557485,-0.0007252408,continuum,5.92738035565866,-0.11324787554014142,0.07716826622808409,-0.38410896016402957
207,2,550.583984375,6729,6725,6732,6717,6733,0.06201171875,0.2325304778630135,0.331978976726532,8.130751894096841,550.635984375,Fe II 550.620,Fe,II,550.62,0.01598437500001637,10.5217184,12.7728134,12.0,14.0,114000000.0,-33.97753266107379,1,Mo I 550.649 (-0.013); Fe II 550.707 (-0.071); V I 550.586 (+0.050),-0.05199999999999988,207,0.0,0.06,0.08,0.12,0.32,0.74,198.8,91.39890590154786,231,False,-0.00019446807,0.0028389653,0.00043427333,0.0011424228,-0.002278391,-0.0012588543,-2.486861e-05,-0.0010984764,0.0014399455,-0.0007557072,-0.0023839916,area,3.6229589881145556,-0.18923711684483627,0.17105626319490524,0.026325528887576704
258,3,862.9539794921875,11205,11198,11212,11179,11227,0.0880126953125,0.5941325719569278,1.2150539606809616,43.434643883586936,863.0039794921875,N I 862.924,N,I,862.924,0.07997949218747635,10.6899808,12.1263787,4.0,4.0,26700000.0,-34.06196626499383,0,Co II 863.235 (-0.231),-0.04999999999999988,258,0.04,0.04,0.1,0.26,0.46,0.84,199.8,70.80508456318655,232,False,-0.0006648229,0.0016685323,-0.002125441,-0.00095001067,0.0008569593,-4.475885e-05,-0.00015121377,-0.0008289137,-0.0013070129,-0.0021724538,-0.0015939195,area,4.451440378516692,0.3602427470675714,-0.08043047629218551,-0.344199328171392
203,2,542.89599609375,6600,6597,6603,6595,6605,0.06201171875,0.18845871901492117,0.5897054523229599,13.296422940901552,542.94799609375,Fe II 542.999,Fe,II,542.999,-0.05100390625000273,10.59605,12.8787396,8.0,10.0,60000000.0,-34.41767049051779,1,Fe I 542.950 (-0.002); S II 542.867 (+0.081),-0.05199999999999988,203,0.0,0.06,0.18,0.28,0.42,0.8,202.2,71.706066688949,233,False,0.00034592493,8.632904e-05,-0.0006459942,0.0022883022,0.00047544207,-5.7458612e-05,-0.00018361649,-0.0007618386,-9.019936e-06,0.002254597,1.2506304e-05,area,3.2352975630054237,-0.11759869450589971,0.07277043093102498,0.18921541699962055
229,3,639.9229736328125,8722,8719,8727,8718,8740,0.0880126953125,0.462710502334295,0.2466541826725006,7.010684550436962,639.9729736328125,Fe I 640.000,Fe,I,640.0,-0.027026367187545475,3.60252504,5.53924278,7.0,9.0,9270000.0,-33.633874063250296,0,S II 639.799 (+0.174),-0.04999999999999988,229,0.0,0.0,0.0,0.06,0.16,0.78,202.6,39.097826026519684,234,False,-0.00017829268,0.0012290119,0.00022106148,-0.00012702635,-0.00010077934,-0.00012912134,0.00018603871,-0.00079788826,-0.0007597362,8.673195e-05,-0.0015912189,continuum_slope,2.7419698323331074,-0.007070532899465922,0.13197845860220483,-0.26055727478727514
36,1,298.4930114746094,1427,1420,1434,1403,1441,0.0419921875,0.30051515522184236,1.0229511708021164,12.563721332857575,298.52701147460937,Fe II 298.483,Fe,II,298.483,0.04401147460936272,1.67061856,5.82322475,6.0,6.0,43000000.0,-32.35796132010722,2,Fe II 298.555 (-0.028); Cr II 298.532 (-0.005); Fe II 298.496 (+0.031),-0.033999999999999864,36,0.0,0.0,0.0,0.02,0.26,0.84,202.8,42.550675670311044,235,False,-7.653654e-05,0.0008870229,0.001149006,-0.0007713867,-0.0006615911,-0.0003785233,-0.00027245498,0.00018830327,0.00013953143,-0.00022636322,-0.0008189086,continuum_slope,2.7266311160859296,-0.17623167627886213,-0.2185138246817553,-0.050578722557049066
19,1,272.7349853515625,844,840,848,832,855,0.0419921875,0.16857607796219043,0.33892959356307983,8.446268153841103,272.7689853515625,Fe II 272.754,Fe,II,272.754,0.014985351562472715,1.04046986,5.58476799,6.0,4.0,93800000.0,-32.31654280126296,1,Fe II 272.738 (+0.031); Fe I 272.802 (-0.033); Mn II 272.758 (+0.011),-0.033999999999999864,19,0.0,0.0,0.0,0.04,0.2,0.8,204.0,58.17559625822498,236,False,0.00018323287,0.0017000084,0.0009634644,-0.001328698,-0.001232605,-0.0008496193,0.0012159068,4.6506622e-05,0.0004900655,0.0010947809,-0.0002674829,continuum_slope,3.728852667861446,-0.25255726518440114,-0.09460047521807169,-0.120958553873472
1,1,239.5240020751953,117,114,120,108,121,0.0419921875,0.1382487230117364,0.12221428006887436,5.227361862726643,239.5580020751953,Fe II 239.563,Fe,II,239.563,-0.004997924804683862,0.04770753,5.22157443,8.0,10.0,259000000.0,-31.149894607003557,0,Fe II 239.542 (+0.016); Fe II 239.489 (+0.069); Fe II 239.610 (-0.052),-0.033999999999999864,1,0.0,0.0,0.0,0.08,0.2,0.82,204.6,35.67968609727389,237,False,-0.0003104039,0.00080581394,-0.00039179594,-0.0012801377,-0.00046367678,-0.0019289186,-2.1301303e-05,-0.000107056,0.00018074342,-0.00016831298,0.00027060322,asymmetry,3.410190924898228,0.014651012161502022,0.016101285150088122,0.03249551821058891
10,1,259.8999938964844,560,554,566,552,569,0.0419921875,0.23176693208358434,0.8538947701454163,22.150498786188397,259.93399389648437,Fe II 259.940,Fe,II,259.94,-0.006006103515630912,0.0,4.76830747,10.0,10.0,235000000.0,-31.090838486684923,0,Fe II 259.837 (+0.097); Fe II 259.947 (-0.013); Fe I 259.957 (-0.023),-0.033999999999999864,10,0.0,0.0,0.0,0.02,0.18,0.7,204.6,45.91557469965937,238,False,-0.0005422177,-0.0027125857,-0.00018923139,0.0004143375,-0.00023665195,-0.0019016677,0.0021635557,-0.0025432655,-0.0011517355,0.00067608507,5.8982765e-05,continuum_slope,2.7537271509117183,-0.14354085946133147,0.05467276002108765,0.02870889522044015
188,2,520.5089721679688,6231,6221,6232,6219,6233,0.06201171875,0.5998164005690505,4.704558342695236,85.26801253752431,520.5609721679688,Cr I 520.602,Cr,I,520.602,-0.041027832031204525,0.94143042,3.32231395,5.0,5.0,51400000.0,-33.29967424913017,0,Cr I 520.450 (+0.111); Fe II 520.363 (+0.198); W I 520.618 (-0.057),-0.05199999999999988,188,0.04,0.06,0.22,0.32,0.56,0.84,205.2,59.38147859391849,239,False,0.00010598786,0.00018962743,-0.00032375622,-5.8865386e-05,0.00253199,0.0013739599,-0.00062183983,-0.0006619028,-0.0011639454,0.0019633325,-0.0021687166,asymmetry,3.6495209297360343,-0.2097000708832906,0.17891160716300752,0.027240539027507588
254,3,838.6699829101562,10913,10909,10917,10899,10919,0.0880126953125,0.3301685164941279,0.31756293773651123,11.471240244099276,838.7199829101562,Fe II 838.791,Fe,II,838.791,-0.07101708984384913,11.3073311,12.7850548,2.0,4.0,5400000.0,-35.506531215430094,0,,-0.04999999999999988,254,0.0,0.02,0.1,0.28,0.5,0.9,207.2,68.20674453453998,240,False,0.0005493684,0.0010837655,0.00086171,0.0032722328,-0.0006398738,-0.0030650315,0.0021637673,0.0031336122,-0.0028934733,-0.0007386917,0.0023156628,continuum_slope,9.044580378061442,-0.08053535887739498,-0.023819196765157324,-0.4102066406768409
259,3,866.072998046875,11243,11232,11247,11227,11248,0.0880126953125,0.9557534536698633,0.2018641084432602,7.620549377956062,866.122998046875,Ca II 866.214,Ca,II,866.214,-0.09100195312510095,1.692408,3.123349,4.0,2.0,10600000.0,-34.792262125314856,0,,-0.04999999999999988,259,0.0,0.0,0.04,0.04,0.18,0.54,208.2,85.85895410497382,241,False,-0.0018363141,-0.0046310048,-0.008293148,0.0022201515,-0.00045180606,-0.00012219146,-0.0004205491,0.00064273743,-0.0012530423,-0.002791077,-0.0032632141,continuum,2.43595131527235,-0.027479237324880862,-0.20644871074179708,-0.2701196732456833
176,2,485.968994140625,5679,5674,5683,5663,5684,0.06201171875,0.2885671057830139,0.27701111137866974,5.989257106389449,486.020994140625,Fe I 485.974,Fe,I,485.974,0.04699414062503138,2.87550352,5.42604198,5.0,3.0,16200000.0,-34.23658112401474,2,H I 486.135 (-0.114); Fe II 486.068 (-0.047); H I 486.129 (-0.108),-0.05199999999999988,176,0.0,0.0,0.0,0.02,0.26,0.84,209.4,41.49505994693826,242,False,-0.0005615039,0.0001417226,-0.00011632275,-0.00025659017,-0.0008097311,-0.00045467739,4.2163894e-05,-0.0008551141,-0.0011988543,-0.0007731062,-0.0013345294,shift,4.7706290381993375,-0.09293320377732806,0.11953721401184025,0.17084288138361703
184,2,504.95599365234375,5980,5975,5985,5972,5997,0.06201171875,0.2846015612031385,0.28068432211875916,5.711350954381474,505.00799365234377,Fe I 504.982,Fe,I,504.982,0.02599365234374318,2.27860466,4.73314079,5.0,7.0,1650000.0,-34.12955532554105,0,Ni I 504.885 (+0.123); V II 504.891 (+0.117); Co II 505.071 (-0.063),-0.05199999999999988,184,0.0,0.0,0.04,0.04,0.26,0.96,209.4,29.621613730517787,243,False,-0.00033022734,3.9849107e-05,0.0004460383,0.00041579042,-0.0010612292,3.398462e-05,-0.00038410787,-0.00093794556,-0.00043393712,-0.00014088959,-0.0012798259,area,2.1036429642351786,-0.09393501329812196,-0.008846303566288311,0.07724059904546993
4,1,248.31500244140625,307,302,310,295,311,0.0419921875,0.19391079223919083,0.1386856734752655,5.325666616955095,248.34900244140624,Fe I 248.327,Fe,I,248.327,0.022002441406243634,0.0,4.99127081,9.0,11.0,480000000.0,-31.962421054625302,0,Fe II 248.372 (-0.023); Fe II 248.424 (-0.075); Fe II 248.266 (+0.083),-0.033999999999999864,4,0.0,0.0,0.0,0.12,0.28,0.78,210.6,62.81273756173982,244,False,-0.00041144356,0.0001639542,-0.001952521,-3.2401043e-05,-0.0013664968,-0.001458361,-0.00025942913,0.0010421132,-0.0009887082,-0.00045771553,0.0011951269,continuum_slope,3.186969396978568,-0.09202904356000505,0.08536357443789984,0.005974690716070437
238,3,740.0009765625,9787,9784,9790,9779,9794,0.0880126953125,0.2911148487013606,0.416984498500824,10.889878114351744,740.0509765625,Cr I 740.018,Cr,I,740.018,0.03297656249992542,2.89953685,4.57449693,7.0,7.0,13500000.0,-34.5008980542104,0,Fe I 740.168 (-0.117); Cu II 739.988 (+0.063),-0.04999999999999988,238,0.0,0.04,0.06,0.14,0.36,0.88,210.6,43.11194730002346,245,False,-0.00047666702,0.00089582143,0.0015821451,-0.0011872064,0.0011416099,0.00024152712,-0.0012993194,-0.0014355455,-0.0017882612,-0.00033953,-0.0025779104,shift,3.49483315842195,-0.11812310743194707,0.15654268338643634,-0.3393855791743643
220,2,607.3510131835938,7724,7721,7728,7720,7729,0.06201171875,0.25615082228796315,0.16285260021686554,5.616170480363188,607.4030131835938,Al II 607.320,Al,II,607.32,0.0830131835937209,15.5875046,17.628438,5.0,3.0,4430000.0,-39.630260832457076,1,Sn I 607.327 (+0.076),-0.05199999999999988,220,0.0,0.0,0.04,0.1,0.34,0.76,211.0,31.413372948475303,246,False,-0.00053476356,0.0010164058,0.0007678885,-0.0008424169,-2.692135e-05,-0.00064710627,-0.0006802251,-0.0013095287,-0.0021118622,-0.00043490742,-0.0010789637,continuum_slope,2.889702471772791,-0.0677252169183626,0.10369994364521044,-0.02298013608348157
20,1,273.9460144042969,871,868,874,860,875,0.0419921875,0.13477616671886594,0.6669053137302399,15.165338512320293,273.98001440429687,Fe II 273.955,Fe,II,273.955,0.02501440429688273,0.9863338,5.5107139,8.0,8.0,221000000.0,-31.451626700712676,0,Fe II 273.951 (+0.029); Cr II 274.010 (-0.030); V II 273.971 (+0.009),-0.033999999999999864,20,0.0,0.0,0.0,0.14,0.4,0.82,211.2,43.72825173729222,247,False,0.00037961963,0.0011352315,0.00047878138,2.0126816e-05,-0.00014232464,-0.00072771584,0.00012007752,0.0015647712,-0.0002340872,0.00085360894,0.0007277264,asymmetry,4.564184071438352,-0.1801412650585668,-0.07362757481704718,-0.2545572675851197
21,1,274.3039855957031,879,876,882,875,883,0.0419921875,0.1453795567899856,0.43467287719249725,9.60149023546395,274.3379855957031,Fe II 274.320,Fe,II,274.32,0.017985595703123636,1.09686139,5.61522263,2.0,4.0,197000000.0,-31.5305204280224,0,Fe I 274.407 (-0.069); Fe II 274.322 (+0.016); Fe I 274.357 (-0.019),-0.033999999999999864,21,0.0,0.02,0.04,0.2,0.4,0.82,212.2,73.08734500582163,248,False,0.0002492087,-0.00090886094,-0.00030413808,0.00035588274,-0.0002226005,-0.0022921904,0.0013879298,0.001363664,0.001851779,0.0005210044,0.00073961925,continuum,2.6884891469535828,-0.1503365276547312,0.07019899927295833,-0.2530599782652328
170,2,464.5539855957031,5346,5342,5350,5335,5351,0.06201171875,0.24731339191939405,0.6305497735738754,16.306200427953513,464.60598559570315,Cr I 464.616,Cr,I,464.616,-0.01001440429683953,1.03000806,3.69779039,9.0,7.0,8700000.0,-34.34926155643838,0,Cr I 464.677 (-0.071); Cr I 464.648 (-0.042); V I 464.639 (-0.033),-0.05199999999999988,170,0.0,0.0,0.04,0.08,0.4,0.98,212.2,17.428711943227476,249,False,-0.0001830282,-0.0014920376,-0.00020879651,0.00032376498,-0.0004913148,-0.00022432624,0.0005240928,-0.00022492818,9.076437e-05,0.0002934804,-0.0004209819,continuum_slope,6.071510029111945,-0.18207978456450735,-0.01713564443870565,0.061218879994506224
208,2,553.2490234375,6774,6770,6778,6758,6781,0.06201171875,0.26087401064883586,0.2198207676410675,6.293788474790967,553.3010234375,Mo I 553.303,Mo,I,553.303,-0.001976562499976353,1.335103,3.5752817,5.0,5.0,37200000.0,-34.540957803143826,1,Fe II 553.209 (+0.092),-0.05199999999999988,208,0.0,0.0,0.02,0.04,0.2,0.78,212.4,62.733085369683515,250,False,-0.00011326084,0.00027673683,0.001827929,0.00034828638,1.0568408e-05,-9.8755445e-05,-0.00033012373,-0.0008948569,-0.00068074843,-0.0003231116,-0.0012685336,width,4.891628470641258,-0.15211953160329217,0.16319730258593368,0.04313929228891537
228,3,639.3419799804688,8716,8713,8717,8711,8718,0.0880126953125,0.23963013698610025,0.1842561960220337,5.17017404250864,639.3919799804687,Cu II 639.396,Cu,II,639.396,-0.004020019531253638,16.84135293,18.7799005,9.0,11.0,3400000.0,-39.1597254648608,0,S II 639.526 (-0.134),-0.04999999999999988,228,0.0,0.0,0.02,0.18,0.34,0.9,215.6,39.917915777254706,251,False,-0.00019426082,-0.00039000242,0.00014889221,-7.8893296e-05,0.0009271295,-1.5364833e-05,0.0005876307,-0.0001386831,-0.0007244771,-0.0007145296,-0.0015443113,continuum,2.910824074323999,-0.14319004529701013,0.10503448412597918,-0.2833493455455536
222,2,609.3720092773438,7761,7755,7767,7746,7781,0.06201171875,0.3749944095569666,0.1622333526611328,5.678290633398012,609.4240092773438,Fe I 609.364,Fe,I,609.364,0.06000927734373818,4.60759327,6.64167865,7.0,5.0,1200000.0,-35.60358226191173,0,C II 609.529 (-0.105),-0.05199999999999988,222,0.0,0.0,0.0,0.08,0.3,0.78,216.6,58.759169497194215,252,False,-0.0010090832,-0.0030729289,-0.0034748612,0.0009766076,8.624261e-05,-5.2078743e-05,-0.0018703432,-0.00032881676,-0.0011056208,-0.0011583916,-9.06389e-05,area,2.7748671782719363,-0.1585897021184556,-0.009334550083642736,-0.021330947847084402
129,1,390.260986328125,3697,3693,3701,3692,3703,0.0419921875,0.1584882796456757,0.9870242774486542,9.918216664759045,390.294986328125,Fe I 390.295,Fe,I,390.295,-1.367187502410161e-05,1.55735733,4.73314079,7.0,7.0,21400000.0,-33.26026576108051,0,Mo I 390.295 (-0.000); Cr I 390.291 (+0.004); V II 390.325 (-0.030),-0.033999999999999864,129,0.06,0.08,0.12,0.18,0.52,0.86,218.0,37.78888725538237,253,False,0.00017055313,2.5760753e-05,0.0012743183,-0.0012226467,0.0006143348,0.0005978964,0.00038678368,-0.00072682207,-5.741984e-06,0.000381998,0.00037965053,asymmetry,5.796253477422448,0.031717940423691124,0.30417034703006773,0.23650661300648315
5,1,253.8730010986328,428,420,436,412,440,0.0419921875,0.3351532925350795,0.23586207628250122,6.735398934926748,253.9070010986328,Fe II 253.899,Fe,II,253.899,0.008001098632803405,2.63486052,7.5165973,14.0,12.0,193000000.0,-32.195418880315096,2,Fe II 253.880 (+0.027); Fe II 253.891 (+0.016); Fe II 253.850 (+0.057),-0.033999999999999864,5,0.0,0.0,0.0,0.02,0.18,0.9,222.6,44.960427044235246,254,False,-0.0006848154,0.0010599737,-0.0010916946,-0.0009018438,-0.0013439493,-0.001278266,-0.00086673297,-0.0013662025,0.00020850387,0.00011008946,-0.0013780319,continuum_slope,3.191097077838542,-0.14913218624525695,0.11056432801512672,-0.014654628802371316
0,1,238.1750030517578,88,84,92,78,94,0.0419921875,0.18780589137533388,0.1984926275908947,8.48994725425135,238.2090030517578,Fe II 238.204,Fe,II,238.204,0.005003051757796584,0.0,5.20337749,10.0,12.0,313000000.0,-31.018786789410655,0,Fe II 238.236 (-0.027); Fe II 238.290 (-0.081); Fe II 238.196 (+0.013),-0.033999999999999864,0,0.0,0.0,0.02,0.08,0.18,0.68,223.8,19.114392483152585,255,False,-5.0695497e-05,0.0005206177,-0.0007317963,1.8598066e-05,1.1734618e-05,-2.1841897e-05,-0.0024116156,0.00071420235,0.0011012163,-0.0010142158,0.001306145,width,3.429010463016084,0.04092590807690863,-0.0695805536843094,-0.014350830969350782
13,1,261.7640075683594,601,598,604,596,612,0.0419921875,0.13074006000085536,0.2698982059955597,6.794541470109009,261.79800756835937,Fe II 261.762,Fe,II,261.762,0.03600756835936636,0.08278213,4.8178982,6.0,6.0,48800000.0,-31.969595142168913,0,Mn II 261.815 (-0.017); Fe I 261.802 (-0.004); Fe II 261.738 (+0.060),-0.033999999999999864,13,0.0,0.0,0.04,0.06,0.32,0.78,225.2,39.906891635405536,256,False,0.00047166887,0.00342514,0.00014101913,-0.00070219854,0.0009948654,-0.0007388747,-1.1868018e-05,0.00086244976,8.023537e-05,0.0012700608,-0.00060413784,continuum_slope,2.411186541061992,-0.07351545895009913,-0.07483191622652144,-0.004426768424013447
269,3,926.5349731445312,12005,11985,12025,11955,12026,0.0880126953125,1.767940347814847,0.30789484083652496,19.423085856574133,926.5849731445312,O I 926.601,O,I,926.601,-0.016026855468794565,10.7409314,12.0786187,7.0,9.0,44500000.0,-33.954838785047876,1,O I 926.594 (-0.009); Fe II 926.657 (-0.072); O I 926.277 (+0.308),-0.04999999999999988,269,0.04,0.06,0.14,0.24,0.42,0.74,226.2,45.56489877087405,257,False,-0.0012864133,0.0012845186,-0.003581025,-0.0009095173,-0.0012218492,-0.0002453316,-0.0014507977,-0.0028174366,0.00023866701,-0.00242049,-0.001740868,continuum_slope,7.533346446897876,0.3070094101124621,-0.13134192980920945,-0.14183018833015631
135,2,404.5119934082031,4444,4440,4448,4432,4456,0.06201171875,0.21715550917280357,3.2391115874052048,39.8233383700053,404.56399340820315,Fe I 404.581,Fe,I,404.581,-0.017006591796871362,1.48486439,4.54850612,9.0,9.0,86200000.0,-32.42962690504041,0,Fe I 404.559 (+0.005); Fe I 404.606 (-0.042); Fe I 404.461 (+0.103),-0.05199999999999988,135,0.0,0.04,0.06,0.12,0.28,0.76,227.6,30.961912085657758,258,False,-0.00046539563,8.76445e-06,-0.0005231871,-0.00029030815,7.227327e-06,-0.00046989147,-0.00039646996,-0.0012337451,-0.00032498702,3.1565967e-05,-0.0014629238,width,4.268379299062733,0.01607596866400308,0.15239439630935836,0.1587777674436588
8,1,258.5790100097656,531,527,535,517,539,0.0419921875,0.15374138601235332,0.3538389056921005,9.777421575660949,258.6130100097656,Fe II 258.588,Fe,II,258.588,0.025010009765594532,0.0,4.79323577,10.0,8.0,89400000.0,-31.68274283172187,0,Fe II 258.562 (+0.051); Fe II 258.576 (+0.037); Fe II 258.606 (+0.007),-0.033999999999999864,8,0.0,0.0,0.02,0.02,0.12,0.72,229.2,23.12920232087566,259,False,-0.0005269353,-0.002267734,-0.0017760552,-0.000105889296,0.00035776512,-0.00077012845,0.00076496665,-0.0026909572,0.00036697165,0.0017227645,-0.0008710566,width,4.309042921852455,-0.14876690551745844,0.005168179802218314,0.041327355213400044
2,1,240.4530029296875,137,131,143,130,145,0.0419921875,0.2656995879419862,0.16292336583137512,6.96857510115868,240.4870029296875,Fe II 240.489,Fe,II,240.489,-0.0019970703125125056,0.08278213,5.23672772,6.0,8.0,196000000.0,-31.329336443240194,0,Fe II 240.443 (+0.044); Fe II 240.499 (-0.012); Fe II 240.568 (-0.081),-0.033999999999999864,2,0.0,0.0,0.0,0.0,0.12,0.6,231.0,43.60275220671282,260,False,-0.0012297399,-0.003761687,-0.002868707,-8.7871944e-05,-0.0024923936,-0.0027105447,0.0010247697,-0.002079282,0.0009943993,6.0744038e-05,-0.00037682438,continuum,2.9726826131041357,-0.008405073380234681,0.00475226610224973,0.019551560539392724
264,3,882.3280029296875,11443,11434,11452,11409,11463,0.0880126953125,0.8034247270292156,0.1964271068572998,9.097413373300482,882.3780029296875,Co II 882.491,Co,II,882.491,-0.11299707031253092,10.5594422,11.963992,7.0,7.0,26000000.0,-37.42365946728526,1,O I 882.043 (+0.335); Mg II 882.432 (-0.054),-0.04999999999999988,264,0.02,0.02,0.06,0.14,0.28,0.8,234.2,39.74116253961376,261,False,-0.00037522297,-0.00025895768,-0.00018546818,0.0005727756,0.00052245683,-0.0002693502,-0.0007258505,7.637489e-05,-0.0018772609,-0.0015179082,-8.903932e-05,continuum,6.547157934544149,-0.1592226142705817,-0.08054259215913356,-0.4635086938084668
197,2,537.0670166015625,6503,6499,6507,6487,6509,0.06201171875,0.2545107025974338,0.8574499487876892,15.085658735112869,537.1190166015625,Fe I 537.149,Fe,I,537.149,-0.02998339843747999,0.95815732,3.2657061,7.0,5.0,1050000.0,-33.688639215497886,1,Fe I 536.996 (+0.123); Fe II 537.128 (-0.009); Fe II 537.028 (+0.091),-0.05199999999999988,197,0.0,0.0,0.0,0.0,0.18,0.72,234.4,22.61503924383064,262,False,-0.00073467713,0.00253585,-0.0015177856,-0.00035774754,-0.00092236197,-0.00055823184,-0.0006316307,-0.0008807079,-0.0017282516,-0.001423637,-0.0018622701,continuum,3.456693098964205,-0.1284486171137758,0.1442569543534513,0.18896948542050868
105,1,373.4330139160156,3252,3248,3255,3239,3256,0.0419921875,0.1723455877880502,3.158184766769409,34.58191649566508,373.4670139160156,Fe I 373.486,Fe,I,373.486,-0.01898608398437318,0.85899575,4.17769679,11.0,11.0,90100000.0,-32.118462516293405,0,Fe I 373.532 (-0.065); V II 373.516 (-0.049); Al II 373.391 (+0.076),-0.033999999999999864,105,0.02,0.02,0.06,0.16,0.32,0.7,236.0,36.07214992206592,263,False,-9.8887795e-05,0.0003483137,0.001553998,-0.00033711846,-0.0010161047,-0.0021907813,-0.00029618535,-1.3731824e-05,0.00039620174,0.0004968854,6.964283e-05,asymmetry,3.485792367476542,-0.012224246138207068,0.13569274877496776,0.21330224518910548
265,3,899.8159790039062,11662,11658,11666,11648,11667,0.0880126953125,0.32225354671911394,0.14451326429843903,7.379227362948872,899.8659790039062,Fe I 899.956,Fe,I,899.956,-0.09002099609381276,2.83159117,4.20888328,5.0,5.0,1060000.0,-34.02984976506973,0,,-0.04999999999999988,265,0.0,0.02,0.04,0.14,0.22,0.6,236.0,44.53313373208762,264,False,-0.001314157,-0.0010747927,-0.0009665178,-0.00236255,-0.002221773,-0.0020081492,-0.0012703784,-0.00042906174,0.0016830504,-0.002470767,-0.0020206284,continuum,7.809373537287662,-0.06706698828015144,0.12148658344038862,-0.522608222253568
204,2,543.375,6608,6606,6611,6605,6617,0.06201171875,0.1647851314362636,0.28528138995170593,6.48572235780334,543.427,Fe I 543.452,Fe,I,543.452,-0.024999999999977263,1.01105568,3.29183986,3.0,1.0,1700000.0,-34.52291924366914,0,,-0.05199999999999988,204,0.0,0.0,0.0,0.1,0.32,0.9,238.2,13.212115651930995,265,False,-0.00017141126,-0.0022697586,0.001603464,-0.00016144002,-0.00067389605,0.00013244046,0.0005032181,-0.00035230428,-0.00067125336,0.00134205,-0.0011666323,width,3.445608026284504,-0.11630032043382388,-0.012213396215599193,0.13360956363425555
200,2,540.4970092773438,6560,6555,6562,6549,6563,0.06201171875,0.3073893796722038,0.6156283617019653,12.655433157734814,540.5490092773438,Fe I 540.577,Fe,I,540.577,-0.027990722656227263,0.99011115,3.28302483,5.0,3.0,1090000.0,-33.979565380251934,1,Fe I 540.415 (+0.134); Fe II 540.566 (-0.017); Fe II 540.509 (+0.040),-0.05199999999999988,200,0.0,0.0,0.0,0.0,0.16,0.7,240.6,27.832355272236665,266,False,-0.00069492625,0.0028999052,-0.00080528477,-0.00053000805,-0.0016539268,-0.00063328247,-0.00055133266,-0.0012978398,-0.0016458964,-0.0010620701,-0.0016695235,continuum_slope,4.340025806641871,-0.13731662052527988,0.07264023185973045,0.14983381457389958
213,2,578.9990234375,7217,7206,7228,7179,7249,0.06201171875,0.6819235548579159,0.17315621674060822,7.202683889920806,579.0510234375,Fe II 579.069,Fe,II,579.069,-0.017976562499939064,10.7142644,12.8547671,8.0,10.0,1700000.0,-35.93703097970803,1,Mo I 579.184 (-0.133); V II 579.036 (+0.015); V II 579.148 (-0.097),-0.05199999999999988,213,0.0,0.0,0.02,0.02,0.22,0.66,241.0,24.413111231467404,267,False,-0.0013196226,-0.0027035156,-0.0030827841,0.0005766882,0.00023185741,-0.0004318058,-0.0008295394,-0.002693848,-0.0016684664,-0.0014448472,-0.0011499628,height,3.2679935407818275,-0.14490433306905456,0.0756203439360271,0.02073058546278193
117,1,382.5459899902344,3491,3487,3493,3483,3494,0.0419921875,0.17071905983275037,2.188779294490814,16.79727442291179,382.57998999023437,Fe I 382.588,Fe,I,382.588,-0.008010009765655468,0.91460217,4.15435379,9.0,7.0,59700000.0,-32.54920827512747,0,V I 382.540 (+0.040); V I 382.499 (+0.081); Ar II 382.567 (+0.013),-0.033999999999999864,117,0.0,0.0,0.0,0.06,0.26,0.8,243.4,12.7216351150314,268,False,1.738696e-05,0.0002989728,0.00107979,0.00012570736,0.0002368293,-0.0021360156,-0.0008371245,0.00027536016,-8.294989e-05,0.000894285,0.00031901582,asymmetry,4.441026149193015,0.04079209236474483,0.2080255661608084,0.16851014802292366
124,1,386.5329895019531,3597,3591,3603,3588,3605,0.0419921875,0.23377035284944725,0.6563241332769394,5.096993779633576,386.5669895019531,Fe I 386.552,Fe,I,386.552,0.014989501953095896,1.01105568,4.21758325,3.0,3.0,15500000.0,-33.41706224502008,0,V I 386.486 (+0.081); Ti I 386.644 (-0.077); V II 386.672 (-0.105),-0.033999999999999864,124,0.0,0.0,0.0,0.0,0.1,0.64,243.4,43.33866633850193,269,False,-0.0015099201,-0.0005729381,-0.0019669016,-0.00022075907,-0.0026827997,-0.0018970736,-0.0014951362,-0.0015676048,-0.0016531649,-0.0015527321,-0.0014900863,continuum_slope,3.1906193917172794,-0.03256061774623616,0.2070165233582759,0.21163859038923113
257,3,859.4130249023438,11162,11156,11168,11150,11176,0.0880126953125,0.5316008870058513,0.5484867095947266,17.61335678170942,859.4630249023437,N I 859.400,N,I,859.4,0.06302490234372726,10.6796703,12.1219574,2.0,2.0,20900000.0,-34.46849767842497,0,Fe II 859.704 (-0.241),-0.04999999999999988,257,0.0,0.04,0.06,0.12,0.32,0.74,244.6,16.65653025092561,270,False,-0.00093375304,0.00035048218,-0.0021657152,-0.0017919636,-0.00012486968,-0.0009855975,0.00075322227,-0.00058849266,-0.00043291226,-0.003050564,-0.001301114,area,4.970021351699515,0.3874724361724711,-0.05486444198716013,-0.33672373149456536
199,2,539.656005859375,6546,6543,6548,6535,6549,0.06201171875,0.17627182816557663,0.44181662797927856,8.764174661547042,539.708005859375,Fe II 539.585,Fe,II,539.585,0.12300585937498454,10.6000744,12.8972034,6.0,8.0,55000000.0,-34.533400010057555,3,Fe I 539.828 (-0.120); Fe II 539.794 (-0.086); Fe II 539.806 (-0.098),-0.05199999999999988,199,0.0,0.0,0.06,0.08,0.2,0.64,250.8,14.729562111617575,271,False,-0.0006199024,0.0012548079,0.00060851057,-0.0004885148,-0.00012908809,-0.001461921,-0.00088692276,-0.0016622316,-0.0025531505,0.0003427511,-0.0012232639,area,3.754757415441989,-0.13534193461064642,0.05259319152124473,0.16673799399697056
266,3,902.0280151367188,11690,11686,11693,11674,11694,0.0880126953125,0.31186903584341386,0.10408374667167664,5.334340024108046,902.0780151367187,?,,,,,,,,,,,0,,-0.04999999999999988,266,0.0,0.0,0.02,0.04,0.12,0.66,254.2,13.78985134075056,272,False,-0.001186149,0.0014651802,-0.0029590565,0.00093576434,-0.0061064614,-0.002091442,-0.0016869978,-0.0009594428,0.0010754042,-0.0043483255,0.0028138906,continuum,7.480805710627932,-0.08975417645322036,-0.08124978651765619,-0.48117862821369767
3,1,241.05599975585938,150,146,154,145,163,0.0419921875,0.1698666350107199,0.18234163522720337,7.799135333749342,241.08999975585937,Fe II 241.052,Fe,II,241.052,0.03799975585937432,0.10695023,5.24885175,4.0,6.0,155000000.0,-31.499684169760283,1,Fe II 241.107 (-0.017); Fe II 241.118 (-0.028); Fe II 241.027 (+0.063),-0.033999999999999864,3,0.0,0.0,0.0,0.04,0.28,0.78,264.0,4.560701700396552,273,False,-0.00029746612,-0.0021891324,-0.003687654,0.0017196437,0.00046792065,-0.0011797107,0.001176854,-0.002037832,0.0017479438,-5.8151354e-06,0.0010131241,continuum_slope,9.639481981567002,0.03406875698873095,0.05871616451295614,0.02797833376484316
270,3,928.3729858398438,12029,12027,12032,12026,12041,0.0880126953125,0.2737804295779294,0.0827023833990097,5.2171562502898565,928.4229858398437,?,,,,,,,,,,,0,,-0.04999999999999988,270,0.0,0.0,0.0,0.0,0.02,0.1,269.8,6.9397406291589885,274,False,-0.002881345,-0.0013429063,-0.009247973,0.0018350981,-0.0017596126,-0.0021296858,-0.0020760724,-0.0047887415,-0.0021039874,-0.0020759436,-0.0051236283,area,7.128642405384899,-0.4449951091985609,-0.19602916839736673,-0.0657215978767748
