sample_id,split,label,depth_bin,shot_start,shot_stop,T_boltz,T_boltz_se,r2_boltz,intercept_boltz
train_001,train,2.0,0,1,1,8753.763960929204,374.013210774363,0.9716207455016578,3.028412354071558
train_002,train,5.0,0,1,1,8566.23614090104,337.661439742082,0.9757429351344129,3.366204356574851
train_003,train,2.0,0,1,1,8939.646578078988,555.736562821545,0.9417680697091084,3.3041086574247527
train_004,train,4.0,0,1,1,8492.009552895111,343.20250206523093,0.9745319320862033,3.604185708692644
train_005,train,5.0,0,1,1,8537.811426015403,365.9662899779744,0.9714421201232608,3.196812531777958
train_006,train,2.0,0,1,1,8748.754091758994,399.27366743773626,0.9677498302418622,3.5861949379186653
train_007,train,2.0,0,1,1,8694.961758096413,445.8707354503547,0.9596257506769207,3.312863313109983
train_008,train,5.0,0,1,1,8891.496569629544,674.6253703927772,0.9156606691027064,2.7920144600214236
train_009,train,3.0,0,1,1,8661.89998547712,351.434547089149,0.9743379023270696,2.9236425468769007
train_010,train,2.0,0,1,1,8800.748787660674,531.834974061954,0.9447957574478048,3.1746531081650216
train_011,train,3.0,0,1,1,8648.799697115688,339.3098711725364,0.9759654639734135,3.117363788584476
train_012,train,5.0,0,1,1,8551.124712733907,361.2316699897103,0.9722400520311755,3.4136696954242645
train_013,train,2.0,0,1,1,8588.481928445417,345.3146761195666,0.974786861444993,3.746455111302852
train_014,train,5.0,0,1,1,8784.688844293913,473.514319669496,0.9555778548390294,1.7228108055679483
train_015,train,3.0,0,1,1,8903.689294841912,596.9316708338359,0.9329083874147037,3.253216128326275
train_016,train,4.0,0,1,1,8572.15678383967,335.6406348413699,0.9760577827196488,3.306732786556415
train_017,train,2.0,0,1,1,8928.788254952276,536.2304087146604,0.9454403061010134,3.5300395663370585
train_018,train,5.0,0,1,1,8431.060560472413,325.00741760124055,0.9767759964392584,2.985207102599106
train_019,train,3.0,0,1,1,8667.941719522909,365.3539655214558,0.9723597082314823,3.2806199385598345
train_020,train,2.0,0,1,1,8739.309045890477,490.8885596533419,0.9519444854541619,3.188067055246419
train_021,train,5.0,0,1,1,8837.552386525114,471.3425675711356,0.9564688502937758,3.4526899904301733
train_022,train,4.0,0,1,1,8966.105450271823,560.0664196610935,0.9412387323037386,3.400485860952539
train_023,train,3.0,0,1,1,8768.374781062636,447.109837335308,0.9600599523410104,3.428449991218321
train_024,train,5.0,0,1,1,8716.101727290425,413.8775039785833,0.9651801089703363,3.227717147194567
train_025,train,5.0,0,1,1,9144.322310471043,751.1827754404137,0.9025504857847471,2.311298119459028
train_026,train,3.0,0,1,1,8584.864201492923,369.38872368419067,0.9712298316059738,3.24234128299001
train_027,train,2.0,0,1,1,8806.415302664587,504.4550517445136,0.9501179676455057,3.258067016423098
train_028,train,4.0,0,1,1,8730.151570472528,378.827225882639,0.9707539022427303,3.5917285464504856
train_029,train,2.0,0,1,1,8764.46151794327,443.82294002140543,0.9605882021988806,3.382021130964153
train_030,train,5.0,0,1,1,8811.167191414368,480.11773692127997,0.9546484563492366,3.295991932234079
train_031,train,4.0,0,1,1,8314.679063489835,263.3074523398939,0.9842078189489628,3.047732883709442
train_032,train,3.0,0,1,1,8543.3975251857,325.71408873964475,0.9772727120462104,3.293116592735741
train_033,train,1.0,0,1,1,8814.048293419637,471.637964690164,0.9561940906947144,3.068769241331694
train_034,train,2.0,0,1,1,8626.519631193865,391.09306600352187,0.968161202280732,3.8995851905155208
train_035,train,2.0,0,1,1,8551.676504121004,308.82370208778576,0.9795605137760692,3.270502232256732
train_036,train,2.0,0,1,1,8727.847677400596,387.4790803412027,0.9694284165925938,3.012863630863648
train_037,train,2.0,0,1,1,8773.650825340206,449.58019540267327,0.9596818216229757,3.4143800675490072
train_038,train,3.0,0,1,1,8885.298011636092,508.83257726936364,0.9501442398222268,3.3924738642083123
train_039,train,3.0,0,1,1,8676.917438956269,377.60620679430826,0.970589468335427,3.5087106921482123
train_040,train,2.0,0,1,1,8884.729656487934,453.30391008865865,0.9600157604645027,3.402505549253835
train_041,train,3.0,0,1,1,8713.741466672329,437.14035318517244,0.9612913972388035,3.307726747052085
train_042,train,2.0,0,1,1,8824.86296359746,480.84704709104204,0.9546515117752798,3.3272965023601846
train_043,train,4.0,0,1,1,8478.841112298134,289.7382248153866,0.9816591566927416,3.50962409121315
train_044,train,3.0,0,1,1,8897.342410276207,505.82192649462877,0.9508302859388836,3.313166066228184
train_045,train,3.0,0,1,1,8652.64645144831,337.82681574631187,0.976190788666237,3.704633872299421
train_046,train,4.0,0,1,1,8798.749824763405,513.3387686386009,0.9483517486896216,3.361981177991188
train_047,train,2.0,0,1,1,8735.671120394329,365.95571982964356,0.9726877207465849,3.162243576387218
train_048,train,4.0,0,1,1,8487.855540634855,339.40157288491855,0.9750551495118622,3.3975582143391554
train_049,train,2.0,0,1,1,8611.45763807476,346.83461193247314,0.9747021604367972,3.504086707734704
train_050,train,4.0,0,1,1,8488.271491701904,273.58274848075087,0.9836506771109024,2.9123631419183047
train_051,train,3.0,0,1,1,8911.37180581281,519.7715311677094,0.9483777208186402,3.331833669104293
train_052,train,3.0,0,1,1,8525.856183191177,307.66153572522194,0.979590381043761,3.385333706398212
train_053,train,3.0,0,1,1,8802.908747256055,450.2463569386956,0.959824629742669,3.5066035055316833
train_054,train,2.0,0,1,1,8767.799205098905,392.1755322607513,0.968981882398267,3.552670758605993
train_055,train,3.0,0,1,1,8731.835968907453,400.238824482548,0.9674771938784608,3.552753494365388
train_056,train,1.0,0,1,1,8693.330237300193,439.2181464987994,0.9607605128700677,3.4648608956503564
train_057,train,1.0,0,1,1,8572.544819841049,331.4461123864189,0.9766406313272961,3.4434870565689373
train_058,train,1.0,0,1,1,8697.015713619376,404.7268636775482,0.9665103919882622,3.2978531094735852
train_059,train,2.0,0,1,1,8830.390772387038,377.2803613079289,0.9716217402720465,3.063714712408382
train_060,train,3.0,0,1,1,8549.71944891098,323.81568785133186,0.9775634044074624,3.43466551503025
train_061,train,2.0,0,1,1,8694.89773797207,342.5966377465414,0.9757617637462594,3.2406566044106575
train_062,train,3.0,0,1,1,8892.550320007707,546.5089792396012,0.9430125287156905,3.3913547084151725
train_063,train,2.0,0,1,1,8676.813533224044,386.72015900524576,0.9691961666793606,3.039025502358511
train_064,train,2.0,0,1,1,8687.483612412017,350.55372839419846,0.9746094684319698,3.2451813936440157
train_065,train,3.0,0,1,1,8914.823549214969,506.69909937016615,0.9508518042825834,3.455662245906731
train_066,train,2.0,0,1,1,8600.029833372048,366.29796531349655,0.9717926246087745,3.8424370479104373
train_067,train,3.0,0,1,1,8815.00533405339,556.4784059105017,0.9400586647482702,3.005990698769689
train_068,train,3.0,0,1,1,8818.085013555923,461.29449470988715,0.9580514646336424,3.5193518820549126
train_069,train,2.0,0,1,1,8656.215674513453,351.75939679640464,0.9742587532518545,3.1144034430897096
train_070,train,2.0,0,1,1,8735.3357717782,428.454996137148,0.9629346575426695,3.5339625814677804
train_071,train,4.0,0,1,1,8703.471545745835,367.9079792737734,0.9722047174528998,3.5556085911162594
train_072,train,4.0,0,1,1,8718.340500878168,479.9771088462463,0.9537483551598679,3.17484652853893
train_073,train,2.0,0,1,1,8826.595363691846,559.9485559297359,0.9395037672393641,3.195083802867044
train_074,train,3.0,0,1,1,8726.909560571934,371.98751039968914,0.9717505153907192,3.1721060175766307
train_075,train,2.0,0,1,1,8683.073354867649,332.09720443982604,0.9771305317941802,3.0244313202744486
train_076,train,2.0,0,1,1,8733.136363648204,403.316943135413,0.9670011045297195,3.3936663240970018
train_077,train,3.0,0,1,1,8671.690856724688,360.53789290832736,0.9730867708286131,3.750451766385548
train_078,train,3.0,0,1,1,8757.768713711392,388.18892374238374,0.9695226448731216,3.1619195312852773
train_079,train,2.0,0,1,1,8947.015284352787,594.1011681319476,0.9341010780406273,3.2509573936811895
train_080,train,1.0,0,1,1,8660.73335341006,367.4495536408686,0.9720053682548206,3.4579246922107103
train_081,train,3.0,0,1,1,8975.30451178764,543.7787507298208,0.9445271462933157,3.525990053364825
train_082,train,3.0,0,1,1,8622.686578074368,341.6323971145507,0.9754992258258219,3.4380273170938453
train_083,train,1.0,0,1,1,8911.400990484783,525.8300338775937,0.9472314805167736,3.313034402132106
train_084,train,5.0,0,1,1,8751.720794935238,399.53661089879137,0.9677298938239891,3.560663099330033
train_085,train,3.0,0,1,1,8818.00936115399,416.55525593959845,0.9655262755600389,3.853659891536204
train_086,train,2.0,0,1,1,8828.691314265632,499.71584412143585,0.9512400038346615,3.2710531100719042
train_087,train,3.0,0,1,1,8696.092196594902,453.9039183295384,0.9582295517726682,3.3603811790650355
train_088,train,2.0,0,1,1,8660.4707705327,353.46052500796316,0.9740405285238772,3.578045070891266
train_089,train,2.0,0,1,1,8709.1710850262,388.2035046015096,0.9691898302853108,3.2009404257306238
train_090,train,4.0,0,1,1,8715.0349351218,403.9627737131317,0.9667657660848974,3.588378280350303
train_091,train,2.0,0,1,1,8957.016028883354,626.1052496869501,0.9274901082422686,3.3318476030798845
train_092,train,2.0,0,1,1,8609.294871319296,370.1586344422039,0.9712722529713458,3.6757875215598412
train_093,train,3.0,0,1,1,8576.358101683494,336.016265927665,0.976028388969474,3.4672988136049927
train_094,train,3.0,0,1,1,8744.702750888024,381.7724320161537,0.9704067397916719,3.3196436038640122
train_095,train,3.0,0,1,1,8628.860956398941,389.9602990913009,0.9683561762219544,3.490938966990041
train_096,train,2.0,0,1,1,8600.726320289825,389.250033426576,0.9682676337736525,3.529371195146955
train_097,train,3.0,0,1,1,8943.882188596779,609.069516894476,0.9309256853815446,3.3044603870473934
train_098,train,1.0,0,1,1,8646.445883084718,362.3386272597024,0.9726700069683651,3.6051060798406316
train_099,train,3.0,0,1,1,8553.320452634662,369.69390381078455,0.9709768886977546,3.3875738367493016
train_100,train,5.0,0,1,1,8580.185252881847,354.5444460992613,0.9734072886094223,3.6047397827246166
train_101,train,2.0,0,1,1,8680.517961491398,406.8979389406991,0.9660379520220149,3.4673905852745217
train_102,train,2.0,0,1,1,8836.076824731319,489.92848555031503,0.953117286013359,3.3580656405113003
train_103,train,3.0,0,1,1,8531.986247008566,341.0636282612139,0.9750697749335774,3.353527350313855
train_104,train,1.0,0,1,1,8789.112219080853,417.9145051993821,0.965088229603432,3.7303106399742267
train_105,train,4.0,0,1,1,8812.079005114992,469.8392791541862,0.9564944833123873,3.5192377076104937
train_106,train,1.0,0,1,1,8724.19937929861,399.12327922747284,0.9675975610145533,3.52590674704118
train_107,train,3.0,0,1,1,9043.674255204347,563.3445992587707,0.9415452728045208,3.587697908980877
train_108,train,1.0,0,1,1,8515.825556774511,355.20101370381946,0.9729173710095016,3.074810389255089
train_109,train,3.0,0,1,1,8613.082165126667,326.2996649396454,0.9775520872727389,3.288794057944161
train_110,train,1.0,0,1,1,8715.667994440118,379.6468924052308,0.9705361140388953,3.2072275162544983
train_111,train,3.0,0,1,1,9054.744036057118,674.3406294925837,0.9184917548847942,3.329849501109008
train_112,train,1.0,0,1,1,8689.755737306428,366.7248232620466,0.9722934270695556,3.343758198344159
train_113,train,3.0,0,1,1,8714.113537000943,404.83445539879534,0.9666201534086062,3.407846509027152
train_114,train,3.0,0,1,1,8685.10225485549,408.8914866821548,0.9657507320309132,3.323942807943704
train_115,train,3.0,0,1,1,8634.752852976038,388.46553599992177,0.9686322006044102,3.6616961608719336
train_116,train,4.0,0,1,1,8753.085171799235,416.31935597248366,0.9650691376504626,3.4658684169172047
train_117,train,1.0,0,1,1,8727.065162861585,385.5113313763048,0.9697234937549226,3.3306340655794715
train_118,train,2.0,0,1,1,8539.093763462035,345.56845937312903,0.9744652867890088,3.4995331303463004
train_119,train,2.0,0,1,1,8898.324649170137,639.6841654819044,0.9236283871104484,3.1293923981898235
train_120,train,5.0,0,1,1,8764.894527346018,427.39417151470553,0.9633504953197057,2.8730845012138824
test_001,test,,0,1,1,8582.526693802196,366.7126443516921,0.9716183820792972,3.777183257115454
test_002,test,,0,1,1,8440.867739059071,314.38760373988714,0.9782858716479343,2.8696789287755333
test_003,test,,0,1,1,8591.004252227789,342.89609109954114,0.9751442960170943,3.6077199547710914
test_004,test,,0,1,1,8518.613905353282,566.5696514144348,0.933901756261447,2.764196891312466
test_005,test,,0,1,1,8724.363770189471,424.04191421810276,0.9635785567820453,3.537053448371503
test_006,test,,0,1,1,8737.483299207577,432.2979302321463,0.9623097962935199,3.4651530690125916
test_007,test,,0,1,1,8887.633934167316,486.0690619051413,0.9543288770946373,3.537559958969157
test_008,test,,0,1,1,8696.647978840982,368.0147478444558,0.97214658803972,3.671747443855977
test_009,test,,0,1,1,8644.184993082401,410.3898931761301,0.9651920128261965,3.244412391369954
test_010,test,,0,1,1,8709.508316198951,400.21381891692306,0.9673196370612899,3.394842414423879
test_011,test,,0,1,1,8689.839832175969,376.1673756143296,0.9708908774855466,3.5752357637395566
test_012,test,,0,1,1,8622.256844301772,390.5698807956435,0.9682132170463689,3.249355408715695
test_013,test,,0,1,1,8499.834419663735,278.85216131170114,0.9830709746582814,3.6139713989009152
test_014,test,,0,1,1,8579.86667094331,353.22337462275374,0.9735979632073541,3.50227323521236
test_015,test,,0,1,1,8584.344504923509,331.21405125734896,0.9767351619344732,3.7542352707967863
test_016,test,,0,1,1,8680.593164049427,371.36966540680254,0.9715489233771757,3.4432730096446957
test_017,test,,0,1,1,8846.132847332332,476.9015122558116,0.9555644605762788,3.585148133787801
test_018,test,,0,1,1,8613.076597754129,319.64475307514795,0.9784388358591788,3.5116059643240543
test_019,test,,0,1,1,7664.315688078562,2458.7433707721557,0.5191469064690155,-1.123799485928501
test_020,test,,0,1,1,8908.4327335761,697.679183474511,0.9106339166342448,2.82918491281466
test_021,test,,0,1,1,8706.394988836606,404.31662970525076,0.9666455550972625,3.6767515371714388
test_022,test,,0,1,1,8636.166788982708,385.6979656016545,0.9690735979109139,3.438574921218312
test_023,test,,0,1,1,8931.560661112097,772.9981181560815,0.8929802339057401,2.5133167543590433
test_024,test,,0,1,1,8591.570698384616,371.2900645100112,0.9709855547617309,3.5337833236821994
test_025,test,,0,1,1,8607.471184725631,392.27361179793326,0.9678375242155031,2.7103256735368917
test_026,test,,0,1,1,8530.237431696327,330.6772007317381,0.976520564978677,3.2728137492802767
test_027,test,,0,1,1,8596.091974577537,622.6545656832653,0.9225531718744496,2.8265681264772233
test_028,test,,0,1,1,8688.66435583318,479.30325449598405,0.9535711629001028,3.280923879141164
test_029,test,,0,1,1,9473.422518488018,1382.2081274306877,0.7459309867218571,2.4772867990248812
test_030,test,,0,1,1,8556.585497358878,295.4255520799877,0.9812841358715056,3.477646034729664
test_031,test,,0,1,1,8933.956720326347,640.40717397299,0.9240318400866884,2.803175234029175
test_032,test,,0,1,1,8607.217106521812,373.380484546519,0.9707709651033086,3.4450953256824492
test_033,test,,0,1,1,8601.85658756266,380.58415195777684,0.9696301194125909,3.5523939679881655
test_034,test,,0,1,1,8688.169667861188,399.7933689009258,0.9672308841345325,3.38277638263894
test_035,test,,0,1,1,8765.894744489771,409.30910353361435,0.9662915735382812,3.680496322648528
test_036,test,,0,1,1,8599.397525080536,361.6570580209617,0.9724793794124968,3.682849381870877
test_037,test,,0,1,1,8655.657641702755,363.15636653076024,0.9726066957340614,3.4726872764678816
test_038,test,,0,1,1,9019.758837203302,895.6057130541647,0.8637458293047954,2.607077661869113
test_039,test,,0,1,1,8464.323912537955,355.4387241234912,0.9725601712736792,3.3504214697233614
test_040,test,,0,1,1,8557.033303537077,370.3488836614582,0.9709014877749894,3.2878254617240357
test_041,test,,0,1,1,8373.902214066735,410.7096031455302,0.9629377204993603,3.152002250450169
test_042,test,,0,1,1,8715.091857616393,510.7794589156916,0.947903673751521,3.08053045986125
test_043,test,,0,1,1,8790.231765105093,475.37462383469267,0.955297681941589,3.5048707179770107
test_044,test,,0,1,1,8654.331347678299,445.4127762377566,0.9593414852056774,3.3546033601269127
test_045,test,,0,1,1,8567.909877032027,338.10207849737634,0.975690394339,3.4477265795402188
test_046,test,,0,1,1,8402.720338505063,362.96795787886447,0.9710105038203072,2.8299369178807474
test_047,test,,0,1,1,8736.551856060792,446.7348164217544,0.9598449163442528,3.2760507080678667
test_048,test,,0,1,1,8544.591643231306,423.0536053675227,0.9622584365363218,3.0840298684838605
test_049,test,,0,1,1,8727.759416933304,360.9090102451911,0.9733690038684373,3.6034803777255093
test_050,test,,0,1,1,8752.131586242189,416.3340416575507,0.9650594126197704,3.480167420779976
test_051,test,,0,1,1,8745.273260447826,407.01622569844983,0.9665034507997806,3.6679065650437
test_052,test,,0,1,1,8501.606442019996,408.1670477984281,0.9644315232068171,3.187116357906407
test_053,test,,0,1,1,8860.770184670437,479.8987992337045,0.9551711537163018,3.4438905087275087
test_054,test,,0,1,1,8666.685229948784,353.6364426851153,0.9740516382815262,3.641342336861319
test_055,test,,0,1,1,8791.052416065408,485.338798538746,0.9535004073920313,3.576657616472828
test_056,test,,0,1,1,8667.721962136304,394.31417669845405,0.9679485918759595,3.4305499931341443
test_057,test,,0,1,1,8831.931647329951,580.5427232757318,0.9353385011583863,3.0152841310341674
test_058,test,,0,1,1,8599.917001467924,390.14528388386645,0.9681203506860941,3.420063398608424
test_059,test,,0,1,1,8649.716959690484,417.5662636016428,0.9640525806387732,3.5231542526060164
test_060,test,,0,1,1,8395.525392140484,366.5782963150525,0.9703988890104993,3.2577576604696685
train_001,train,2.0,1,2,2,8789.816477749118,492.12221385182215,0.952241213877914,3.186193730253973
train_002,train,5.0,1,2,2,8528.774074244684,355.78326664690735,0.9729111250482809,2.800817201369988
train_003,train,2.0,1,2,2,8808.09159620464,480.8169172198478,0.9544919639225932,3.436520727879701
train_004,train,4.0,1,2,2,7822.809706033945,232.31293507733218,0.9860858727364403,2.197180728892917
train_005,train,5.0,1,2,2,8346.869517930849,372.7197840427354,0.969082913456847,2.6908620599354
train_006,train,2.0,1,2,2,8142.997084823621,373.77150652246473,0.967388939386461,1.5135045862306438
train_007,train,2.0,1,2,2,8517.084661147072,539.79302772404,0.9396132406859421,2.311181066299718
train_008,train,5.0,1,2,2,8446.555492346293,269.3833658923918,0.9839863138937752,3.1979525929069164
train_009,train,3.0,1,2,2,8383.708085355924,286.74653760551564,0.98162656511371,3.1493764292447137
train_010,train,2.0,1,2,2,8742.872316776282,439.47141534179787,0.9611437124052087,3.0801491397545684
train_011,train,3.0,1,2,2,8666.847210861612,445.075639144553,0.9595129449230287,3.1647339128782455
train_012,train,5.0,1,2,2,8348.257863795136,354.1744288679262,0.972008088551914,2.9471518697080135
train_013,train,2.0,1,2,2,8331.297912757043,293.9785407632613,0.9804674434188583,2.832164088987443
train_014,train,5.0,1,2,2,8590.374553946887,459.65754788304076,0.9561962192694948,1.594773232703644
train_015,train,3.0,1,2,2,8800.16944753566,502.5208809827689,0.9504140122192015,2.486192598870968
train_016,train,4.0,1,2,2,7978.177628135733,251.28110645358328,0.9843759632480561,1.9310358504588887
train_017,train,2.0,1,2,2,8899.305027816075,516.5260202777741,0.9488562433144425,3.415007393118576
train_018,train,5.0,1,2,2,8362.57848076281,343.8159306765417,0.973666901231414,2.593762918215977
train_019,train,3.0,1,2,2,8644.361699637733,490.29265578498234,0.9510483329627466,3.1851879603759694
train_020,train,2.0,1,2,2,8311.72592369664,611.6496786021492,0.9202638232533292,1.2633331296353312
train_021,train,5.0,1,2,2,8406.53062456752,515.2999564645526,0.9432909634039027,2.2610948073644552
train_022,train,4.0,1,2,2,8802.521540383286,499.46945764526026,0.9510098598175305,2.9581522332648964
train_023,train,3.0,1,2,2,8488.45244523101,520.4975026716623,0.9432547832559919,1.9654347342369718
train_024,train,5.0,1,2,2,8639.610929566445,453.6387207970178,0.9577521155692695,3.0059333614948276
train_025,train,5.0,1,2,2,8669.758388185322,394.4949247690481,0.9679347295833587,2.996057221536356
train_026,train,3.0,1,2,2,8340.825383516109,372.4071682504052,0.9690897865327474,2.4025545434270494
train_027,train,2.0,1,2,2,8645.300260328657,497.93881877072397,0.949597580049537,2.7447010035437702
train_028,train,4.0,1,2,2,8291.110175825026,462.5035798068659,0.9525732683200637,1.9551802785570835
train_029,train,2.0,1,2,2,8809.89109771026,571.3953211809812,0.936938629148788,2.715894429741409
train_030,train,5.0,1,2,2,8782.847737452714,518.913484071813,0.947102381979084,2.8842494150976306
train_031,train,4.0,1,2,2,8146.197523408846,321.17313052627406,0.9757328133766223,1.755285270706616
train_032,train,3.0,1,2,2,8531.058244638003,356.9924854324477,0.9727459072418113,3.0613278322731627
train_033,train,1.0,1,2,2,8776.048638211758,522.970753556508,0.9462377994107525,2.8285842256468743
train_034,train,2.0,1,2,2,8299.878674801566,269.54374887509096,0.983405369057473,2.6579109373397896
train_035,train,2.0,1,2,2,8632.653673585408,377.62810281045245,0.9702927304137912,3.565318321207023
train_036,train,2.0,1,2,2,8713.291765662087,435.9279491619122,0.9614937382884294,3.2986696001776177
train_037,train,2.0,1,2,2,8551.474063648577,385.39500430800155,0.9685253316474819,3.299263114885886
train_038,train,3.0,1,2,2,8826.753604271245,506.81835342640886,0.9498931174313929,3.017877157193011
train_039,train,3.0,1,2,2,8480.71697298394,391.42269188486756,0.967039700769578,3.1041808422632933
train_040,train,2.0,1,2,2,8879.628379607295,550.3124467034008,0.942104080272091,3.265291308303329
train_041,train,3.0,1,2,2,8679.243825627349,421.20196852469263,0.963686124949562,3.438848432781374
train_042,train,2.0,1,2,2,8647.38395992597,373.9946735337584,0.9709414218660084,3.321461578370111
train_043,train,4.0,1,2,2,7985.2295407649235,174.6079278997014,0.9924078760029301,2.23650942184919
train_044,train,3.0,1,2,2,8613.98284104172,385.6467495001026,0.968927055362486,3.2808523923648263
train_045,train,3.0,1,2,2,8084.360051161227,332.1706109135283,0.973698790007663,1.9399830378215928
train_046,train,4.0,1,2,2,8393.801316592737,373.5643861136513,0.9692826337491417,2.606657286783639
train_047,train,2.0,1,2,2,8830.762300229997,470.96720460961416,0.9564711876616807,3.6570110566017133
train_048,train,4.0,1,2,2,8219.841965022668,293.4439162458743,0.9800162700224381,2.211148011074892
train_049,train,2.0,1,2,2,8747.011751467415,454.5385358194393,0.9585836339967901,3.195988910713713
train_050,train,4.0,1,2,2,8299.027538608441,233.78638397046345,0.9874621104681014,3.4212977600267314
train_051,train,3.0,1,2,2,8770.582861091874,519.2276176611161,0.9469013620547453,3.304640926984344
train_052,train,3.0,1,2,2,8149.277585023111,374.00063210148477,0.967398916853745,2.06118981702907
train_053,train,3.0,1,2,2,8868.54389077328,486.55025375421735,0.9540544038846284,3.286391458006109
train_054,train,2.0,1,2,2,8197.817858566952,458.95547904887144,0.9522455840269747,1.718002821590649
train_055,train,3.0,1,2,2,8233.02397495649,402.2659069709504,0.9632084602129283,2.306319303761695
train_056,train,1.0,1,2,2,8346.6767115171,263.76138160756256,0.9842735381712049,2.8867844567567094
train_057,train,1.0,1,2,2,8441.495585315924,369.8060535167745,0.9702083719456579,2.876094143337264
train_058,train,1.0,1,2,2,8131.767878226556,172.35653023012196,0.9928633401653827,2.753789874844985
train_059,train,2.0,1,2,2,8797.407715719326,526.1129944438184,0.945874476866068,3.137007736061672
train_060,train,3.0,1,2,2,8366.132439251272,354.4706804347432,0.972078891117609,2.9475283669467123
train_061,train,2.0,1,2,2,8838.49802161966,457.78642093893166,0.9588436680154578,3.0948429098164283
train_062,train,3.0,1,2,2,8787.806886902265,446.6595890442369,0.9603062567897122,3.4033390003132866
train_063,train,2.0,1,2,2,8537.031264424495,376.81546950285735,0.9697703858398794,2.825246778417592
train_064,train,2.0,1,2,2,8773.95040503241,493.52057810891307,0.9518170227436922,3.096520776594973
train_065,train,3.0,1,2,2,8811.467810010145,469.0686801539452,0.9566251361387744,3.3660999704288863
train_066,train,2.0,1,2,2,8509.512398191517,320.31547839517486,0.9778317896009148,3.332452877817105
train_067,train,3.0,1,2,2,8583.046120198765,386.0483784036695,0.968646511141488,2.8754258481232955
train_068,train,3.0,1,2,2,8744.467566275072,444.5778005312875,0.960285494910659,3.3668951242131318
train_069,train,2.0,1,2,2,8405.031834135312,342.58596724416066,0.974106727635189,3.3118076753479957
train_070,train,2.0,1,2,2,8760.113197443674,485.2084307257198,0.9532107427281573,3.4056659378334704
train_071,train,4.0,1,2,2,8332.39157548225,431.4765278661157,0.9588612802094983,2.478157247112959
train_072,train,4.0,1,2,2,8562.233769632077,552.4497051523081,0.9375509021238089,2.414186174295718
train_073,train,2.0,1,2,2,8701.929219528298,713.6692519352694,0.9028387583463251,1.7014365393012207
train_074,train,3.0,1,2,2,8886.800461935038,535.4608709985418,0.9451011918746811,3.519401626939239
train_075,train,2.0,1,2,2,8591.378481715024,392.4408039045381,0.9676941834049017,2.7762849707334403
train_076,train,2.0,1,2,2,8678.14607495013,468.95993894659034,0.9553619219664267,3.0128254747902354
train_077,train,3.0,1,2,2,8428.64818403715,381.4629170226902,0.9682675108424255,2.8276774946099104
train_078,train,3.0,1,2,2,8621.411203501379,498.8722030485966,0.9491515813687978,2.8820194000237622
train_079,train,2.0,1,2,2,8726.335967954596,621.918926677955,0.9248394390399051,2.5378207505691277
train_080,train,1.0,1,2,2,8635.508020978345,439.03313770099544,0.9602863716463773,2.9507911076019555
train_081,train,3.0,1,2,2,8923.390688364936,521.2575239489948,0.9482299585507107,3.417606615301737
train_082,train,3.0,1,2,2,8648.142416022654,431.93161072018773,0.9616197610731497,3.1040831900090122
train_083,train,1.0,1,2,2,8712.374815521136,487.754908767153,0.9522470909943976,2.994915604993585
train_084,train,5.0,1,2,2,8284.80067620277,441.38901309731705,0.9565579628273687,2.4061555709267264
train_085,train,3.0,1,2,2,8762.917047847006,488.3348349165496,0.9526633572412063,3.3258135508019864
train_086,train,2.0,1,2,2,8894.874133526531,591.1304552717953,0.9339985835276842,3.2254756417201427
train_087,train,3.0,1,2,2,8395.909248656168,411.96634992866893,0.9629069685060834,2.730893107254445
train_088,train,2.0,1,2,2,8408.914838845514,422.9311897433252,0.9611001309930239,2.749419113989844
train_089,train,2.0,1,2,2,8611.54479363231,337.9691348787183,0.9759486801493193,3.8089185968560093
train_090,train,4.0,1,2,2,8568.396103376392,474.75297091233847,0.9531800198576292,2.55233696751213
train_091,train,2.0,1,2,2,8914.363526226345,539.0094267685663,0.9447359793473303,3.395342962257852
train_092,train,2.0,1,2,2,8206.278443943564,244.651270668507,0.9859786462643634,3.1051949495193885
train_093,train,3.0,1,2,2,8145.306097733166,216.54383612098056,0.9888181606146306,2.924586477027019
train_094,train,3.0,1,2,2,8752.082928469255,454.73790600211737,0.9585948336570952,3.2822677722220623
train_095,train,3.0,1,2,2,8212.946607577007,291.1259574825431,0.9802921446505928,2.477448571311859
train_096,train,2.0,1,2,2,8419.269557376792,316.60775077531974,0.9778742874655887,3.170836603313487
train_097,train,3.0,1,2,2,8824.774754993763,526.3568929622888,0.9461444107803629,3.206477031907095
train_098,train,1.0,1,2,2,8455.455845273973,506.9358029054133,0.945616529889209,2.393076140348783
train_099,train,3.0,1,2,2,8186.732500232716,301.30560584019116,0.9787870331467239,2.2864007094545133
train_100,train,5.0,1,2,2,8283.80923569801,408.81151374663597,0.9624937237494019,2.561740916854313
train_101,train,2.0,1,2,2,8593.883297958302,587.4048475429686,0.9304482063356655,2.417773906059689
train_102,train,2.0,1,2,2,8455.52884350867,479.2493111174197,0.9511129831786206,1.9894175523576418
train_103,train,3.0,1,2,2,8169.300312572313,312.76815052699226,0.9770845984752629,2.5607293647851144
train_104,train,1.0,1,2,2,8649.94739732185,398.82950560691353,0.9671041687242067,3.306061201343007
train_105,train,4.0,1,2,2,8605.607476915467,316.9861594438618,0.978752377256497,3.4595345049191164
train_106,train,1.0,1,2,2,8678.412564016,487.33884880192977,0.9519687218620985,2.977888340103111
train_107,train,3.0,1,2,2,9031.52602309371,586.4030913612097,0.9368109033949068,3.40897683454061
train_108,train,1.0,1,2,2,8357.54103868391,638.1280464989089,0.9146805482565473,1.2666618826736205
train_109,train,3.0,1,2,2,8662.671428981772,386.4695353725441,0.9691374225831656,3.441455880873278
train_110,train,1.0,1,2,2,8823.635707720507,510.4231930991549,0.949180048685457,3.2418905773410587
train_111,train,3.0,1,2,2,8904.994615149104,529.3714013536658,0.9464836217982738,3.4518647932161413
train_112,train,1.0,1,2,2,8756.11502696092,449.0836965634727,0.9596124491826751,3.4903976000177734
train_113,train,3.0,1,2,2,8296.883691571791,322.8372189636675,0.9763483220028387,2.705057509047983
train_114,train,3.0,1,2,2,8121.92045934495,387.7523728105145,0.9648151611476803,1.7154551868402672
train_115,train,3.0,1,2,2,8231.462946234447,308.1563862077317,0.9780680451797253,2.6081068094792874
train_116,train,4.0,1,2,2,8036.390715870135,307.18702149270814,0.977156237783609,2.1317649928102815
train_117,train,1.0,1,2,2,8655.351269131137,409.7280564431142,0.9653866770166329,3.250815473640258
train_118,train,2.0,1,2,2,8043.328000851164,311.55294565130373,0.9765571814685635,2.0135503538223185
train_119,train,2.0,1,2,2,8382.140187456927,590.8244783979303,0.9263610810713048,1.548599265565966
train_120,train,5.0,1,2,2,8533.766195817887,327.43339462510835,0.9769870004554791,3.16472914363324
test_001,test,,1,2,2,8375.70155697232,270.22776761824235,0.9836181080675562,3.1892076248242947
test_002,test,,1,2,2,8145.764408041392,505.4177364041297,0.9419773312290053,1.2135869489862854
test_003,test,,1,2,2,7902.636099959546,165.0291041059125,0.9930708916741459,2.2692341925122257
test_004,test,,1,2,2,8265.281301590228,357.81031660194213,0.9708875111098305,1.956892349039781
test_005,test,,1,2,2,8043.503027582718,316.56650431824585,0.9758160410193052,1.8155854789748451
test_006,test,,1,2,2,8862.561933507757,519.7385365447966,0.947843562499941,3.3434258958785574
test_007,test,,1,2,2,8817.7148598963,469.57315958673223,0.9565947364144309,3.4216435107979604
test_008,test,,1,2,2,8042.106236910186,292.1848996640377,0.9793167356703834,2.07049908298844
test_009,test,,1,2,2,8034.502011164066,228.1024560935527,0.9872679881668381,2.478519691418371
test_010,test,,1,2,2,8702.644917737314,353.33707763599176,0.9743025678833208,3.7345625072462885
test_011,test,,1,2,2,8424.184803927814,365.6985484279196,0.9707308888594344,2.6264663559067025
test_012,test,,1,2,2,8130.434125971721,450.6872946158677,0.953140251629292,1.7742815949573174
test_013,test,,1,2,2,8697.556882026633,374.7643944513701,0.9711511244519855,3.37486642299097
test_014,test,,1,2,2,8222.068153152748,280.3794445904046,0.9817339769242592,2.975653201708157
test_015,test,,1,2,2,8129.243363307632,181.23486191512782,0.9921102516327591,2.9283225542629765
test_016,test,,1,2,2,8371.431009456493,375.7552742175662,0.9687714318874613,2.9392434201474265
test_017,test,,1,2,2,8765.405954202974,404.61300655432944,0.9670317183714474,3.4808575790755043
test_018,test,,1,2,2,8439.59527614382,365.4000225109699,0.9708807769058158,2.7970732894319315
test_019,test,,1,2,2,7871.407974273901,2614.7771466910726,0.6016528331150186,-0.6401405488033731
test_020,test,,1,2,2,8419.020322316559,293.1555702478491,0.9809695655984069,3.034128838655742
test_021,test,,1,2,2,8772.75850477995,452.61412170920414,0.9591501529932234,3.345089602170255
test_022,test,,1,2,2,8091.743582691442,305.23507091323364,0.9777398574320004,1.9711245519530838
test_023,test,,1,2,2,8378.259181064464,266.2027710525534,0.9841043354396614,3.297364318603173
test_024,test,,1,2,2,8028.509648681022,325.53928424718686,0.9743681471008998,1.8490715336120696
test_025,test,,1,2,2,8412.918513926179,267.6076100462322,0.984068781605179,3.2465848100920973
test_026,test,,1,2,2,8068.374798248836,275.5608927340704,0.9816788614157044,2.16061374335097
test_027,test,,1,2,2,8386.530411412983,402.6300069084448,0.9644335975286499,2.4324207034867946
test_028,test,,1,2,2,8372.66758036656,407.96024563387545,0.9634037726475471,2.3570053056437255
test_029,test,,1,2,2,8648.411909896975,403.52581870412536,0.9663395693386331,3.0912732860684016
test_030,test,,1,2,2,8175.866920551607,293.4782072305943,0.9798004495411432,2.0812816478434293
test_031,test,,1,2,2,8560.041575367999,356.7877666982097,0.9729553687791779,2.9982264057139445
test_032,test,,1,2,2,8273.145476689142,469.08107810691354,0.9510794546481021,1.7551069258377927
test_033,test,,1,2,2,8142.241591502032,364.06039956650244,0.9690040819983972,1.7886869388869853
test_034,test,,1,2,2,8277.28463653124,256.3114533248683,0.9848898803123781,2.353674257005906
test_035,test,,1,2,2,8753.980052168783,428.4954110345278,0.9630798444799982,3.4183215756161403
test_036,test,,1,2,2,8300.467232206833,271.5124518928786,0.9831685174787612,2.8828994737790667
test_037,test,,1,2,2,8436.924555070147,501.52084125457054,0.9464887520485747,2.4038937009034225
test_038,test,,1,2,2,8480.02497276782,346.47885249663415,0.9739845552277567,3.0400010530553563
test_039,test,,1,2,2,8413.893059146778,805.046360092495,0.8722377202849204,0.9981395468168852
test_040,test,,1,2,2,8581.099687229027,423.65213507843237,0.9624648825212773,2.784388662660597
test_041,test,,1,2,2,8194.319861216018,492.6784030151391,0.9453233862519657,1.713819970746048
test_042,test,,1,2,2,8244.876495059107,395.5925318964177,0.9644746267922687,1.93783293890501
test_043,test,,1,2,2,8463.589648113131,389.5277544022475,0.9672197139206573,3.0262284310718224
test_044,test,,1,2,2,8234.968690519308,497.96662454522107,0.9447282215663573,1.2153504318152848
test_045,test,,1,2,2,8534.81220704749,484.2365859311303,0.9510180574756659,2.4355596927636993
test_046,test,,1,2,2,8380.68277346385,849.7380498113334,0.8587473177145196,0.6506711326876768
test_047,test,,1,2,2,8748.398575210551,548.6770186337129,0.9407907654788974,2.870085492801232
test_048,test,,1,2,2,8212.856362672319,537.1878065719825,0.9359338018362939,1.2341060076074486
test_049,test,,1,2,2,8497.933690050508,372.553999526982,0.9701655779922177,2.8933980764539644
test_050,test,,1,2,2,8372.65148965438,702.5217786507271,0.8987589235426064,1.1999504553025444
test_051,test,,1,2,2,8608.835268192854,363.8709588136333,0.9722101546009994,3.4575075562067625
test_052,test,,1,2,2,8157.376951225023,393.1298452858594,0.9641701784327275,1.7479319534598394
test_053,test,,1,2,2,8298.048152600351,463.8314389714634,0.9523894684601146,1.7360619362883671
test_054,test,,1,2,2,8002.200378559367,429.2870571321847,0.9559804363843061,1.5960328921766358
test_055,test,,1,2,2,8541.276368142419,331.0493816903729,0.9765282850128895,3.206952642178484
test_056,test,,1,2,2,8188.230458974483,383.1818280651199,0.9661473218590119,2.0621120866751665
test_057,test,,1,2,2,8351.048384804033,275.4981678486842,0.9828849528766014,3.0329377888323017
test_058,test,,1,2,2,8195.123047266581,466.93198497070773,0.9506230117406259,1.669547757718827
test_059,test,,1,2,2,8482.813688668095,289.26713428654443,0.9817344669691787,3.1661412948540746
test_060,test,,1,2,2,7996.707104544829,297.6692487177222,0.9783108556491894,2.2609583299216487
train_001,train,2.0,2,3,4,8736.240135458467,490.4464649847583,0.9519947614399661,2.7037701309844646
train_002,train,5.0,2,3,4,8479.482102868515,391.99945289814406,0.9669363985398902,2.317734075565851
train_003,train,2.0,2,3,4,8507.18805001501,446.5488916986923,0.9577768822166536,2.3561576234487998
train_004,train,4.0,2,3,4,7836.282124278762,403.87365397916244,0.9592324362140194,1.7966455907133705
train_005,train,5.0,2,3,4,8220.239243539112,389.4679099841593,0.9653287369837023,2.4150907305712925
train_006,train,2.0,2,3,4,8147.570281542832,500.6688147147964,0.9430245414266043,1.192387656798064
train_007,train,2.0,2,3,4,8453.78999547556,707.4326801614926,0.8992452642144648,1.654276938969602
train_008,train,5.0,2,3,4,8173.755509762296,248.12556592562547,0.9854700817896285,2.549672421710058
train_009,train,3.0,2,3,4,8094.298717934188,391.14294820647274,0.9639834496135966,1.5814499590297606
train_010,train,2.0,2,3,4,8458.216216845505,655.5569124905418,0.9123144974124447,1.4603083708787556
train_011,train,3.0,2,3,4,8250.637148078871,547.6427098152383,0.9341499338131598,1.275931505425147
train_012,train,5.0,2,3,4,8052.6018895748,334.7802784774937,0.9730896038769384,2.3251540836076607
train_013,train,2.0,2,3,4,8214.055874891063,641.0229893495597,0.9112088247296626,1.2101287661204552
train_014,train,5.0,2,3,4,8450.378355716803,481.5446654209799,0.9506095482785162,1.5276514995917116
train_015,train,3.0,2,3,4,8432.574510790391,442.02355974883255,0.9578880642240829,2.276875751621718
train_016,train,4.0,2,3,4,8385.659535843946,1019.325707769054,0.8087911902511228,0.4767599877292872
train_017,train,2.0,2,3,4,8710.229896536752,495.7923100262544,0.9507154418216252,2.857787251986591
train_018,train,5.0,2,3,4,8238.94835312868,452.5553543865329,0.9539484002898937,2.022217641278367
train_019,train,3.0,2,3,4,8355.537875609267,354.1787783887193,0.9720548152255167,2.1990882666756573
train_020,train,2.0,2,3,4,8472.902725067152,852.2922212430425,0.8606632019844294,0.8106873359214211
train_021,train,5.0,2,3,4,8384.926901015051,726.5926267351333,0.8927420735451141,1.5180840216209583
train_022,train,4.0,2,3,4,8641.076692069799,450.63306395849054,0.9583003860902876,2.7575609053097456
train_023,train,3.0,2,3,4,8405.712896123354,829.6605598037561,0.8651467146235552,1.0363118797553401
train_024,train,5.0,2,3,4,8512.480223810762,396.4011877066596,0.9664675771671795,2.8100197132758606
train_025,train,5.0,2,3,4,8537.810110425668,438.50861756125687,0.9595023960848412,2.0023359948908244
train_026,train,3.0,2,3,4,8371.29994613497,636.93652587295,0.9152274006943284,1.455293102453239
train_027,train,2.0,2,3,4,8669.650625972852,674.8885084100416,0.9116124484639362,2.2492309529252905
train_028,train,4.0,2,3,4,8471.02600278732,799.337006040689,0.875300435569293,1.033245953108728
train_029,train,2.0,2,3,4,8745.469047778388,580.6033161086872,0.9341254024673921,2.5786206328902885
train_030,train,5.0,2,3,4,8649.813435549835,640.2414697374342,0.9194062173491757,2.135729270083586
train_031,train,4.0,2,3,4,8129.904247900245,581.0576556224577,0.9244441243808253,1.2930774785012922
train_032,train,3.0,2,3,4,8143.001338203826,293.24377438629136,0.9796722469105567,2.406285904918424
train_033,train,1.0,2,3,4,8666.671977888293,479.7930400515423,0.9532552996901036,2.784266298727723
train_034,train,2.0,2,3,4,8191.400142622334,356.09379376121075,0.9706508486616688,1.9908625945088056
train_035,train,2.0,2,3,4,8312.732732269174,257.7304470085582,0.9848527049915345,3.031513964531961
train_036,train,2.0,2,3,4,8280.067992272561,432.7417927515769,0.9581271054903935,1.9198403000568884
train_037,train,2.0,2,3,4,8422.02518592275,313.7546699978268,0.9782765425153156,2.824584849744297
train_038,train,3.0,2,3,4,8591.985953423178,529.95073914485,0.9426224936827765,2.4425671952475296
train_039,train,3.0,2,3,4,8297.99547695892,421.2236322937566,0.9604038513738746,2.3074508315439255
train_040,train,2.0,2,3,4,8650.178277795158,603.1221177084842,0.9278312208267179,2.2874655943709277
train_041,train,3.0,2,3,4,8230.188452822376,395.7428874268844,0.9643261007660087,1.9652709634987682
train_042,train,2.0,2,3,4,8282.155409571233,225.67930796588428,0.9882594700934926,2.5670323797786097
train_043,train,4.0,2,3,4,8111.424280615124,643.9061131364627,0.9084091015696647,1.176631476052167
train_044,train,3.0,2,3,4,8253.644333395794,538.6304328438615,0.9362057465076298,1.2282116451953549
train_045,train,3.0,2,3,4,8239.073893752688,730.0422926414483,0.8883991821082345,0.9476793668843833
train_046,train,4.0,2,3,4,8341.698227828992,739.1798175286293,0.8883873087685698,0.8577772934187307
train_047,train,2.0,2,3,4,8435.415355278314,346.7305425909978,0.9736787252705661,2.8769756190321956
train_048,train,4.0,2,3,4,8146.954630359712,579.6855210453723,0.9250647077183044,1.2016812314319498
train_049,train,2.0,2,3,4,8185.639272626997,527.2678089039947,0.9377466382219977,1.652368622095536
train_050,train,4.0,2,3,4,7933.662970827078,367.8218201512739,0.9667522205765804,1.5388925286525232
train_051,train,3.0,2,3,4,8618.150230220577,427.0750929795997,0.9621938103189285,2.658309481114971
train_052,train,3.0,2,3,4,8144.421362886142,536.0179656697765,0.9351877615836093,1.5553403273796143
train_053,train,3.0,2,3,4,8612.339016937447,394.83756532906426,0.9674650630240109,2.747360757575661
train_054,train,2.0,2,3,4,8262.90779340206,860.7201469879371,0.8520708345279788,0.8965961354005207
train_055,train,3.0,2,3,4,8301.025772955361,591.6991006064166,0.9248178918213731,1.53973852730498
train_056,train,1.0,2,3,4,8088.409882364565,638.9125297680209,0.9092284964065549,0.8635731400382305
train_057,train,1.0,2,3,4,8246.414755764208,619.1731875333587,0.9172615978596,1.2923583855443281
train_058,train,1.0,2,3,4,7999.632010596073,272.34384878876807,0.9817931381328516,1.8863284885999843
train_059,train,2.0,2,3,4,8715.715897519596,571.9217285774861,0.935545678305021,2.6011131559142386
train_060,train,3.0,2,3,4,8248.663430537648,376.8454600657057,0.9676843346969033,2.2152959874388802
train_061,train,2.0,2,3,4,8348.697531748288,342.33966009773167,0.973802030366936,2.4095882601644396
train_062,train,3.0,2,3,4,8515.73914952722,389.5646725671149,0.9676010636546143,2.598607078067122
train_063,train,2.0,2,3,4,8293.44741261434,250.4854872780009,0.9856145962390658,2.6988111642890584
train_064,train,2.0,2,3,4,8418.748631151768,381.62835779100897,0.9681684986650464,2.5465539795921135
train_065,train,3.0,2,3,4,8540.434053423061,463.9811315336072,0.9549057425422316,2.153746978434599
train_066,train,2.0,2,3,4,8172.841145977785,518.0258408532567,0.9396022494917422,1.3274927060919053
train_067,train,3.0,2,3,4,8477.41738043432,546.9000289191557,0.9375674242314463,1.5349553438055938
train_068,train,3.0,2,3,4,8284.716581839266,597.1519428682004,0.9232540295738654,1.2841344214237385
train_069,train,2.0,2,3,4,8300.560854863183,347.4986792216216,0.9727227553452464,2.892388936633342
train_070,train,2.0,2,3,4,8469.79115211872,421.49085391815834,0.9618868472070443,2.3391448182928416
train_071,train,4.0,2,3,4,8388.894670683787,489.09028403814807,0.9484191060182487,1.9716876058283619
train_072,train,4.0,2,3,4,8577.980556088354,585.2056144868843,0.9306935669360933,2.2083382008504353
train_073,train,2.0,2,3,4,8582.073638690206,740.4102965301598,0.8935820595829813,1.4476364463447267
train_074,train,3.0,2,3,4,8589.694269062515,394.12555384509045,0.9674129058874975,2.8790941212376198
train_075,train,2.0,2,3,4,8547.558458533207,454.67807713420353,0.9566874331974555,2.412747804437919
train_076,train,2.0,2,3,4,8601.564617946895,565.895538762373,0.9352324906283791,2.2681142357127912
train_077,train,3.0,2,3,4,8301.68459823559,634.6473633005415,0.9144873822259892,1.1521977951949136
train_078,train,3.0,2,3,4,8585.60768655032,674.5739228362161,0.9101063255089124,2.009840456293282
train_079,train,2.0,2,3,4,8546.301042881398,651.2804658609435,0.9149817527808529,2.0437952100602255
train_080,train,1.0,2,3,4,8557.925130995134,416.46528695155837,0.9634919429362917,2.6872069044836193
train_081,train,3.0,2,3,4,8629.410172102209,412.5696132907371,0.9647180454383286,2.8112230941929273
train_082,train,3.0,2,3,4,8542.429558296471,519.9298305796166,0.9440449467970817,2.460969759858588
train_083,train,1.0,2,3,4,8498.187902745036,488.1684765855984,0.9498510007109146,2.601456355254322
train_084,train,5.0,2,3,4,8271.509059182876,601.1769392917187,0.9220676297589163,1.6795076957525037
train_085,train,3.0,2,3,4,8586.558390043148,591.0499327792927,0.9295316271893683,1.9044064174178503
train_086,train,2.0,2,3,4,8755.283334097969,503.37914760401674,0.9497672225019168,2.888577358823346
train_087,train,3.0,2,3,4,8280.429579523965,384.0664411942922,0.9667241219319853,2.3306078204341434
train_088,train,2.0,2,3,4,8414.378008924357,468.74951383504407,0.9526945386828048,2.123201048788011
train_089,train,2.0,2,3,4,8331.255740276894,264.05595889260854,0.9841814679471341,3.3144427127045466
train_090,train,4.0,2,3,4,8624.180858640797,641.6927422609068,0.918627446737448,2.1297214869053906
train_091,train,2.0,2,3,4,8559.59258289317,468.0314358097825,0.9543469163386388,2.4426800896904943
train_092,train,2.0,2,3,4,8041.416396773447,483.8156475127311,0.9452527093491183,1.3901696247424216
train_093,train,3.0,2,3,4,8124.325089425616,314.8334236080868,0.9765363551345656,2.3971510438648975
train_094,train,3.0,2,3,4,8589.561158614713,447.11458647215625,0.9584487033443818,2.7283244450755846
train_095,train,3.0,2,3,4,8175.33965665627,418.6458296074331,0.9597327273163546,1.7095917243046532
train_096,train,2.0,2,3,4,8268.122363794073,601.5558433993891,0.9219180899715691,1.2557255546486061
train_097,train,3.0,2,3,4,8746.47006295814,614.2873353712148,0.9268511549496355,2.5981788274048405
train_098,train,1.0,2,3,4,8573.091574213624,598.7823600241198,0.9275991918099427,1.9235655813647892
train_099,train,3.0,2,3,4,8295.65927985969,653.5675296410269,0.9096603563140275,1.2809993747944963
train_100,train,5.0,2,3,4,8275.2884743511,452.5391694938794,0.954336661779044,2.2227853409434077
train_101,train,2.0,2,3,4,8734.372662663149,801.1867484173316,0.8813488614295959,1.8264510573688062
train_102,train,2.0,2,3,4,8589.133735639069,1016.517361898405,0.8169236231242101,0.47604535691749117
train_103,train,3.0,2,3,4,8203.138932738353,524.9591044008456,0.9385039929976664,1.8245329465153937
train_104,train,1.0,2,3,4,8363.930569246704,605.362065787166,0.9226654095395974,1.4605747813082077
train_105,train,4.0,2,3,4,8194.567863996375,290.021903295927,0.98035230352088,2.3047547221652707
train_106,train,1.0,2,3,4,8578.744856007239,431.32132613425017,0.9611263924067732,2.8260940287539524
train_107,train,3.0,2,3,4,8699.600814414178,425.310104031749,0.96316722593545,2.9825825518689117
train_108,train,1.0,2,3,4,8292.068105370534,868.3055790837867,0.8507420875139343,0.8262252517961706
train_109,train,3.0,2,3,4,8304.537736958864,340.8334480632874,0.9737563771411305,2.2983962487282925
train_110,train,1.0,2,3,4,8652.383746286161,448.3442632239922,0.9588088692545799,3.040310102474702
train_111,train,3.0,2,3,4,8654.380151178475,491.8584118405006,0.9508589586384617,2.4055074216051846
train_112,train,1.0,2,3,4,8518.642350946999,372.876134023257,0.9702563088960641,3.1972595524095375
train_113,train,3.0,2,3,4,8293.434638741877,476.27114091725383,0.9498780986019553,2.1773864471870326
train_114,train,3.0,2,3,4,8287.81606349192,787.1777854252946,0.8738664802368981,0.9106004441522542
train_115,train,3.0,2,3,4,8293.768233472589,599.8801093822404,0.9227613765933651,1.435620556999635
train_116,train,4.0,2,3,4,8075.553245941694,566.6731241105416,0.9269692171223163,1.4182279963979099
train_117,train,1.0,2,3,4,8489.137128631834,410.84543738779104,0.9638779919129763,2.8272345423025027
train_118,train,2.0,2,3,4,8038.858515230784,526.4421190858227,0.9357888655133152,1.3462153751887351
train_119,train,2.0,2,3,4,8454.121722677619,829.6096873551392,0.8664952267153103,0.8700207398442803
train_120,train,5.0,2,3,4,8357.012960204018,437.07116203155664,0.9580705073018552,1.5606306762549513
test_001,test,,2,3,4,8136.35149183247,446.0886363951182,0.95411168469058,1.7523100110077516
test_002,test,,2,3,4,8119.2083155233495,724.7508412960785,0.8869272236374643,1.0116447607566892
test_003,test,,2,3,4,7984.3027414332655,381.0351231325822,0.9648413712585524,1.4621435171843045
test_004,test,,2,3,4,8248.108190936611,574.1061272352991,0.9280598047852952,1.1422642046677955
test_005,test,,2,3,4,8250.328855387279,989.0306815992972,0.8130539280225293,0.642475951851508
test_006,test,,2,3,4,8692.726974672758,492.72365390834545,0.9511072762822581,2.955813099623068
test_007,test,,2,3,4,8484.099770164574,375.14416771181385,0.9696661806969243,2.570304065522055
test_008,test,,2,3,4,8249.37988553947,808.2074084300943,0.8668697152759668,0.8863650321392855
test_009,test,,2,3,4,8020.43925491524,506.4235084160516,0.9400353146341166,1.2604229859172547
test_010,test,,2,3,4,8282.480570483163,258.59418292388375,0.9846426849993138,3.092500550913143
test_011,test,,2,3,4,8328.470265730622,691.2285921215962,0.9007280445607414,1.121534108484826
test_012,test,,2,3,4,8187.703429244441,597.1093394247384,0.9215783846524581,1.0409027826868007
test_013,test,,2,3,4,8378.581940191982,559.4837257665057,0.9334075252667952,1.6858355118918427
test_014,test,,2,3,4,8160.767354925815,440.31035538240684,0.9554954503646235,1.9438875063239163
test_015,test,,2,3,4,7927.885714429757,269.9805439362702,0.9817826373322729,1.980090451488782
test_016,test,,2,3,4,8350.187194220323,514.3183499465205,0.9427732788836433,2.210622191775659
test_017,test,,2,3,4,8488.36849693805,310.7639762758328,0.979004909929556,2.643832559747582
test_018,test,,2,3,4,8519.890166323788,763.8635928528848,0.8860436035118753,1.2379869879899523
test_019,test,,2,3,4,8280.898120672355,333.47932097842636,0.9747083250289948,0.854791973089009
test_020,test,,2,3,4,8176.970099081729,397.35654798506766,0.963592624044559,1.5140226903049134
test_021,test,,2,3,4,8347.091812578652,505.2460608861589,0.944624859055891,1.7647675164092833
test_022,test,,2,3,4,8155.603783039832,678.2198637175444,0.9003742049675644,0.9790712455628636
test_023,test,,2,3,4,8284.243968201852,387.83615614729825,0.9661201144881738,1.5763014956126726
test_024,test,,2,3,4,8167.076515774852,657.0287943891709,0.9061653983695838,1.0217314852588917
test_025,test,,2,3,4,8080.552178633769,473.9227166740043,0.9478342614343385,1.3471359761724617
test_026,test,,2,3,4,8126.3766051589155,645.8270642714078,0.9082196964084791,1.0960079537625589
test_027,test,,2,3,4,8460.688812579263,1110.7128591314872,0.7838539552247674,0.4104108932596775
test_028,test,,2,3,4,8426.403841729567,731.6908190233432,0.8923473789770586,0.8708117545151097
test_029,test,,2,3,4,8555.985658084095,602.314110506616,0.9265338545083565,0.9492441035911305
test_030,test,,2,3,4,8132.21185138943,367.09925442931376,0.968425545458322,1.9889115236563812
test_031,test,,2,3,4,8275.119891511982,436.09915284981787,0.957453900428921,1.6622951350059978
test_032,test,,2,3,4,8245.652729112036,608.4101293155123,0.9198710036315162,1.1175678134569704
test_033,test,,2,3,4,8258.326748720467,674.2730288401552,0.9036187271558711,1.029424926658728
test_034,test,,2,3,4,8255.912270301258,972.967754747121,0.8181820741622172,0.788826165719648
test_035,test,,2,3,4,8380.292591395777,642.4789307499121,0.914042135903916,1.6515290940916625
test_036,test,,2,3,4,8041.426975315169,350.1645447107906,0.9705545610291941,1.9137106959217984
test_037,test,,2,3,4,8359.734450967479,704.6315897512453,0.8979292394340657,1.5120176088108934
test_038,test,,2,3,4,8292.201257823366,548.9051691802921,0.9344840773588854,0.9227892999651219
test_039,test,,2,3,4,8191.003743848734,761.3692773615733,0.8785486747057042,0.8596670631489731
test_040,test,,2,3,4,8517.503143424778,932.8945649568864,0.838969955826067,0.8377216231999745
test_041,test,,2,3,4,8038.6053247989175,468.246510467362,0.948506998365761,1.645974904159547
test_042,test,,2,3,4,8181.081993566102,662.9410431451107,0.9049260778769291,0.9682797965792922
test_043,test,,2,3,4,8267.603570555391,419.16760548325414,0.9604968207474949,2.3347008286740083
test_044,test,,2,3,4,8197.21706864316,722.1615204895754,0.8895363252406315,0.8725891164329393
test_045,test,,2,3,4,8613.327328906278,571.7591937797495,0.9341407600033089,2.263235569222924
test_046,test,,2,3,4,8405.457737996583,1195.339780714039,0.7555273920761552,0.47781937499198435
test_047,test,,2,3,4,8671.53327629875,460.43778104454185,0.9568373389514495,2.902125555111658
test_048,test,,2,3,4,8084.416480605478,671.5117686842191,0.9005844486986365,0.9563977434044784
test_049,test,,2,3,4,8401.371243826605,915.2379551275246,0.8404182727320282,0.8472048196735749
test_050,test,,2,3,4,8278.868584553864,754.3238420635266,0.8827455791826166,0.9619605148838692
test_051,test,,2,3,4,8140.362662002425,224.3676310536017,0.9879910266600322,2.363894720575429
test_052,test,,2,3,4,8250.44630434455,857.3368618326912,0.8526821812972896,0.7105463508320113
test_053,test,,2,3,4,8478.385245509493,923.4674804195638,0.8404648274753175,0.7504227672158992
test_054,test,,2,3,4,8184.976770365002,740.0839880747764,0.884320408908339,0.9948722249383071
test_055,test,,2,3,4,8264.19087902252,1128.4794606788496,0.7702162557924872,0.6892168381015988
test_056,test,,2,3,4,8413.032742055024,807.4850056469382,0.8715391843210021,1.0010876661622126
test_057,test,,2,3,4,8114.388882640227,395.6540540327312,0.9633540881537136,1.4786916004687676
test_058,test,,2,3,4,8151.272396043992,616.8337546453994,0.9160670133283237,0.9980012837791001
test_059,test,,2,3,4,8223.73560002204,673.3665070467256,0.9031207944444207,1.0104508473442042
test_060,test,,2,3,4,8198.287660827362,713.1974477907858,0.8919923831117706,0.9572854698245097
train_001,train,2.0,3,5,7,8689.677677146827,512.143087188997,0.9473491545422381,2.542582362252904
train_002,train,5.0,3,5,7,8168.788939400422,435.6851824528048,0.9564668460235686,1.8553767034313582
train_003,train,2.0,3,5,7,8181.484560361051,562.8572827585547,0.9296036484521986,1.3249282546770917
train_004,train,4.0,3,5,7,7892.917923478813,342.6939817465159,0.9707212650613025,1.8840365255185825
train_005,train,5.0,3,5,7,7932.434256506452,248.09837221154976,0.9845897333863923,2.349647887613279
train_006,train,2.0,3,5,7,7893.28799946498,354.16756494602646,0.9687929563651027,1.6937467803937176
train_007,train,2.0,3,5,7,8333.702144322282,599.0012136186757,0.9236503520446409,1.579741689425438
train_008,train,5.0,3,5,7,8138.492213487887,378.99435431507624,0.966466091085938,1.8984896137663387
train_009,train,3.0,3,5,7,7902.741630971781,395.5514763426384,0.961460857838197,1.4576629425098222
train_010,train,2.0,3,5,7,8078.084460484048,532.4389382855699,0.9350082454347405,1.4939877266721027
train_011,train,3.0,3,5,7,8018.845466477859,426.1708431682381,0.9567618016109378,1.4450264209631847
train_012,train,5.0,3,5,7,8005.943164878849,371.84192395067726,0.9666362571577655,1.931532545069608
train_013,train,2.0,3,5,7,8011.50146503532,472.0865058347416,0.9473675222799697,1.4346722858019438
train_014,train,5.0,3,5,7,8120.855935043021,516.2333027030137,0.9392705810177284,1.2545125997101962
train_015,train,3.0,3,5,7,8018.783650506969,445.3460424487739,0.9529697486973112,1.438914897816189
train_016,train,4.0,3,5,7,8010.543501638677,571.4422108309257,0.924708571958016,1.0635736932101283
train_017,train,2.0,3,5,7,8475.862311826431,461.320581826763,0.954747120824766,2.31833440133067
train_018,train,5.0,3,5,7,8363.620313329924,440.8838821176284,0.9574315774932618,2.3285694024428905
train_019,train,3.0,3,5,7,8025.658657487407,446.9702824685623,0.9527196134976569,1.486906242534995
train_020,train,2.0,3,5,7,7992.76937076081,379.2620499881428,0.96522765714897,1.5761477336481144
train_021,train,5.0,3,5,7,8229.933242806708,602.5883976538538,0.9209997608377253,1.4481357080242967
train_022,train,4.0,3,5,7,8482.506966991697,377.5839056454338,0.969271324178784,2.6061458015292716
train_023,train,3.0,3,5,7,8144.236204641795,565.1676427433792,0.9284618196648693,1.2711925387105794
train_024,train,5.0,3,5,7,8348.919222837165,299.98602523327736,0.979761337445678,2.822124830161409
train_025,train,5.0,3,5,7,8114.236308564657,287.98973700479013,0.9802433811745506,1.769903061066679
train_026,train,3.0,3,5,7,8117.56990637899,448.052196276948,0.953521141273435,1.5805394578583147
train_027,train,2.0,3,5,7,8599.630051363034,596.7804718292103,0.9284594012862881,2.3887053695717486
train_028,train,4.0,3,5,7,8251.82909187951,553.3117655189809,0.9328896334467968,1.389580593122492
train_029,train,2.0,3,5,7,8587.404724259415,496.14710110176304,0.9492986083600805,2.587229969966307
train_030,train,5.0,3,5,7,8524.569716000331,555.3815108106629,0.9364051869836504,2.1667704460226576
train_031,train,4.0,3,5,7,7961.357925389133,337.3052618247219,0.972081342943087,1.7614730225406818
train_032,train,3.0,3,5,7,7984.018431899877,254.9063519573909,0.9839523187404672,2.3412871401914854
train_033,train,1.0,3,5,7,8566.66075645195,459.03211940546925,0.9560785596411389,2.7336827552320924
train_034,train,2.0,3,5,7,8051.90613777938,288.8891000572864,0.9798195435494755,2.2490718241963963
train_035,train,2.0,3,5,7,8237.327711838327,243.65112289382355,0.9861946703975207,2.7206553454906044
train_036,train,2.0,3,5,7,8008.690591762271,451.79110993158747,0.9515489229614793,1.5896700150183793
train_037,train,2.0,3,5,7,8362.853806732712,388.9814818409062,0.9665427759165729,2.319700586855557
train_038,train,3.0,3,5,7,8377.293698854679,426.7619028371183,0.9601328567033961,2.261204888558023
train_039,train,3.0,3,5,7,8377.692515617673,483.3718039018808,0.94942958283862,2.0586734561775506
train_040,train,2.0,3,5,7,8623.241933421648,662.3104284779407,0.9137553869536863,2.1619967867866094
train_041,train,3.0,3,5,7,8095.588435573778,507.3820695127691,0.9408680639603645,1.344219634232581
train_042,train,2.0,3,5,7,7932.05866778566,170.1686699709003,0.9926899394109724,2.1402101874276944
train_043,train,4.0,3,5,7,7878.829998957214,369.5982285941575,0.9659883142453826,1.5604698343727197
train_044,train,3.0,3,5,7,8012.871661769918,422.31477052752797,0.9574469333418736,1.5027335856173067
train_045,train,3.0,3,5,7,7917.519871940698,401.2405174903708,0.9605304339044904,1.532130111851056
train_046,train,4.0,3,5,7,8005.606440790806,437.53356101654055,0.9543879892615238,1.4168282283042215
train_047,train,2.0,3,5,7,8138.670541095234,364.62719841744985,0.968884056331311,1.7168595343755113
train_048,train,4.0,3,5,7,8003.681948619209,457.240907455797,0.9503722874503874,1.449897926285316
train_049,train,2.0,3,5,7,8041.477085354425,487.5290067291436,0.9444567460817412,1.5076240743042684
train_050,train,4.0,3,5,7,7807.471886982437,338.3347799881745,0.9708300539598883,1.6136354937718265
train_051,train,3.0,3,5,7,8046.559197558874,527.362907029604,0.9356938518748503,1.3676044410667343
train_052,train,3.0,3,5,7,8074.16722215274,412.2171843264794,0.9599656854264379,1.5446079501328462
train_053,train,3.0,3,5,7,8043.6879907973935,466.58075880187636,0.9489153220886124,1.4937285711363373
train_054,train,2.0,3,5,7,7999.568399402293,378.53935999836824,0.9654122921790972,1.6737382374589513
train_055,train,3.0,3,5,7,8074.193921445973,431.80988994917954,0.9562403474355325,1.5467470891149615
train_056,train,1.0,3,5,7,7830.379553172027,472.55009051170435,0.9449378336102259,1.2798495495679276
train_057,train,1.0,3,5,7,8084.816995578988,470.43023749352454,0.9486123422016444,1.5212341019627305
train_058,train,1.0,3,5,7,7819.4951871655985,257.0150962817741,0.9830082935072542,1.9851844806439694
train_059,train,2.0,3,5,7,8509.888366600255,506.95981834665486,0.9462679436479245,2.4657861414058897
train_060,train,3.0,3,5,7,8064.860834948193,319.7634600556218,0.9754644750619569,2.0327057040888317
train_061,train,2.0,3,5,7,8164.819544767121,338.8979327629981,0.9731740470007152,2.1035302745843536
train_062,train,3.0,3,5,7,8116.801309664204,469.83669874295197,0.9491179931684645,1.4174175989100979
train_063,train,2.0,3,5,7,8160.342102873456,207.16698729494473,0.9897932183175306,2.6666419865794504
train_064,train,2.0,3,5,7,8064.488864488182,399.54156909696053,0.962211406124968,1.7635769329341953
train_065,train,3.0,3,5,7,8168.38599371299,533.2901752870437,0.9361556173361023,1.298531714966507
train_066,train,2.0,3,5,7,8083.603745532013,557.5273559410363,0.9292729402758352,1.3005104747396086
train_067,train,3.0,3,5,7,8082.240112490019,478.3904742481511,0.9469195477800827,1.5170987869378845
train_068,train,3.0,3,5,7,8084.838489396369,462.1504105119804,0.9503164935460573,1.4119668562203804
train_069,train,2.0,3,5,7,8241.000151370932,316.43422896286194,0.9769537093170683,2.7596525907542606
train_070,train,2.0,3,5,7,8132.7904329289495,492.7599154956612,0.9445216566509378,1.4065176455749002
train_071,train,4.0,3,5,7,8402.93010461319,516.7940029759833,0.9429343376623733,2.0455094852449145
train_072,train,4.0,3,5,7,8563.00476380179,536.6278876559782,0.9408782196584132,2.382327818776629
train_073,train,2.0,3,5,7,8317.549613003099,613.526969032091,0.9199161842207848,1.5362076627483559
train_074,train,3.0,3,5,7,7985.279485799974,421.63181205739073,0.9572974900574881,1.6902002996044914
train_075,train,2.0,3,5,7,8496.873131463144,464.11037003304625,0.9544390811824457,2.3832555905629143
train_076,train,2.0,3,5,7,8642.774215723184,556.0330385171732,0.9378893000663224,2.3863655076634047
train_077,train,3.0,3,5,7,8050.017537859906,484.5388411845146,0.9452087443836273,1.400648389411753
train_078,train,3.0,3,5,7,8678.074400733602,756.1240930200407,0.8916889464015659,1.9738096741531912
train_079,train,2.0,3,5,7,8445.62540638074,571.0729316325293,0.9318325014261746,2.1157678265527586
train_080,train,1.0,3,5,7,8332.205773115513,308.8802770029753,0.9784853302421732,2.569933675381477
train_081,train,3.0,3,5,7,8204.52572957425,489.89899357492715,0.94603251519097,1.4777045360210153
train_082,train,3.0,3,5,7,8444.764192988761,415.8229063080953,0.9626550037566548,2.636487050988784
train_083,train,1.0,3,5,7,8362.188525912585,361.89646310155905,0.970904536419252,2.7484021058235
train_084,train,5.0,3,5,7,8211.815698606672,507.72947410899656,0.9423600979190928,1.8526765321275365
train_085,train,3.0,3,5,7,8388.560061983875,603.2004567162212,0.9235904076161565,1.7412136044353739
train_086,train,2.0,3,5,7,8696.181494293905,593.3049407692878,0.9306858601836212,2.4807392140209363
train_087,train,3.0,3,5,7,8173.532288042933,384.99350880985725,0.9657186550084504,1.9611177538414237
train_088,train,2.0,3,5,7,8210.202024924365,331.93920997043585,0.9745130957806502,2.098492780594176
train_089,train,2.0,3,5,7,8040.396885891236,194.16659513808384,0.9907555610669437,2.819333805171511
train_090,train,4.0,3,5,7,8427.26186303102,458.71825577080966,0.9547390426616728,2.1480318368340985
train_091,train,2.0,3,5,7,8131.509295746557,534.1636540833366,0.9354151403285249,1.3925430220071027
train_092,train,2.0,3,5,7,7998.7516317783075,426.196895258069,0.9565486584843588,1.4079527630926476
train_093,train,3.0,3,5,7,7950.815343032878,287.86456822952596,0.9794572509767964,2.226636910090905
train_094,train,3.0,3,5,7,8206.18225530029,291.9176553945202,0.9801549083116814,2.2791280790145105
train_095,train,3.0,3,5,7,8102.330195264598,524.0056814817076,0.9372752082851025,1.229652684083658
train_096,train,2.0,3,5,7,7989.563487347691,470.48309692681664,0.9474333160885432,1.4579031457787703
train_097,train,3.0,3,5,7,8600.41265372597,543.8741411143815,0.9398628674585148,2.5784443635838645
train_098,train,1.0,3,5,7,8459.752339536159,463.49565538315676,0.9541728273200504,2.276040249598518
train_099,train,3.0,3,5,7,8146.54489208671,509.6649042414141,0.94106642211647,1.4014112805610246
train_100,train,5.0,3,5,7,8159.464351305516,339.28890641414284,0.9730794272979657,2.3703127832025794
train_101,train,2.0,3,5,7,8553.313768312744,627.7627339090918,0.9206517051211689,1.995684843702203
train_102,train,2.0,3,5,7,8053.42166250443,490.5349453516146,0.9439655450888953,1.441882610787097
train_103,train,3.0,3,5,7,8025.466888331137,352.00558553795486,0.9701384600896177,1.788366115870378
train_104,train,1.0,3,5,7,8247.484383442632,605.8001143768539,0.9205349833637904,1.1408977291488078
train_105,train,4.0,3,5,7,7951.783573164017,334.60983207390836,0.9724491392010364,1.7655992479113385
train_106,train,1.0,3,5,7,8306.128005123372,313.6002698912967,0.9777011872136285,2.672857089999953
train_107,train,3.0,3,5,7,8180.02921554602,432.82312512706164,0.9571254050746584,1.5689578076314241
train_108,train,1.0,3,5,7,7950.8544169050265,478.4059258147287,0.9452442746816888,1.3773752401894885
train_109,train,3.0,3,5,7,7959.648021203232,370.3507303597156,0.9665211874769742,1.6541138478545108
train_110,train,1.0,3,5,7,8567.159264732738,388.9910247193743,0.9680676293607715,3.0010814831506085
train_111,train,3.0,3,5,7,8354.339540210467,642.9354984129033,0.913441214923223,1.4734114380018637
train_112,train,1.0,3,5,7,8302.901958315213,299.6658394047658,0.9795837391131337,2.929157506183317
train_113,train,3.0,3,5,7,8465.894087669629,509.86947670289777,0.9451480357420358,2.1321913216707387
train_114,train,3.0,3,5,7,7957.00105368832,460.12680106604466,0.9492144063680926,1.4254479946758458
train_115,train,3.0,3,5,7,8024.319177895907,438.19067151514497,0.9544605450133807,1.5436965504192734
train_116,train,4.0,3,5,7,8000.855786399054,395.87284036469146,0.9623060434710529,1.5238231426596824
train_117,train,1.0,3,5,7,8357.911642799743,375.76665440951103,0.9686716517423921,2.6747210042927985
train_118,train,2.0,3,5,7,7725.306770384719,319.63372514816706,0.9733401115477841,1.838962862114637
train_119,train,2.0,3,5,7,8041.793596663366,425.07543070309805,0.957208954452244,1.5930965827430885
train_120,train,5.0,3,5,7,8121.900190049727,511.54852627191576,0.9403167409378747,1.1494754688892295
test_001,test,,3,5,7,8126.269593651132,468.53459666286034,0.9494973003622207,1.574900240562215
test_002,test,,3,5,7,7921.689872721538,358.247147452483,0.9683140999326527,1.6712421136854223
test_003,test,,3,5,7,7808.303476274258,290.3127647653152,0.9783609598756244,1.7920825569045888
test_004,test,,3,5,7,7895.438692326993,350.67730457713037,0.9694024342366042,1.6557818276384149
test_005,test,,3,5,7,7877.22477051932,482.38240534498317,0.9433955902339247,1.3225038351579652
test_006,test,,3,5,7,8625.997450855895,535.6557629670455,0.941887201390198,2.5584038056335783
test_007,test,,3,5,7,8147.430800645842,554.0509958958678,0.9311066165439095,1.2391381540976258
test_008,test,,3,5,7,8031.814508449907,438.57787598794977,0.9544649250356447,1.3080853623120072
test_009,test,,3,5,7,7834.622644037114,297.4080744637013,0.9774633272439447,1.7851058625001004
test_010,test,,3,5,7,7950.903390762869,201.48764131909314,0.9898294549301134,2.549313081685175
test_011,test,,3,5,7,8178.3588156655205,540.2596351283728,0.9347348784593904,1.2421354940810012
test_012,test,,3,5,7,7929.077854071618,339.5400339273504,0.9714965227626239,1.624493955720645
test_013,test,,3,5,7,8205.632351787777,611.548820962509,0.9183827673167619,1.1805875092386175
test_014,test,,3,5,7,8153.989633215616,525.1082314592409,0.9377735124969679,1.5652253898399255
test_015,test,,3,5,7,7782.983346153876,271.3592588063224,0.9809211942088365,1.8037367265438178
test_016,test,,3,5,7,8266.185658475153,470.39859539844906,0.9507390226296553,2.252271103178816
test_017,test,,3,5,7,8161.823684437524,557.1793449070085,0.9306090469611603,1.236305215741731
test_018,test,,3,5,7,8246.114075267153,556.106196719831,0.9321685325004401,1.3732030334385277
test_019,test,,3,5,7,8155.689168740539,310.26422644741456,0.9773681405085433,1.9369715191248869
test_020,test,,3,5,7,7972.053008114071,416.29415368236795,0.9581944536575193,1.3752574945463767
test_021,test,,3,5,7,8223.473866695575,562.4454779450651,0.9303655978439201,1.3767204872316388
test_022,test,,3,5,7,7877.666686349946,358.5574603857517,0.9679166101123468,1.6165525353007553
test_023,test,,3,5,7,8088.358178330767,450.33035372098357,0.9527459760018449,1.294184325059251
test_024,test,,3,5,7,7893.382334562704,373.6609092081341,0.9653861351608867,1.567181297784641
test_025,test,,3,5,7,7969.132783034995,476.5830270883676,0.9458737225249922,1.346726956214873
test_026,test,,3,5,7,7839.6118579164895,412.6212667316268,0.9575576889133619,1.581807669382087
test_027,test,,3,5,7,7898.360688593371,395.0813308522976,0.9615078722781149,1.4305740232908173
test_028,test,,3,5,7,8060.528332668125,467.7373698045021,0.9488780396707559,1.3048812757784853
test_029,test,,3,5,7,8205.666264168736,680.0035415675799,0.9009991314197137,0.8065536015135812
test_030,test,,3,5,7,7932.469321490616,289.2519658596602,0.9791688424096804,1.8727275966179668
test_031,test,,3,5,7,8029.726650809791,364.6781968755151,0.9680524935995447,1.565950890606243
test_032,test,,3,5,7,7897.1889476021615,363.4347578086615,0.967224076131084,1.644795506952173
test_033,test,,3,5,7,7863.421399578745,414.8175488990874,0.9573722923399411,1.5943367293648834
test_034,test,,3,5,7,7939.087893468763,431.6175338496465,0.9548446076326067,1.4563232995040583
test_035,test,,3,5,7,8304.579895401475,631.873206977952,0.9152241773476911,1.3057826097995227
test_036,test,,3,5,7,7891.3675867525735,259.51318579746084,0.9829908054269403,1.9040108408632026
test_037,test,,3,5,7,8348.502631653073,641.7816307478397,0.9136145903013454,1.4725054657705305
test_038,test,,3,5,7,8192.958552704922,587.5472266507317,0.9239705000895627,0.9383300658911864
test_039,test,,3,5,7,7870.328724999835,299.7802042641099,0.9773131661637822,1.7188564780816442
test_040,test,,3,5,7,8209.490960000678,590.0096272164452,0.9236655684819359,1.2858140574300183
test_041,test,,3,5,7,7955.119726206804,307.3712302499552,0.976670730212136,1.9039839055780323
test_042,test,,3,5,7,7868.306711964647,316.35349827219886,0.9747876842490449,1.6633947224357533
test_043,test,,3,5,7,8131.044415886526,445.6639588708927,0.9541379449710963,1.9207307465555186
test_044,test,,3,5,7,7902.102916958847,313.34402469986117,0.975459318667358,1.6709436770719606
test_045,test,,3,5,7,8522.509560794706,562.8653247571975,0.9347627878983706,2.240421711395099
test_046,test,,3,5,7,7981.485807428753,368.4759210099111,0.9670232660539971,1.3835445824563966
test_047,test,,3,5,7,8602.791538729218,467.02937185655634,0.9549682815528903,2.660623640617144
test_048,test,,3,5,7,7883.451866831845,307.9664788829332,0.976164886797158,1.6439031977282763
test_049,test,,3,5,7,8130.355911875016,546.5076043489557,0.9325813557444983,1.2595680840875554
test_050,test,,3,5,7,8065.416892442903,490.6224877238144,0.9441039575235572,1.5063739048186777
test_051,test,,3,5,7,7896.621092341714,431.91518687827534,0.9543197727822071,1.3560715988923047
test_052,test,,3,5,7,7931.6359158905025,450.1458649406055,0.9509908350302534,1.3983308928914022
test_053,test,,3,5,7,8107.768381473286,446.96997372187366,0.9536282870115992,1.496653309773734
test_054,test,,3,5,7,7934.160815995046,367.3086227811186,0.9668458815972538,1.696657184791202
test_055,test,,3,5,7,7901.369540673053,493.1280198610461,0.9413350347441939,1.3196543234873026
test_056,test,,3,5,7,8063.1553052652425,491.73657428726193,0.9438343566659209,1.3746720446836331
test_057,test,,3,5,7,8033.087004143509,424.1073462791703,0.9573068877345681,1.301725282167708
test_058,test,,3,5,7,7941.407453894921,376.66087309230886,0.965256869862379,1.4619012382734597
test_059,test,,3,5,7,7948.966356787896,428.99291640262874,0.9554735984773092,1.3772201422574817
test_060,test,,3,5,7,7870.707548402579,499.566043071445,0.9394450519779878,1.307935452737257
train_001,train,2.0,4,8,14,8677.565845700354,477.83994016568874,0.9537284772292114,2.5961906438219167
train_002,train,5.0,4,8,14,7934.161460401907,301.3055563125372,0.9774459292923541,1.9486913783446012
train_003,train,2.0,4,8,14,7898.699683739573,256.35767888270357,0.9834254073073733,2.0590784460764766
train_004,train,4.0,4,8,14,7748.953262680537,229.8922870483932,0.9861129700450411,2.2062041778648043
train_005,train,5.0,4,8,14,7842.905075526066,177.62615206985538,0.9918598912045774,2.3679047303301424
train_006,train,2.0,4,8,14,7755.72860112052,210.43738197284364,0.9883578080874931,2.2938419947958586
train_007,train,2.0,4,8,14,8027.317899445481,323.93713716250875,0.9746060853138085,1.9298768985964578
train_008,train,5.0,4,8,14,7960.577022893529,288.33042762298163,0.9794415503209238,1.862954166400261
train_009,train,3.0,4,8,14,7698.433938542178,231.6868149761716,0.9857153577064616,2.066664938115963
train_010,train,2.0,4,8,14,7871.473562602013,268.5370933278937,0.9817188464579387,2.0615719901057226
train_011,train,3.0,4,8,14,7806.0908958495065,214.1180211132157,0.9881050577226244,2.1399939920618243
train_012,train,5.0,4,8,14,7808.269777359198,210.68791009694274,0.9884851117965125,2.251215569700676
train_013,train,2.0,4,8,14,7806.9083493225735,235.3591452142397,0.9856664439607401,2.0364239710109135
train_014,train,5.0,4,8,14,7731.499178780182,268.84177459891055,0.9810213841353232,1.8553613142919296
train_015,train,3.0,4,8,14,7811.085597041964,206.2641949961248,0.9889661692886417,2.1798310655166766
train_016,train,4.0,4,8,14,7900.158314397488,267.45084684952576,0.9819928625394185,1.7878461347357275
train_017,train,2.0,4,8,14,8192.583739167316,300.3474230649377,0.9789483660199434,2.406189372265234
train_018,train,5.0,4,8,14,8151.738756062214,279.8291244779618,0.9814948199243626,2.5134078345063333
train_019,train,3.0,4,8,14,7798.7583806097355,214.26282707838078,0.9880670144467251,2.0828399421430897
train_020,train,2.0,4,8,14,7853.147696749772,246.62136492067114,0.9844656032637457,2.1517581989226997
train_021,train,5.0,4,8,14,7970.029016609583,269.7347859910852,0.9820035374752522,2.010812941906482
train_022,train,4.0,4,8,14,8254.338447688278,283.0501923238236,0.9815333796494763,2.3377317195635205
train_023,train,3.0,4,8,14,7890.1509229998555,269.60836651796524,0.9816609179686974,2.0060804630151656
train_024,train,5.0,4,8,14,8175.52832526075,220.58537950961696,0.9884863649786285,2.7739031967149006
train_025,train,5.0,4,8,14,7832.205519624887,205.194997612462,0.9891371969690084,1.838330770181095
train_026,train,3.0,4,8,14,7779.279784712322,227.918564199357,0.9864519578295395,2.168087697594439
train_027,train,2.0,4,8,14,8560.844575951145,500.627067950113,0.9481224063921401,2.5618021894811855
train_028,train,4.0,4,8,14,7799.985803827503,235.59943082223714,0.9856124445536872,2.143889370845695
train_029,train,2.0,4,8,14,8299.714472913227,307.6911695893658,0.9784832274255418,2.8099414738931494
train_030,train,5.0,4,8,14,8318.933964486414,391.5727653089337,0.9657641842471221,2.219974464934946
train_031,train,4.0,4,8,14,7775.9976899778685,211.94446355196,0.9882531854518528,2.2022524372847583
train_032,train,3.0,4,8,14,7834.419244955662,192.1179619330465,0.9904702014143685,2.3244340044575758
train_033,train,1.0,4,8,14,8238.446458295684,312.25955790819995,0.9775306150671899,2.555841281618494
train_034,train,2.0,4,8,14,7993.752434193173,261.04241036354256,0.9832238180824664,2.2841964988005943
train_035,train,2.0,4,8,14,8190.260834630332,241.642653745096,0.9862638562323665,2.6990617316054526
train_036,train,2.0,4,8,14,7833.106084102986,236.38630050906758,0.9856380296485453,2.1111021234109533
train_037,train,2.0,4,8,14,8184.611471479286,235.76032458482265,0.9868980011340469,2.585749130587595
train_038,train,3.0,4,8,14,8129.089581579043,369.3757322914944,0.9680215144873977,2.0993885309580183
train_039,train,3.0,4,8,14,8172.464985404777,279.4076248284839,0.9816412481524567,2.539208975902852
train_040,train,2.0,4,8,14,8430.526493368216,489.4386193293745,0.9488322305391391,2.3870793337654233
train_041,train,3.0,4,8,14,7742.359210830876,207.94959976109584,0.9885894780556224,2.145701980545872
train_042,train,2.0,4,8,14,7802.54189277805,156.60688015250645,0.99359559046336,2.366176445641198
train_043,train,4.0,4,8,14,7722.035541204696,216.73460023213133,0.9875527562599125,2.226139114835634
train_044,train,3.0,4,8,14,7772.290435687971,207.86839487881693,0.9886849419733793,2.2008938237131304
train_045,train,3.0,4,8,14,7781.100924332977,211.56426568898607,0.9883099682257721,2.189429368639435
train_046,train,4.0,4,8,14,7735.281505410241,222.9665356282353,0.9868806671920014,2.0886570959919393
train_047,train,2.0,4,8,14,7832.376805252709,220.6266954885818,0.9874636794493296,2.1707659712397076
train_048,train,4.0,4,8,14,7723.9032196275475,237.09348109401546,0.985147929197636,2.1485844832149326
train_049,train,2.0,4,8,14,7876.634229813732,265.7923839936899,0.9821070268921251,2.019691123094204
train_050,train,4.0,4,8,14,7763.430729021276,227.83731920678534,0.9864069021085414,2.081352574168486
train_051,train,3.0,4,8,14,7773.965640243444,229.51013940401782,0.9862461643714987,2.088886770820963
train_052,train,3.0,4,8,14,7852.775532064361,251.01200909254007,0.9839150316491312,1.8952535279100804
train_053,train,3.0,4,8,14,7804.530311782274,212.266198180304,0.9883029002872352,2.108666535525618
train_054,train,2.0,4,8,14,7801.01516957647,219.05005856227962,0.9875416676007348,2.2210699935657887
train_055,train,3.0,4,8,14,7838.652738474449,270.5979195305069,0.9812895931163453,1.9088028726802948
train_056,train,1.0,4,8,14,7657.718169595135,230.8914564511345,0.9856627683014,2.102156515010752
train_057,train,1.0,4,8,14,7850.620767456609,244.74874050166008,0.9846873180984237,2.0923956478130856
train_058,train,1.0,4,8,14,7691.300480722105,201.67267037429403,0.9891191423119488,2.357618579212043
train_059,train,2.0,4,8,14,8166.950850212155,393.8646393140255,0.9641221712048442,2.157451967145019
train_060,train,3.0,4,8,14,7901.036948723592,180.78978097351396,0.9916923817568657,2.314837001006971
train_061,train,2.0,4,8,14,8035.482894439217,255.13966953146092,0.9841254126567919,2.337865123266086
train_062,train,3.0,4,8,14,7830.034269154954,242.02290105865862,0.9849437434029119,2.1871911664447046
train_063,train,2.0,4,8,14,8002.30880307171,185.10932319489808,0.991511252745673,2.641485231419332
train_064,train,2.0,4,8,14,7778.8980098764905,212.1282574747947,0.9882417129583536,2.1755115800969334
train_065,train,3.0,4,8,14,7883.53858075148,240.09938928886243,0.9853761492882129,1.985010759139029
train_066,train,2.0,4,8,14,7857.165203871156,269.9568182497587,0.9814625267455666,2.099563166666325
train_067,train,3.0,4,8,14,7846.406119355868,252.54379530497587,0.9836953145247002,1.9767967504322392
train_068,train,3.0,4,8,14,7804.782797002966,208.97879150325244,0.98865905317305,2.18598800334175
train_069,train,2.0,4,8,14,8056.069382319734,206.8491887224327,0.9895618347549706,2.599256078354883
train_070,train,2.0,4,8,14,7825.099425260728,217.2706577695295,0.9878152079906766,2.1298562933505583
train_071,train,4.0,4,8,14,8161.708896248621,301.83301534574747,0.978586363527994,2.3916791051207884
train_072,train,4.0,4,8,14,8280.934541099443,387.3844965957093,0.9661702030698346,2.3377762233533597
train_073,train,2.0,4,8,14,8027.669409621503,301.9119410907791,0.9778699345517854,2.100734808125968
train_074,train,3.0,4,8,14,7813.831060048002,235.7501865027399,0.985644564593038,2.0663808800129644
train_075,train,2.0,4,8,14,8332.180276511071,317.85247996027357,0.9772459988128602,2.4950043701394824
train_076,train,2.0,4,8,14,8492.821848321006,424.90210357005463,0.9614929864797352,2.6118822392558565
train_077,train,3.0,4,8,14,7815.572243751134,266.53189655758666,0.9817320519305686,2.015613415625297
train_078,train,3.0,4,8,14,8737.559887402842,679.8101123419751,0.9116988610927962,2.121327246373397
train_079,train,2.0,4,8,14,8253.643950305146,357.19579820176295,0.9709050272202469,2.3515658068379253
train_080,train,1.0,4,8,14,8148.033622763335,225.69933244232507,0.9878723753256953,2.537871164362552
train_081,train,3.0,4,8,14,7915.566937203282,287.56340404724386,0.979320128127085,1.9167208544591103
train_082,train,3.0,4,8,14,8281.09449068168,308.2337627958908,0.9783138176181624,2.7267495298371767
train_083,train,1.0,4,8,14,8255.080245261759,275.95017498457855,0.9824352223639007,2.725019989045058
train_084,train,5.0,4,8,14,7962.605027847083,330.78317478604396,0.9731300209343801,2.060810978249801
train_085,train,3.0,4,8,14,8204.844681017548,441.01029486085014,0.9558173637489795,2.0031200469355914
train_086,train,2.0,4,8,14,8726.171033746397,536.8212337474587,0.9429047801113473,2.5606331762788295
train_087,train,3.0,4,8,14,7863.521056886141,280.25238784383276,0.98008194593474,2.044545407272306
train_088,train,2.0,4,8,14,8196.64246733937,244.3851211530146,0.9859762559071547,2.4788896257867696
train_089,train,2.0,4,8,14,7943.6505530801605,165.10038634656928,0.9931358846335486,2.7956186263900245
train_090,train,4.0,4,8,14,8280.897008813425,312.4455403502254,0.9777293682461783,2.4390543181609488
train_091,train,2.0,4,8,14,7859.666185965748,253.21929126575435,0.9836637627944113,2.0948520914073168
train_092,train,2.0,4,8,14,7657.92660701568,212.092968100967,0.9878758171675324,2.0486562985148318
train_093,train,3.0,4,8,14,7879.110971071209,203.46439250146508,0.989443177040674,2.4094740404145947
train_094,train,3.0,4,8,14,8031.973855058458,231.15898206359847,0.9869208571153589,2.3938286039504
train_095,train,3.0,4,8,14,7801.313933220869,246.56443448027275,0.984268899685576,2.0587621724076604
train_096,train,2.0,4,8,14,7753.3244327030225,230.36076072664443,0.9860726025654035,2.0643438272292194
train_097,train,3.0,4,8,14,8203.797248540504,398.49988535245484,0.9636208348285846,2.3602750044137375
train_098,train,1.0,4,8,14,7833.627228337675,179.79982402598446,0.991641518102304,2.2903374338359326
train_099,train,3.0,4,8,14,7854.91120091491,269.106781023232,0.9815665570560211,2.071828362230648
train_100,train,5.0,4,8,14,7985.467239753632,232.17775978388994,0.9866547788614102,2.3651785623644628
train_101,train,2.0,4,8,14,7981.755760332013,282.89823855410896,0.9802966034261942,1.987130781521918
train_102,train,2.0,4,8,14,7826.886346518943,213.72464184161058,0.9882103604799604,2.1982340282640997
train_103,train,3.0,4,8,14,7822.1451895057135,188.62832329656243,0.9907815068441637,2.2198446264093104
train_104,train,1.0,4,8,14,7846.820048730061,275.9697883265415,0.9805936108130205,1.822843376015105
train_105,train,4.0,4,8,14,7828.158003093951,235.80372557256783,0.9856899071552169,2.047394594470001
train_106,train,1.0,4,8,14,8040.761432874205,195.52448942126426,0.9906278659836911,2.5283536822796018
train_107,train,3.0,4,8,14,7877.765914545968,245.85453486225273,0.9846554354459893,2.012068201795066
train_108,train,1.0,4,8,14,7773.249635580731,249.73700082844096,0.9837532419628272,2.045613276110327
train_109,train,3.0,4,8,14,7763.617568969437,193.49398758848108,0.9901591711588034,2.2199420924057787
train_110,train,1.0,4,8,14,8293.065345890764,294.0079963082205,0.9802866167152363,2.7455899661247423
train_111,train,3.0,4,8,14,8027.476105111113,306.3682903936988,0.9772257303057443,2.182386111550713
train_112,train,1.0,4,8,14,8135.188021930355,219.30395669561943,0.9885063703274999,2.747091145691973
train_113,train,3.0,4,8,14,8177.388217870059,316.5100348592084,0.9765912329918974,2.519051432829018
train_114,train,3.0,4,8,14,7765.375575899624,212.41791580479182,0.9881693470003439,2.1510537628015385
train_115,train,3.0,4,8,14,7803.108361825178,227.91115078989307,0.986534327239925,2.061088927612027
train_116,train,4.0,4,8,14,7757.712240255931,243.4481767970799,0.9844877069409522,2.152696773322946
train_117,train,1.0,4,8,14,8171.536808967635,242.65287673014743,0.9860877001161534,2.787836495788035
train_118,train,2.0,4,8,14,7734.901624147225,203.18203398451382,0.9890802541011341,2.2842073088349837
train_119,train,2.0,4,8,14,7872.86205638706,221.66085403968478,0.9874755388685094,2.2422096340072786
train_120,train,5.0,4,8,14,7815.725860818722,266.6961892951811,0.9817106417833458,1.7838639903711337
test_001,test,,4,8,14,7833.540912765841,270.7531104235475,0.9812445318340015,2.05614225859689
test_002,test,,4,8,14,7727.590837450449,223.0859429848093,0.9868409864326242,2.167722840424667
test_003,test,,4,8,14,7711.777985050653,189.26000904342322,0.990455272636644,2.343648076636427
test_004,test,,4,8,14,7751.529218682695,207.64982316120148,0.98864857764395,2.2588265276102693
test_005,test,,4,8,14,7709.920568624773,251.19966322214358,0.9832989469769046,2.037315928155774
test_006,test,,4,8,14,8637.651751911539,511.26393999321954,0.946919849298689,2.596587356426345
test_007,test,,4,8,14,7781.2479613883725,228.79272349191342,0.9863560660410438,2.1110711507068824
test_008,test,,4,8,14,7716.501289715969,226.87441536293016,0.9863577927490574,2.0450418301434947
test_009,test,,4,8,14,7678.898449762678,202.4266169002266,0.9890034820210355,2.3243741558486946
test_010,test,,4,8,14,7861.172467793388,185.46724750300268,0.9911726751734612,2.5442606616679964
test_011,test,,4,8,14,7827.478848497144,277.47749131444886,0.9802900158363134,2.036447996519975
test_012,test,,4,8,14,7720.339354982879,199.60841876040604,0.9894175911209087,2.269069251377627
test_013,test,,4,8,14,7902.126699724316,325.07407072845956,0.9736370647432466,1.7900976449156776
test_014,test,,4,8,14,7829.604570539926,269.7174825611865,0.9813666974310741,2.034538156067544
test_015,test,,4,8,14,7667.232377080585,199.09373778369354,0.9893267256658115,2.2259064486282627
test_016,test,,4,8,14,8169.693660130388,339.74253629231015,0.9730750669197128,2.443511943551748
test_017,test,,4,8,14,7925.015443111067,300.15354487500184,0.9775636732322691,1.8095712519942584
test_018,test,,4,8,14,7906.161201419466,210.1579131431063,0.9888211305203521,2.1526095143783914
test_019,test,,4,8,14,7964.992417679739,330.9616357917811,0.9731174887768101,1.8702336173761704
test_020,test,,4,8,14,7740.6921312580635,192.4511142943728,0.9902067434236741,2.047924652944575
test_021,test,,4,8,14,8015.32857220841,334.66558758413817,0.972863651050597,1.8605645097056485
test_022,test,,4,8,14,7689.461884088945,220.50264317939966,0.9870138937699012,2.2067778668478324
test_023,test,,4,8,14,7767.56283393862,208.74298464763413,0.9885768820705804,2.033855443600138
test_024,test,,4,8,14,7731.49493697725,219.951276000785,0.9872162491557437,2.2475949738428165
test_025,test,,4,8,14,7732.21816487477,220.58955634963294,0.9871452761792645,2.1358993493688487
test_026,test,,4,8,14,7714.037046772302,213.62634187189144,0.9878781328006275,2.307551530766835
test_027,test,,4,8,14,7591.103952489896,225.309773059425,0.9861007472167803,2.2289779806127017
test_028,test,,4,8,14,7779.767143596759,217.2580663527896,0.9876759602861689,2.1899837056911213
test_029,test,,4,8,14,7822.01551410121,327.1817299133545,0.9727685817404302,1.6730893699505938
test_030,test,,4,8,14,7817.166125840089,200.3162184831133,0.9896028463564521,2.2985399004732
test_031,test,,4,8,14,7811.718421108025,216.52178157736992,0.987857052696642,1.9243222837006018
test_032,test,,4,8,14,7722.852913344528,208.4360843847711,0.9884793267692955,2.2567928690726884
test_033,test,,4,8,14,7761.996142008345,229.46569058262628,0.9862095680866941,2.1083856788118593
test_034,test,,4,8,14,7820.939840048203,243.24601494093466,0.9847586524795935,2.052126152164713
test_035,test,,4,8,14,8034.608016265224,389.3807895976195,0.9637824834748019,1.781357496070581
test_036,test,,4,8,14,7796.161443011039,191.61396028582783,0.990427282911642,2.2084587510684752
test_037,test,,4,8,14,8185.349370112061,427.48941737308263,0.958183750468766,1.937899690089667
test_038,test,,4,8,14,7791.491982171062,236.21502164155496,0.9855071587738201,1.8139063855156818
test_039,test,,4,8,14,7795.249758300773,215.73805667199656,0.9878933634056842,2.244766388704928
test_040,test,,4,8,14,7850.434219831191,284.02540006630414,0.9794862374816871,1.9659966511669715
test_041,test,,4,8,14,7900.0730465855195,245.0628731033834,0.9848372739733127,2.290716768008947
test_042,test,,4,8,14,7790.62771549563,216.97278425926302,0.987741734938045,2.2771958622610544
test_043,test,,4,8,14,7969.345050726787,300.0546254752129,0.9778213609457921,2.1053482239594263
test_044,test,,4,8,14,7757.973850351033,206.14264545671978,0.9888293003047827,2.2755560421006065
test_045,test,,4,8,14,8422.468269923265,477.4729538576636,0.9510939928695767,2.4607305328708255
test_046,test,,4,8,14,7772.717080588298,240.02136211639305,0.9849721106666676,2.0902292570663716
test_047,test,,4,8,14,8414.079091864312,321.4730235501919,0.9771771859730962,2.7938891076067405
test_048,test,,4,8,14,7726.042472149737,211.4994696570244,0.9881519171305589,2.2655926364696555
test_049,test,,4,8,14,7852.615420525041,274.0537548145736,0.980884713767802,1.9448693215456876
test_050,test,,4,8,14,7837.3567524996215,292.2207609219876,0.978240518998383,2.179087955402794
test_051,test,,4,8,14,7746.195707514746,230.8561286420387,0.985988083670093,1.9482989801705655
test_052,test,,4,8,14,7737.858860785767,233.55467135305486,0.9856328488715796,1.9981782745895647
test_053,test,,4,8,14,7800.633713919184,229.98171474504915,0.986283335318838,2.149558539913121
test_054,test,,4,8,14,7763.298827038105,234.35661280496166,0.9856287298019182,2.264404109268362
test_055,test,,4,8,14,7700.719475579356,241.64994914494574,0.9844889344991851,2.033441456179405
test_056,test,,4,8,14,7802.450528728602,238.86204399865818,0.985226335370969,2.1294730861279794
test_057,test,,4,8,14,7674.339122508172,215.7329823284506,0.9875142545188783,2.0659000940694954
test_058,test,,4,8,14,7720.388856526315,232.00222309905885,0.9857571836077925,2.296581158378009
test_059,test,,4,8,14,7756.010426864442,235.86338595008553,0.9854190696932114,1.9920872299957075
test_060,test,,4,8,14,7550.589475847117,231.81986683870022,0.9851420656935039,2.1704512013675785
train_001,train,2.0,5,15,27,8679.70560535378,444.0083754502828,0.9598135899048601,2.7699320125962554
train_002,train,5.0,5,15,27,7900.080276247081,168.36496840613677,0.9927853412113419,2.604665539766872
train_003,train,2.0,5,15,27,7817.2895240473445,149.38517776473222,0.9941911189353074,2.6786136320117198
train_004,train,4.0,5,15,27,7761.091375193546,175.70228682782144,0.991866407700522,2.7491180518918874
train_005,train,5.0,5,15,27,7735.164370836187,157.36166777068422,0.9934217187268686,2.689606661928675
train_006,train,2.0,5,15,27,7807.50276751321,182.15351041235954,0.9913661427820994,2.7861073275135357
train_007,train,2.0,5,15,27,7838.775399276733,164.58815183659775,0.9929956470436728,2.475820512770494
train_008,train,5.0,5,15,27,7783.437686262798,173.0735541312609,0.9921509650932537,2.408450951401936
train_009,train,3.0,5,15,27,7733.328499657267,183.18841970639986,0.9911018162542916,2.650136740514901
train_010,train,2.0,5,15,27,7853.670020850153,195.11927901618003,0.9902207160708986,2.6168196004020468
train_011,train,3.0,5,15,27,7785.993590395332,154.79696233091985,0.9937153835177123,2.7074411633648117
train_012,train,5.0,5,15,27,7761.441486539754,182.48817824372287,0.9912324112084419,2.573959513355767
train_013,train,2.0,5,15,27,7815.178433892421,164.06043514346783,0.9929983814726447,2.707788410570787
train_014,train,5.0,5,15,27,7604.219558478873,177.02214436508146,0.9914036047567979,2.52878205758888
train_015,train,3.0,5,15,27,7848.357159302255,160.26803145405128,0.9933722170086962,2.773185539149299
train_016,train,4.0,5,15,27,7797.749057008369,177.7694279545926,0.9917529406562413,2.5169164723683233
train_017,train,2.0,5,15,27,7768.551378771842,145.60230435468284,0.9944108950014826,2.5777030403206274
train_018,train,5.0,5,15,27,7823.077644809088,169.69881503467386,0.992527518004635,2.585682365288979
train_019,train,3.0,5,15,27,7789.955449760269,163.5710178506407,0.9929949732663063,2.6617319129052994
train_020,train,2.0,5,15,27,7836.691798603904,189.2899513497721,0.9907514365952564,2.7053094000639017
train_021,train,5.0,5,15,27,7814.585734334517,164.83859370113925,0.9929312108784402,2.556337771418554
train_022,train,4.0,5,15,27,7971.142961035284,169.62653058010991,0.9928066527834042,2.5672574631798435
train_023,train,3.0,5,15,27,7866.826085174665,179.69302656494656,0.991721095310492,2.627451450546407
train_024,train,5.0,5,15,27,8005.515447844494,174.6542228850143,0.9924420377902877,2.677474349035431
train_025,train,5.0,5,15,27,7719.3388638286915,157.1353544209261,0.993413756858751,2.388463397137423
train_026,train,3.0,5,15,27,7749.11880990294,182.69220314640242,0.9911852459596852,2.6194781714754596
train_027,train,2.0,5,15,27,8029.996201295704,217.62861152389354,0.988384254086495,2.5652124799391043
train_028,train,4.0,5,15,27,7809.755176377938,180.92092265062624,0.9914864728666739,2.7337031021752045
train_029,train,2.0,5,15,27,7974.0479782435095,173.80901450740458,0.9924557160565276,2.802659625621147
train_030,train,5.0,5,15,27,8004.016197003807,179.31157060775251,0.9920338735502294,2.5304760293417115
train_031,train,4.0,5,15,27,7696.7496218722235,173.50931014739683,0.9919344533790297,2.7177041097725034
train_032,train,3.0,5,15,27,7797.418054134378,172.01251934933694,0.9922737287565017,2.650484912037732
train_033,train,1.0,5,15,27,7896.078284430845,179.61079670795175,0.9917892774123105,2.5909942179512155
train_034,train,2.0,5,15,27,7857.597380159007,187.5788088642074,0.9909642135702862,2.6336474190136476
train_035,train,2.0,5,15,27,8071.868912612441,183.89601229740092,0.9917638418697399,2.8472218015507282
train_036,train,2.0,5,15,27,7835.39087189228,152.65658284547666,0.9939632933829768,2.763685964778145
train_037,train,2.0,5,15,27,7958.975009712429,161.26742457113215,0.9934738740380807,2.7841246195680887
train_038,train,3.0,5,15,27,7852.651039509621,187.82410410133312,0.9909294675565784,2.450201580459698
train_039,train,3.0,5,15,27,7815.506215256421,146.30283426013042,0.9944245098077261,2.692701178550581
train_040,train,2.0,5,15,27,8127.203744835781,313.0211511953845,0.9768155070676816,2.5298502015590767
train_041,train,3.0,5,15,27,7746.495287124316,159.45175856328888,0.9932666076278308,2.6700396607465313
train_042,train,2.0,5,15,27,7788.354200862342,187.19563029294952,0.9908415032164687,2.567754588749957
train_043,train,4.0,5,15,27,7725.767510919342,183.91751611800126,0.9910140763956714,2.727396346134274
train_044,train,3.0,5,15,27,7776.102680050955,166.47185024332236,0.9927204490435717,2.67107918515447
train_045,train,3.0,5,15,27,7788.431698207339,184.20930958506398,0.9911289857200047,2.670175047317982
train_046,train,4.0,5,15,27,7755.690054413858,161.82464693687228,0.993082427387306,2.7352183654192377
train_047,train,2.0,5,15,27,7775.86480592192,152.59718468137046,0.9938758227931587,2.6647368769603528
train_048,train,4.0,5,15,27,7763.800168994168,200.46331299044456,0.9894456128750652,2.70154781444805
train_049,train,2.0,5,15,27,7816.856059431375,173.29954715263483,0.9921972333273844,2.6638607371205465
train_050,train,4.0,5,15,27,7754.343256317061,185.83692739209786,0.9908941345367366,2.6438006881023153
train_051,train,3.0,5,15,27,7777.072218898054,146.13083412364085,0.9943827336102601,2.687385042607545
train_052,train,3.0,5,15,27,7754.6213595856225,164.18394878642727,0.9928787473096651,2.493207021302288
train_053,train,3.0,5,15,27,7770.600336264404,159.94380146592567,0.9932669529140861,2.6629644625274507
train_054,train,2.0,5,15,27,7859.574105902526,185.03320194489777,0.9912100384268037,2.7682362176948025
train_055,train,3.0,5,15,27,7796.122824218198,159.08962365252836,0.9933814569916335,2.627470379505004
train_056,train,1.0,5,15,27,7662.012969646933,185.04199913727032,0.9907542787184254,2.6572510220299606
train_057,train,1.0,5,15,27,7828.011304428051,172.9459707018114,0.9922507543419863,2.688197124953712
train_058,train,1.0,5,15,27,7738.103525365816,174.46761985377208,0.9919320627394039,2.7559613623113117
train_059,train,2.0,5,15,27,7972.246620937752,192.33836909445543,0.9907729151026572,2.4358203412945425
train_060,train,3.0,5,15,27,7814.661040877288,155.1305817808804,0.9937343685649721,2.6170574628565193
train_061,train,2.0,5,15,27,7918.2767927557015,182.89192434272465,0.9915363765052131,2.6480444938453642
train_062,train,3.0,5,15,27,7820.018453071026,164.75836365997114,0.9929477812247032,2.7189776284289424
train_063,train,2.0,5,15,27,7964.786193650164,175.84344104451299,0.9922616159840828,2.810023373113575
train_064,train,2.0,5,15,27,7808.802236585394,155.25698278109127,0.9937148564532156,2.7580953667231496
train_065,train,3.0,5,15,27,7812.735914565257,158.09919155864839,0.9934906626215515,2.628203401095761
train_066,train,2.0,5,15,27,7787.296027809148,174.9854016031659,0.991985881822692,2.634272991516772
train_067,train,3.0,5,15,27,7788.079688137342,173.92074065578868,0.9920839164217707,2.556185148339499
train_068,train,3.0,5,15,27,7819.574157508164,154.62700623617712,0.9937824996703737,2.7202701872423978
train_069,train,2.0,5,15,27,7776.095388904819,136.48826465884468,0.995094854114498,2.630577184308839
train_070,train,2.0,5,15,27,7789.280300665045,158.2998365333211,0.9934351355005117,2.634326560527013
train_071,train,4.0,5,15,27,7871.029151456632,154.9989192912305,0.9938336527234123,2.636171663496225
train_072,train,4.0,5,15,27,7798.810957389592,182.8935724841078,0.9912772142385367,2.518661925938436
train_073,train,2.0,5,15,27,7898.851827691998,186.98669760257562,0.9911133759244893,2.5750498123345436
train_074,train,3.0,5,15,27,7754.451565726727,150.3779824061278,0.9940189014645416,2.678751095407061
train_075,train,2.0,5,15,27,8174.551005579638,204.44326769598018,0.9900913822483609,2.739162404884912
train_076,train,2.0,5,15,27,7937.281645813098,164.02872707936027,0.9932132983809804,2.6350192316707775
train_077,train,3.0,5,15,27,7798.838737080329,170.85550239452778,0.9923792847920573,2.6756316396615905
train_078,train,3.0,5,15,27,8571.1127361743,443.93321071745953,0.9588443965342073,2.4536396202690676
train_079,train,2.0,5,15,27,8038.941432298401,173.38786897935896,0.9926117922044746,2.763395498327351
train_080,train,1.0,5,15,27,7941.867244525616,154.61960829916825,0.993971934043317,2.616096588624764
train_081,train,3.0,5,15,27,7822.405916195642,149.66339926360098,0.9941771677215536,2.5955898141024036
train_082,train,3.0,5,15,27,7888.103152051902,162.82937998086328,0.9932284280089104,2.653383672168883
train_083,train,1.0,5,15,27,7921.334717356669,176.61394266745177,0.9921089897198094,2.5156929641183527
train_084,train,5.0,5,15,27,7816.578911204047,184.0984334073817,0.9912027038288316,2.615648480239634
train_085,train,3.0,5,15,27,7936.657009923182,212.73957440336505,0.9886347963469065,2.3458897793602667
train_086,train,2.0,5,15,27,8687.064157168772,507.23042086365444,0.9482729319049595,2.6660991247011063
train_087,train,3.0,5,15,27,7768.160944034009,180.43222681497522,0.9914418671177546,2.5511902955289223
train_088,train,2.0,5,15,27,8231.119260043444,224.91774726894093,0.9881942933941216,2.8137229720874335
train_089,train,2.0,5,15,27,7749.300841705696,165.42082250348278,0.9927619692527618,2.7438589024848214
train_090,train,4.0,5,15,27,7933.674478744572,166.56743544607284,0.9929967560264943,2.469072766813478
train_091,train,2.0,5,15,27,7817.565191223835,158.40758067032488,0.9934734279388916,2.716197806058526
train_092,train,2.0,5,15,27,7687.512267134211,175.6004509385113,0.9917207878842027,2.6664208638993596
train_093,train,3.0,5,15,27,7855.317319893183,158.31586046023745,0.9935430406380306,2.804057346454954
train_094,train,3.0,5,15,27,7885.746210218336,150.39925736585064,0.9942136394479147,2.6260135772599096
train_095,train,3.0,5,15,27,7788.497468624001,182.86738976032953,0.9912567817444438,2.6295565459109156
train_096,train,2.0,5,15,27,7683.073750414044,169.94062608868018,0.9922329153876187,2.6237216691170637
train_097,train,3.0,5,15,27,7860.46876060442,158.88506424477342,0.9935052950747991,2.5850619060612523
train_098,train,1.0,5,15,27,7705.377564786922,175.18197868996728,0.9917977292860837,2.679156615761065
train_099,train,3.0,5,15,27,7786.245996119226,170.65573121207962,0.9923725348221639,2.608118835979563
train_100,train,5.0,5,15,27,7745.9290360219065,156.39374935089157,0.9935198021554045,2.62518925876428
train_101,train,2.0,5,15,27,7831.732067306036,173.36419099305778,0.9922208617719895,2.4362502591746837
train_102,train,2.0,5,15,27,7844.404022711245,183.38787444119095,0.9913311782254512,2.7157291424458867
train_103,train,3.0,5,15,27,7747.923746850373,174.28436741018484,0.9919690981346104,2.558485507569136
train_104,train,1.0,5,15,27,7779.6484210492135,158.45017981669392,0.9934065527755073,2.517517372512094
train_105,train,4.0,5,15,27,7762.313044462125,182.49580790282215,0.9912336361466741,2.52263061737185
train_106,train,1.0,5,15,27,7857.881239194667,163.93923616781376,0.9930839070748348,2.618078166602979
train_107,train,3.0,5,15,27,7770.754543618364,150.38069926328998,0.9940436084657682,2.7008310018762014
train_108,train,1.0,5,15,27,7710.580364566749,203.55842278077196,0.9889717177400591,2.6056300057274573
train_109,train,3.0,5,15,27,7776.850004238638,155.28746523898488,0.9936609589208344,2.7073992015084833
train_110,train,1.0,5,15,27,7997.8057404328165,180.92456928729243,0.9918785815612301,2.640890460129466
train_111,train,3.0,5,15,27,7991.358468532347,176.01949648118378,0.9922973152608584,2.7105065858252972
train_112,train,1.0,5,15,27,7850.82060375598,162.69630345201048,0.993175493657533,2.612139476943052
train_113,train,3.0,5,15,27,7774.40572114317,164.20885502379588,0.9929125545728917,2.5685890344185554
train_114,train,3.0,5,15,27,7787.677853638434,187.94522733397102,0.9907670984242603,2.656596024945377
train_115,train,3.0,5,15,27,7738.494376497794,157.59214120291014,0.9934082019440161,2.6449259171860184
train_116,train,4.0,5,15,27,7748.104716408018,160.323980492695,0.9931960521251509,2.747919694246396
train_117,train,1.0,5,15,27,8036.231112019393,172.53790605509192,0.9926786214642276,2.834431467656283
train_118,train,2.0,5,15,27,7811.652071145952,190.72928374293593,0.9905518631706333,2.7766877507823997
train_119,train,2.0,5,15,27,7896.718434827628,187.66621312861633,0.9910444555507252,2.7249572871682908
train_120,train,5.0,5,15,27,7757.393822186465,161.165607239407,0.9931412643065803,2.425295868899336
test_001,test,,5,15,27,7778.617358546097,150.54844236673281,0.9940423827207535,2.704164730888955
test_002,test,,5,15,27,7786.514264332133,192.73408538871695,0.9902923459189417,2.7267215674635974
test_003,test,,5,15,27,7782.947963697923,178.95383390697697,0.9916120556303955,2.765445917869066
test_004,test,,5,15,27,7794.206747893649,183.31422657825664,0.9912271306526997,2.760852650309248
test_005,test,,5,15,27,7632.735389241298,195.7947243685223,0.9895813121596035,2.6238313527381782
test_006,test,,5,15,27,8664.970258137826,487.4514045886515,0.9518055830984892,2.6856085880612195
test_007,test,,5,15,27,7742.215285156622,153.1044168883018,0.993781923963881,2.7015354892789913
test_008,test,,5,15,27,7769.409199302889,188.14563368790215,0.9907044223843651,2.592398386483362
test_009,test,,5,15,27,7715.966700486334,183.4946061986184,0.9910324506754836,2.724109861263189
test_010,test,,5,15,27,7806.46619393827,167.99577785532284,0.992644680042646,2.6483892194845176
test_011,test,,5,15,27,7784.884025332639,183.61661684214192,0.9911775117039981,2.5503032731749045
test_012,test,,5,15,27,7774.0963544930955,186.2143618910597,0.9909034267493996,2.7636522644250867
test_013,test,,5,15,27,7820.562425589532,173.0801945750949,0.9922241379706225,2.549514715596116
test_014,test,,5,15,27,7773.217478405745,142.9120666942641,0.9946208493948808,2.5871614666196816
test_015,test,,5,15,27,7694.670155749384,193.18401492387878,0.9900155451751219,2.649179988277009
test_016,test,,5,15,27,8125.7400011998225,224.84867652402446,0.9878971805198256,2.707552495183762
test_017,test,,5,15,27,7811.129668472213,167.795243822014,0.992670795726288,2.4116278149848096
test_018,test,,5,15,27,7894.454922574926,170.14450510038827,0.992622728695512,2.713778052759066
test_019,test,,5,15,27,7832.234791509282,172.44330077173976,0.9923036320603523,2.5844522136731056
test_020,test,,5,15,27,7761.932417838601,160.92203193373544,0.9931697786270904,2.595885168430452
test_021,test,,5,15,27,7855.2807632929835,168.98383654330775,0.9926500722719447,2.5704603226650473
test_022,test,,5,15,27,7768.517807065505,188.5780109746874,0.9906599253356013,2.7314141913114414
test_023,test,,5,15,27,7698.875322036987,157.2552625428129,0.993368888361412,2.6524070980396868
test_024,test,,5,15,27,7709.142694194107,186.7904731275018,0.9906941328327641,2.680114386827797
test_025,test,,5,15,27,7755.570282524258,179.43525980849728,0.9915081101241568,2.7109188989130297
test_026,test,,5,15,27,7764.4557280154595,190.73100088500115,0.9904375839742724,2.7218366168757573
test_027,test,,5,15,27,7582.46258561274,199.41643313644914,0.9890543520199689,2.8089851282278877
test_028,test,,5,15,27,7779.906637359881,184.2127568915713,0.9911093768622302,2.765325633477164
test_029,test,,5,15,27,7686.202385123758,168.80817703973815,0.9923414869004776,2.531595754440362
test_030,test,,5,15,27,7805.914043892476,171.02581535062077,0.9923779307540394,2.7988031750281053
test_031,test,,5,15,27,7667.724266241776,154.88340452776254,0.9935140915750856,2.3934683220813042
test_032,test,,5,15,27,7756.112236674442,184.3175397860196,0.9910451445330896,2.7614026036740196
test_033,test,,5,15,27,7812.7663647911095,192.65036199996894,0.9903651421165579,2.644289075385859
test_034,test,,5,15,27,7793.509813390269,184.70703224772305,0.991092926281166,2.675542796701924
test_035,test,,5,15,27,7892.10456932282,194.5975356431715,0.9903660423288754,2.4594032725904738
test_036,test,,5,15,27,7778.386602905359,173.08320252897423,0.9921399786127565,2.600705677368552
test_037,test,,5,15,27,8067.972282646124,217.56071319806298,0.9884991893635015,2.543637669993278
test_038,test,,5,15,27,7730.675225918955,156.0308573320542,0.9935243312870947,2.5220378836155293
test_039,test,,5,15,27,7801.414038530168,195.48486292273634,0.9900537727228377,2.7594444550329076
test_040,test,,5,15,27,7794.364483186253,175.87523049435322,0.9919193871576962,2.6062870860402265
test_041,test,,5,15,27,7818.877748455435,180.67728904206356,0.9915288257956953,2.699691120899703
test_042,test,,5,15,27,7843.426852862434,200.25727360672101,0.989677648549686,2.737609498276276
test_043,test,,5,15,27,7835.731590574694,169.61522592653213,0.9925587350732417,2.5126142381582204
test_044,test,,5,15,27,7808.328685626474,197.60911502192712,0.9898564500128456,2.751540337133677
test_045,test,,5,15,27,7909.547758011497,180.05556667914684,0.9917767460165371,2.647338909925965
test_046,test,,5,15,27,7752.666796545671,180.98085316563512,0.9913560416573276,2.591914196425594
test_047,test,,5,15,27,8127.459014930024,188.83919718731838,0.9914363377628761,2.8470353993930235
test_048,test,,5,15,27,7799.662030753453,189.64276708019668,0.9906297250202765,2.657547531328267
test_049,test,,5,15,27,7788.200032009576,182.0001116919165,0.9913381449023948,2.610680988476833
test_050,test,,5,15,27,7840.603929282882,183.10229810727623,0.9913496160555983,2.683912049031413
test_051,test,,5,15,27,7683.322612602844,175.7081291352373,0.9917017477490657,2.609808557650866
test_052,test,,5,15,27,7700.0088641346565,175.0703996506506,0.9917967553888704,2.726392026740246
test_053,test,,5,15,27,7849.4526680972185,186.4331455117678,0.991054900003128,2.764622986199411
test_054,test,,5,15,27,7830.725682507178,196.77358409507139,0.9899980679255358,2.732767392527217
test_055,test,,5,15,27,7637.204223325102,173.42793115728622,0.9918168456727737,2.668907514660412
test_056,test,,5,15,27,7792.081455672057,174.898607454613,0.9920035186111149,2.7205378456493623
test_057,test,,5,15,27,7688.169041541755,172.80743431870718,0.9919813274858711,2.6921155927953446
test_058,test,,5,15,27,7777.735010673136,198.863325771845,0.989648481640426,2.7386521632175187
test_059,test,,5,15,27,7754.751822022962,183.92172557046916,0.9910801201152428,2.6507705869438922
test_060,test,,5,15,27,7517.474456921034,207.56495873666898,0.9879491213101962,2.81237114043122
train_001,train,2.0,6,28,53,8410.50595705195,284.90450002462126,0.9819709438083675,2.8891849126598874
train_002,train,5.0,6,28,53,7968.983771143539,183.35503981905063,0.9916008240257154,3.033390632870883
train_003,train,2.0,6,28,53,7914.022655509542,182.43548242663655,0.9915692334040742,2.985146342724234
train_004,train,4.0,6,28,53,7933.055128212526,194.2406625112218,0.9904989119635446,3.156813283065738
train_005,train,5.0,6,28,53,7862.317494256551,187.68732702085305,0.990964610653232,3.0829954148837153
train_006,train,2.0,6,28,53,7876.671123840389,195.36263549337787,0.9902531607084085,3.1030437452522723
train_007,train,2.0,6,28,53,7876.601607688934,181.69796179503683,0.9915577087717284,3.0310872696078297
train_008,train,5.0,6,28,53,7862.2093241731745,184.92585754418764,0.9912259776583908,2.915468429808117
train_009,train,3.0,6,28,53,7867.499164988342,199.5204768098637,0.989814663004387,3.1266951770115314
train_010,train,2.0,6,28,53,7876.9910496624025,186.78659838289863,0.9910833669869251,3.03712844428169
train_011,train,3.0,6,28,53,7860.868112521393,187.496837049073,0.9909794811809437,3.091199239743017
train_012,train,5.0,6,28,53,7870.2024999887935,195.08652391923056,0.9902645963629357,2.9128638165761647
train_013,train,2.0,6,28,53,7888.917859077564,180.90932169275067,0.9916561190112487,3.1172497967026853
train_014,train,5.0,6,28,53,7695.981452573115,164.28595769256228,0.9927616788117659,3.0521024408519013
train_015,train,3.0,6,28,53,7965.29524961417,200.16949563967796,0.9899966436991013,3.07230750445392
train_016,train,4.0,6,28,53,7906.896498360107,197.04276839505118,0.9901613649206982,2.9930519337854986
train_017,train,2.0,6,28,53,7840.216903187902,170.95564268584735,0.9924501312703565,2.9296276714374043
train_018,train,5.0,6,28,53,7873.209429078176,178.81967423934051,0.9918138977851292,2.9067576402223105
train_019,train,3.0,6,28,53,7864.503379622708,191.87426735175822,0.9905660346378321,3.1316648753709484
train_020,train,2.0,6,28,53,7869.466640501353,185.85473872711205,0.9911545881574402,3.044649959604431
train_021,train,5.0,6,28,53,7889.749710264744,184.38399923425567,0.9913371385642804,3.038117934811294
train_022,train,4.0,6,28,53,7961.983945571711,165.24680494301938,0.9931552017566758,2.7991264787895203
train_023,train,3.0,6,28,53,7894.459566545017,184.3224780479734,0.9913531057897115,3.0156541868000897
train_024,train,5.0,6,28,53,7938.337308790026,164.0553539320023,0.9932129030238173,2.874940904026082
train_025,train,5.0,6,28,53,7839.9705806357315,174.2403739714152,0.9921590263653594,2.892226946001034
train_026,train,3.0,6,28,53,7838.0308445346045,180.20478289789685,0.9916134932433424,3.0069526619521394
train_027,train,2.0,6,28,53,7858.1620708294995,184.64468716229496,0.9912434709818048,2.9214456711724877
train_028,train,4.0,6,28,53,7904.807927482274,197.28900340229484,0.9901318413261277,3.176710248461455
train_029,train,2.0,6,28,53,7973.502817087531,190.65558119188017,0.990935039616427,3.0528703732937243
train_030,train,5.0,6,28,53,8037.946793357672,171.8129845815508,0.9927426449453277,2.987159959084476
train_031,train,4.0,6,28,53,7807.101905876074,182.97799124834685,0.9912876026930821,3.065023241006208
train_032,train,3.0,6,28,53,7948.048375956931,195.76513727386632,0.9903866563807774,3.092258095929926
train_033,train,1.0,6,28,53,7923.098382483603,200.84420763483567,0.9898233183645198,2.8743169627982574
train_034,train,2.0,6,28,53,8011.06374010177,189.54232129142082,0.991122729889417,3.1448814629321635
train_035,train,2.0,6,28,53,7932.935785466028,168.1203366688957,0.9928651821827923,2.986293966371964
train_036,train,2.0,6,28,53,7997.155121714386,194.69154331305253,0.9906061389299978,3.099858693398628
train_037,train,2.0,6,28,53,7977.057075388968,185.91993896361546,0.9913835528268826,3.1047408882262926
train_038,train,3.0,6,28,53,7847.498216732079,179.45307809206145,0.9917026231118329,2.8541288652863885
train_039,train,3.0,6,28,53,7902.94819033321,182.84437161685153,0.9915081717190556,3.0593769605138745
train_040,train,2.0,6,28,53,7930.818298639318,184.50929282204436,0.9914143011601722,3.0543967387253415
train_041,train,3.0,6,28,53,7877.573470931785,182.20695506637546,0.9915128223275387,3.062673388528726
train_042,train,2.0,6,28,53,7830.428533416645,195.12266113303158,0.9901628123825806,2.851048872756638
train_043,train,4.0,6,28,53,7879.73329879509,186.3705722099244,0.9911288131882733,3.1165667093372287
train_044,train,3.0,6,28,53,7839.224112918564,180.60454952553283,0.9915790990699291,3.0564195534027405
train_045,train,3.0,6,28,53,7872.451240651536,187.08344407201713,0.9910450302215899,3.0619886472648243
train_046,train,4.0,6,28,53,7860.96946448837,182.9946164543919,0.9914040264757732,3.1901546683133266
train_047,train,2.0,6,28,53,7986.356429211011,201.3968502426458,0.989927636231348,3.116142627560178
train_048,train,4.0,6,28,53,7853.542206896542,192.30379939136085,0.9904979322788707,3.1029465466070545
train_049,train,2.0,6,28,53,7911.047097683154,186.7295887469786,0.9911646425326587,3.064023406607928
train_050,train,4.0,6,28,53,7908.358704309185,195.91156138435133,0.9902764722934603,3.119906456502949
train_051,train,3.0,6,28,53,7888.024844048309,186.3600792118174,0.9911482763692856,3.0664510595867314
train_052,train,3.0,6,28,53,7863.200439905216,184.41303314190083,0.9912763296155201,3.0051277559843546
train_053,train,3.0,6,28,53,7964.204010800787,202.8524159064996,0.9897266785875429,3.118121507870905
train_054,train,2.0,6,28,53,7876.759063367021,185.1391874419996,0.9912380747835194,3.0371847982592315
train_055,train,3.0,6,28,53,7863.207549807299,180.52503888813703,0.9916372668544008,3.01990050669521
train_056,train,1.0,6,28,53,7879.143329327195,199.58732870834595,0.9898377025132852,3.1512917670227205
train_057,train,1.0,6,28,53,7910.056175611671,189.1285695553492,0.9909359827878276,3.0781635777025547
train_058,train,1.0,6,28,53,7855.199029947325,193.18267797717286,0.9904157201718288,3.072755880942956
train_059,train,2.0,6,28,53,7935.371370035712,176.98424674460807,0.9921039142352629,2.7123944506301525
train_060,train,3.0,6,28,53,7874.615130575989,173.91109419539853,0.9922564551744197,2.965334325654375
train_061,train,2.0,6,28,53,7910.501827164979,181.00639609396217,0.9916923779459292,3.097257855912458
train_062,train,3.0,6,28,53,7881.292251457595,181.12826041398588,0.9916200227814028,3.032259302656986
train_063,train,2.0,6,28,53,7958.684816215103,190.04138763895642,0.9909595575208235,2.9761587291088474
train_064,train,2.0,6,28,53,7956.778930232281,200.72051384852608,0.9899207240497183,3.1489697962263663
train_065,train,3.0,6,28,53,7895.285106286276,182.7798298909479,0.9914977743094603,3.0485142823370865
train_066,train,2.0,6,28,53,7951.835846049528,194.7281941820893,0.9904962353597205,3.172158676611062
train_067,train,3.0,6,28,53,7842.654607722165,180.95003666844826,0.9915544541247635,2.9681856353209675
train_068,train,3.0,6,28,53,7986.549266953092,197.6795693591301,0.9902929140145725,3.1121689155933856
train_069,train,2.0,6,28,53,7906.951874062936,178.7202629705605,0.991891999466056,3.0910882354219735
train_070,train,2.0,6,28,53,7918.65698266748,182.13039589076743,0.9916069205652717,3.0093240434668864
train_071,train,4.0,6,28,53,7872.3337777739935,181.05596819499158,0.9916077466696469,3.0313943612030867
train_072,train,4.0,6,28,53,7938.13742157424,175.47141321760813,0.9922426498513993,2.8061198022185376
train_073,train,2.0,6,28,53,7915.478702938286,189.2836450763251,0.9909335695236544,3.033668601587315
train_074,train,3.0,6,28,53,7906.249377613147,189.3380523197784,0.9909074049473805,3.0867147475534686
train_075,train,2.0,6,28,53,8125.593849159723,185.314596504971,0.9917466594713407,3.0618584642072735
train_076,train,2.0,6,28,53,7961.445244077783,197.85725894442683,0.9902148035593932,2.9818174183973376
train_077,train,3.0,6,28,53,7889.957100266558,190.7123010956509,0.9907383770254807,3.1034613252924985
train_078,train,3.0,6,28,53,8457.624020216119,332.88510611808323,0.9758131871211243,2.708321779279578
train_079,train,2.0,6,28,53,7995.865046825803,195.93835423463085,0.990483543913906,3.0880529593430754
train_080,train,1.0,6,28,53,7996.9414640002415,189.150737729125,0.9911280720859202,2.9727141955658984
train_081,train,3.0,6,28,53,7970.43455889499,180.57671705476818,0.9918543193964918,3.0486342379168603
train_082,train,3.0,6,28,53,7928.758513550493,190.7442924445858,0.990824924905442,3.038949320749415
train_083,train,1.0,6,28,53,7761.412476817263,156.67980224957154,0.9935219847667623,2.753508168212817
train_084,train,5.0,6,28,53,7892.5872848081935,175.556323719115,0.99214602081029,3.0369773432046197
train_085,train,3.0,6,28,53,7924.209692956029,182.54109641172053,0.9915810565089396,3.041018932036017
train_086,train,2.0,6,28,53,8056.148324642717,169.77624767467492,0.9929442400337265,2.8713507373150393
train_087,train,3.0,6,28,53,7890.90555282318,178.461734007246,0.9918826030853486,3.0534449700638704
train_088,train,2.0,6,28,53,8140.700098766768,211.95834335713644,0.989269691511741,3.000733627632176
train_089,train,2.0,6,28,53,7765.398810230507,162.6202030583844,0.9930320549249424,2.986881056600909
train_090,train,4.0,6,28,53,7805.540006138114,170.0854380197726,0.9924601721931163,2.820849971323228
train_091,train,2.0,6,28,53,7920.65261700899,186.10506505462615,0.9912442147441476,3.0516271026001878
train_092,train,2.0,6,28,53,7782.994355668766,178.3715776358682,0.9916661943688706,3.087986705840536
train_093,train,3.0,6,28,53,7861.886712783369,178.07759177546825,0.9918579373360167,3.1101980950243946
train_094,train,3.0,6,28,53,7887.780024259801,161.9447924082924,0.9933007660185286,2.8729473432075583
train_095,train,3.0,6,28,53,7895.085168106879,193.98044018562416,0.9904336206356875,3.116476689769044
train_096,train,2.0,6,28,53,7729.021430365107,171.7751692406555,0.9921589721931002,3.0775041300043164
train_097,train,3.0,6,28,53,7885.591826523681,176.35481080985042,0.992061025505882,2.917385500517665
train_098,train,1.0,6,28,53,7893.4003624648,197.69848575348772,0.9900628652857939,3.0916137949609532
train_099,train,3.0,6,28,53,7821.13925459101,187.63887475503577,0.9908747588371675,3.048242593734263
train_100,train,5.0,6,28,53,7870.838561692975,166.6265436932736,0.992880274858684,3.01887567822187
train_101,train,2.0,6,28,53,7915.125214080426,194.2346288916166,0.9904568166246043,3.0210062925038574
train_102,train,2.0,6,28,53,7905.946052263306,192.42977842380932,0.9906101292650044,3.086037755779106
train_103,train,3.0,6,28,53,7834.6237599974365,183.65697820392512,0.9912844091054853,2.9977744306245486
train_104,train,1.0,6,28,53,7872.26845966594,186.26017985348432,0.9911225631876948,3.060614505414455
train_105,train,4.0,6,28,53,7793.226616358604,180.50540424906788,0.9914895226596174,2.8695908746884378
train_106,train,1.0,6,28,53,7892.645684370194,178.16228078452426,0.9919131397208552,2.819817166978387
train_107,train,3.0,6,28,53,7942.379201404099,193.57413923444815,0.9905853254915152,3.0652887358088434
train_108,train,1.0,6,28,53,7782.6419169497885,188.0552963596279,0.9907445251551089,3.0344385213291285
train_109,train,3.0,6,28,53,7849.3853258510635,183.66833163673982,0.9913158107446497,3.0583857437949473
train_110,train,1.0,6,28,53,7863.681532072383,158.75304446193584,0.9935212764874236,2.8809741974841776
train_111,train,3.0,6,28,53,8051.765331391803,174.05186614273873,0.9925790375854001,3.0443877583335315
train_112,train,1.0,6,28,53,7899.547446568514,176.2317947417706,0.9920997753988774,2.8688947869602757
train_113,train,3.0,6,28,53,7849.32755465537,176.96287996265104,0.9919331895144191,2.96938706122017
train_114,train,3.0,6,28,53,7903.708448890291,200.32162138901793,0.9898264420321088,3.125004280827074
train_115,train,3.0,6,28,53,7931.703676153904,202.97050157399897,0.9896312531140629,3.1672802000186824
train_116,train,4.0,6,28,53,7843.495095999947,186.1195914889718,0.9910712679313826,3.139808691877283
train_117,train,1.0,6,28,53,7958.661103915913,168.97789340896682,0.9928389198366642,2.9518274670001445
train_118,train,2.0,6,28,53,7928.47606352108,199.07818105123698,0.9900131429833912,3.0938839386899843
train_119,train,2.0,6,28,53,7921.32039143304,190.02095133445056,0.9908767944968763,3.063157480962058
train_120,train,5.0,6,28,53,7869.096284710606,188.5427091066205,0.9908983764879784,2.9776324173989104
test_001,test,,6,28,53,7884.933243657801,184.90414304603917,0.9912780674682804,3.177830756562444
test_002,test,,6,28,53,7878.171247513102,196.029517396673,0.9901908584184629,3.0697502652461943
test_003,test,,6,28,53,7922.943507083552,196.16996964188584,0.9902865658281702,3.111546209966805
test_004,test,,6,28,53,7840.593123554649,186.36354570784982,0.9910414873208914,3.042669320437697
test_005,test,,6,28,53,7773.43936610992,187.94955492263284,0.9907331348498616,3.0820285007719597
test_006,test,,6,28,53,8285.90260325514,227.60652859284446,0.9880711661235013,2.8916139163934615
test_007,test,,6,28,53,7937.225624460761,196.4677036642846,0.990292036032151,3.1000596835165006
test_008,test,,6,28,53,7858.066095152277,188.8770375495247,0.990840940181758,3.0470636449896618
test_009,test,,6,28,53,7905.005479220335,200.38977068670195,0.9898228957334161,3.1239723171205727
test_010,test,,6,28,53,7869.601637449847,177.11381174081373,0.9919607812393151,2.914069742947225
test_011,test,,6,28,53,7851.358282776046,183.6733722446661,0.9913196645010562,3.0546213601310264
test_012,test,,6,28,53,7843.039222882887,184.23777863052226,0.991248327573182,3.09074099435312
test_013,test,,6,28,53,7948.712081243974,192.60451178469037,0.9906932389848286,3.0510929991851925
test_014,test,,6,28,53,7895.856840926833,183.29923237542422,0.9914510257227191,3.068825619103806
test_015,test,,6,28,53,7779.761735853907,177.13775880922637,0.9917733670146541,2.9998878653073753
test_016,test,,6,28,53,8075.1030123488845,177.2662813037175,0.9923486093848858,3.1227937296272823
test_017,test,,6,28,53,7907.283961934692,180.71737863678607,0.9917119815487782,3.0542793610705634
test_018,test,,6,28,53,8035.13564296188,203.9067788086615,0.9898012979463519,3.0709476740407147
test_019,test,,6,28,53,7915.731429431385,198.24869405997117,0.9900637680964542,3.036455112813304
test_020,test,,6,28,53,7832.36607079716,186.4476532585195,0.991014794615103,3.022730310914711
test_021,test,,6,28,53,7972.832775091429,187.31011186008982,0.9912461593554764,3.128312239693319
test_022,test,,6,28,53,7871.873360676721,192.4341485744947,0.9905290123362177,3.078732150979526
test_023,test,,6,28,53,7818.020681394361,177.30656565483824,0.9918376245536024,2.987252034486165
test_024,test,,6,28,53,7894.89633755693,198.62564433637675,0.9899741406599626,3.1094497383233826
test_025,test,,6,28,53,7903.258482902857,200.18208729074524,0.9898393208194435,3.1097160456786965
test_026,test,,6,28,53,7922.078770017501,201.83484475635427,0.9897210965312253,3.106272046478216
test_027,test,,6,28,53,7714.491155615055,180.0951890361464,0.9913555162519273,3.1406002210268547
test_028,test,,6,28,53,7800.811515917267,184.46632827879966,0.9911323959717011,3.09829867621392
test_029,test,,6,28,53,7821.27198790223,182.81839906649085,0.9913338748885089,3.008270151435085
test_030,test,,6,28,53,7953.578360760527,202.71084950355154,0.9897137178825163,3.1760291963294804
test_031,test,,6,28,53,7759.090301393278,173.41049518096344,0.9920714806237703,2.9441146475681563
test_032,test,,6,28,53,7817.041358872899,183.78976224280964,0.9912329491636994,3.0994508110151053
test_033,test,,6,28,53,7922.531544061571,201.9473235354013,0.989710918824545,3.0715241969812803
test_034,test,,6,28,53,7877.93856417411,192.6730161887065,0.9905201836273614,3.1197426936279986
test_035,test,,6,28,53,7917.158572365665,168.43489066141439,0.992810284903213,3.07146943419639
test_036,test,,6,28,53,7840.539328326743,178.89917323115324,0.9917388199460428,2.8879630718749674
test_037,test,,6,28,53,8040.136253170619,171.1423047422441,0.9928026792356505,3.0265716928762254
test_038,test,,6,28,53,7848.241642014193,194.013082361238,0.9903169650307396,3.004086034213216
test_039,test,,6,28,53,7826.942114807219,184.7193071082537,0.9911670216872485,3.040181178085151
test_040,test,,6,28,53,7897.136904901915,188.3529128038993,0.9909803358447989,3.1172300600109955
test_041,test,,6,28,53,7805.731750681467,182.60733762556484,0.9913195377486704,3.071887722084456
test_042,test,,6,28,53,7884.650102457973,194.6325939583609,0.990344548457549,3.0646004987627617
test_043,test,,6,28,53,7917.979712885627,166.40878144400253,0.9929824539906902,2.94409835846852
test_044,test,,6,28,53,7855.041442954513,192.57430192035355,0.9904750386763139,3.0593944878243784
test_045,test,,6,28,53,7848.942033553432,187.25929287690647,0.9909750003050906,3.1010615732941145
test_046,test,,6,28,53,7851.410767977734,184.5867913698549,0.9912339890096521,3.0117861498857805
test_047,test,,6,28,53,8006.67839838712,178.43031674733615,0.9921165701157675,3.081122792867392
test_048,test,,6,28,53,7862.676725755308,194.4964865454331,0.9903044733498798,3.071157430153263
test_049,test,,6,28,53,7902.484972424277,195.22021330349855,0.9903300958648154,3.0783167361227024
test_050,test,,6,28,53,7888.464825786013,193.0445301861622,0.9905090768496889,3.009874740612784
test_051,test,,6,28,53,7914.4148452127965,203.91025715172842,0.9894907375198543,3.126958439216676
test_052,test,,6,28,53,7831.601314520269,187.14240054523026,0.9909465633020025,3.1300994939797846
test_053,test,,6,28,53,7879.946128934343,186.5710494385771,0.99111036331798,3.0782291852521584
test_054,test,,6,28,53,7872.9644344714125,194.8348151427782,0.9902962042752794,3.0826079136119677
test_055,test,,6,28,53,7839.495392908385,189.02232574788732,0.9907838635952732,3.150022626775397
test_056,test,,6,28,53,7918.641856633127,194.88282510717667,0.9904020771157446,3.118109107621306
test_057,test,,6,28,53,7809.095543337012,190.15062425072927,0.9906024762891034,3.1337373165202127
test_058,test,,6,28,53,7814.9059533594855,188.0297444221126,0.990822561784448,3.0717179255881724
test_059,test,,6,28,53,7849.318302984769,180.2516716720214,0.9916330782282134,3.0731217565176197
test_060,test,,6,28,53,7685.546240076348,184.809787552646,0.9908331323934433,3.206079319941309
train_001,train,2.0,7,54,103,7997.542252169983,193.07597320619178,0.9907608461964923,3.1033824795222
train_002,train,5.0,7,54,103,7970.385863266409,203.30914846451836,0.9896966786750385,3.2305153560413125
train_003,train,2.0,7,54,103,7977.581737282861,206.7546506021281,0.989367250991303,3.1685034224735746
train_004,train,4.0,7,54,103,7956.795017052395,203.33024479972255,0.9896596915980566,3.220911918315186
train_005,train,5.0,7,54,103,7943.402188183199,203.01844233260863,0.9896566220106868,3.2525963024742683
train_006,train,2.0,7,54,103,7901.664495050911,202.09703933097143,0.9896418837390145,3.1671845992327885
train_007,train,2.0,7,54,103,7934.417320781423,199.4124251456479,0.9899947663817292,3.1901841300638285
train_008,train,5.0,7,54,103,7906.175917075597,200.93776736268975,0.9897707266118076,3.056677017284929
train_009,train,3.0,7,54,103,7933.3780619371955,209.95796851002126,0.9889177340026031,3.2276362473612275
train_010,train,2.0,7,54,103,7913.040244498077,197.11839034881163,0.9901690190259056,3.151301605909139
train_011,train,3.0,7,54,103,7903.574254928874,199.63338975116724,0.9898951823734125,3.175167878281466
train_012,train,5.0,7,54,103,7913.087074929869,201.4627694479617,0.9897355224179101,3.049789770005566
train_013,train,2.0,7,54,103,7948.711611064186,194.88084281554893,0.9904740586034364,3.2034572241220136
train_014,train,5.0,7,54,103,7743.029788212197,176.51996245692095,0.9917531261093803,3.1923948977952414
train_015,train,3.0,7,54,103,8004.969385076938,215.23418185983994,0.9885652035181879,3.19217110026369
train_016,train,4.0,7,54,103,7911.353337841584,206.26477290137566,0.9892410307329377,3.046822165956472
train_017,train,2.0,7,54,103,7926.982476462519,190.9866699960155,0.9907977230559372,3.136442392870224
train_018,train,5.0,7,54,103,7902.148460283302,197.66582208522578,0.9900878806233318,3.041103558204827
train_019,train,3.0,7,54,103,7898.812569440745,200.10836276447438,0.9898354108498114,3.1971879359944335
train_020,train,2.0,7,54,103,7899.743260595308,199.8678663436948,0.9898619457797149,3.1673462441395923
train_021,train,5.0,7,54,103,7962.960150151277,206.38920293341383,0.9893658747256212,3.235597849637913
train_022,train,4.0,7,54,103,8050.716702711949,201.980012993049,0.9900295253893412,3.062869298537443
train_023,train,3.0,7,54,103,7915.028604625325,194.84127557972113,0.990397452851927,3.1404069969624135
train_024,train,5.0,7,54,103,8000.360637489661,205.10445664513543,0.9895934242733643,3.1577861458263374
train_025,train,5.0,7,54,103,7893.461940250543,197.07826683247276,0.9901246547565469,3.052202349597538
train_026,train,3.0,7,54,103,7903.596737075148,204.1855813600426,0.9894340769894424,3.2129895237085857
train_027,train,2.0,7,54,103,7896.890822054987,198.9247358992452,0.9899492555940378,3.111121466856774
train_028,train,4.0,7,54,103,7928.92871459448,202.18581861030637,0.9897033165115887,3.225509181191757
train_029,train,2.0,7,54,103,7921.04082371918,193.79203613376072,0.9905138955226804,3.069555148062358
train_030,train,5.0,7,54,103,7953.0339507347835,200.3381058443154,0.9899493440049423,3.193649064852294
train_031,train,4.0,7,54,103,7894.3729594263,197.4393129906309,0.9900910621471519,3.2047129890842285
train_032,train,3.0,7,54,103,7938.5913238240955,200.31289948743787,0.9899156222613303,3.2118156581357575
train_033,train,1.0,7,54,103,8000.472247296798,210.88244184292452,0.9890056801886278,2.9931115427774913
train_034,train,2.0,7,54,103,8016.916492543774,203.68536216572974,0.9897773751252611,3.2596391728632574
train_035,train,2.0,7,54,103,7922.412431577875,175.6159232310049,0.992199331897704,3.0256144156437372
train_036,train,2.0,7,54,103,8026.984904788093,212.8161243307591,0.9888784058402477,3.232711722558387
train_037,train,2.0,7,54,103,7993.568908411062,192.13221074696995,0.99084110853026,3.1825530589676454
train_038,train,3.0,7,54,103,7909.5869030243675,198.8763076936927,0.9899860013419942,3.1290018336289207
train_039,train,3.0,7,54,103,8002.953972387662,214.61718822399953,0.9886242612455697,3.2523724898892574
train_040,train,2.0,7,54,103,7967.322557201326,206.6890890770943,0.989346830135912,3.2020333276377912
train_041,train,3.0,7,54,103,7937.11570137559,206.0369161597728,0.9893333683097092,3.201577087046956
train_042,train,2.0,7,54,103,7859.79505917152,193.69820708725166,0.9903761485103816,2.9234468622790297
train_043,train,4.0,7,54,103,7936.7045359675285,200.67118799817047,0.9898751171302961,3.24544743086768
train_044,train,3.0,7,54,103,7907.613774944544,200.8681558448364,0.9897814196141187,3.204136741956597
train_045,train,3.0,7,54,103,7911.869083263419,201.78269336189638,0.989700094531861,3.1761260516625494
train_046,train,4.0,7,54,103,7934.276344714091,201.01516842279918,0.9898345732160415,3.303613538556187
train_047,train,2.0,7,54,103,7969.466732079139,204.32418232679933,0.9895922397649596,3.2068749091792355
train_048,train,4.0,7,54,103,7914.436332784281,206.49300122077386,0.9892257735532619,3.26508046267989
train_049,train,2.0,7,54,103,7949.547167523514,203.7287636950969,0.9896007998092821,3.191146230017449
train_050,train,4.0,7,54,103,7928.066006380817,203.00049273668247,0.9896187992609519,3.2175340752841266
train_051,train,3.0,7,54,103,7925.023620533496,203.9504451443103,0.989514471686073,3.19807711285682
train_052,train,3.0,7,54,103,7935.075815160542,204.22268105759449,0.9895130954675959,3.1689830528122105
train_053,train,3.0,7,54,103,7978.852598052928,211.33976056812438,0.9888992184958745,3.21909662807863
train_054,train,2.0,7,54,103,7895.624855717449,197.5028586535801,0.990087858835809,3.135854837370062
train_055,train,3.0,7,54,103,7936.316068472287,200.99288019623395,0.9898419748162605,3.196326922371234
train_056,train,1.0,7,54,103,7876.776448019608,200.44793021544777,0.9897446787153079,3.1789801364343186
train_057,train,1.0,7,54,103,7956.250949997138,201.92604756345023,0.9897991862390699,3.181431612087045
train_058,train,1.0,7,54,103,7880.976404477314,201.39911101744767,0.9896590455500833,3.1717469228381594
train_059,train,2.0,7,54,103,7949.205805099138,206.0057654485966,0.9893686262761067,2.889318743828636
train_060,train,3.0,7,54,103,7939.521122709423,198.47399088812992,0.9901003963951315,3.1261282295031645
train_061,train,2.0,7,54,103,7923.746153375046,192.71870525452047,0.990624045764696,3.1562288047779212
train_062,train,3.0,7,54,103,7898.466836964522,193.30352726614845,0.9905076925796891,3.155649636918166
train_063,train,2.0,7,54,103,7960.862976860033,197.2328407928007,0.9902744600234922,3.0328392744024253
train_064,train,2.0,7,54,103,7994.699769809867,213.00884896375592,0.9887693229331509,3.2462008075315785
train_065,train,3.0,7,54,103,7950.632847866546,205.01965904501316,0.9894728339251364,3.1852322290845914
train_066,train,2.0,7,54,103,7999.949601396384,199.1991846481656,0.9901772399990749,3.2367659665463733
train_067,train,3.0,7,54,103,7923.441350117287,203.21208053838552,0.9895853521373955,3.128333217771864
train_068,train,3.0,7,54,103,8020.6031245610275,213.53031088733394,0.9887868488921912,3.2244487819957706
train_069,train,2.0,7,54,103,7932.14898349837,202.16193512785202,0.9897139947686886,3.222749218520422
train_070,train,2.0,7,54,103,7956.75183800522,195.00658410574786,0.9904809624753425,3.153000042418264
train_071,train,4.0,7,54,103,8031.266697986227,218.65522455324503,0.9882793599209608,3.27662933088731
train_072,train,4.0,7,54,103,7915.574632785573,191.77362496611667,0.9906959246684197,3.0228550114624193
train_073,train,2.0,7,54,103,7990.498416718479,212.87456076147424,0.9887716541654948,3.176489803124572
train_074,train,3.0,7,54,103,7960.915932882868,207.85598821965567,0.9892103430372184,3.2105460201651477
train_075,train,2.0,7,54,103,8124.501534747784,196.6061980690977,0.9907173767793738,3.1744877038243646
train_076,train,2.0,7,54,103,7984.024720660855,208.27450243254293,0.9892292634528846,3.122284831200585
train_077,train,3.0,7,54,103,7936.876883188314,199.946339897961,0.9899478278001631,3.1896420209277383
train_078,train,3.0,7,54,103,8480.021512112155,358.7159164492223,0.9721664876003128,2.722797308586974
train_079,train,2.0,7,54,103,8003.8322145747015,208.5178182805648,0.989257148495905,3.2031334866146386
train_080,train,1.0,7,54,103,8072.359293020611,210.04986185888131,0.9892827282572892,3.11091650862561
train_081,train,3.0,7,54,103,7985.297474462185,206.46619782337245,0.9894168486843468,3.2033855988011823
train_082,train,3.0,7,54,103,7966.22042094808,208.39631374182147,0.9891690653359198,3.183861918273133
train_083,train,1.0,7,54,103,7842.387058293222,174.0152875552262,0.9921838944259305,3.003751971519025
train_084,train,5.0,7,54,103,7928.33563561485,193.62261801273036,0.990547570616174,3.225435916897919
train_085,train,3.0,7,54,103,7932.257546620066,198.52916708381787,0.9900769775814007,3.186579626655817
train_086,train,2.0,7,54,103,7973.682642740937,193.36304985105826,0.9906785850846629,3.151559574651987
train_087,train,3.0,7,54,103,7949.651766609168,200.88904422613797,0.9898860343320692,3.2161878398183976
train_088,train,2.0,7,54,103,8035.382678966052,207.63369539337566,0.9894296963952108,3.0546220663879273
train_089,train,2.0,7,54,103,7806.997801583135,172.84025124562797,0.9922187552037399,3.114571505886506
train_090,train,4.0,7,54,103,7860.352675773674,191.14321230127933,0.9906273159341996,3.0644611713969496
train_091,train,2.0,7,54,103,7931.2938058736145,195.7506589861832,0.9903478043824773,3.1676883826306783
train_092,train,2.0,7,54,103,7813.636870173342,189.92572866281287,0.9906352771993058,3.227331618322981
train_093,train,3.0,7,54,103,7916.166293025145,196.77042470713192,0.9902110172052542,3.2255298765550644
train_094,train,3.0,7,54,103,7912.973569808192,182.774498340235,0.9915359113844582,3.04231663243203
train_095,train,3.0,7,54,103,7914.4241483442775,202.63111106110387,0.9896208348618233,3.196485862589502
train_096,train,2.0,7,54,103,7796.723865000774,183.7695281482085,0.9911895238482221,3.2321473869822848
train_097,train,3.0,7,54,103,7925.84068594992,191.57529879941535,0.9907387949887202,3.0843286443671483
train_098,train,1.0,7,54,103,7990.155020546968,218.81740396829045,0.9881425070160329,3.200175279113496
train_099,train,3.0,7,54,103,7886.626812716008,201.64600720686587,0.9896486335335969,3.1940609049661863
train_100,train,5.0,7,54,103,7863.728293005922,191.31982488939497,0.9906181343972854,3.1793383473377124
train_101,train,2.0,7,54,103,7994.838123512873,218.68478436361363,0.9881704121769993,3.2274672741410027
train_102,train,2.0,7,54,103,7967.196702228103,211.5576396002668,0.9888443656102255,3.182503459708877
train_103,train,3.0,7,54,103,7899.627552506704,199.59549418361726,0.9898889860641576,3.1871758675749637
train_104,train,1.0,7,54,103,7947.346075633917,201.8732803075717,0.9897818354609624,3.202832158191885
train_105,train,4.0,7,54,103,7810.928398401409,185.9583268642628,0.9910127838676224,3.035250888987617
train_106,train,1.0,7,54,103,7993.408672884578,202.44836343621964,0.9898410239199789,3.065153119750096
train_107,train,3.0,7,54,103,7994.301193616049,215.81606427941406,0.9884736552580132,3.2173596756778995
train_108,train,1.0,7,54,103,7869.482278595794,197.9017554557734,0.9899826114608836,3.1667045656876116
train_109,train,3.0,7,54,103,7888.9735298264195,200.72896659904077,0.9897476467809558,3.1928470584825184
train_110,train,1.0,7,54,103,7867.482229762265,174.66306643040775,0.9921758127072491,3.0436522137970714
train_111,train,3.0,7,54,103,8063.620618685007,184.94769960579677,0.9916532478873551,3.183879116656838
train_112,train,1.0,7,54,103,8025.573165217343,202.08194093903802,0.9899575552871867,3.141307277462698
train_113,train,3.0,7,54,103,7914.034353403168,198.65813782416942,0.9900188563240211,3.1649429599197916
train_114,train,3.0,7,54,103,7927.639063976552,204.4876172938898,0.9894666279336667,3.21217454934747
train_115,train,3.0,7,54,103,7976.105793934855,209.4172091221742,0.9890906468366631,3.2188432390939825
train_116,train,4.0,7,54,103,7883.739179638371,198.82561739875598,0.9899259781706223,3.23158784779141
train_117,train,1.0,7,54,103,7939.406152052944,186.35082511828634,0.9912623390199078,3.014171607874534
train_118,train,2.0,7,54,103,7945.341876051104,207.6388815667812,0.9891908324368864,3.1543004630553737
train_119,train,2.0,7,54,103,7937.590653990401,204.42579072795314,0.9894990320665323,3.1665012829664287
train_120,train,5.0,7,54,103,7899.229461261722,204.40024303431622,0.9894004979384126,3.0809795530510424
test_001,test,,7,54,103,7899.130586241967,198.2768342954021,0.9900195728493821,3.2769101645285423
test_002,test,,7,54,103,7935.716912197959,209.64680415252096,0.9889566359170647,3.194994258284931
test_003,test,,7,54,103,7942.730172931962,197.76827692782948,0.9901778439829749,3.1595653884665857
test_004,test,,7,54,103,7871.767435865755,195.2115922672189,0.9902560691418147,3.165481518003673
test_005,test,,7,54,103,7831.390962397661,194.8017216383644,0.9901972155340498,3.169949901932413
test_006,test,,7,54,103,8022.624308908152,208.22477705629555,0.9893365937019802,3.1941683270721914
test_007,test,,7,54,103,7946.397904507277,208.3890959172991,0.989116296423243,3.2082493371619796
test_008,test,,7,54,103,7882.319906945361,198.04910260972778,0.9900001636425693,3.14433379709341
test_009,test,,7,54,103,7936.944523931507,207.9699436366461,0.9891340031927233,3.222316638236742
test_010,test,,7,54,103,7970.871079747913,208.8497267010625,0.9891349486747107,3.170409793499211
test_011,test,,7,54,103,7933.204415637004,205.82715498670382,0.9893444576331284,3.206765271191061
test_012,test,,7,54,103,7871.016908320881,197.01407755448406,0.9900752174327403,3.1996856295905327
test_013,test,,7,54,103,7990.134385339066,211.41372205783694,0.988922533822307,3.187975281368929
test_014,test,,7,54,103,7997.386017313562,209.24556421287724,0.9891655870671003,3.2367369527996397
test_015,test,,7,54,103,7845.160178563051,188.60002985015254,0.99083774428853,3.1712994734537205
test_016,test,,7,54,103,8028.440061170519,208.19080644357362,0.989355309765204,3.2917648092249663
test_017,test,,7,54,103,7934.620319631516,190.8726821895205,0.9908261278065086,3.182075319418468
test_018,test,,7,54,103,8016.07407413154,217.07080812712843,0.9884033224411716,3.1466220960801836
test_019,test,,7,54,103,7982.829843120842,216.54673303783827,0.9883633984363578,3.21008574818602
test_020,test,,7,54,103,7894.047533950973,197.67370342781632,0.9900669443886935,3.1408793082887634
test_021,test,,7,54,103,8032.748612383408,209.95599941587483,0.989187482557854,3.2596003183233897
test_022,test,,7,54,103,7937.709978100491,207.1713550861913,0.9892184512585418,3.209126112664059
test_023,test,,7,54,103,7832.416427581619,188.8209263128787,0.9907868335428179,3.1177804554538655
test_024,test,,7,54,103,7963.014771389908,217.79599437661864,0.9881723782738071,3.260682574036071
test_025,test,,7,54,103,7946.620856235733,209.5213230078748,0.9889996227659532,3.2212699491597894
test_026,test,,7,54,103,7920.038527630838,208.6071818708187,0.9890218341924385,3.1923945255034996
test_027,test,,7,54,103,7734.232887833777,187.80516901324197,0.9906540683095931,3.2311853566430115
test_028,test,,7,54,103,7825.4216773591115,191.5337910207744,0.9905059312025324,3.212693215838979
test_029,test,,7,54,103,7842.4322694709945,196.42869825685693,0.9900621879025026,3.1598677648187636
test_030,test,,7,54,103,7983.644154340156,211.6397098408684,0.9888812466662278,3.278804476930745
test_031,test,,7,54,103,7843.336910272807,193.62395522019636,0.9903434443550039,3.155021974011162
test_032,test,,7,54,103,7817.442718775443,190.4424261188514,0.9905938134100167,3.1654687908781716
test_033,test,,7,54,103,7955.361562063472,214.3882842335838,0.9885135752318048,3.1946654336468185
test_034,test,,7,54,103,7911.464304739025,201.898010080151,0.9896873957205783,3.1914771536924884
test_035,test,,7,54,103,7945.500776972348,190.4403618952363,0.9908920263892613,3.2236424015456877
test_036,test,,7,54,103,7879.833143893799,191.35081591675223,0.9906530875639786,3.0885674905782965
test_037,test,,7,54,103,8029.823041081028,181.79339887213894,0.991865756865443,3.1265193961436326
test_038,test,,7,54,103,7877.105606799177,203.53522944337544,0.9894305799581342,3.125996398539554
test_039,test,,7,54,103,7855.518098884226,196.2972004874349,0.9901080678976026,3.155245589785607
test_040,test,,7,54,103,7960.438430909277,207.1671392019133,0.9892797023569881,3.243308882937254
test_041,test,,7,54,103,7862.989011061973,194.98073325899597,0.9902573718289751,3.1949080745263987
test_042,test,,7,54,103,7929.4644416093115,208.81970129475968,0.989025551047351,3.1247987885045108
test_043,test,,7,54,103,7952.069042413472,192.42179339189263,0.9907184932614412,3.139532601591441
test_044,test,,7,54,103,7857.897704458358,192.95287881310227,0.990444794320088,3.138890225633175
test_045,test,,7,54,103,7923.771029923713,206.61881767605914,0.9892379094210717,3.230899024076484
test_046,test,,7,54,103,7931.796429249782,203.25861709992984,0.9896023424117787,3.1389455410994422
test_047,test,,7,54,103,8017.461061615502,198.78020371865676,0.9902603818385401,3.2113454176453575
test_048,test,,7,54,103,7882.234660181249,198.11129185878235,0.9899937311557124,3.1552127711808358
test_049,test,,7,54,103,7894.46893499737,201.17207322076993,0.989716983128095,3.189485171128147
test_050,test,,7,54,103,7928.402640175594,206.40464012198603,0.9892723799267342,3.195464621514739
test_051,test,,7,54,103,7936.950940516271,209.42011771087948,0.9889836305312368,3.21487227362153
test_052,test,,7,54,103,7872.601966857136,198.5799067458234,0.9899224451609283,3.2212660633941237
test_053,test,,7,54,103,7931.097100253654,202.1937919903745,0.9897080847553482,3.17369827255063
test_054,test,,7,54,103,7920.216144621778,203.30763014647343,0.9895672551231526,3.1595402446456067
test_055,test,,7,54,103,7911.856950403158,202.72725334234715,0.9896044127997383,3.235151248690449
test_056,test,,7,54,103,7945.429900159739,206.68606148066843,0.9892889823849952,3.2190284739046966
test_057,test,,7,54,103,7835.548178603793,195.768677180508,0.990111019542105,3.1911839503399655
test_058,test,,7,54,103,7826.707195200887,192.04280968731751,0.9904589887161463,3.1806054099227423
test_059,test,,7,54,103,7869.277877379862,191.65219684300993,0.9905989644840534,3.188656133823449
test_060,test,,7,54,103,7750.2245286191,189.15779444392504,0.9905589516044866,3.317727890056612
train_001,train,2.0,8,104,200,8014.1518673864,211.06154074334762,0.9890243552582716,3.215856487748863
train_002,train,5.0,8,104,200,7974.252202511073,208.30461478501687,0.989200044680575,3.2618840502618474
train_003,train,2.0,8,104,200,7999.272709954969,213.2504114675722,0.9887568440399577,3.2111463403109255
train_004,train,4.0,8,104,200,7982.7003116216865,212.6984352017412,0.9887683521260289,3.2494852920437443
train_005,train,5.0,8,104,200,7956.2578763339425,208.03973166906198,0.9891789422900235,3.2853576906034503
train_006,train,2.0,8,104,200,7946.613274162754,207.6227090246866,0.9891959185801994,3.2017598476317883
train_007,train,2.0,8,104,200,7975.978280571328,211.50971676535346,0.9888736299370915,3.2237667197998916
train_008,train,5.0,8,104,200,7919.877621242111,209.49151300708598,0.9889291469845798,3.143601425318181
train_009,train,3.0,8,104,200,7988.652065943654,220.60265482225682,0.9879460970986937,3.2725612621682276
train_010,train,2.0,8,104,200,7922.029117936509,203.47940242344163,0.9895545355647977,3.1949085731227647
train_011,train,3.0,8,104,200,7951.093961809086,210.17964169864382,0.9889434668689215,3.244396022666978
train_012,train,5.0,8,104,200,7952.498633864525,209.40440712075693,0.9890278201068328,3.1097304806268813
train_013,train,2.0,8,104,200,7985.876139840577,210.59046441115947,0.9889960952079775,3.265512543758882
train_014,train,5.0,8,104,200,7783.264727857778,185.0973736784401,0.9910322257188274,3.294627599589281
train_015,train,3.0,8,104,200,7987.204548573827,213.45177125535434,0.9887021610717853,3.2125127771370363
train_016,train,4.0,8,104,200,7942.890289300607,211.6742789160783,0.98876451294105,3.0973970338524794
train_017,train,2.0,8,104,200,7950.418164121312,202.19728313741214,0.9897571848747914,3.160828401208044
train_018,train,5.0,8,104,200,7940.948207794184,199.8206640536887,0.9899705223570546,3.105627470205575
train_019,train,3.0,8,104,200,7959.868712137563,210.36881024622355,0.9889479130444498,3.242806122834346
train_020,train,2.0,8,104,200,7943.538427538865,205.69332951292625,0.9893855387623891,3.1959207180466755
train_021,train,5.0,8,104,200,7992.259675174051,213.8441500764729,0.9886752345871567,3.3016106207279727
train_022,train,4.0,8,104,200,8064.653497430193,218.79683478931298,0.9883601905082527,3.1722899731672047
train_023,train,3.0,8,104,200,7943.222084500288,208.1160537087978,0.9891359013144408,3.200686163901869
train_024,train,5.0,8,104,200,8066.971920865746,225.23619783147225,0.9876805374118044,3.2612564786943445
train_025,train,5.0,8,104,200,7852.606062708524,198.74498562814028,0.989854901710919,3.1103979768705647
train_026,train,3.0,8,104,200,7930.49905448661,209.20002723123093,0.9889888214848983,3.251427679480536
train_027,train,2.0,8,104,200,7928.15453113587,204.9423442500143,0.9894215862395702,3.185352715507499
train_028,train,4.0,8,104,200,7977.036084511854,215.20116496881684,0.9884893958132064,3.261813908564603
train_029,train,2.0,8,104,200,7921.441279766088,196.480564254687,0.9902524229826853,3.103299435547432
train_030,train,5.0,8,104,200,7975.709077987582,210.3532568257562,0.9889928970743963,3.2475901635414886
train_031,train,4.0,8,104,200,7941.8444289700965,209.3071825791193,0.9890087864676004,3.269181478603474
train_032,train,3.0,8,104,200,7937.324484149201,206.4166795298298,0.9892949895046407,3.2471263305600986
train_033,train,1.0,8,104,200,8084.708363768556,223.72632561312307,0.9878957864001476,3.1025380291479943
train_034,train,2.0,8,104,200,8020.765068749674,212.47971087899916,0.9888961392762563,3.295732797339916
train_035,train,2.0,8,104,200,7990.738844820706,185.90080002204644,0.9914145333250614,3.1620877231450777
train_036,train,2.0,8,104,200,8046.609720307477,217.57768556592777,0.9884369662789854,3.2894047806715774
train_037,train,2.0,8,104,200,7975.81973067087,189.68102266188436,0.9910318124029379,3.206776089094951
train_038,train,3.0,8,104,200,7959.011783242943,210.25126732174414,0.9889577727682614,3.248620429701154
train_039,train,3.0,8,104,200,8084.176807957618,231.889770205045,0.9870063399953046,3.34392961186155
train_040,train,2.0,8,104,200,7970.413303989724,210.44750689373922,0.9889686567987557,3.2287442947391347
train_041,train,3.0,8,104,200,7984.0858974083285,217.68316120797894,0.9882460366051051,3.2539719347357057
train_042,train,2.0,8,104,200,7923.682663453321,203.88220428226944,0.9895179040272437,2.988738454313185
train_043,train,4.0,8,104,200,7959.618953741586,207.07706321077455,0.9892867408539057,3.274537883605077
train_044,train,3.0,8,104,200,7935.209205365476,209.19242100157797,0.9890025367786524,3.227843066135611
train_045,train,3.0,8,104,200,7940.236237185618,207.66692231966056,0.989174185962043,3.2145107089033864
train_046,train,4.0,8,104,200,7976.666643200598,211.99049227768833,0.9888254638242198,3.3805356866146887
train_047,train,2.0,8,104,200,8006.791102679574,218.1369947718708,0.9882636124173522,3.2715208254202635
train_048,train,4.0,8,104,200,7989.85715523663,217.41433247866715,0.9882914442205759,3.3021807771416256
train_049,train,2.0,8,104,200,7959.0566054080155,208.10064763360776,0.9891802039195136,3.2062737860992936
train_050,train,4.0,8,104,200,7976.517960237787,211.78040621121215,0.9888469431191153,3.241918767062863
train_051,train,3.0,8,104,200,7962.7115786892855,213.32755816203348,0.9886464171469815,3.263404476190571
train_052,train,3.0,8,104,200,7983.983729307868,217.46163164309706,0.9882693705545099,3.228914288285279
train_053,train,3.0,8,104,200,8002.16359305966,217.5614110378111,0.9883113953934004,3.2188620948239186
train_054,train,2.0,8,104,200,7937.936184599619,206.14836876646427,0.9893241322706291,3.184556393563812
train_055,train,3.0,8,104,200,8005.316303714963,216.79096898153554,0.9884021089031892,3.2712191556724406
train_056,train,1.0,8,104,200,7917.087802370375,205.5487916416109,0.9893301051211781,3.2311540671719934
train_057,train,1.0,8,104,200,8000.272760692871,214.48895547164423,0.9886301660771316,3.239524988677939
train_058,train,1.0,8,104,200,7964.161910358415,213.814167656176,0.9885992595137595,3.2312101275922647
train_059,train,2.0,8,104,200,8084.4600666986935,234.83795836326792,0.9866791939588828,3.0533385582670394
train_060,train,3.0,8,104,200,7977.679013606945,211.4855435053557,0.9888808344220087,3.2238283991433545
train_061,train,2.0,8,104,200,7960.884043132921,204.71808293084072,0.9895301888838718,3.2107804756431504
train_062,train,3.0,8,104,200,7913.851094216506,201.25687050808787,0.989758235429298,3.1993130848391877
train_063,train,2.0,8,104,200,7952.930384005288,198.13429516960701,0.9901668354778037,3.081463466240312
train_064,train,2.0,8,104,200,8012.292967295123,220.093410930895,0.9880708768537135,3.271267757868729
train_065,train,3.0,8,104,200,8008.4805531549455,217.60544084445317,0.9883249435739182,3.227760341386281
train_066,train,2.0,8,104,200,8000.619504574158,212.25341828526638,0.9888642667422582,3.301897399411882
train_067,train,3.0,8,104,200,7943.36858875436,211.33742328090455,0.9888011779577224,3.216646543583322
train_068,train,3.0,8,104,200,8016.1540149360235,216.10411971197294,0.9885054221668278,3.251716490630999
train_069,train,2.0,8,104,200,8043.760903782834,220.94018489161732,0.9880727580677543,3.3565554657780523
train_070,train,2.0,8,104,200,7981.321583760935,208.10270874703738,0.9892396267928213,3.2311896249687377
train_071,train,4.0,8,104,200,8077.995631245608,232.786710045426,0.9868871642829476,3.3468530625131785
train_072,train,4.0,8,104,200,7988.120887975702,208.88401958115824,0.9891778009152976,3.110070863908443
train_073,train,2.0,8,104,200,8034.024894878203,224.76138553383936,0.9876322049253974,3.242757576664874
train_074,train,3.0,8,104,200,7964.433205702466,211.0865260107572,0.9888858204513351,3.246839271557992
train_075,train,2.0,8,104,200,8112.414186520166,201.28361381977984,0.9902460680840941,3.2081265159471446
train_076,train,2.0,8,104,200,7945.067877791235,202.09833307531855,0.9897534597530169,3.1470724916314707
train_077,train,3.0,8,104,200,7955.611424929456,208.13536997581338,0.9891673574688379,3.2130723759886965
train_078,train,3.0,8,104,200,8484.990831704197,381.4114283270388,0.9686825699022542,2.6657124165425694
train_079,train,2.0,8,104,200,8022.828917709343,212.53125035384704,0.988896463147272,3.2346493514295402
train_080,train,1.0,8,104,200,8069.039811973033,215.2813491547065,0.9887391593226574,3.1606744911050026
train_081,train,3.0,8,104,200,7988.009483624106,213.53013962143623,0.9886962101078379,3.214973988380963
train_082,train,3.0,8,104,200,7981.333871154368,212.5072116961828,0.988784515780713,3.22723183323265
train_083,train,1.0,8,104,200,7846.631854249664,186.62781691253755,0.9910299889695978,3.0918615113678007
train_084,train,5.0,8,104,200,7962.818319396755,207.94267215696485,0.9892065423971634,3.283844221059982
train_085,train,3.0,8,104,200,7961.797274393172,209.6828350064649,0.9890243438386122,3.2515243524291013
train_086,train,2.0,8,104,200,8006.004086815351,211.04424331276817,0.9890040324198707,3.2474696727012096
train_087,train,3.0,8,104,200,8005.064905641646,215.17344787005726,0.9885718517462562,3.320297767545867
train_088,train,2.0,8,104,200,8036.779783650311,214.3281100135783,0.9887487682570988,3.1002619210618105
train_089,train,2.0,8,104,200,7882.417460303565,189.07385261917062,0.9908781210359471,3.220306082363232
train_090,train,4.0,8,104,200,7923.951358143471,198.36285846259943,0.9900728576052664,3.1449222803045824
train_091,train,2.0,8,104,200,7918.855332776416,200.92976557893235,0.9898039280218921,3.210286687132137
train_092,train,2.0,8,104,200,7870.138355484796,197.93224898731066,0.9899812089745978,3.279526936832165
train_093,train,3.0,8,104,200,7908.408396929132,199.69269292428496,0.989901470874775,3.2469356990862
train_094,train,3.0,8,104,200,7917.307913032005,198.00065718116355,0.9900922771810188,3.140529320552504
train_095,train,3.0,8,104,200,7948.400145034611,210.73161601430002,0.9888785126338608,3.233748399807559
train_096,train,2.0,8,104,200,7827.155931654269,193.12659859856808,0.990353133373755,3.2782807752252623
train_097,train,3.0,8,104,200,7926.024266204495,197.1199019631687,0.990200737717941,3.1054333137026764
train_098,train,1.0,8,104,200,8029.292207590546,227.08900955821463,0.987363271456089,3.259359036182511
train_099,train,3.0,8,104,200,7951.723870575498,210.55231952297166,0.9889063962860123,3.2640270933626985
train_100,train,5.0,8,104,200,7860.576536499565,189.26739922069217,0.9908092099591357,3.2009790194919394
train_101,train,2.0,8,104,200,8035.969445295997,228.7786209189356,0.9871979782177167,3.2976458326019635
train_102,train,2.0,8,104,200,7981.599787645757,214.82033685287882,0.9885425951008128,3.199894016194124
train_103,train,3.0,8,104,200,7955.801960519783,209.6061297408822,0.9890159298061427,3.259332165091645
train_104,train,1.0,8,104,200,7991.350370966073,210.56917975766657,0.9890131970415352,3.2612991536040727
train_105,train,4.0,8,104,200,7833.342132403501,185.8790358315612,0.9910712331126339,3.137336328757051
train_106,train,1.0,8,104,200,8086.397248180894,218.18822684976232,0.9884855607348965,3.1669796270028177
train_107,train,3.0,8,104,200,7982.461863260807,217.567287685418,0.9882536777160051,3.235270918084727
train_108,train,1.0,8,104,200,7895.247735856647,207.60982657837877,0.9890577677486456,3.221160131345487
train_109,train,3.0,8,104,200,7955.97637479418,211.54729525764674,0.9888143117630082,3.2347598633617296
train_110,train,1.0,8,104,200,7911.836335496578,194.33945746047783,0.9904387431457541,3.1699556836552767
train_111,train,3.0,8,104,200,8031.722999787676,212.32656961891462,0.9889418624830015,3.279044958096805
train_112,train,1.0,8,104,200,8074.08458124342,218.82385945297477,0.9883842156232533,3.2284147635926326
train_113,train,3.0,8,104,200,8012.142328482082,216.45607974879115,0.9884569649393832,3.2517941943791486
train_114,train,3.0,8,104,200,7960.321374883208,212.08494838210888,0.9887701533982816,3.254860131105618
train_115,train,3.0,8,104,200,8021.290430490064,219.0758742822852,0.9882058129467071,3.260425909561994
train_116,train,4.0,8,104,200,7972.866691998765,214.79697372927964,0.9885202386609698,3.3139765922428657
train_117,train,1.0,8,104,200,8003.048731418278,200.40747762291477,0.9900665232433706,3.086532306191395
train_118,train,2.0,8,104,200,8003.887812725408,219.23062065541234,0.9881385369322225,3.2096386954807645
train_119,train,2.0,8,104,200,7951.937958353414,208.02371617881818,0.9891689590726125,3.209820824004512
train_120,train,5.0,8,104,200,7888.567721783084,205.86205948435818,0.9892212173298869,3.119556555926558
test_001,test,,8,104,200,7928.119496528435,207.26032350952948,0.9891834492456049,3.3158163210051854
test_002,test,,8,104,200,7951.812042968973,211.0558250083013,0.9888541118626655,3.202093426429784
test_003,test,,8,104,200,7976.413307157166,205.34262214643527,0.9895074282007396,3.2205341508565812
test_004,test,,8,104,200,7899.324430638889,201.25662860836078,0.9897209440979453,3.207751702033172
test_005,test,,8,104,200,7897.7619545911775,201.30682831845195,0.9897118406485558,3.234342146066247
test_006,test,,8,104,200,8053.452614346951,218.0590978145921,0.9884058346553127,3.241233083925667
test_007,test,,8,104,200,7951.984429432486,209.4180842361683,0.9890249988511138,3.222783480567245
test_008,test,,8,104,200,7913.897008138867,204.9581121373064,0.9893822248905368,3.197288256340192
test_009,test,,8,104,200,7972.544257907055,216.4441385303936,0.9883446271942002,3.2732036653488463
test_010,test,,8,104,200,7976.4306156097555,212.93797844448548,0.988725820927224,3.2096744933355708
test_011,test,,8,104,200,7973.672897754853,214.54341925080666,0.9885493040873267,3.2388139774846234
test_012,test,,8,104,200,7883.511915471706,197.92310737171675,0.9900157458085926,3.220075252839645
test_013,test,,8,104,200,8019.7332292336905,221.14499227423923,0.9879800535158315,3.2373558953216293
test_014,test,,8,104,200,8039.789985576934,220.6538002058543,0.9880916761271537,3.289072693346921
test_015,test,,8,104,200,7889.969400355938,191.27733733534257,0.9906839564529439,3.2173251115739783
test_016,test,,8,104,200,8083.613602755163,220.38004191936687,0.9882477974391758,3.3524679396129202
test_017,test,,8,104,200,7981.891215269702,206.55099489924902,0.9893992997430529,3.264890233420388
test_018,test,,8,104,200,8046.015811665935,226.52364835378688,0.9874768882943473,3.2267388698313395
test_019,test,,8,104,200,7996.849201470663,220.71325967773817,0.9879585785785434,3.273458870404606
test_020,test,,8,104,200,7911.830594859912,205.8129141970183,0.9892888919577424,3.208958125709421
test_021,test,,8,104,200,8021.042304172359,204.09287408371108,0.9897472970126789,3.264609608318921
test_022,test,,8,104,200,7979.651820013944,219.51985067021494,0.9880361072320528,3.268107825620895
test_023,test,,8,104,200,7847.344532714211,195.6526956827109,0.9901519990402103,3.203814051462135
test_024,test,,8,104,200,8011.471406862973,224.6245486743305,0.9875782902262111,3.302026053565813
test_025,test,,8,104,200,7950.7038822032055,210.65930860090444,0.9888924267750309,3.259847941279348
test_026,test,,8,104,200,7943.388446305482,209.97748394162642,0.9889433074958478,3.251145402611275
test_027,test,,8,104,200,7748.330770444756,189.56177735566425,0.9905143738389087,3.281268323071993
test_028,test,,8,104,200,7860.414264640188,194.38259358146684,0.9903101934507463,3.250427751130551
test_029,test,,8,104,200,7871.183675082349,202.55293106319718,0.989515695152057,3.24411889856693
test_030,test,,8,104,200,8057.625888501329,230.00741055257336,0.9871304316187853,3.334253294379611
test_031,test,,8,104,200,7917.638683680244,208.94349670949583,0.9889801943385816,3.2456613392432376
test_032,test,,8,104,200,7842.426903622956,192.19330716147329,0.9904820774810968,3.236193906646612
test_033,test,,8,104,200,7967.991002728112,215.52146069052685,0.9884295808934987,3.213319124106977
test_034,test,,8,104,200,7951.59447995291,205.55828668252104,0.989420565668889,3.214953149819916
test_035,test,,8,104,200,7972.307393054462,203.24213043211955,0.9897083121310105,3.2673148426563885
test_036,test,,8,104,200,7896.737163095415,195.39313996902695,0.9902991531509315,3.1411690010188584
test_037,test,,8,104,200,8017.553896102402,192.03631994118842,0.9909043302681786,3.1779841567722444
test_038,test,,8,104,200,7884.18338669468,205.41606918844008,0.9892555577643205,3.1624655321570945
test_039,test,,8,104,200,7883.440578124698,199.85348526828713,0.9898218493501321,3.1973881592929327
test_040,test,,8,104,200,8003.492941895242,217.9592070814308,0.988272965468973,3.2767156188414095
test_041,test,,8,104,200,7904.0335946100195,201.67887808923268,0.9896903811261748,3.240572530474028
test_042,test,,8,104,200,7960.517789502791,214.11367071901168,0.9885573136017809,3.184569491483993
test_043,test,,8,104,200,7980.813552069649,206.79303295830528,0.9893718661518998,3.221491218414479
test_044,test,,8,104,200,7895.9837716354305,199.94304813680807,0.9898448293771509,3.199263803649666
test_045,test,,8,104,200,7952.013859638017,211.63080816116405,0.9887945431433754,3.266874290064223
test_046,test,,8,104,200,7963.196034313088,212.04583348405006,0.9887822612442089,3.2165964559527715
test_047,test,,8,104,200,7975.391028368629,190.1036307553199,0.9909912064300043,3.1729825580611557
test_048,test,,8,104,200,7901.6587032152265,202.1488926380811,0.989636607819594,3.1972838753380217
test_049,test,,8,104,200,7964.493358638081,211.96450104641895,0.9887943790150596,3.2380427003525214
test_050,test,,8,104,200,7966.776374342132,214.30461315663672,0.9885549268261551,3.2315816553891046
test_051,test,,8,104,200,7969.245415736718,218.09737708232242,0.9881583287273014,3.284397271000998
test_052,test,,8,104,200,7885.228929165218,198.0957309896601,0.9900028080929812,3.250192655876252
test_053,test,,8,104,200,7968.427487578145,212.65072692340763,0.9887335332395532,3.2259939663822115
test_054,test,,8,104,200,7975.328367639043,212.86837550185,0.9887300276205877,3.206773179475204
test_055,test,,8,104,200,7940.708938339581,206.79862778041587,0.9892648208017113,3.2492311192465824
test_056,test,,8,104,200,7988.242947368072,217.52945269160742,0.9882745051694087,3.2681051511242365
test_057,test,,8,104,200,7872.560867468238,202.9192031945839,0.9894817853590411,3.258755787575642
test_058,test,,8,104,200,7839.091717169858,194.2906139292578,0.9902670506943653,3.2072649932119703
test_059,test,,8,104,200,7928.451715813073,200.95830709534067,0.9898254837642609,3.2300535192174338
test_060,test,,8,104,200,7792.706264969503,191.97821622230563,0.9903827623757029,3.366947710372582
