element,ion_state,wavelength,Ei,Ek,gi,gk,Ak,emissivity,channel,pixel,half_px,step_nm,interference,rel_emissivity,status,snr,selected,response_ln
Fe,I,381.296,0.95815732,4.20888328,7.0,5.0,7910000.0,2.9750474388878816,2,4106,3,0.06201171875,0.23350131012022554,0.0576161522837595,no_peak,,False,
Fe,I,381.306,2.58810592,5.83875215,7.0,7.0,5520000.0,0.35537488975661197,2,4106,3,0.06201171875,9.326348369889985,0.00688235538647249,blended,,False,
Fe,I,381.363,2.69240763,5.94256226,11.0,9.0,2070000.0,0.14985334990160853,2,4107,3,0.06201171875,23.496842729004577,0.0029021296653306762,blended,,False,
Fe,I,381.388,3.6343498,6.8842923,13.0,11.0,6620000.0,0.17391225812812935,2,4107,3,0.06201171875,20.107965502061663,0.003368065670935479,blended,,False,
Fe,I,381.584,1.48486439,4.73314079,9.0,7.0,112000000.0,29.97535108242726,2,4110,3,0.06201171875,0.015209044328358106,0.5805165894665153,no_peak,,False,
Fe,I,381.634,2.1978664,5.44571679,5.0,7.0,4160000.0,0.4441786558253373,2,4111,3,0.06201171875,67.51127834869301,0.00860217041943871,blended,,False,
Fe,I,381.764,3.33201954,6.57876498,11.0,11.0,7700000.0,0.2996558433055579,2,4114,3,0.06201171875,0.1080408059209726,0.005803274420076248,weak,0.8193890366339303,False,
Fe,I,381.949,3.3965088,6.64167865,7.0,5.0,4900000.0,0.0798849403762708,2,4115,3,0.06201171875,646.526398793871,0.0015470889067969995,implausible,,False,
Fe,I,382.042,0.85899575,4.10337372,11.0,9.0,66700000.0,51.63564939629734,2,4116,3,0.06201171875,0.055591787557617976,1.0,weak,0.45444267287827844,False,
Fe,I,382.118,3.26711257,6.51085164,11.0,13.0,55400000.0,2.7785596882262196,2,4118,3,0.06201171875,18.705228467402804,0.053810879125410264,blended,,False,
Fe,I,382.183,2.60850194,5.85168345,5.0,5.0,7300000.0,0.3293847964237239,2,4119,3,0.06201171875,8.454630223538286,0.006379019151976488,blended,,False,
Fe,I,382.444,0.0,3.24096914,9.0,7.0,2830000.0,5.1752858621485895,2,4123,3,0.06201171875,0.005216774470541274,0.10022699283645876,ground_multiplet,,False,
Fe,I,382.588,0.91460217,4.15435379,9.0,7.0,59700000.0,33.61134209938499,2,4126,3,0.06201171875,0.00409640852179887,0.6509328824630832,ok,28.570574054412354,False,-1.247568971396557
Fe,I,382.684,2.7275445,5.96648265,9.0,7.0,2290000.0,0.12459211120668354,2,4126,3,0.06201171875,419.25187943596006,0.0024129087687162452,blended,,False,
Fe,I,382.757,2.69240763,5.93072834,11.0,11.0,1560000.0,0.13964101643208868,2,4127,3,0.06201171875,133.55964921368889,0.0027043528659891703,blended,,False,
Fe,I,382.782,1.55735733,4.79546566,7.0,5.0,105000000.0,18.464849702214917,2,4126,3,0.06201171875,0.016931452089026654,0.35759886663764867,ok,28.570574054412354,False,-1.245612751564665
Fe,I,382.945,3.2739844,6.51071489,3.0,3.0,13200000.0,0.1524752902256092,2,4130,3,0.06201171875,0.43855562818906435,0.0029529073810107406,no_peak,,False,
Fe,I,383.076,2.60850194,5.84412959,5.0,5.0,1040000.0,0.04727487891487079,2,4132,3,0.06201171875,1.8542238818313639,0.0009155472908269601,implausible,,False,
Fe,I,383.086,2.69240763,5.92794713,11.0,9.0,1070000.0,0.07857895973841014,2,4132,3,0.06201171875,0.7171656237077113,0.0015217966784018958,implausible,,False,
Fe,I,383.331,2.55917148,5.79264615,9.0,9.0,4680000.0,0.4089365261811793,2,4135,3,0.06201171875,42.416254406260975,0.007919654946965829,blended,,False,
Fe,I,383.422,0.95815732,4.19086081,7.0,5.0,45200000.0,17.30347009163601,2,4136,3,0.06201171875,0.026836931892626308,0.3351070489853624,ok,19.125671143880727,False,-1.239159242840896
Fe,I,383.633,3.30092244,6.53184961,5.0,5.0,32900000.0,0.6152557882423163,2,4140,3,0.06201171875,0.11504191704995073,0.011915329727342109,no_peak,,False,
Fe,I,383.713,2.60850194,5.83875215,5.0,7.0,1080000.0,0.06909371459702908,2,4141,3,0.06201171875,8.90465640515415,0.0013381010097644596,implausible,,False,
Fe,I,383.926,3.0468689,6.27533411,9.0,9.0,23500000.0,1.100299636179098,2,4144,3,0.06201171875,0.008133116860514624,0.021308914462069256,no_peak,,False,
Fe,I,384.044,0.99011115,4.21758325,5.0,3.0,47000000.0,10.413003542366635,2,4146,3,0.06201171875,1.3136579830241257,0.2016630692963324,blended,,False,
Fe,I,384.105,1.60789577,4.83485507,5.0,3.0,136000000.0,13.592241573101502,2,4147,3,0.06201171875,0.7722458044628712,0.26323367154313676,blended,,False,
Fe,I,384.326,3.0468689,6.27197352,9.0,7.0,37000000.0,1.3518545514531377,2,4150,3,0.06201171875,0.003265078602045752,0.02618064393996129,no_peak,,False,
Fe,I,384.517,2.42419831,5.64769932,3.0,3.0,6070000.0,0.21247240607682186,2,4153,3,0.06201171875,1.0913818241424527,0.004114839428979036,blended,,False,
Fe,I,384.569,3.54652001,6.76958063,5.0,7.0,5890000.0,0.11321952112766864,2,4153,3,0.06201171875,6.40456605113017,0.0021926619002837085,blended,,False,
Fe,I,384.598,3.3682564,6.59107351,9.0,7.0,4500000.0,0.10887931297860967,2,4154,3,0.06201171875,22.72702477995537,0.0021086074108020636,blended,,False,
Fe,I,384.641,3.5732189,6.79568,11.0,9.0,16800000.0,0.4013871491434626,2,4154,3,0.06201171875,4.934528752556933,0.0077734502003231325,blended,,False,
Fe,I,384.68,3.25148176,6.47361547,7.0,7.0,62000000.0,1.7450407346008379,2,4154,3,0.06201171875,0.30015535533618387,0.03379527041885078,weak,0.9755707472111532,False,
Fe,I,384.997,1.01105568,4.2305396,3.0,1.0,60500000.0,4.383092948836702,2,4159,3,0.06201171875,0.143906275367895,0.08488501645824179,weak,9.144080603442424,False,
Fe,I,385.082,0.99011115,4.20888328,5.0,5.0,1660000.0,0.6182078711869547,2,4161,3,0.06201171875,7.092138502894681,0.011972501138550315,blended,,False,
Fe,I,385.257,2.17594512,5.39325126,7.0,9.0,3260000.0,0.4743537616989487,2,4163,3,0.06201171875,0.03798327503238604,0.009186555553089712,no_peak,,False,
Fe,I,385.437,3.21118938,6.4269984000000004,9.0,7.0,5070000.0,0.1512420148001845,2,4166,3,0.06201171875,0.1966790983379485,0.002929023195572121,no_peak,,False,
Fe,I,385.637,0.05156912,3.2657061,7.0,5.0,4640000.0,5.82203646318053,2,4169,3,0.06201171875,0.004869546653064754,0.11275226575533324,ground_multiplet,,False,
Fe,I,385.921,2.40407444,5.61584517,13.0,11.0,7250000.0,0.9660018421920755,2,4173,3,0.06201171875,24.332460411225,0.018708040926882292,blended,,False,
Fe,I,385.991,0.0,3.21118938,9.0,9.0,9690000.0,23.457555872146557,2,4174,3,0.06201171875,0.04125489333400498,0.4542899362437115,ground_multiplet,,False,
Fe,I,386.369,3.2657061,6.47375371,5.0,3.0,4370000.0,0.05247330923092713,2,4179,3,0.06201171875,17.840125530086926,0.0010162225099214083,implausible,,False,
Fe,I,386.374,2.69240763,5.90041395,11.0,9.0,1840000.0,0.13881826415022958,2,4179,3,0.06201171875,6.121568180825731,0.0026884190626676593,blended,,False,
Fe,I,386.552,1.01105568,4.21758325,3.0,3.0,15500000.0,3.411794903847243,2,4181,3,0.06201171875,0.01041841079285076,0.06607440680492137,weak,4.0948032448622484,False,
Fe,I,386.722,3.01725044,6.22237439,5.0,5.0,31600000.0,0.8737002653070495,2,4184,3,0.06201171875,0.01661028476794151,0.01692048566294782,no_peak,,False,
Fe,I,386.956,2.7275445,5.93072834,9.0,11.0,1590000.0,0.14078198494761976,2,4188,3,0.06201171875,0.08350317312682883,0.0027264493928823305,no_peak,,False,
Fe,I,387.175,2.94879294,6.15016512,11.0,11.0,5830000.0,0.388770769465287,2,4191,3,0.06201171875,10.23707932416562,0.00752911552407366,blended,,False,
Fe,I,387.25,0.99011115,4.19086081,5.0,5.0,10500000.0,3.9798772059330476,2,4192,3,0.06201171875,0.09801304564785325,0.07707615286074884,weak,6.47680099995497,False,
Fe,I,387.376,2.4326947,5.63240401,11.0,9.0,6570000.0,0.6984708737062569,2,4194,3,0.06201171875,0.004949585949151556,0.01352691177263169,no_peak,,False,
Fe,I,387.802,0.95815732,4.15435379,7.0,7.0,7720000.0,4.287954051887804,2,4200,3,0.06201171875,1.3393113749164163,0.08304251233441992,blended,,False,
Fe,I,387.857,0.08728574,3.28302483,5.0,3.0,6170000.0,4.516503537354068,2,4201,3,0.06201171875,1.2210324717622572,0.0874687079596976,ground_multiplet,,False,
Fe,I,387.867,2.45343044,5.64908881,9.0,7.0,7020000.0,0.5673909133139851,2,4201,3,0.06201171875,16.679699797626693,0.010988356299333599,blended,,False,
Fe,I,387.873,3.2739844,6.46959714,3.0,3.0,53400000.0,0.6421530879679788,2,4201,3,0.06201171875,14.621354476446436,0.012436235342748026,blended,,False,
Fe,I,388.328,3.25148176,6.44334733,7.0,7.0,12800000.0,0.37108565230806134,2,4208,3,0.06201171875,0.1588280134049134,0.007186617320526445,no_peak,,False,
Fe,I,388.436,2.69240763,5.88338708,11.0,9.0,3990000.0,0.30607279575532426,2,4209,3,0.06201171875,0.13095876578544266,0.00592754810550077,no_peak,,False,
Fe,I,388.551,2.42419831,5.61423177,3.0,5.0,7260000.0,0.43763065189226596,2,4211,3,0.06201171875,21.845114253310076,0.008475358730041406,blended,,False,
Fe,I,388.628,0.05156912,3.24096914,7.0,7.0,5290000.0,9.52000867792744,2,4212,3,0.06201171875,0.3329193688851734,0.18436891545340175,ground_multiplet,,False,
Fe,I,388.705,0.91460217,4.10337372,9.0,9.0,3520000.0,2.6782891115244527,2,4213,3,0.06201171875,3.574529290098292,0.051868992504943805,blended,,False,
Fe,I,388.851,1.60789577,4.79546566,5.0,5.0,25000000.0,4.32777599518363,2,4215,3,0.06201171875,0.07613931145018908,0.08381372260796943,no_peak,,False,
Fe,I,388.882,3.01725044,6.20456765,5.0,3.0,19500000.0,0.32916497658706395,2,4216,3,0.06201171875,13.14880139392873,0.006374762018789824,blended,,False,
Fe,I,389.04,3.24096914,6.4269984000000004,7.0,7.0,1670000.0,0.049356017769406214,2,4218,3,0.06201171875,3.7639000860012355,0.0009558515937430122,implausible,,False,
Fe,I,389.084,2.7275445,5.91320801,9.0,7.0,3060000.0,0.17539043582992583,2,4219,3,0.06201171875,0.3405926964247524,0.003396692747753118,no_peak,,False,
Fe,I,389.193,3.41489715,6.59967157,3.0,3.0,27100000.0,0.27463296327866427,2,4220,3,0.06201171875,0.03551178348975736,0.00531866968827853,no_peak,,False,
Fe,I,389.331,2.83159117,6.01523448,5.0,3.0,4520000.0,0.0972832808036984,2,4222,3,0.06201171875,9.38302968282213,0.0018840332588259136,implausible,,False,
Fe,I,389.339,2.94879294,6.13237029,11.0,11.0,10000000.0,0.6785300930959817,2,4222,3,0.06201171875,0.48865201780260253,0.013140729341628797,no_peak,,False,
Fe,I,389.401,3.30092244,6.48399171,5.0,5.0,10300000.0,0.20184368898474422,2,4223,3,0.06201171875,3.956025580624552,0.0039089987507587715,blended,,False,
Fe,I,389.566,0.11011433,3.29183986,3.0,1.0,9390000.0,2.2553602222419333,2,4226,3,0.06201171875,0.003464235814984772,0.043678354946837555,ground_multiplet,,False,
Fe,I,389.745,2.94879294,6.12905507,11.0,13.0,1780000.0,0.14320018571962187,2,4228,3,0.06201171875,5.074788368141757,0.0027732813936468164,blended,,False,
Fe,I,389.789,2.69240763,5.87231021,11.0,13.0,6200000.0,0.6944436892834257,2,4229,3,0.06201171875,0.2526729466329107,0.01344891944620769,no_peak,,False,
Fe,I,389.971,0.08728574,3.2657061,5.0,5.0,2580000.0,3.2012753462276677,2,4232,3,0.06201171875,0.08167160508851919,0.06199738714736147,ground_multiplet,,False,
Fe,I,390.051,3.24096914,6.41873101,7.0,7.0,7900000.0,0.23537109489555635,2,4233,3,0.06201171875,13.71288681536978,0.0045583060859584,blended,,False,
Fe,I,390.295,1.55735733,4.73314079,7.0,7.0,21400000.0,5.599602486195198,2,4236,3,0.06201171875,0.19381196831914688,0.1084445059113894,ok,12.140015326227829,False,-1.1698546093120472
Fe,I,390.39,2.99035244,6.165361,9.0,9.0,7610000.0,0.4037930453452448,2,4238,3,0.06201171875,15.427645583125273,0.007820043905058348,blended,,False,
Fe,I,390.675,3.30092244,6.47361547,5.0,7.0,7050000.0,0.1953830942720339,2,4241,3,0.06201171875,0.027645745670651166,0.003783879868973708,weak,0.6135608959588195,False,
Fe,I,390.793,2.75857762,5.93030716,7.0,5.0,6670000.0,0.2659523135007568,2,4244,3,0.06201171875,0.3029751125244476,0.005150556187637055,no_peak,,False,
Fe,I,390.966,3.28302483,6.45335558,3.0,5.0,5700000.0,0.11573543681065257,2,4246,3,0.06201171875,2.010664387633078,0.0022413862934577843,blended,,False,
Fe,I,390.983,2.84504259,6.01523448,3.0,3.0,6990000.0,0.14980905345255777,2,4246,3,0.06201171875,1.4458902327959273,0.002901271799697753,blended,,False,
Fe,I,391.084,2.75857762,5.92794713,7.0,9.0,1370000.0,0.09855287474005289,2,4248,3,0.06201171875,2.6192237528163065,0.001908620805437568,implausible,,False,
Fe,I,391.1,3.21118938,6.3804339,9.0,9.0,2680000.0,0.1075683029891926,2,4248,3,0.06201171875,0.9380796214115604,0.0020832177816457564,blended,,False,
Fe,I,391.363,2.27860466,5.44571679,5.0,7.0,1350000.0,0.14056118771943965,2,4252,3,0.06201171875,0.6333637775160567,0.002722173331076939,blended,,False,
Fe,I,391.427,3.28302483,6.44961696,3.0,3.0,5800000.0,0.07091734859742589,2,4253,3,0.06201171875,2.2314326942538734,0.0013734183539194764,implausible,,False,
Fe,I,391.673,3.23672008,6.40132623,13.0,11.0,9830000.0,0.46872509775354826,2,4256,3,0.06201171875,0.061655961756413434,0.009077548229443965,no_peak,,False,
Fe,I,391.832,2.48437256,5.64769932,1.0,3.0,6030000.0,0.2071318105540807,2,4259,3,0.06201171875,5.430007432006832,0.004011410972376259,blended,,False,
Fe,I,391.842,2.84504259,6.00828827,3.0,1.0,42200000.0,0.30352095292551934,2,4259,3,0.06201171875,3.388030112684159,0.005878127930492999,blended,,False,
Fe,I,391.864,3.01762252,6.18068544,7.0,7.0,11700000.0,0.47162582590837265,2,4259,3,0.06201171875,1.8239740236925093,0.009133725079909458,blended,,False,
Fe,I,391.907,2.99035244,6.15307342,9.0,9.0,3720000.0,0.1997622971988509,2,4260,3,0.06201171875,5.667219490082192,0.003868689549456414,blended,,False,
Fe,I,392.026,0.12126572,3.28302483,1.0,3.0,2600000.0,1.8829869115317899,2,4262,3,0.06201171875,0.06326874504031278,0.036466800234855073,no_peak,,False,
Fe,I,392.084,3.2657061,6.4269984000000004,5.0,7.0,2920000.0,0.08562914913501764,2,4262,3,0.06201171875,22.506263287330285,0.0016583339250335425,implausible,,False,
Fe,I,392.291,0.05156912,3.21118938,7.0,9.0,1080000.0,2.572477422133912,2,4265,3,0.06201171875,0.003532551115505493,0.04981979411918421,ground_multiplet,,False,
Fe,I,392.52,3.29183986,6.44961696,1.0,3.0,6200000.0,0.07559710687202266,2,4269,3,0.06201171875,11.700833498320412,0.0014640487290442316,implausible,,False,
Fe,I,392.564,2.83159117,5.98901244,5.0,5.0,8040000.0,0.2958671737391557,2,4269,3,0.06201171875,2.2438297939466905,0.005729901283286109,blended,,False,
Fe,I,392.594,2.85805275,6.01523448,1.0,3.0,16700000.0,0.3564442161421622,2,4270,3,0.06201171875,1.6662566554129024,0.006903064458558391,blended,,False,
Fe,I,392.601,3.24096914,6.39809335,7.0,7.0,7260000.0,0.22069334242995178,2,4270,3,0.06201171875,3.3063001045177596,0.004274049905640911,blended,,False,
Fe,I,392.792,0.11011433,3.2657061,3.0,5.0,2600000.0,3.2029219095087167,2,4273,3,0.06201171875,0.08960248585346851,0.06202927525761669,ground_multiplet,,False,
Fe,I,392.808,3.21118938,6.36664959,9.0,9.0,5640000.0,0.22943252928462612,2,4273,3,0.06201171875,14.211058717248289,0.004443297062534438,blended,,False,
Fe,I,392.921,3.25148176,6.40603863,7.0,9.0,2090000.0,0.08078679273280721,2,4275,3,0.06201171875,0.8107580342411396,0.0015645545989511702,implausible,,False,
Fe,I,393.03,0.08728574,3.24096914,5.0,7.0,1990000.0,3.5411403082677446,2,4276,3,0.06201171875,0.04454927020489362,0.06857937006059366,ground_multiplet,,False,
Fe,I,393.112,3.2657061,6.41873101,5.0,7.0,4800000.0,0.1418967237631096,2,4277,3,0.06201171875,25.003874059822383,0.002748037943206049,blended,,False,
Fe,I,393.263,2.7275445,5.87935896,9.0,11.0,2700000.0,0.2513377992212619,2,4280,3,0.06201171875,0.6464305315803315,0.0048675247074414585,blended,,False,
Fe,I,393.36,3.0713388,6.22237439,3.0,5.0,5920000.0,0.1609184258437234,2,4281,3,0.06201171875,1.6173808860160874,0.0031164210719747906,blended,,False,
Fe,I,393.531,2.84504259,5.99471113,3.0,3.0,2200000.0,0.04810110582306643,2,4283,3,0.06201171875,8.89916539778015,0.0009315483853780222,implausible,,False,
Fe,I,393.581,2.83159117,5.98085478,5.0,5.0,11400000.0,0.4228535876494458,2,4284,3,0.06201171875,0.12606541901545243,0.008189179231660201,weak,0.5975572092436539,False,
Fe,I,393.733,2.69240763,5.84045966,11.0,9.0,1660000.0,0.13277486771932384,2,4286,3,0.06201171875,0.0,0.002571379836831195,no_peak,,False,
Fe,I,394.128,3.2657061,6.41060472,5.0,5.0,9100000.0,0.19367520361570645,2,4292,3,0.06201171875,0.20583209807622585,0.0037508040642477984,no_peak,,False,
Fe,I,394.244,2.84504259,5.98901244,3.0,5.0,9620000.0,0.3525016742998032,2,4294,3,0.06201171875,0.11848486910337654,0.006826711359711886,weak,1.6983359973972831,False,
Fe,I,394.474,2.84504259,5.98718095,3.0,3.0,1300000.0,0.028632087504839938,2,4297,3,0.06201171875,9.384209121497921,0.000554502322321777,implausible,,False,
Fe,I,394.489,2.99035244,6.13237029,9.0,11.0,1400000.0,0.09375407656037432,2,4297,3,0.06201171875,2.171292333553314,0.0018156850481500324,implausible,,False,
Fe,I,394.512,2.75857762,5.90041395,7.0,9.0,1650000.0,0.12191591624601532,2,4298,3,0.06201171875,1.0038571487110082,0.0023610803325106937,blended,,False,
Fe,I,394.699,3.21118938,6.35153108,9.0,11.0,3910000.0,0.1972800244218718,2,4300,3,0.06201171875,0.9809358982959088,0.0038206167004460733,blended,,False,
Fe,I,394.753,2.83159117,5.97150625,5.0,5.0,5120000.0,0.1916455596743594,2,4301,3,0.06201171875,3.7570027973843074,0.003711497035768893,blended,,False,
Fe,I,394.81,3.24096914,6.3804339,7.0,9.0,13100000.0,0.5208593810832295,2,4302,3,0.06201171875,1.9204449040742302,0.010087205006093697,blended,,False,
Fe,I,394.877,3.26711257,6.40603863,11.0,9.0,20800000.0,0.8000199512883756,2,4303,3,0.06201171875,0.7174736470166833,0.01549355843572954,blended,,False,
Fe,I,394.914,3.41489715,6.55353246,3.0,3.0,4200000.0,0.044517617875939934,2,4304,3,0.06201171875,27.51933637308492,0.0008621488912490017,implausible,,False,
Fe,I,394.995,2.17594512,5.31393522,7.0,5.0,4790000.0,0.4183326146880104,2,4305,3,0.06201171875,0.10641679924751099,0.008101623966755185,no_peak,,False,
Fe,I,395.116,3.2739844,6.411013,3.0,5.0,42900000.0,0.910277833724491,2,4307,3,0.06201171875,0.02014072928592281,0.017628863863766275,no_peak,,False,
Fe,I,395.26,2.69240763,5.8282952,11.0,11.0,2970000.0,0.29379551507392826,2,4309,3,0.06201171875,1.0402859569029634,0.005689780578125073,blended,,False,
Fe,I,395.27,2.84504259,5.98085478,3.0,5.0,3480000.0,0.12853005203742254,2,4309,3,0.06201171875,3.663709802528368,0.002489172762231961,blended,,False,
Fe,I,395.315,3.01762252,6.15307342,7.0,9.0,2970000.0,0.15811270183929874,2,4309,3,0.06201171875,2.675183571102303,0.003062084116068783,blended,,False,
Fe,I,395.534,3.28302483,6.41673983,3.0,3.0,15000000.0,0.18936211524334678,2,4314,3,0.06201171875,0.4186965542830367,0.003667274788974097,weak,5.682474314817411,False,
Fe,I,395.596,3.0713388,6.20456765,3.0,3.0,4190000.0,0.06952787903034166,2,4314,3,0.06201171875,35.890568092904495,0.0013465092400934795,implausible,,False,
Fe,I,395.646,3.23672008,6.36955305,13.0,11.0,17600000.0,0.8655385411539124,2,4314,3,0.06201171875,2.3265277532499273,0.016762421917288366,blended,,False,
Fe,I,395.668,2.69240763,5.82506529,11.0,13.0,12200000.0,1.4307370341626504,2,4315,3,0.06201171875,1.0103468549046433,0.027708318785378633,blended,,False,
Fe,I,395.702,3.2657061,6.39809335,5.0,7.0,16700000.0,0.503677138175245,2,4315,3,0.06201171875,4.572517799720622,0.009754445699125116,blended,,False,
Fe,I,396.028,3.63977237,6.76958063,5.0,7.0,4100000.0,0.07653115294133919,2,4320,3,0.06201171875,0.7451486931257696,0.0014821378996121824,implausible,,False,
Fe,I,396.114,2.85805275,5.98718095,1.0,3.0,2600000.0,0.057027088597647296,2,4321,3,0.06201171875,3.1409268033235196,0.0011044131189281907,implausible,,False,
Fe,I,396.235,3.2657061,6.39387714,5.0,7.0,1200000.0,0.03634070915617157,2,4323,3,0.06201171875,11.59613213175821,0.0007037910742103975,implausible,,False,
Fe,I,396.31,3.28302483,6.41060472,3.0,5.0,15000000.0,0.3174871457768705,2,4324,3,0.06201171875,1.762452330257001,0.006148603716401341,blended,,False,
Fe,I,396.452,2.84504259,5.97150625,3.0,5.0,2170000.0,0.08087668841932004,2,4326,3,0.06201171875,6.468767180300897,0.0015662955606232677,implausible,,False,
Fe,I,396.606,1.60789577,4.73314079,5.0,7.0,1320000.0,0.33989992058096746,2,4328,3,0.06201171875,0.0,0.00658265993659297,no_peak,,False,
Fe,I,396.742,3.30140276,6.42557692,9.0,7.0,15200000.0,0.4413156215519724,2,4330,3,0.06201171875,0.5684426737654146,0.008546723566211565,blended,,False,
Fe,I,396.796,3.24096914,6.36471779,7.0,9.0,6090000.0,0.2458600584425729,2,4331,3,0.06201171875,1.8153342914912627,0.004761440232030913,blended,,False,
Fe,I,396.926,1.48486439,4.60759327,9.0,7.0,22600000.0,6.836578745456405,2,4332,3,0.06201171875,0.06090614975710049,0.1324003634192047,ok,21.865108762561345,True,-1.102990208769374
Fe,I,397.039,3.0713388,6.19317735,3.0,1.0,39000000.0,0.21811489338308895,2,4335,3,0.06201171875,3.7798730699149248,0.004224114462260049,blended,,False,
Fe,I,397.132,2.69240763,5.81351269,11.0,9.0,4970000.0,0.4080569227491248,2,4336,3,0.06201171875,0.5345207524323444,0.007902620137830309,blended,,False,
Fe,I,397.365,3.54652001,6.66579718,5.0,7.0,5810000.0,0.12356144730862302,2,4339,3,0.06201171875,0.1587099364629534,0.0023929484523435335,no_peak,,False,
Fe,I,397.661,3.41489715,6.53184961,3.0,5.0,12000000.0,0.21649307744430496,2,4344,3,0.06201171875,0.0018516633992239824,0.004192705620544188,weak,5.928165348739628,False,
Fe,I,397.774,2.1978664,5.31393522,5.0,5.0,6410000.0,0.5559035490747172,2,4344,3,0.06201171875,0.009508722676293678,0.010765886661136474,weak,5.928165348739628,False,
Fe,I,398.177,2.7275445,5.84045966,9.0,9.0,3570000.0,0.2823590104680472,2,4351,3,0.06201171875,0.08135972079049722,0.005468295911241012,no_peak,,False,
Fe,I,398.396,2.7275445,5.83875215,9.0,7.0,5720000.0,0.3524539310794885,2,4354,3,0.06201171875,0.7317993159263407,0.0068257867423037015,blended,,False,
Fe,I,398.539,3.30092244,6.411013,5.0,5.0,8530000.0,0.1794400973080124,2,4357,3,0.06201171875,0.019465517252171338,0.0034751203752824223,no_peak,,False,
Fe,I,398.986,3.54652001,6.65312587,5.0,7.0,5300000.0,0.11410647778508926,2,4363,3,0.06201171875,1.0036818576379816,0.002209839115401375,blended,,False,
Fe,I,399.037,3.0468689,6.15307342,9.0,9.0,1430000.0,0.07541825421172128,2,4364,3,0.06201171875,4.728410037842916,0.0014605849852472143,implausible,,False,
Fe,I,399.598,2.7275445,5.82938837,9.0,7.0,1600000.0,0.09948588373392277,2,4372,3,0.06201171875,1.8373235184461096,0.0019266898915201141,implausible,,False,
Fe,I,399.696,3.69459719,6.79568,9.0,9.0,7950000.0,0.18278774871102035,2,4373,3,0.06201171875,7.3204224638357065,0.0035399525492193695,blended,,False,
Fe,I,399.739,2.7275445,5.8282952,9.0,11.0,12600000.0,1.232439480422864,2,4374,3,0.06201171875,0.5407867029834893,0.023867996138947353,blended,,False,
Fe,I,399.805,2.69240763,5.79264615,11.0,9.0,5700000.0,0.47754095872276126,2,4375,3,0.06201171875,2.680688233437841,0.009248280292897886,blended,,False,
Fe,I,400.025,3.2657061,6.36423934,5.0,5.0,2200000.0,0.04897437873121967,2,4378,3,0.06201171875,1.1787683272824625,0.0009484605946435816,implausible,,False,
Fe,I,400.046,2.99035244,6.08872711,9.0,9.0,1010000.0,0.057729446496697555,2,4379,3,0.06201171875,1.473090214572194,0.0011180153086413431,implausible,,False,
Fe,I,400.376,3.41489715,6.51071489,3.0,3.0,6760000.0,0.07468624078676923,2,4383,3,0.06201171875,0.04596799363073947,0.0014464084728277823,implausible,,False,
Fe,I,400.524,1.55735733,4.65203107,7.0,5.0,20400000.0,4.125052147471149,2,4385,3,0.06201171875,0.0056352611609290166,0.07988767829396072,ok,14.435055595507698,True,-1.066709389412936
Fe,I,400.631,3.26711257,6.3609602,11.0,9.0,5100000.0,0.20491217175412701,2,4387,3,0.06201171875,1.5084180852490112,0.00396842441510614,blended,,False,
Fe,I,400.662,3.11096179,6.20456765,1.0,3.0,5890000.0,0.09650148360412485,2,4388,3,0.06201171875,4.326398914490193,0.0018688926106746073,implausible,,False,
Fe,I,400.727,2.75857762,5.85168345,7.0,5.0,4400000.0,0.18934599600400093,2,4389,3,0.06201171875,1.5953517626805511,0.0036669626162884753,blended,,False,
Fe,I,400.971,2.22271209,5.31393522,3.0,5.0,4640000.0,0.3991929168579622,2,4392,3,0.06201171875,0.010692607209506854,0.0077309556774275276,weak,-0.8135469456178488,False,
Fe,I,401.453,3.0468689,6.13438193,9.0,7.0,15300000.0,0.6390467519371394,2,4398,3,0.06201171875,0.001499007248110081,0.012376076594535167,weak,3.335340534128744,False,
Fe,I,401.715,3.0468689,6.13237029,9.0,11.0,3250000.0,0.21372844945462915,2,4403,3,0.06201171875,0.042210916824870146,0.004139164549172012,weak,1.5512202752194941,False,
Fe,I,401.827,3.2657061,6.35034852,5.0,7.0,3440000.0,0.10865738993099958,2,4405,3,0.06201171875,0.08302862611339021,0.0021043095458540147,no_peak,,False,
Fe,I,402.187,2.75857762,5.84045966,7.0,9.0,8550000.0,0.669495544824505,2,4410,3,0.06201171875,0.011618872480628551,0.012965762078176029,weak,2.9962655050015865,False,
Fe,I,402.472,3.24096914,6.32066224,7.0,9.0,8090000.0,0.34081668297816603,2,4414,3,0.06201171875,0.005793978465456748,0.006600414383528701,weak,0.27095326353538696,False,
Fe,I,403.049,3.21118938,6.28647868,9.0,11.0,10400000.0,0.5588247258634667,2,4422,3,0.06201171875,0.3231285584561682,0.010822459529356447,weak,9.460707781724373,False,
Fe,I,403.089,3.69459719,6.76958063,9.0,7.0,5020000.0,0.09206256318144376,2,4423,3,0.06201171875,7.03146174090475,0.0017829264133946447,implausible,,False,
Fe,I,403.196,3.2739844,6.34815078,3.0,5.0,7600000.0,0.17137203855374172,2,4425,3,0.06201171875,0.006006327347903674,0.0033188705972976565,no_peak,,False,
Fe,I,404.064,3.30092244,6.36848691,5.0,7.0,4800000.0,0.14729023946074302,2,4438,3,0.06201171875,0.22774617538699862,0.0028524912765269654,weak,-8.117404295743135,False,
Fe,I,404.39,3.24096914,6.30606149,7.0,7.0,8690000.0,0.2887745762230287,2,4442,3,0.06201171875,0.6834290060663482,0.005592542741289432,blended,,False,
Fe,I,404.461,2.83159117,5.89614419,5.0,3.0,8170000.0,0.1973566621458489,2,4443,3,0.06201171875,2.757842457350834,0.003822100902249926,blended,,False,
Fe,I,404.559,3.21118938,6.27499663,9.0,7.0,7390000.0,0.25550400588383765,2,4445,3,0.06201171875,140.07069718950206,0.004948209403214346,blended,,False,
Fe,I,404.581,1.48486439,4.54850612,9.0,9.0,86200000.0,35.49551881947926,2,4444,3,0.06201171875,0.009895693169182374,0.6874227250838943,ok,58.95346454926437,False,-1.02580019426867
Fe,I,404.606,3.2657061,6.32915863,5.0,3.0,6850000.0,0.09464272247143758,2,4445,3,0.06201171875,377.76566952679775,0.0018328949781393506,implausible,,False,
Fe,I,405.191,3.3965088,6.45554341,7.0,5.0,3300000.0,0.06447027297817036,2,4454,3,0.06201171875,0.5245347580861116,0.0012485612891854781,implausible,,False,
Fe,I,405.487,3.41695281,6.47375371,5.0,3.0,9610000.0,0.10995266072483975,2,4458,3,0.06201171875,0.13554035797122632,0.0021293943624290735,no_peak,,False,
Fe,I,405.822,3.21118938,6.26546671,9.0,7.0,4470000.0,0.15597090743669512,2,4463,3,0.06201171875,0.2862631812952276,0.003020605129600237,weak,-7.2467915270694885,False,
Fe,I,405.971,3.54652001,6.59967157,5.0,3.0,5710000.0,0.05547400091676319,2,4465,3,0.06201171875,0.848083541579718,0.0010743353006177373,implausible,,False,
Fe,I,406.244,2.84504259,5.89614419,3.0,3.0,18500000.0,0.44492945210068435,2,4470,3,0.06201171875,0.06287653255872666,0.008616710689274087,ok,42.20354247397661,False,-1.009031155194252
Fe,I,406.359,1.55735733,4.60759327,7.0,7.0,66500000.0,19.649508483726795,2,4470,3,0.06201171875,0.0007827482382778821,0.38054151954048654,ok,42.20354247397661,False,-1.0078715403454501
Fe,I,406.538,3.43018998,6.47908516,3.0,1.0,17000000.0,0.06422444064767463,2,4474,3,0.06201171875,0.28911211029607625,0.001243800385945761,implausible,,False,
Fe,I,406.658,2.99035244,6.03834476,9.0,9.0,1170000.0,0.07020295092105247,2,4476,3,0.06201171875,2.7497273784944163,0.0013595829962794377,implausible,,False,
Fe,I,406.727,2.55917148,5.60664989,9.0,7.0,2190000.0,0.17829286182463855,2,4477,3,0.06201171875,4.226998952007093,0.003452902479375489,blended,,False,
Fe,I,406.798,3.21118938,6.25813812,9.0,9.0,15100000.0,0.6822100297180168,2,4478,3,0.06201171875,0.2631500761471737,0.013211996705650736,no_peak,,False,
Fe,I,406.907,3.28302483,6.32915863,3.0,3.0,1900000.0,0.026102818989065836,2,4479,3,0.06201171875,1.9765133578415794,0.0005055193319779881,implausible,,False,
Fe,I,407.077,3.24096914,6.28582776,7.0,5.0,11000000.0,0.26623065498987314,2,4482,3,0.06201171875,57.28035061202466,0.005155946678361401,blended,,False,
Fe,I,407.174,1.60789577,4.65203107,5.0,5.0,76400000.0,15.196414838398965,2,4482,3,0.06201171875,0.021217553999502405,0.29430083703931614,ok,38.47491104234125,False,-0.9996534003300258
Fe,I,407.25,3.43018998,6.47375371,3.0,3.0,4880000.0,0.05559273233821827,2,4484,3,0.06201171875,273.3634697256275,0.0010766347085431386,implausible,,False,
Fe,I,407.376,3.2657061,6.30832866,5.0,3.0,16800000.0,0.2368138420727215,2,4486,3,0.06201171875,1.1103005391213777e-14,0.004586246998758629,no_peak,,False,
Fe,I,407.479,3.0468689,6.08872711,9.0,9.0,3430000.0,0.19247522698196343,2,4488,3,0.06201171875,2.4173310868746577e-06,0.0037275647586948978,no_peak,,False,
Fe,I,407.622,3.0713388,6.11212776,3.0,3.0,1400000.0,0.025399860432671444,2,4490,3,0.06201171875,28.75510703171379,0.0004919055096553661,implausible,,False,
Fe,I,407.663,3.21118938,6.25167222,9.0,9.0,13200000.0,0.6000857882084811,2,4490,3,0.06201171875,0.2594450915838305,0.011621540451692504,weak,-4.971379442564493,False,
Fe,I,407.68,3.2657061,6.30606149,5.0,7.0,3810000.0,0.12558713575313266,2,4491,3,0.06201171875,5.017934049981183,0.0024321788768311334,blended,,False,
Fe,I,407.835,2.60850194,5.64769932,5.0,3.0,4550000.0,0.15016070307766638,2,4493,3,0.06201171875,0.7372454931721368,0.0029080820098765724,blended,,False,
Fe,I,407.917,3.41695281,6.45554341,5.0,5.0,5400000.0,0.1047918034148571,2,4494,3,0.06201171875,2.821681700221086,0.0020294467996440353,blended,,False,
Fe,I,407.984,2.85805275,5.89614419,1.0,3.0,5830000.0,0.13961491277049023,2,4495,3,0.06201171875,1.5533986969489513,0.002703847330338827,blended,,False,
Fe,I,408.021,3.28302483,6.32083991,3.0,1.0,23000000.0,0.10617232197675279,2,4496,3,0.06201171875,1.6674318921370814,0.0020561825641407763,blended,,False,
Fe,I,408.088,3.29183986,6.32915863,1.0,3.0,2300000.0,0.03150670477508303,2,4497,3,0.06201171875,3.414445715699119,0.0006101734972532813,implausible,,False,
Fe,I,408.211,3.41695281,6.45335558,5.0,5.0,2500000.0,0.04861673573366749,2,4498,3,0.06201171875,0.8971522934439738,0.0009415343140267288,implausible,,False,
Fe,I,408.242,3.63521992,6.67138589,3.0,3.0,4000000.0,0.0352316067014974,2,4499,3,0.06201171875,1.6179150011051526,0.0006823116802714942,implausible,,False,
Fe,I,408.449,3.33201954,6.36664959,11.0,9.0,8660000.0,0.33879443487802063,2,4502,3,0.06201171875,1.5519574862780132,0.006561250586350033,blended,,False,
Fe,I,408.5,2.84504259,5.87929188,3.0,5.0,4700000.0,0.19146870991933002,2,4503,3,0.06201171875,3.6710599324040567,0.003708072081166849,blended,,False,
Fe,I,408.53,3.24096914,6.27499663,7.0,7.0,8920000.0,0.3054049294723468,2,4503,3,0.06201171875,1.9284459185334086,0.005914613896465232,blended,,False,
Fe,I,408.598,4.15435379,7.1878769,7.0,5.0,5100000.0,0.0384317883403151,2,4504,3,0.06201171875,12.937687933691661,0.000744287886172512,implausible,,False,
Fe,I,408.709,3.33201954,6.36471779,11.0,9.0,1900000.0,0.07446931741249055,2,4506,3,0.06201171875,0.0,0.0014422074338786288,implausible,,False,
Fe,I,408.856,3.63977237,6.67138589,5.0,3.0,4200000.0,0.03693763247251927,2,4508,3,0.06201171875,0.0,0.0007153513687612879,implausible,,False,
Fe,I,409.007,3.3965088,6.4269984000000004,7.0,7.0,1000000.0,0.02811170303969263,2,4510,3,0.06201171875,2.341819657659256,0.0005444243147585639,implausible,,False,
Fe,I,409.095,3.3682564,6.39809335,9.0,7.0,1100000.0,0.032090207591013525,2,4511,3,0.06201171875,2.8151502935842365,0.0006214738841517239,implausible,,False,
Fe,I,409.155,2.83159117,5.86098438,5.0,3.0,1140000.0,0.028484723083710053,2,4512,3,0.06201171875,2.477620131691564,0.0005516483944085464,implausible,,False,
Fe,I,409.597,2.58810592,5.61423177,7.0,5.0,2650000.0,0.1515333588465479,2,4518,3,0.06201171875,0.14020086009750338,0.0029346654998671125,weak,1.0301045568941052,False,
Fe,I,409.708,3.28302483,6.30832866,3.0,3.0,2900000.0,0.04064590478547399,2,4520,3,0.06201171875,0.17157232441524195,0.0007871674949514357,implausible,,False,
Fe,I,409.818,3.24096914,6.26546671,7.0,7.0,7490000.0,0.25879891471403255,2,4523,3,0.06201171875,0.026946451339296254,0.005012020139957616,weak,1.2527177170613117,False,
Fe,I,410.126,3.3965088,6.41873101,7.0,7.0,2600000.0,0.07367217263063933,2,4527,3,0.06201171875,0.25912880114839437,0.0014267695573113518,implausible,,False,
Fe,I,410.642,3.3965088,6.41493251,7.0,5.0,2520000.0,0.05118982407409054,2,4534,3,0.06201171875,3.9229824623184194e-17,0.0009913659394736156,implausible,,False,
Fe,I,410.749,2.83159117,5.84923154,5.0,3.0,17400000.0,0.4396924895573946,2,4536,3,0.06201171875,0.04607411195917015,0.008515289237147153,no_peak,,False,
Fe,I,410.906,3.29183986,6.30832866,1.0,3.0,3620000.0,0.05058937679295228,2,4538,3,0.06201171875,8.437615994230214,0.000979737398181728,implausible,,False,
Fe,I,410.98,2.84504259,5.86098438,3.0,3.0,15100000.0,0.3756222178973628,2,4538,3,0.06201171875,0.257579222866192,0.007274474559514258,weak,3.298869401307815,False,
Fe,I,411.232,3.3965088,6.41060472,7.0,5.0,1500000.0,0.030596677968356436,2,4543,3,0.06201171875,13.174491236815749,0.0005925494948950995,implausible,,False,
Fe,I,411.296,4.17769679,7.19132379,11.0,13.0,11000000.0,0.21315622885812552,2,4544,3,0.06201171875,0.1761111750221583,0.0041280826589819245,no_peak,,False,
Fe,I,411.444,2.83159117,5.84412959,5.0,5.0,3920000.0,0.16590419338204346,2,4546,3,0.06201171875,0.3936473759886027,0.003212977764814168,weak,-0.834983540438148,False,
Fe,I,411.494,3.3682564,6.3804339,9.0,9.0,1570000.0,0.059892643816087415,2,4547,3,0.06201171875,2.7787330322532604,0.0011599087939500605,implausible,,False,
Fe,I,411.854,3.5732189,6.58275864,11.0,13.0,49600000.0,2.1036801173956325,2,4552,3,0.06201171875,0.0406114622948226,0.0407408474956932,ok,10.755659194467011,False,-0.9524621177874661
Fe,I,411.889,3.2657061,6.27499663,5.0,7.0,1900000.0,0.06452210825481276,2,4553,3,0.06201171875,32.92811708071125,0.0012495651552595652,implausible,,False,
Fe,I,412.021,2.99035244,5.99867825,9.0,11.0,1930000.0,0.1470277215814487,2,4555,3,0.06201171875,0.28766377183554237,0.0028474072331893955,no_peak,,False,
Fe,I,412.18,2.83159117,5.83875215,5.0,7.0,1990000.0,0.11851885874484887,2,4557,3,0.06201171875,1.1474767213244745,0.002295291337099898,blended,,False,
Fe,I,412.252,2.84504259,5.85168345,3.0,5.0,3230000.0,0.13511134131905955,2,4558,3,0.06201171875,1.162126601284076,0.002616629071169347,blended,,False,
Fe,I,412.562,4.22036211,7.2247405,9.0,11.0,9900000.0,0.15500389039149376,2,4563,3,0.06201171875,1.502742955787272,0.0030018774277797444,blended,,False,
Fe,I,412.618,3.33201954,6.33598817,11.0,11.0,4200000.0,0.2068126735555621,2,4563,3,0.06201171875,0.9285262125213849,0.004005230416844377,blended,,False,
Fe,I,412.685,2.84504259,5.84852446,3.0,1.0,1300000.0,0.010908767236596322,2,4564,3,0.06201171875,53.82073065408282,0.0002112642595597638,implausible,,False,
Fe,I,412.761,2.85805275,5.86098438,1.0,3.0,14300000.0,0.35418681880349434,2,4564,3,0.06201171875,0.1762436853063477,0.006859346651867463,weak,-0.15141238189444453,False,
Fe,I,413.206,1.60789577,4.60759327,5.0,7.0,11800000.0,3.4289039282260485,2,4571,3,0.06201171875,0.11257729876838173,0.0664057481278027,ok,18.831886914959792,True,-0.9388290806085041
Fe,I,413.29,2.84504259,5.84412959,3.0,5.0,7700000.0,0.32442764781245625,2,4573,3,0.06201171875,11.011517235950965,0.00628301670658799,blended,,False,
Fe,I,413.386,3.3682564,6.36664959,9.0,9.0,2120000.0,0.08194761331631761,2,4575,3,0.06201171875,13.773308378458585,0.0015870355902252652,implausible,,False,
Fe,I,413.442,3.01725044,6.01523448,5.0,3.0,2620000.0,0.05310133716217181,2,4576,3,0.06201171875,15.708292345366452,0.0010283851909099757,implausible,,False,
Fe,I,413.468,2.83159117,5.82938837,5.0,7.0,12500000.0,0.7511607641096937,2,4575,3,0.06201171875,0.18114884007156917,0.014547328694263648,weak,5.624196589267374,False,
Fe,I,413.652,3.3682564,6.36471779,9.0,9.0,1320000.0,0.051118343986135954,2,4579,3,0.06201171875,10.936715729075177,0.0009899816228475964,implausible,,False,
Fe,I,413.7,3.41489715,6.411013,3.0,5.0,27500000.0,0.5572992577147537,2,4579,3,0.06201171875,0.09489674040782538,0.010792916603750823,weak,-3.355438687476508,False,
Fe,I,414.259,4.30127816,7.2933513,3.0,5.0,7500000.0,0.048656728001860716,2,4588,3,0.06201171875,32.68362188446524,0.0009423088228914531,implausible,,False,
Fe,I,414.341,3.0468689,6.03834476,9.0,9.0,27000000.0,1.5900276648193723,2,4589,3,0.06201171875,3.393648084538928,0.030793215218735858,blended,,False,
Fe,I,414.387,1.55735733,4.54850612,7.0,9.0,13300000.0,5.347087175747591,2,4589,3,0.06201171875,0.2974101689160784,0.10355417697392254,ok,30.94735313629419,True,-0.9269203402916747
Fe,I,414.936,3.33201954,6.31920567,11.0,13.0,4230000.0,0.25014033844156663,2,4598,3,0.06201171875,0.398083424778831,0.004844334125088075,weak,-1.3658421196089001,False,
Fe,I,415.025,3.43018998,6.41673983,3.0,3.0,7700000.0,0.0926407634332224,2,4599,3,0.06201171875,2.7001109357423805,0.0017941241083697,implausible,,False,
Fe,I,415.39,3.3965088,6.3804339,7.0,9.0,20500000.0,0.7747028665661446,2,4604,3,0.06201171875,1.755898713031819,0.015003255998978423,blended,,False,
Fe,I,415.45,2.83159117,5.81508605,5.0,3.0,26400000.0,0.689258467923405,2,4605,3,0.06201171875,2.106938341062172,0.013348500037898815,blended,,False,
Fe,I,415.481,3.3682564,6.35153108,9.0,11.0,14000000.0,0.6710412984621493,2,4606,3,0.06201171875,2.1912843006842,0.012995697861994315,blended,,False,
Fe,I,415.68,2.83159117,5.8134352,5.0,5.0,12000000.0,0.5229886313964183,2,4609,3,0.06201171875,1.2137337276564835,0.010128441057892852,blended,,False,
Fe,I,415.778,3.41695281,6.39809335,5.0,7.0,21800000.0,0.6257473235124947,2,4610,3,0.06201171875,1.3753316107868607,0.012118513678601386,blended,,False,
Fe,I,415.879,3.43018998,6.41060472,3.0,5.0,16000000.0,0.3227177924164328,2,4612,3,0.06201171875,1.9572188808306124,0.006249902851799402,blended,,False,
Fe,I,416.894,3.41695281,6.39011087,5.0,5.0,1900000.0,0.039253096821650714,2,4627,3,0.06201171875,0.5576568099754973,0.0007601937281816282,implausible,,False,
Fe,I,416.976,3.3965088,6.36908625,7.0,5.0,1000000.0,0.021223068678079805,2,4628,3,0.06201171875,1.8809619619250928,0.0004110158180677719,implausible,,False,
Fe,I,417.09,3.01725044,5.98901244,5.0,5.0,6290000.0,0.2178572777508892,2,4630,3,0.06201171875,0.37103065801235413,0.0042191253581195624,weak,2.9654431434646513,False,
Fe,I,417.169,3.69459719,6.66579718,9.0,7.0,2010000.0,0.04071744280916473,2,4631,3,0.06201171875,15.300715636068901,0.0007885529335878649,implausible,,False,
Fe,I,417.19,3.30092244,6.27197352,5.0,7.0,1090000.0,0.03668771109233001,2,4631,3,0.06201171875,17.091165594651986,0.0007105112750835432,implausible,,False,
Fe,I,417.212,3.25148176,6.22237439,7.0,5.0,9800000.0,0.2511559946696735,2,4631,3,0.06201171875,0.7752559698828516,0.004864003795944962,blended,,False,
Fe,I,417.264,3.33201954,6.30254306,11.0,11.0,2240000.0,0.11387845512283741,2,4632,3,0.06201171875,3.5030811067609773,0.0022054231224794734,blended,,False,
Fe,I,417.331,2.84504259,5.81508605,3.0,3.0,2630000.0,0.06835527727425826,2,4633,3,0.06201171875,1.669141662431059,0.001323800089152357,implausible,,False,
Fe,I,417.564,2.84504259,5.8134352,3.0,5.0,11400000.0,0.49459751938366325,2,4636,3,0.06201171875,0.0018073909612148075,0.009578605579019397,weak,4.663495004155726,False,
Fe,I,418.175,2.83159117,5.79564049,5.0,7.0,23200000.0,1.4397685601161665,2,4645,3,0.06201171875,0.14855035462152277,0.02788322751721621,weak,9.398052130886864,False,
Fe,I,418.238,3.01725044,5.98085478,5.0,5.0,5040000.0,0.1759245061169547,2,4646,3,0.06201171875,8.399751784410281,0.0034070358013076484,blended,,False,
Fe,I,418.276,3.41695281,6.38029108,5.0,7.0,1300000.0,0.037953624061221075,2,4647,3,0.06201171875,42.683904273641446,0.0007350275343674216,implausible,,False,
Fe,I,418.489,2.83159117,5.79341882,5.0,5.0,10300000.0,0.4575430773853854,2,4650,3,0.06201171875,0.04203422340746585,0.008860992022658568,no_peak,,False,
Fe,I,418.704,2.44955978,5.40986861,7.0,5.0,21500000.0,1.5652684294194896,2,4653,3,0.06201171875,1.081255849942492,0.030313716351396,blended,,False,
Fe,I,418.759,3.43018998,6.39011087,3.0,5.0,4480000.0,0.09214246562332026,2,4654,3,0.06201171875,35.07072750691941,0.0017844738412436344,implausible,,False,
Fe,I,418.78,2.42543332,5.38520741,9.0,7.0,15200000.0,1.5990160797606967,2,4655,3,0.06201171875,1.078556814645591,0.03096728904266203,blended,,False,
Fe,I,418.956,3.69459719,6.65312587,9.0,7.0,2700000.0,0.05535889808981444,2,4657,3,0.06201171875,0.0508288280178521,0.0010721061657410682,implausible,,False,
Fe,I,419.143,2.46883473,5.42604198,5.0,3.0,27300000.0,1.1666819184652832,2,4660,3,0.06201171875,0.09238974940989814,0.0225945046127171,weak,0.7734002439527057,False,
Fe,I,419.168,2.85805275,5.81508605,1.0,3.0,4060000.0,0.10505938638484007,2,4660,3,0.06201171875,11.130961472446353,0.0020346289358834637,blended,,False,
Fe,I,419.533,3.33201954,6.28647868,11.0,11.0,11100000.0,0.5730031026654001,2,4666,3,0.06201171875,0.6699366787818107,0.011097044568330513,blended,,False,
Fe,I,419.562,3.01725044,5.97150625,5.0,5.0,1210000.0,0.042613132740373164,2,4666,3,0.06201171875,21.183509957333925,0.0008252657464094727,implausible,,False,
Fe,I,419.621,3.3965088,6.35034852,7.0,7.0,10900000.0,0.32969261905348707,2,4667,3,0.06201171875,1.8672430009902645,0.006384980588181166,blended,,False,
Fe,I,419.825,3.3682564,6.32066224,9.0,9.0,14700000.0,0.5936863088634184,2,4670,3,0.06201171875,8.54411608235196,0.011497605158539755,blended,,False,
Fe,I,419.83,2.39920471,5.35157038,11.0,9.0,8030000.0,1.1314037899615825,2,4670,3,0.06201171875,4.0081245074209315,0.021911291969588603,blended,,False,
Fe,I,419.863,3.41695281,6.36908625,5.0,5.0,12500000.0,0.26346422181494333,2,4671,3,0.06201171875,20.506567416487613,0.005102370646932072,blended,,False,
Fe,I,419.909,3.0468689,5.99867825,9.0,11.0,49200000.0,3.6776567276555814,2,4671,3,0.06201171875,0.5407123252385766,0.07122321052709171,blended,,False,
Fe,I,420.092,3.3965088,6.34703293,7.0,9.0,6250000.0,0.2438241199186981,2,4675,3,0.06201171875,0.002210641318593182,0.0047220112997394025,ok,21.132922983719915,False,-0.8693933601837042
Fe,I,420.203,1.48486439,4.43461275,9.0,9.0,8220000.0,3.7745214272409284,2,4675,3,0.06201171875,0.0009740959784462651,0.0730991373473767,ok,21.132922983719915,True,-0.8682740797644258
Fe,I,420.394,3.6343498,6.58275864,13.0,13.0,2970000.0,0.12340741474728922,2,4678,3,0.06201171875,2.8508210943574195,0.0023899653861260135,blended,,False,
Fe,I,420.398,2.84504259,5.79341882,3.0,5.0,7370000.0,0.3259009735436888,2,4678,3,0.06201171875,0.45817261833147116,0.006311549817887219,weak,-0.16353089880383864,False,
Fe,I,420.554,3.41695281,6.36423934,5.0,5.0,2770000.0,0.05865315653974879,2,4681,3,0.06201171875,0.05626851342606328,0.0011359043069177448,implausible,,False,
Fe,I,420.713,2.83159117,5.77776507,5.0,3.0,4800000.0,0.12985272900574193,2,4683,3,0.06201171875,0.0001595050675825778,0.002514788339527562,no_peak,,False,
Fe,I,421.034,2.4821184,5.42604198,3.0,3.0,14800000.0,0.6296461974192539,2,4688,3,0.06201171875,0.23150832322864814,0.012194021083898757,no_peak,,False,
Fe,I,421.038,3.0713388,6.01523448,3.0,3.0,7180000.0,0.14289660444425345,2,4688,3,0.06201171875,4.426402788413233,0.0027674020974838404,blended,,False,
Fe,I,421.365,2.84504259,5.7866575,3.0,1.0,21000000.0,0.1869200185075106,2,4693,3,0.06201171875,0.06060858602570301,0.0036199800078608904,no_peak,,False,
Fe,I,421.755,3.43018998,6.36908625,3.0,5.0,24600000.0,0.516171599657931,2,4699,3,0.06201171875,0.0,0.009996419250901188,no_peak,,False,
Fe,I,421.936,3.5732189,6.51085164,11.0,13.0,28800000.0,1.3081374174577558,2,4701,3,0.06201171875,0.10761439279608817,0.025333997591818008,weak,7.0182438023982865,False,
Fe,I,422.005,3.92860683,6.86576013,5.0,3.0,2800000.0,0.018568883509896623,2,4702,3,0.06201171875,77.02902261512338,0.0003596136337394093,implausible,,False,
Fe,I,422.034,3.0713388,6.00828827,3.0,1.0,18300000.0,0.12220553036366266,2,4703,3,0.06201171875,10.856352384541047,0.0023666891342016454,blended,,False,
Fe,I,422.221,2.44955978,5.38520741,7.0,7.0,5760000.0,0.6010046457276526,2,4705,3,0.06201171875,0.012260784752771217,0.011639335473734722,weak,0.14449995430471096,False,
Fe,I,422.417,3.3682564,6.30254306,9.0,11.0,10600000.0,0.532315292542235,2,4709,3,0.06201171875,0.2740582135892971,0.01030906551512076,no_peak,,False,
Fe,I,422.451,3.43018998,6.36423934,3.0,5.0,6810000.0,0.143550317671938,2,4709,3,0.06201171875,7.195142091981386,0.002780062211868524,blended,,False,
Fe,I,422.545,3.41695281,6.35034852,5.0,7.0,16500000.0,0.4956223906334745,2,4710,3,0.06201171875,0.731161686505394,0.009598453712272172,blended,,False,
Fe,I,422.596,3.0468689,5.97991659,9.0,11.0,1320000.0,0.10044212365535288,2,4711,3,0.06201171875,6.142058446666226,0.0019452088785496195,implausible,,False,
Fe,I,422.642,2.84504259,5.77776507,3.0,3.0,4300000.0,0.11579547232361581,2,4712,3,0.06201171875,33.64394603298908,0.0022425489691220812,blended,,False,
Fe,I,422.743,3.33201954,6.26404671,11.0,13.0,52900000.0,3.296790779515951,2,4713,3,0.06201171875,0.03600677955845734,0.0638471834490447,ok,10.899009777427375,True,-0.8426617170169679
Fe,I,422.951,3.2739844,6.20456765,3.0,3.0,2930000.0,0.045475178686896774,2,4717,3,0.06201171875,0.09863641088115012,0.0008806934592393774,implausible,,False,
Fe,I,423.36,2.4821184,5.40986861,3.0,5.0,18500000.0,1.3320464875377567,2,4723,3,0.06201171875,0.05748410716909173,0.02579703176219324,no_peak,,False,
Fe,I,423.539,3.3965088,6.32302612,7.0,5.0,1570000.0,0.034811122013885365,2,4725,3,0.06201171875,76.04857472615802,0.0006741683782596445,implausible,,False,
Fe,I,423.594,2.42543332,5.35157038,9.0,9.0,18800000.0,2.6253281918890745,2,4726,3,0.06201171875,0.020110388586060738,0.050843326705160605,ok,16.165632676613928,False,-0.8340805671358317
Fe,I,423.881,3.3965088,6.32066224,7.0,9.0,24100000.0,0.9640089987243871,2,4730,3,0.06201171875,0.056832132132130855,0.01866944659349077,weak,1.377075738434784,False,
Fe,I,423.936,3.64164057,6.56541325,7.0,9.0,1300000.0,0.037922461288888126,2,4731,3,0.06201171875,27.846408706231006,0.0007344240216257926,implausible,,False,
Fe,I,424.037,3.54652001,6.46959714,5.0,3.0,6700000.0,0.07369837582891858,2,4733,3,0.06201171875,0.708567967003391,0.0014272770206353463,implausible,,False,
Fe,I,424.273,3.30092244,6.22237439,5.0,5.0,1320000.0,0.03326616983268028,2,4736,3,0.06201171875,0.09328827041997512,0.0006442481158194887,implausible,,False,
Fe,I,424.382,3.88350907,6.80421351,7.0,5.0,2500000.0,0.029746902528417645,2,4738,3,0.06201171875,0.10432492741801361,0.0005760923485267664,implausible,,False,
Fe,I,424.526,2.85805275,5.77776507,1.0,3.0,9000000.0,0.24128703768228876,2,4740,3,0.06201171875,0.62080602220722,0.004672876985247925,blended,,False,
Fe,I,424.534,3.33201954,6.25167222,11.0,9.0,1010000.0,0.0440909648392402,2,4740,3,0.06201171875,7.869832746502749,0.0008538861301200533,implausible,,False,
Fe,I,424.608,3.64164057,6.56078442,7.0,5.0,5850000.0,0.09522274163036554,2,4741,3,0.06201171875,3.106996680205676,0.0018441278989161647,implausible,,False,
Fe,I,424.743,3.3682564,6.28647868,9.0,11.0,19400000.0,0.9891806725411153,2,4743,3,0.06201171875,0.13484899156264812,0.0191569329350208,no_peak,,False,
Fe,I,424.822,3.0713388,5.98901244,3.0,5.0,3820000.0,0.1298995265914353,2,4744,3,0.06201171875,7.642373889357753,0.00251569464333589,blended,,False,
Fe,I,425.012,2.46883473,5.38520741,5.0,7.0,20700000.0,2.145676915463133,2,4747,3,0.06201171875,1.5967902336541566,0.04155417701819383,blended,,False,
Fe,I,425.079,1.55735733,4.47327202,7.0,7.0,10200000.0,3.4259974862459712,2,4748,3,0.06201171875,0.6263505390826211,0.06634946062074007,blended,,False,
Fe,I,426.0,3.33201954,6.24162851,11.0,13.0,1570000.0,0.09994379419949909,2,4762,3,0.06201171875,72.37051024662267,0.0019355579985533367,implausible,,False,
Fe,I,426.013,3.0713388,5.98085478,3.0,5.0,2200000.0,0.07539093369596218,2,4762,3,0.06201171875,96.26537153622539,0.0014600558834332832,implausible,,False,
Fe,I,426.047,2.39920471,5.30848946,11.0,11.0,39900000.0,7.157566078743678,2,4762,3,0.06201171875,0.02656112912625043,0.13861675339473759,ok,34.92978766624125,True,-0.8093454782305111
Fe,I,426.42,3.3682564,6.27499663,9.0,7.0,1620000.0,0.053138903784119264,2,4768,3,0.06201171875,0.0,0.0010291127235814278,implausible,,False,
Fe,I,426.783,3.11096179,6.01523448,1.0,3.0,8170000.0,0.1604108364817785,2,4774,3,0.06201171875,0.5944125183899379,0.003106590860330715,blended,,False,
Fe,I,426.875,3.30092244,6.20456765,5.0,3.0,3300000.0,0.050746964430280414,2,4775,3,0.06201171875,4.316348230359081,0.0009827893136542861,implausible,,False,
Fe,I,427.115,2.44955978,5.35157038,7.0,9.0,18200000.0,2.520589466548835,2,4779,3,0.06201171875,5.332218922344147,0.04881490784019422,blended,,False,
Fe,I,427.176,1.48486439,4.38646275,9.0,11.0,22800000.0,13.393380820284019,2,4779,3,0.06201171875,0.19087136197940374,0.2593824417214442,ok,62.685311056908525,True,-0.797961085497488
Fe,I,427.668,3.88160368,6.77986785,9.0,9.0,2600000.0,0.057020466217591055,2,4787,3,0.06201171875,2.2282063556250127,0.0011042848668362027,implausible,,False,
Fe,I,427.823,3.3682564,6.26546671,9.0,7.0,1000000.0,0.033098440670434534,2,4789,3,0.06201171875,1.5351303243616354,0.000640999794858936,implausible,,False,
Fe,I,427.949,3.88350907,6.77986785,7.0,9.0,1500000.0,0.0328748223588802,2,4791,3,0.06201171875,1.3419162788722852,0.0006366690986409396,implausible,,False,
Fe,I,428.24,2.17594512,5.07033256,7.0,5.0,12100000.0,1.3344043083916328,2,4794,3,0.06201171875,0.003123622674112468,0.025842694417382878,weak,7.23929337024728,False,
Fe,I,428.544,3.23672008,6.12905507,13.0,13.0,1780000.0,0.13023529995354977,2,4801,3,0.06201171875,0.19038974360218977,0.0025221973864221143,weak,-0.6633057850726638,False,
Fe,I,428.582,3.63977237,6.53184961,5.0,5.0,1300000.0,0.02176131789841339,2,4800,3,0.06201171875,6.1237697275702585,0.0004214398027881458,implausible,,False,
Fe,I,429.412,1.48486439,4.37135106,9.0,9.0,3120000.0,1.5210890180246435,2,4812,3,0.06201171875,0.024359074465072992,0.029458117324146927,weak,1.548610520275016,False,
Fe,I,429.804,3.0468689,5.93072834,9.0,11.0,1230000.0,0.09804968515104809,2,4819,3,0.06201171875,0.7597970646999539,0.0018988758018424182,implausible,,False,
Fe,I,429.924,2.42543332,5.30848946,9.0,11.0,12900000.0,2.293232048627721,2,4820,3,0.06201171875,0.00789761498013525,0.04441179834938152,ok,11.876922771669122,True,-0.7702513324148058
Fe,I,430.545,3.01725044,5.89614419,5.0,3.0,5540000.0,0.12571803979169266,2,4830,3,0.06201171875,0.09604538966295537,0.0024347140253204134,no_peak,,False,
Fe,I,430.79,1.55735733,4.43461275,7.0,9.0,33800000.0,15.139108905398972,2,4833,3,0.06201171875,0.0004372083553784158,0.2931910236900121,ok,56.94635193426813,False,-0.7615189284229557
Fe,I,430.903,3.6343498,6.51085164,13.0,13.0,1960000.0,0.08717340612894552,2,4835,3,0.06201171875,2.2346113069118276,0.0016882407241535825,implausible,,False,
Fe,I,430.937,2.94879294,5.82506529,11.0,13.0,1780000.0,0.1916624936433522,2,4836,3,0.06201171875,0.6178867297879779,0.003711824986887757,blended,,False,
Fe,I,431.037,3.92860683,6.80421351,5.0,5.0,2400000.0,0.0281161199369482,2,4837,3,0.06201171875,6.928389229520483,0.0005445098544449474,implausible,,False,
Fe,I,431.508,2.1978664,5.07033256,5.0,5.0,7760000.0,0.8493020356668279,2,4844,3,0.06201171875,0.002382154974854643,0.01644797820103971,weak,4.9827353390471085,False,
Fe,I,432.576,1.60789577,4.47327202,5.0,7.0,51600000.0,17.031143163855027,2,4860,3,0.06201171875,0.0037367132149154604,0.329833039052982,ok,55.69079075346917,False,-0.7435096056406881
Fe,I,432.71,3.54652001,6.411013,5.0,5.0,11200000.0,0.21700132338608882,2,4862,3,0.06201171875,0.1702853977260588,0.004202548547818776,no_peak,,False,
Fe,I,433.705,1.55735733,4.41527878,7.0,7.0,1020000.0,0.3618570566603355,2,4878,3,0.06201171875,0.22244050502760906,0.0070078920453411275,weak,8.616091529973403,False,
Fe,I,434.327,3.25148176,6.10530689,7.0,5.0,1600000.0,0.045807050994165016,2,4887,3,0.06201171875,0.156018013944613,0.0008871206526832162,implausible,,False,
Fe,I,434.783,3.60252504,6.45335558,7.0,5.0,1700000.0,0.031038938254696648,2,4893,3,0.06201171875,0.5487331674578699,0.000601114513278928,implausible,,False,
Fe,I,435.273,2.22271209,5.07033256,3.0,5.0,3630000.0,0.3938530308741637,2,4901,3,0.06201171875,0.8621981679637822,0.007627540962085893,blended,,False,
Fe,I,436.08,3.64164057,6.48399171,7.0,5.0,1000000.0,0.017498823217248008,2,4913,3,0.06201171875,0.0,0.00033889034846732856,implausible,,False,
Fe,I,436.758,2.99035244,5.8282952,9.0,11.0,1560000.0,0.13965462035403758,2,4923,3,0.06201171875,0.042823403263562695,0.0027046163258683032,no_peak,,False,
Fe,I,436.977,3.0468689,5.88338708,9.0,9.0,6090000.0,0.41526948753878046,2,4926,3,0.06201171875,0.02395444634412808,0.008042302021838392,no_peak,,False,
Fe,I,437.356,3.01762252,5.85168345,7.0,5.0,1040000.0,0.04100627357571982,2,4932,3,0.06201171875,0.9803674751277703,0.000794146564537257,implausible,,False,
Fe,I,438.277,3.5732189,6.40132623,11.0,11.0,1540000.0,0.06562364747306829,2,4946,3,0.06201171875,479.9481792181739,0.0012708980760446093,implausible,,False,
Fe,I,438.354,1.48486439,4.31247059,9.0,11.0,50000000.0,31.487706722144747,2,4946,3,0.06201171875,0.0021657115390791826,0.6098055721248012,ok,70.8921188276435,False,-0.6852465221939131
Fe,I,438.789,3.0713388,5.89614419,3.0,3.0,3460000.0,0.07704185892629659,2,4954,3,0.06201171875,3.553132982165206,0.0014920284692269419,implausible,,False,
Fe,I,438.841,3.60252504,6.4269984000000004,7.0,7.0,10300000.0,0.2698658471954588,2,4954,3,0.06201171875,0.28664691451833774,0.00522634750120544,weak,-14.013039390541968,False,
Fe,I,439.095,3.01762252,5.84045966,7.0,9.0,1160000.0,0.08319727516002552,2,4958,3,0.06201171875,1.5315431326101467,0.0016112371226610618,implausible,,False,
Fe,I,439.186,3.92860683,6.75085864,5.0,3.0,1100000.0,0.008128895809071036,2,4960,3,0.06201171875,10.319537878987,0.0001574279766810474,implausible,,False,
Fe,I,439.527,3.65369332,6.47375371,5.0,3.0,1700000.0,0.017944140181720386,2,4965,3,0.06201171875,4.083309979903318,0.0003475145639014102,implausible,,False,
Fe,I,440.129,3.60252504,6.41873101,7.0,7.0,6400000.0,0.1689847139420898,2,4974,3,0.06201171875,0.2726769660728274,0.0032726365586138494,no_peak,,False,
Fe,I,440.475,1.55735733,4.37135106,7.0,9.0,27500000.0,13.070302622547592,2,4978,3,0.06201171875,0.0,0.25312555909260687,ok,45.00265557273142,False,-0.6638591909390477
Fe,I,440.841,2.1978664,5.00952178,5.0,3.0,1920000.0,0.13347881236231543,2,4985,3,0.06201171875,1.6191578022427897,0.00258501275616545,blended,,False,
Fe,I,441.512,1.60789577,4.41527878,5.0,7.0,11900000.0,4.147016401638369,2,4994,3,0.06201171875,0.001335772873688941,0.08031304825490856,ok,24.242506020018887,True,-0.6534024900850662
Fe,I,442.257,2.84504259,5.64769932,3.0,3.0,8720000.0,0.2653818146969292,2,5006,3,0.06201171875,0.10727492216396492,0.005139507642484671,weak,2.1223226548471184,False,
Fe,I,442.384,3.65369332,6.45554341,5.0,5.0,1800000.0,0.03220908989594128,2,5008,3,0.06201171875,1.389376146440555,0.0006237762141566272,implausible,,False,
Fe,I,443.019,3.01725044,5.81508605,5.0,3.0,2000000.0,0.048967123186312925,2,5017,3,0.06201171875,3.705611983917065,0.0009483200803866376,implausible,,False,
Fe,I,443.061,2.22271209,5.02027939,3.0,1.0,7450000.0,0.16941060061852692,2,5018,3,0.06201171875,0.36012906419185603,0.0032808844780535464,no_peak,,False,
Fe,I,443.322,3.65369332,6.44961696,5.0,3.0,21000000.0,0.22671240644044097,2,5022,3,0.06201171875,0.34687560789667404,0.004390617898507498,no_peak,,False,
Fe,I,443.378,3.60252504,6.39809335,7.0,7.0,2620000.0,0.07052306261771238,2,5023,3,0.06201171875,3.329837629109077,0.0013657824282688193,implausible,,False,
Fe,I,443.834,3.68638944,6.47908516,3.0,1.0,8500000.0,0.02941378494214543,2,5030,3,0.06201171875,0.48476189988727625,0.0005696410384306045,implausible,,False,
Fe,I,444.082,3.95972364,6.75085864,3.0,3.0,3000000.0,0.021925294927939223,2,5034,3,0.06201171875,0.8233225577645705,0.00042461545820146943,implausible,,False,
Fe,I,444.234,2.1978664,4.98804995,5.0,5.0,3760000.0,0.4444691058212648,2,5036,3,0.06201171875,0.7805364965190628,0.008607795409137172,blended,,False,
Fe,I,444.319,2.85805275,5.64769932,1.0,3.0,10200000.0,0.3089830650405819,2,5037,3,0.06201171875,1.578930611017835,0.005983909733935451,blended,,False,
Fe,I,444.683,3.68638944,6.47375371,3.0,3.0,5380000.0,0.05612948267692936,2,5043,3,0.06201171875,6.35631541048466,0.0010870296652249378,implausible,,False,
Fe,I,444.772,2.22271209,5.00952178,3.0,3.0,5110000.0,0.3521085291152279,2,5044,3,0.06201171875,0.15940960822001907,0.006819097527230415,weak,1.7703204237751216,False,
Fe,I,445.032,3.11096179,5.89614419,1.0,3.0,1150000.0,0.025247186402152313,2,5048,3,0.06201171875,0.6414186145286782,0.0004889487533774045,implausible,,False,
Fe,I,445.438,2.83159117,5.61423177,5.0,5.0,3380000.0,0.17772502319754205,2,5054,3,0.06201171875,0.4645969184667653,0.0034419054524428283,weak,0.10419134794499894,False,
Fe,I,445.503,3.88160368,6.66384071,9.0,7.0,4100000.0,0.07796959256150686,2,5055,3,0.06201171875,2.337905286553695,0.0015099953902603161,implausible,,False,
Fe,I,445.912,2.17594512,4.95563019,7.0,7.0,2520000.0,0.4332107374439891,2,5060,3,0.06201171875,0.10378139679272301,0.008389760611300718,weak,4.324538723042199,False,
Fe,I,446.197,3.60252504,6.3804339,7.0,9.0,2310000.0,0.08126858030018393,2,5066,3,0.06201171875,0.6239364174099506,0.0015738851210421979,implausible,,False,
Fe,I,446.655,2.83159117,5.60664989,5.0,7.0,12000000.0,0.889614577170971,2,5073,3,0.06201171875,0.052083504691386076,0.017228689627650215,no_peak,,False,
Fe,I,446.694,3.92860683,6.70342551,5.0,5.0,3200000.0,0.04119432131391397,2,5073,3,0.06201171875,21.686778635716117,0.0007977883844890292,implausible,,False,
Fe,I,446.938,3.65369332,6.4269984000000004,5.0,7.0,15900000.0,0.409041846676661,2,5076,3,0.06201171875,0.07440589697059084,0.007921694632661914,weak,1.0887266449866009,False,
Fe,I,447.602,2.84504259,5.61423177,3.0,5.0,10100000.0,0.5285042673549706,2,5086,3,0.06201171875,0.01104065150074428,0.010235259428980247,weak,5.060316253576591,False,
Fe,I,448.161,3.68638944,6.4521243,3.0,3.0,4500000.0,0.047901562569988,2,5095,3,0.06201171875,5.406265360656154,0.000927683937938871,implausible,,False,
Fe,I,448.225,2.22271209,4.98804995,3.0,5.0,2190000.0,0.25657454544363184,2,5096,3,0.06201171875,0.4738001914476291,0.004968941970196857,weak,2.8106980755251514,False,
Fe,I,448.274,3.65369332,6.41873101,5.0,7.0,2300000.0,0.05962545656856267,2,5097,3,0.06201171875,4.498390410623406,0.0011547343214557938,implausible,,False,
Fe,I,448.422,3.60252504,6.36664959,7.0,9.0,5040000.0,0.1795973143675305,2,5100,3,0.06201171875,0.0,0.0034781651139727692,weak,2.2926364865443007,False,
Fe,I,448.568,3.68638944,6.44961696,3.0,3.0,11000000.0,0.11736528898393715,2,5102,3,0.06201171875,0.0,0.002272950768628333,no_peak,,False,
Fe,I,448.813,3.60252504,6.36423934,7.0,5.0,1400000.0,0.027777681647062367,2,5105,3,0.06201171875,0.5546202728429164,0.0005379555011281457,implausible,,False,
Fe,I,449.008,3.01725044,5.77776507,5.0,3.0,3300000.0,0.08364801447860058,2,5108,3,0.06201171875,0.2769633914262124,0.0016199663499264284,implausible,,False,
Fe,I,449.268,3.98410712,6.74302768,5.0,3.0,2600000.0,0.01897319043912919,2,5112,3,0.06201171875,1.4901366717605942,0.00036744362975881753,implausible,,False,
Fe,I,449.456,2.1978664,4.95563019,5.0,7.0,3450000.0,0.5884095924755828,2,5115,3,0.06201171875,0.011999850015290364,0.011395413814971332,weak,3.1518003328012343,False,
Fe,I,449.595,3.65369332,6.41060472,5.0,5.0,1400000.0,0.026120198999835285,2,5117,3,0.06201171875,3.1594197824107213,0.0005058559213493362,implausible,,False,
Fe,I,451.752,3.0713388,5.81508605,3.0,3.0,1510000.0,0.036255492593042775,2,5150,3,0.06201171875,0.30722456588301483,0.0007021407306178387,implausible,,False,
Fe,I,452.861,2.17594512,4.91297355,7.0,9.0,5440000.0,1.2508722167132889,2,5166,3,0.06201171875,0.005751094207785612,0.02422497308231754,weak,9.032136123331515,False,
Fe,I,454.785,3.54652001,6.27197352,5.0,7.0,4480000.0,0.1383247491458642,2,5196,3,0.06201171875,0.034733919256798404,0.002678861421577921,no_peak,,False,
Fe,I,455.613,3.60252504,6.32302612,7.0,5.0,10500000.0,0.216423774850641,2,5210,3,0.06201171875,0.06799460907387683,0.004191363474285272,weak,2.0327864137026097,False,
Fe,I,459.606,3.60252504,6.29938878,7.0,9.0,1500000.0,0.056875624503022214,2,5270,3,0.06201171875,0.5657136636987629,0.0011014797948314487,implausible,,False,
Fe,I,461.32,3.29183986,5.9786822,1.0,3.0,2500000.0,0.04760196274536559,2,5296,3,0.06201171875,0.43030575637150276,0.0009218817484026648,implausible,,False,
Fe,I,461.929,3.60252504,6.28582776,7.0,5.0,5200000.0,0.11090983422970462,2,5306,3,0.06201171875,0.2479869381529281,0.002147931429669551,no_peak,,False,
Fe,I,463.75,3.28302483,5.9557884,3.0,5.0,2800000.0,0.09103951950179003,2,5334,3,0.06201171875,1.1163577856882776,0.0017631136737154744,implausible,,False,
Fe,I,463.801,3.60252504,6.27499663,7.0,7.0,3370000.0,0.1016326764011169,2,5334,3,0.06201171875,0.895770166895499,0.0019682656767052243,implausible,,False,
Fe,I,464.346,3.65369332,6.32302612,5.0,5.0,4410000.0,0.08918845825963946,2,5343,3,0.06201171875,9.02598131244714e-12,0.00172726516084128,implausible,,False,
Fe,I,464.743,2.94879294,5.61584517,11.0,11.0,1250000.0,0.13830424666321248,2,5349,3,0.06201171875,0.13698653113544426,0.002678464360963957,no_peak,,False,
Fe,I,465.461,3.60252504,6.26546671,7.0,7.0,3680000.0,0.11195311528408634,2,5359,3,0.06201171875,0.04930637535599341,0.002168136095759342,weak,0.6657986541354023,False,
Fe,I,466.153,4.55852281,7.21750752,7.0,5.0,3300000.0,0.02098020337281667,2,5371,3,0.06201171875,7.631407787736462e-14,0.00040631237561856065,implausible,,False,
Fe,I,466.745,3.60252504,6.25813812,7.0,9.0,6030000.0,0.23744203168433942,2,5380,3,0.06201171875,0.005863596264695898,0.0045984128109244965,weak,3.8403515348967803,False,
Fe,I,466.917,3.65369332,6.30832866,5.0,3.0,6270000.0,0.07711184531113266,2,5382,3,0.06201171875,0.24062353734626116,0.001493383858103703,implausible,,False,
Fe,I,467.316,3.65369332,6.30606149,5.0,7.0,3810000.0,0.10956047621702901,2,5388,3,0.06201171875,5.0583326427731384e-08,0.002121799134860601,weak,0.14856751259871964,False,
Fe,I,467.885,3.60252504,6.25167222,7.0,9.0,4970000.0,0.19686022306889986,2,5396,3,0.06201171875,0.0,0.0038124866322106566,weak,2.2719831526366425,False,
Fe,I,469.014,3.68638944,6.32915863,3.0,3.0,2290000.0,0.02729472026199075,2,5415,3,0.06201171875,0.8353705054963622,0.0005286022463377401,implausible,,False,
Fe,I,469.141,2.99035244,5.63240401,9.0,9.0,1010000.0,0.08866120429319228,2,5417,3,0.06201171875,1.3500832164180329e-17,0.0017170541153211478,implausible,,False,
Fe,I,470.495,3.68638944,6.32083991,3.0,1.0,8800000.0,0.03522845970921787,2,5438,3,0.06201171875,0.0028018106847736714,0.0006822507341554615,implausible,,False,
Fe,I,471.028,3.01762252,5.64908881,7.0,7.0,1050000.0,0.06988285994160545,2,5446,3,0.06201171875,0.10968662792882397,0.0013533839655092354,implausible,,False,
Fe,I,471.407,4.55852281,7.1878769,7.0,5.0,1800000.0,0.011756908338311932,2,5452,3,0.06201171875,1.8587282959168023,0.00022768975457399768,implausible,,False,
Fe,I,472.739,3.68638944,6.30832866,3.0,3.0,6850000.0,0.083207482244341,2,5473,3,0.06201171875,0.2165052201492801,0.0016114347978028452,implausible,,False,
Fe,I,472.855,3.65369332,6.27499663,5.0,7.0,2870000.0,0.08489635676319389,2,5474,3,0.06201171875,0.06316697936403379,0.0016441423271667344,implausible,,False,
Fe,I,473.41,4.29441489,6.9126439,5.0,5.0,1600000.0,0.014839624307638312,2,5483,3,0.06201171875,1.0370831961722398e-14,0.0002873910656907982,implausible,,False,
Fe,I,473.584,4.07581091,6.6930753,9.0,11.0,1280000.0,0.03465205415981484,2,5486,3,0.06201171875,11.391662451517725,0.0006710877962212604,implausible,,False,
Fe,I,473.677,3.21118938,5.82793998,9.0,11.0,4780000.0,0.39474450424032126,2,5487,3,0.06201171875,0.2157073586471506,0.007644805649885511,weak,4.690776956647511,False,
Fe,I,474.58,3.65369332,6.26546671,5.0,7.0,2270000.0,0.06773109358862658,2,5501,3,0.06201171875,0.11820141748611848,0.0013117118576121444,implausible,,False,
Fe,I,474.995,4.55852281,7.16801526,7.0,7.0,2000000.0,0.01862120050679933,2,5508,3,0.06201171875,0.23187414323658867,0.00036062682903208746,implausible,,False,
Fe,I,477.944,3.41489715,6.00828827,3.0,1.0,2790000.0,0.016451837071450977,2,5553,3,0.06201171875,0.022307994443460547,0.0003186139278540902,implausible,,False,
Fe,I,478.681,3.01725044,5.60664989,5.0,7.0,1030000.0,0.0712498377373256,2,5565,3,0.06201171875,0.1962758860847788,0.0013798574932309218,implausible,,False,
Fe,I,478.965,3.54652001,6.13438193,5.0,7.0,4570000.0,0.15998833912281465,2,5568,3,0.06201171875,0.34560136135263814,0.0030984085799894484,weak,5.747251420109098,False,
Fe,I,479.826,4.1863644,6.76958063,5.0,7.0,2770000.0,0.042675270619255946,2,5583,3,0.06201171875,0.025602509830144452,0.0008264691374698985,implausible,,False,
Fe,I,480.065,4.14264893,6.72458242,7.0,9.0,3010000.0,0.06315228970181112,2,5587,3,0.06201171875,0.7143060369388143,0.0012230366121112367,implausible,,False,
Fe,I,480.288,3.64164057,6.22237439,7.0,5.0,1770000.0,0.039404497582313534,2,5590,3,0.06201171875,3.0974293210663895e-12,0.0007631258257234029,implausible,,False,
Fe,I,483.273,3.63977237,6.20456765,5.0,3.0,1760000.0,0.023906554339459977,2,5637,3,0.06201171875,0.17930309899270275,0.0004629854493739408,implausible,,False,
Fe,I,483.587,4.10337372,6.66650376,9.0,9.0,1100000.0,0.024692401825181426,2,5642,3,0.06201171875,0.18453332684168278,0.00047820453725042246,implausible,,False,
Fe,I,483.851,3.41695281,5.9786822,5.0,3.0,1200000.0,0.02178495854668521,2,5646,3,0.06201171875,0.0877601201879499,0.000421897638576951,implausible,,False,
Fe,I,484.032,4.15435379,6.71512541,7.0,7.0,1700000.0,0.027851508334335334,2,5649,3,0.06201171875,0.06837936358601494,0.0005393852630878793,implausible,,False,
Fe,I,485.912,4.19086081,6.74172473,5.0,5.0,1100000.0,0.012390417327973436,2,5678,3,0.06201171875,48.33385456798317,0.0002399585842888987,implausible,,False,
Fe,I,485.974,2.87550352,5.42604198,5.0,3.0,16200000.0,0.5971095501778504,2,5678,3,0.06201171875,0.021056654553371502,0.011563901241855353,weak,6.119426726662416,False,
Fe,I,487.132,2.86539125,5.40986861,7.0,5.0,24400000.0,1.526865009064775,2,5697,3,0.06201171875,0.6600230665162011,0.029569977852825505,blended,,False,
Fe,I,487.214,2.88199261,5.42604198,3.0,3.0,25400000.0,0.9338260719246545,2,5699,3,0.06201171875,1.6366553377553763,0.01808490999614729,blended,,False,
Fe,I,487.821,2.88515991,5.42604198,1.0,3.0,12100000.0,0.4443006164034136,2,5708,3,0.06201171875,0.0,0.008604532364712997,weak,2.011387342249198,False,
Fe,I,489.075,2.87550352,5.40986861,5.0,5.0,22500000.0,1.4023761924194635,2,5728,3,0.06201171875,1.9784999085713264,0.027159069534623194,blended,,False,
Fe,I,489.149,2.85122419,5.38520741,9.0,7.0,30800000.0,2.7739889206575956,2,5729,3,0.06201171875,0.5057656971152545,0.053722359514984844,blended,,False,
Fe,I,490.331,2.88199261,5.40986861,3.0,5.0,6580000.0,0.40906659713573734,2,5748,3,0.06201171875,0.028045239608374916,0.00792217396156289,no_peak,,False,
Fe,I,491.178,3.92860683,6.4521243,5.0,3.0,1600000.0,0.015540046126154505,2,5761,3,0.06201171875,0.034983302669374126,0.0003009557603679299,implausible,,False,
Fe,I,491.723,4.19086081,6.71158094,5.0,3.0,6400000.0,0.0444366545078784,2,5770,3,0.06201171875,0.624418695582057,0.0008605809170101158,implausible,,False,
Fe,I,491.801,4.2305396,6.75085864,1.0,3.0,4200000.0,0.02771706513623345,2,5771,3,0.06201171875,59.570091263019236,0.0005367815735889819,implausible,,False,
Fe,I,491.899,2.86539125,5.38520741,7.0,7.0,17900000.0,1.6031430145013594,2,5772,3,0.06201171875,0.01947142759286122,0.031047213180131258,no_peak,,False,
Fe,I,492.05,2.83252676,5.35157038,11.0,9.0,35800000.0,4.303772868407592,2,5774,3,0.06201171875,0.0,0.08334886689187655,ok,43.75847280552391,True,-0.14379714026970847
Fe,I,493.032,3.95972364,6.47375371,3.0,3.0,5750000.0,0.05410682218514076,2,5790,3,0.06201171875,0.0,0.0010478578814779199,implausible,,False,
Fe,I,493.881,2.87550352,5.38520741,5.0,7.0,3270000.0,0.29168937472508877,2,5804,3,0.06201171875,1.571280522455569e-08,0.0056489920846430775,weak,3.400562635584061,False,
Fe,I,494.564,4.20888328,6.71512541,5.0,7.0,1300000.0,0.02084465564524629,2,5815,3,0.06201171875,0.0005964924609677486,0.0004036872952883015,implausible,,False,
Fe,I,495.73,2.85122419,5.35157038,9.0,9.0,11800000.0,1.4080314596610066,2,5833,3,0.06201171875,4.624619454387334,0.027268592070074225,blended,,False,
Fe,I,495.76,2.80829367,5.30848946,13.0,11.0,42200000.0,6.505653820455176,2,5833,3,0.06201171875,0.2173474579138587,0.12599151742094059,ok,63.44853573712072,True,-0.1063869568866112
Fe,I,496.257,4.17769679,6.67538611,11.0,13.0,1370000.0,0.042794320523719113,2,5841,3,0.06201171875,0.0,0.0008287747132853486,implausible,,False,
Fe,I,496.609,3.33201954,5.82793998,11.0,11.0,3310000.0,0.2607257353644346,2,5846,3,0.06201171875,0.013219837685886453,0.0050493358447648495,weak,2.717326648314171,False,
Fe,I,497.31,3.95972364,6.4521243,3.0,3.0,11000000.0,0.1055204708050254,2,5857,3,0.06201171875,0.0034884062007356806,0.002043558511197731,weak,1.0385695702864501,False,
Fe,I,497.86,3.98410712,6.47375371,5.0,3.0,11900000.0,0.11089169387289019,2,5867,3,0.06201171875,0.04254102104747688,0.0021475801150830872,no_peak,,False,
Fe,I,498.525,3.92860683,6.41493251,5.0,5.0,14800000.0,0.2476402512125085,2,5877,3,0.06201171875,0.7748997119355951,0.004795916273113942,blended,,False,
Fe,I,498.555,2.86539125,5.35157038,7.0,9.0,1390000.0,0.16492150031249186,2,5878,3,0.06201171875,1.6624730180395961,0.0031939464738157813,blended,,False,
Fe,I,498.622,4.21758325,6.70342551,3.0,5.0,2300000.0,0.026524908384692097,2,5879,3,0.06201171875,15.553749436634217,0.0005136937115115304,implausible,,False,
Fe,I,498.895,4.15435379,6.63883718,7.0,7.0,5200000.0,0.09119847868367666,2,5883,3,0.06201171875,0.011655989269224225,0.0017661921511578059,implausible,,False,
Fe,I,499.368,4.20888328,6.69101333,5.0,5.0,1900000.0,0.022232121122502956,2,5891,3,0.06201171875,7.0472526960556755e-15,0.00043055759697867117,implausible,,False,
Fe,I,500.186,3.88160368,6.35967275,9.0,7.0,37000000.0,0.9276599224387712,2,5904,3,0.06201171875,0.005025715840817718,0.017965493477560317,weak,4.30317386561646,False,
Fe,I,500.404,4.20888328,6.6858727,5.0,3.0,3700000.0,0.026095092205443676,2,5907,3,0.06201171875,0.04880747861556419,0.0005053696914929259,implausible,,False,
Fe,I,500.612,2.83252676,5.30848946,11.0,11.0,5870000.0,0.8961626252040675,2,5910,3,0.06201171875,0.0004785212457416285,0.017355502171109115,ok,10.234997328704402,True,-0.05746129387453849
Fe,I,501.494,3.94332623,6.41493251,7.0,5.0,26400000.0,0.4391214462837604,2,5924,3,0.06201171875,0.06012745744282529,0.008504230147539283,weak,4.202640076213888,False,
Fe,I,502.159,4.2562228,6.72455738,7.0,9.0,6180000.0,0.12396066457754606,2,5935,3,0.06201171875,1.8434909271054263,0.0024006798796343785,blended,,False,
Fe,I,502.224,3.98410712,6.4521243,5.0,3.0,24000000.0,0.2279738356635381,2,5936,3,0.06201171875,0.6237245156144009,0.00441504732348511,blended,,False,
Fe,I,502.319,4.28330826,6.75085864,5.0,3.0,2300000.0,0.014860574184289892,2,5938,3,0.06201171875,15.552234226494598,0.00028779679074502945,implausible,,False,
Fe,I,502.776,4.20888328,6.67419029,5.0,7.0,2200000.0,0.03658008190776876,2,5945,3,0.06201171875,2.935502399709558,0.0007084268782410594,implausible,,False,
Fe,I,502.813,3.5732189,6.03834476,11.0,9.0,2210000.0,0.10724686413484559,2,5946,3,0.06201171875,0.3653865623221705,0.0020769926473033955,no_peak,,False,
Fe,I,504.844,3.95972364,6.41493251,3.0,5.0,4880000.0,0.08063230697091618,2,5978,3,0.06201171875,0.07789338796387167,0.0015615627558408923,implausible,,False,
Fe,I,504.982,2.27860466,4.73314079,5.0,7.0,1650000.0,0.33369097290085387,2,5980,3,0.06201171875,0.008070953590800964,0.00646241456827271,weak,5.628996798548815,False,
Fe,I,505.684,4.26045326,6.71158094,3.0,3.0,1000000.0,0.006751537603207206,2,5992,3,0.06201171875,0.004772043475265639,0.0001307534171089817,implausible,,False,
Fe,I,506.877,2.93984587,5.38520741,9.0,7.0,3370000.0,0.29290210401181127,2,6010,3,0.06201171875,0.0010326186015337914,0.005672478364004357,weak,1.4104173660780135,False,
Fe,I,507.475,4.22036211,6.66284114,9.0,11.0,14000000.0,0.36775603138279506,2,6020,3,0.06201171875,0.0014349383657454797,0.007122134333206738,weak,2.1584610104957074,False,
Fe,I,509.077,4.2562228,6.69101333,7.0,5.0,19000000.0,0.21808115198097844,2,6046,3,0.06201171875,0.004442551378160131,0.004223461010574924,weak,2.313875438236753,False,
Fe,I,509.908,3.98410712,6.41493251,5.0,5.0,2790000.0,0.045641387680327584,2,6059,3,0.06201171875,0.1290271776801607,0.0008839123399036871,implausible,,False,
Fe,I,510.444,4.28330826,6.71158094,5.0,3.0,1800000.0,0.012039440515340406,2,6068,3,0.06201171875,0.15761807717441237,0.00023316140410938114,implausible,,False,
Fe,I,512.164,4.28330826,6.70342551,5.0,5.0,7900000.0,0.0886983488830483,2,6096,3,0.06201171875,3.5592632233508867e-08,0.0017177734747228458,implausible,,False,
Fe,I,512.619,4.2562228,6.67419029,7.0,7.0,3200000.0,0.05218573570769388,2,6103,3,0.06201171875,3.31556914345645e-13,0.0010106532273308833,implausible,,False,
Fe,I,513.738,4.17769679,6.59039805,11.0,9.0,10000000.0,0.23308852801492597,2,6121,3,0.06201171875,1.1805336725677076e-13,0.004514100834212422,no_peak,,False,
Fe,I,513.925,2.99804479,5.40986861,7.0,5.0,9160000.0,0.5433168885280191,2,6124,3,0.06201171875,1.8783928600783664,0.01052212753940844,blended,,False,
Fe,I,513.946,2.93984587,5.35157038,9.0,9.0,8690000.0,1.000179246964918,2,6125,3,0.06201171875,0.5583571554536179,0.019369936442333934,blended,,False,
Fe,I,516.455,4.43461275,6.83462125,9.0,7.0,1600000.0,0.02105943153477728,2,6165,3,0.06201171875,0.0,0.00040784674504911714,implausible,,False,
Fe,I,516.749,1.48486439,3.88350907,9.0,7.0,2720000.0,1.6076758732960068,2,6169,3,0.06201171875,0.0020450421598908644,0.03113499863160991,ok,24.491458328002118,True,0.10525787843086393
Fe,I,518.427,4.28330826,6.67419029,5.0,7.0,3800000.0,0.06127629750694217,2,6197,3,0.06201171875,7.568547427453656e-05,0.0011867052748122527,implausible,,False,
Fe,I,518.791,4.14264893,6.53184961,7.0,5.0,2110000.0,0.029178690012422036,2,6203,3,0.06201171875,0.03325922799321516,0.0005650880806878041,implausible,,False,
Fe,I,519.145,3.03847046,5.42604198,5.0,3.0,23200000.0,0.8004815876252169,2,6209,3,0.06201171875,1.4465759271971945,0.015502498699718443,blended,,False,
Fe,I,519.234,2.99804479,5.38520741,7.0,7.0,13400000.0,1.1369381807499215,2,6210,3,0.06201171875,0.7309498946146643,0.022018473555431812,blended,,False,
Fe,I,519.794,4.30127816,6.6858727,3.0,3.0,2000000.0,0.013579276072852598,2,6219,3,0.06201171875,0.0,0.0002629825756355518,implausible,,False,
Fe,I,520.859,3.24096914,5.62068415,7.0,5.0,6230000.0,0.2778266120918961,2,6237,3,0.06201171875,5.3413625358747785,0.005380519376441082,blended,,False,
Fe,I,521.518,3.2657061,5.64241573,5.0,3.0,11000000.0,0.2858323980816086,2,6247,3,0.06201171875,0.0022841204477764077,0.005535563151106702,weak,3.326968717564106,False,
Fe,I,521.739,3.21118938,5.58689276,9.0,7.0,2410000.0,0.1568989696280968,2,6251,3,0.06201171875,0.21118793412683698,0.003038578413605613,no_peak,,False,
Fe,I,521.792,3.63977237,6.01523448,5.0,3.0,1560000.0,0.025052204081469066,2,6252,3,0.06201171875,6.5384926823204275,0.0004851726350761359,implausible,,False,
Fe,I,522.319,3.63521992,6.00828827,3.0,1.0,4030000.0,0.02174485082117939,2,6260,3,0.06201171875,0.05725617700002178,0.0004211208937122162,implausible,,False,
Fe,I,522.686,3.03847046,5.40986861,5.0,5.0,13600000.0,0.7931503429747849,2,6266,3,0.06201171875,1.4394609838174748,0.015360518406333042,blended,,False,
Fe,I,522.719,1.55735733,3.92860683,7.0,5.0,2890000.0,1.1380389381798037,2,6267,3,0.06201171875,0.7000631296112516,0.022039791335739637,blended,,False,
Fe,I,522.838,4.22036211,6.59107351,9.0,7.0,1900000.0,0.033816319320749834,2,6269,3,0.06201171875,0.07200101372352082,0.0006549025666592026,implausible,,False,
Fe,I,523.294,2.93984587,5.30848946,9.0,11.0,19400000.0,2.8333873898802517,2,6276,3,0.06201171875,0.000894235699056952,0.05487269789393656,ok,18.240450321538866,False,0.17125508873878076
Fe,I,523.539,4.07581091,6.44334733,9.0,7.0,3750000.0,0.08063899899598097,2,6280,3,0.06201171875,0.2557664105239597,0.0015616923567105053,implausible,,False,
Fe,I,523.62,4.1863644,6.55353246,5.0,3.0,2580000.0,0.020624747321447243,2,6282,3,0.06201171875,3.912981770725786,0.0003994284484185492,implausible,,False,
Fe,I,524.249,3.6343498,5.99867825,13.0,11.0,2380000.0,0.1424953250613705,2,6292,3,0.06201171875,0.12725102278915265,0.0027596307343350363,no_peak,,False,
Fe,I,524.378,4.2562228,6.61997175,7.0,9.0,2000000.0,0.043963026215496165,2,6294,3,0.06201171875,0.41290644900777534,0.000851408411233202,implausible,,False,
Fe,I,524.911,4.47327202,6.83462125,7.0,7.0,1200000.0,0.015540132584323917,2,6303,3,0.06201171875,0.005393468305556425,0.0003009574347570471,implausible,,False,
Fe,I,525.346,3.28302483,5.64241573,3.0,3.0,2150000.0,0.05546015773030924,2,6310,3,0.06201171875,0.006412018729456158,0.0010740672070309266,implausible,,False,
Fe,I,526.331,3.2657061,5.62068415,5.0,5.0,6360000.0,0.2806752607873823,2,6326,3,0.06201171875,0.1851395610477964,0.005435687631876841,weak,7.838868123981767,False,
Fe,I,526.656,2.99804479,5.35157038,7.0,9.0,11000000.0,1.2354955961469045,2,6330,3,0.06201171875,3.520641813052175e-05,0.023927182297343176,weak,6.715847477422739,False,
Fe,I,526.954,0.85899575,3.21118938,11.0,9.0,1270000.0,2.2519937264817913,2,6335,3,0.06201171875,0.3669529714351532,0.043613157824316545,ok,34.96861715874899,True,0.2081610917528333
Fe,I,527.036,1.60789577,3.95972364,5.0,3.0,3670000.0,0.8261900338513426,2,6338,3,0.06201171875,2.7260056917958595,0.01600038042536145,blended,,False,
Fe,I,527.316,3.29183986,5.64241573,1.0,3.0,8120000.0,0.2086763109668451,2,6342,3,0.06201171875,0.00016470540587793235,0.004041322485658692,no_peak,,False,
Fe,I,528.179,3.03847046,5.38520741,5.0,7.0,5000000.0,0.4170460863261622,2,6356,3,0.06201171875,0.016491364292762694,0.008076708460183856,no_peak,,False,
Fe,I,528.362,3.24096914,5.58689276,7.0,7.0,10200000.0,0.655729839073848,2,6358,3,0.06201171875,0.0016454168497343864,0.01269916901869871,weak,5.867036704353252,False,
Fe,I,530.23,3.28302483,5.62068415,3.0,5.0,9040000.0,0.396013602438331,2,6390,3,0.06201171875,0.00015320268809911828,0.007669383595797831,weak,0.4775253175798711,False,
Fe,I,532.111,4.43461275,6.76400977,9.0,9.0,2130000.0,0.03831966220884644,2,6421,3,0.06201171875,0.0,0.000742116399364859,implausible,,False,
Fe,I,532.418,3.21118938,5.53924278,9.0,9.0,20600000.0,1.7967933225334287,2,6425,3,0.06201171875,0.00040151155566382784,0.03479753510492834,weak,4.405058422416035,False,
Fe,I,532.804,0.91460217,3.24096914,9.0,7.0,1150000.0,1.5095452069680186,2,6432,3,0.06201171875,0.15663980023364357,0.029234554510633583,ok,32.12805666311472,True,0.26715019493103304
Fe,I,532.999,4.07581091,6.40132623,9.0,11.0,1290000.0,0.045201374483201294,2,6436,3,0.06201171875,1.8339861182085093,0.0008753908396946117,implausible,,False,
Fe,I,533.993,3.2657061,5.58689276,5.0,7.0,6360000.0,0.40455530644949034,2,6452,3,0.06201171875,0.02148541995051523,0.007834806208102032,weak,5.102229248609726,False,
Fe,I,534.974,4.38646275,6.7033939,11.0,9.0,1400000.0,0.027088381604689505,2,6468,3,0.06201171875,0.0,0.000524606195940124,implausible,,False,
Fe,I,536.162,4.41527878,6.72707289,7.0,5.0,1800000.0,0.018725439405022123,2,6488,3,0.06201171875,4.64228159276922e-09,0.00036264556801264666,implausible,,False,
Fe,I,536.487,4.44562726,6.75602283,5.0,7.0,55900000.0,0.7838355036261302,2,6492,3,0.06201171875,0.19024834970249233,0.015180122895526846,weak,2.3839195155850366,False,
Fe,I,536.54,3.5732189,5.88338708,11.0,9.0,2460000.0,0.1366168634442357,2,6494,3,0.06201171875,5.738829408111754,0.002645785712807016,blended,,False,
Fe,I,536.747,4.41527878,6.72455738,7.0,9.0,71300000.0,1.338001424240883,2,6498,3,0.06201171875,0.0018175557086989793,0.02591235783580225,no_peak,,False,
Fe,I,536.996,4.37135106,6.67955657,9.0,11.0,72200000.0,1.754091882229042,2,6503,3,0.06201171875,0.00010664186590763154,0.03397055915316567,ok,17.377144582996678,True,0.3094206770717187
Fe,I,537.149,0.95815732,3.2657061,7.0,5.0,1050000.0,0.9458671958616662,2,6503,3,0.06201171875,0.0012012827836197747,0.018318104002183654,ok,17.377144582996678,True,0.3109634690009951
Fe,I,537.371,4.47327202,6.77986785,7.0,9.0,3700000.0,0.06457905271968352,2,6508,3,0.06201171875,0.0,0.0012506679682489734,implausible,,False,
Fe,I,538.337,4.31247059,6.61492758,11.0,13.0,78100000.0,2.431220250230377,2,6524,3,0.06201171875,0.0,0.04708414203472211,no_peak,,False,
Fe,I,539.317,3.24096914,5.53924278,7.0,9.0,4910000.0,0.422786407455136,2,6540,3,0.06201171875,0.00046061310501927584,0.008187878188774226,weak,1.2332924136101455,False,
Fe,I,539.828,4.44562726,6.74172473,5.0,5.0,9000000.0,0.09125107219678735,2,6549,3,0.06201171875,0.011530577603261843,0.0017672107015919653,implausible,,False,
Fe,I,540.382,4.07581091,6.36955305,9.0,11.0,1920000.0,0.06913227948580097,2,6558,3,0.06201171875,22.696315860545955,0.00133884787533549,implausible,,False,
Fe,I,540.415,4.43461275,6.72821528,9.0,11.0,69200000.0,1.568979296749571,2,6560,3,0.06201171875,0.04408911419356133,0.03038558273389467,weak,9.191647799614332,False,
Fe,I,540.577,0.99011115,3.28302483,5.0,3.0,1090000.0,0.57247662533835,2,6560,3,0.06201171875,0.0017907056619119559,0.01108684856357013,weak,9.191647799614332,False,
Fe,I,540.913,4.37135106,6.66284114,9.0,11.0,1100000.0,0.0271088869623584,2,6567,3,0.06201171875,6.455142680817192,0.0005250033122330076,implausible,,False,
Fe,I,541.091,4.47327202,6.76400977,7.0,9.0,63300000.0,1.1198960303691137,2,6570,3,0.06201171875,0.00020571507663530374,0.02168842734549628,no_peak,,False,
Fe,I,541.52,4.38646275,6.67538611,11.0,13.0,76700000.0,2.1955992646741347,2,6576,3,0.06201171875,0.0037051713666069737,0.042520996450014156,weak,5.36080825118752,False,
Fe,I,541.703,4.41527878,6.70342551,7.0,5.0,1000000.0,0.010615397277773456,2,6580,3,0.06201171875,0.0867168122742063,0.00020558272050190694,implausible,,False,
Fe,I,542.95,4.19086081,6.47375371,5.0,3.0,7270000.0,0.06212034573544621,2,6601,3,0.06201171875,0.011037956369230507,0.0012030515053404306,implausible,,False,
Fe,I,543.295,4.44562726,6.72707289,5.0,5.0,4300000.0,0.04414568807184202,2,6607,3,0.06201171875,0.0,0.0008549459256923298,implausible,,False,
Fe,I,543.452,1.01105568,3.29183986,3.0,1.0,1700000.0,0.2926975588581798,2,6608,3,0.06201171875,0.0,0.005668517047432899,weak,5.21254855328967,False,
Fe,I,546.328,4.43461275,6.7033939,9.0,9.0,29000000.0,0.5494551362617168,2,6656,3,0.06201171875,0.049425306961904565,0.010641003699686536,weak,2.9733684321705702,False,
Fe,I,546.428,4.14264893,6.411013,7.0,5.0,1770000.0,0.027156988771530454,2,6659,3,0.06201171875,20.232550113867127,0.0005259348742397692,implausible,,False,
Fe,I,547.009,4.44562726,6.71158094,5.0,3.0,1200000.0,0.00748977338509655,2,6669,3,0.06201171875,0.0,0.00014505043458664475,implausible,,False,
Fe,I,547.271,4.20888328,6.47375371,5.0,3.0,2370000.0,0.020091168748758315,2,6673,3,0.06201171875,0.004722156043116725,0.0003890949176326037,implausible,,False,
Fe,I,547.39,4.15435379,6.41873101,7.0,7.0,5200000.0,0.11039614706996322,2,6675,3,0.06201171875,0.001979731995367905,0.0021379831252374922,no_peak,,False,
Fe,I,547.629,4.14264893,6.40603863,7.0,9.0,2870000.0,0.0795966481391619,2,6679,3,0.06201171875,3.322943080566995,0.001541505705259312,implausible,,False,
Fe,I,547.656,4.10337372,6.36664959,9.0,9.0,8700000.0,0.25384441669372854,2,6680,3,0.06201171875,0.3555223462908521,0.00491606902714641,no_peak,,False,
Fe,I,548.086,4.21758325,6.47908516,3.0,1.0,13000000.0,0.036428995736855874,2,6687,3,0.06201171875,1.8063983192995312,0.0007055008731906856,implausible,,False,
Fe,I,548.124,4.10337372,6.36471779,9.0,9.0,1410000.0,0.04120768980144491,2,6688,3,0.06201171875,1.4809513200639886,0.0007980472848357322,implausible,,False,
Fe,I,548.144,4.19086081,6.4521243,5.0,3.0,2800000.0,0.024368825269028862,2,6688,3,0.06201171875,3.2240569031387176,0.00047193800318073056,implausible,,False,
Fe,I,548.31,4.15435379,6.41493251,7.0,5.0,1740000.0,0.026470951016827813,2,6691,3,0.06201171875,0.026483075311306004,0.0005126487480319359,implausible,,False,
Fe,I,552.245,4.20888328,6.45335558,5.0,5.0,1300000.0,0.018687106051661115,2,6757,3,0.06201171875,0.0,0.00036190318646406176,implausible,,False,
Fe,I,552.554,4.2305396,6.47375371,1.0,3.0,6000000.0,0.050377407467554515,2,6762,3,0.06201171875,0.032546998033649396,0.0009756323016471436,implausible,,False,
Fe,I,553.542,4.1863644,6.42557692,5.0,7.0,2160000.0,0.04494869255198305,2,6779,3,0.06201171875,0.0022205388110377437,0.0008704972839018116,implausible,,False,
Fe,I,554.394,4.21758325,6.45335558,3.0,5.0,3400000.0,0.04868451928120353,2,6793,3,0.06201171875,0.07428340084473009,0.0009428470417318809,implausible,,False,
Fe,I,554.651,4.37135106,6.6060875,9.0,11.0,1000000.0,0.025858734074025662,2,6798,3,0.06201171875,0.056961872016911,0.0005007922699986402,implausible,,False,
Fe,I,555.798,4.47327202,6.7033939,7.0,9.0,1300000.0,0.02421107491103308,2,6817,3,0.06201171875,0.001877286636602981,0.0004688829363840478,implausible,,False,
Fe,I,556.021,4.43461275,6.66384071,9.0,7.0,2100000.0,0.031997801596171896,2,6821,3,0.06201171875,0.003689625784221595,0.000619684306681081,implausible,,False,
Fe,I,556.36,4.19086081,6.41873101,5.0,7.0,3400000.0,0.07101832917111374,2,6827,3,0.06201171875,0.0009788571925394758,0.001375373990671768,implausible,,False,
Fe,I,556.962,3.41695281,5.64241573,5.0,3.0,23400000.0,0.5693487379481333,2,6836,3,0.06201171875,0.1428135276513747,0.011026272441708845,weak,5.12074156967166,False,
Fe,I,557.284,3.3965088,5.62068415,7.0,5.0,22800000.0,0.9503076860184939,2,6841,3,0.06201171875,0.03260286235810676,0.018404100599665123,weak,6.749931294558996,False,
Fe,I,557.31,4.19086081,6.41493251,5.0,5.0,2070000.0,0.030982750685111898,2,6843,3,0.06201171875,30.672153537198493,0.0006000263586756322,implausible,,False,
Fe,I,557.609,3.43018998,5.65307019,3.0,1.0,25000000.0,0.19976105108624864,2,6848,3,0.06201171875,0.005681645191637189,0.0038686654166602387,no_peak,,False,
Fe,I,558.676,3.3682564,5.58689276,9.0,7.0,21900000.0,1.3314977908899401,2,6865,3,0.06201171875,0.0,0.02578640544773353,ok,11.19980458859999,False,0.5280332850893885
Fe,I,559.465,4.54850612,6.76400977,9.0,9.0,5200000.0,0.08897637883642084,2,6880,3,0.06201171875,0.0003245560669174984,0.0017231579321010943,implausible,,False,
Fe,I,560.022,4.26045326,6.47375371,3.0,3.0,2690000.0,0.02228468412421742,2,6889,3,0.06201171875,0.0,0.00043157555651494135,implausible,,False,
Fe,I,560.277,4.15435379,6.36664959,7.0,9.0,1730000.0,0.049340042763547566,2,6893,3,0.06201171875,4.935352652349777,0.0009555422143501814,implausible,,False,
Fe,I,560.294,3.43018998,5.64241573,3.0,3.0,10000000.0,0.24186448313129827,2,6894,3,0.06201171875,0.2108116672579595,0.004684060062361523,no_peak,,False,
Fe,I,561.564,3.33201954,5.53924278,11.0,9.0,26400000.0,2.1831737573341736,2,6914,3,0.06201171875,0.0,0.04228035829623406,ok,17.427338319505658,False,0.5571547432053945
Fe,I,561.863,4.20888328,6.41493251,5.0,5.0,2240000.0,0.033255543294650816,2,6921,3,0.06201171875,0.03727657833374014,0.0006440423173420084,implausible,,False,
Fe,I,562.454,3.41695281,5.62068415,5.0,5.0,7410000.0,0.30601109114864045,2,6931,3,0.06201171875,0.027598881295132667,0.0059263531053912475,no_peak,,False,
Fe,I,563.395,4.99127081,7.19132379,11.0,13.0,7700000.0,0.1089275073671263,2,6946,3,0.06201171875,6.726978204316728e-08,0.0021095407657434674,weak,1.2389514756248363,False,
Fe,I,563.826,4.22036211,6.41873101,9.0,7.0,4400000.0,0.09068908280089939,2,6954,3,0.06201171875,0.0004360033552103978,0.0017563269535911458,implausible,,False,
Fe,I,564.143,4.2562228,6.45335558,7.0,5.0,3000000.0,0.04221458667871686,2,6960,3,0.06201171875,0.14240384663054395,0.0008175473180307085,implausible,,False,
Fe,I,564.999,5.09954435,7.2933513,3.0,5.0,5100000.0,0.024259178317164305,2,6974,3,0.06201171875,1.334667502978466,0.00046981452931826336,implausible,,False,
Fe,I,565.07,5.08559017,7.2791181,5.0,7.0,3300000.0,0.022380178998380847,2,6975,3,0.06201171875,1.3478289276917275,0.00043342495465905137,implausible,,False,
Fe,I,565.518,5.06378173,7.2555755,7.0,9.0,4700000.0,0.042211524482628576,2,6983,3,0.06201171875,0.002509884043851852,0.0008174880141171509,implausible,,False,
Fe,I,565.866,4.28330826,6.47375371,5.0,3.0,4520000.0,0.03705818332324219,2,6989,3,0.06201171875,7.029688399386617,0.0007176860126000379,implausible,,False,
Fe,I,565.882,3.3965088,5.58689276,7.0,7.0,4340000.0,0.26050748140973823,2,6988,3,0.06201171875,0.14225381598525136,0.005045109037176524,weak,2.1739121467712588,False,
Fe,I,566.135,4.284348,6.47375371,1.0,3.0,1220000.0,0.009997677340536882,2,6994,3,0.06201171875,0.10261002392242952,0.00019361966891915937,implausible,,False,
Fe,I,566.252,4.17769679,6.36664959,11.0,9.0,6180000.0,0.17439536534469147,2,6996,3,0.06201171875,0.005882335625800469,0.00337742174996635,no_peak,,False,
Fe,I,567.902,4.65203107,6.83462125,5.0,7.0,3700000.0,0.04428814328791056,2,7024,3,0.06201171875,0.0049116492636776185,0.0008577047796572565,implausible,,False,
Fe,I,568.653,4.54850612,6.72821528,9.0,11.0,6710000.0,0.14458182387284896,2,7036,3,0.06201171875,3.5426242835739477e-12,0.0028000388406699606,weak,1.503184254305985,False,
Fe,I,569.15,4.30127816,6.47908516,3.0,1.0,6700000.0,0.01808009124737748,2,7046,3,0.06201171875,0.00856962433817731,0.00035014745546463403,implausible,,False,
Fe,I,570.546,4.30127816,6.47375371,3.0,3.0,3010000.0,0.024475700001267676,2,7070,3,0.06201171875,4.285444576111292,0.0004740077889486709,implausible,,False,
Fe,I,570.599,4.60759327,6.77986785,7.0,9.0,6100000.0,0.1002681496197605,2,7071,3,0.06201171875,0.39872277301171616,0.0019418396164675809,implausible,,False,
Fe,I,570.938,3.3682564,5.53924278,9.0,9.0,2130000.0,0.17325041689432796,2,7076,3,0.06201171875,0.0012379215440583523,0.0033552481458043078,weak,1.477546862679199,False,
Fe,I,571.185,4.28330826,6.45335558,5.0,5.0,1500000.0,0.020847066688280826,2,7081,3,0.06201171875,0.009961717647303739,0.0004037339886689934,implausible,,False,
Fe,I,571.783,4.284348,6.4521243,1.0,3.0,5400000.0,0.04505404081533391,2,7091,3,0.06201171875,0.0,0.0008725375073633647,implausible,,False,
Fe,I,573.176,4.2562228,6.41873101,7.0,7.0,1600000.0,0.03243989331488847,2,7115,3,0.06201171875,0.15611503914911892,0.0006282460605059157,implausible,,False,
Fe,I,575.312,4.26045326,6.41493251,3.0,5.0,8260000.0,0.11976311332020506,2,7153,3,0.06201171875,1.1817340867775558e-05,0.002319388149862079,no_peak,,False,
Fe,I,576.299,4.20888328,6.35967275,5.0,7.0,9600000.0,0.20890169753114776,2,7170,3,0.06201171875,0.00016009783204889546,0.00404568742668176,no_peak,,False,
Fe,I,577.508,4.22036211,6.36664959,9.0,9.0,1120000.0,0.030989618577026642,2,7191,3,0.06201171875,0.0,0.0006001593654644504,implausible,,False,
Fe,I,580.672,4.60759327,6.74218434,7.0,7.0,2700000.0,0.035608560576857295,2,7246,3,0.06201171875,0.14441994328760516,0.0006896119443287314,implausible,,False,
Fe,I,581.637,4.54850612,6.67955657,9.0,11.0,4490000.0,0.10071183455406897,2,7263,3,0.06201171875,2.7462001395285802e-05,0.0019504322252465128,implausible,,False,
Fe,I,585.222,4.54850612,6.66650376,9.0,9.0,1100000.0,0.02040409369680909,2,7326,3,0.06201171875,0.18713774197093394,0.00039515516770613555,implausible,,False,
Fe,I,585.609,4.29441489,6.411013,5.0,5.0,1830000.0,0.026198995410208783,2,7333,3,0.06201171875,4.298032237960684e-05,0.0005073819292778653,implausible,,False,
Fe,I,588.382,3.95972364,6.06634697,3.0,5.0,1900000.0,0.042222116195933516,2,7382,3,0.06201171875,0.0,0.0008176931381628205,implausible,,False,
Fe,I,590.567,4.65203107,6.75085864,5.0,3.0,11000000.0,0.060452027201023294,2,7421,3,0.06201171875,0.0,0.0011707420727308244,implausible,,False,
Fe,I,592.779,4.65203107,6.74302768,5.0,3.0,5400000.0,0.029865751978857942,2,7461,3,0.06201171875,1.0409150161848595e-12,0.0005783940422563861,implausible,,False,
Fe,I,592.968,4.54850612,6.63883718,9.0,7.0,1100000.0,0.016231356992796,2,7464,3,0.06201171875,1.4320780681911904,0.0003143440081138964,implausible,,False,
Fe,I,593.465,3.92860683,6.01718438,5.0,7.0,2000000.0,0.06572620130768872,2,7473,3,0.06201171875,0.0,0.001272884181299786,implausible,,False,
Fe,I,595.272,3.98410712,6.06634697,5.0,5.0,1500000.0,0.03294743257340972,2,7505,3,0.06201171875,0.02445399754757515,0.000638075301823788,implausible,,False,
Fe,I,602.705,4.07581091,6.13237029,9.0,11.0,1360000.0,0.059611649142718104,2,7639,3,0.06201171875,0.0,0.0011544669204255752,implausible,,False,
Fe,I,606.548,2.60850194,4.65203107,5.0,5.0,1070000.0,0.14287176933863208,2,7708,3,0.06201171875,0.0,0.0027669211292785066,weak,3.2383437968989934,False,
Fe,I,607.901,4.65203107,6.69101333,5.0,5.0,2900000.0,0.02787488907779735,2,7734,3,0.06201171875,0.0,0.0005398380654392658,implausible,,False,
Fe,I,609.364,4.60759327,6.64167865,7.0,5.0,1200000.0,0.012262489974536016,2,7761,3,0.06201171875,0.0,0.00023748108366804675,implausible,,False,
Fe,I,610.329,4.73314079,6.76400977,7.0,9.0,1520000.0,0.02384096814186461,2,7779,3,0.06201171875,1.5413907109718235e-13,0.00046171527656964427,implausible,,False,
Fe,I,613.661,2.45343044,4.47327202,9.0,7.0,1010000.0,0.23498999324729533,2,7840,3,0.06201171875,0.0,0.004550925494202187,no_peak,,False,
Fe,I,613.769,2.58810592,4.60759327,7.0,7.0,1000000.0,0.1956297858218912,2,7842,3,0.06201171875,0.0,0.003788657412255172,no_peak,,False,
Fe,I,614.173,3.60252504,5.62068415,7.0,5.0,1230000.0,0.04651792780548706,2,7849,3,0.06201171875,0.0,0.0009008878236132485,implausible,,False,
Fe,I,615.773,4.07581091,6.08872711,9.0,9.0,1200000.0,0.04456014094023212,2,7879,3,0.06201171875,0.0002946493728690202,0.0008629724126879561,implausible,,False,
Fe,I,621.514,4.1863644,6.18068544,5.0,7.0,1180000.0,0.029990118081879822,2,7986,3,0.06201171875,0.008563038194838698,0.0005808025740454876,implausible,,False,
Fe,I,623.264,3.65369332,5.64241573,5.0,3.0,3420000.0,0.07436047132411967,2,8019,3,0.06201171875,7.2544588123028505e-06,0.0014400994699110316,implausible,,False,
Fe,I,624.632,3.60252504,5.58689276,7.0,7.0,3240000.0,0.17618832677921012,2,8044,3,0.06201171875,5.277198364310239e-16,0.0034121450749459176,no_peak,,False,
Fe,I,630.15,3.65369332,5.62068415,5.0,5.0,6430000.0,0.2370134551940215,2,8150,3,0.06201171875,6.057621804983683e-08,0.004590112799298253,weak,5.016292427124796,False,
Fe,I,631.531,4.14264893,6.10533975,7.0,7.0,1400000.0,0.038589768720453665,2,8175,3,0.06201171875,0.0,0.0007473474076849867,implausible,,False,
Fe,II,390.604,5.57055201,8.7438237,6.0,8.0,1100000.0,0.0016803233183372175,2,4241,3,0.06201171875,231.70055990142623,1.816954174606785e-05,implausible,,False,
Fe,II,393.224,9.2365863,12.3887082,4.0,2.0,1400000.0,4.831916217486866e-06,2,4279,3,0.06201171875,96247.75215891002,5.224810158202596e-08,implausible,,False,
Fe,II,398.607,9.8358352,12.9453973,8.0,10.0,2000000.0,1.6609412815186375e-05,2,4358,3,0.06201171875,19463.874673871567,1.795996140920298e-07,implausible,,False,
Fe,II,406.072,9.8358352,12.8882321,8.0,10.0,1600000.0,1.4040974352638316e-05,2,4467,3,0.06201171875,7476.804619207957,1.518267745687091e-07,implausible,,False,
Fe,II,425.043,7.6839121,10.6000744,4.0,6.0,1200000.0,0.0001153697240925087,2,4748,3,0.06201171875,86495.42002602175,1.2475069501537953e-06,implausible,,False,
Fe,II,435.816,9.4388507,12.2829242,4.0,4.0,2500000.0,1.784574335966713e-05,2,4909,3,0.06201171875,297.2121240635556,1.929682076208698e-07,implausible,,False,
Fe,II,439.514,9.8300771,12.6502274,6.0,8.0,1000000.0,8.816056151441622e-06,2,4965,3,0.06201171875,21753.868437616482,9.532909442559446e-08,implausible,,False,
Fe,II,446.959,9.8358352,12.6090094,8.0,10.0,1900000.0,2.171321098692891e-05,2,5077,3,0.06201171875,36426.0930636786,2.3478760852916372e-07,implausible,,False,
Fe,II,454.947,2.82812245,5.55260578,8.0,6.0,1000000.0,0.06023386032344206,2,5199,3,0.06201171875,0.7938185697259722,0.0006513161054960527,implausible,,False,
Fe,II,459.849,7.8041909,10.4996322,8.0,8.0,1100000.0,0.0001483558950431863,2,5274,3,0.06201171875,21.244326545346862,1.6041904548047657e-06,implausible,,False,
Fe,II,462.878,7.8448498,10.5226519,6.0,6.0,1000000.0,9.755097809441915e-05,2,5320,3,0.06201171875,54.77334132119464,1.054830668308676e-06,implausible,,False,
Fe,II,463.532,5.95609042,8.6301144,6.0,8.0,1000000.0,0.001490498488330274,2,5330,3,0.06201171875,0.0,1.6116942620880195e-05,implausible,,False,
Fe,II,482.083,10.3076133,12.8787396,8.0,10.0,5400000.0,4.040804292179226e-05,2,5618,3,0.06201171875,62.303757750675466,4.3693711485890555e-07,implausible,,False,
Fe,II,482.614,10.3289055,12.8972034,6.0,8.0,2600000.0,1.5181686529468033e-05,2,5626,3,0.06201171875,4.562169761136876,1.641614349825545e-07,implausible,,False,
Fe,II,482.668,10.2880497,12.8560572,10.0,12.0,7500000.0,6.92614312077981e-05,2,5627,3,0.06201171875,118.22364183595487,7.489323346222476e-07,implausible,,False,
Fe,II,482.911,10.2880497,12.8547671,10.0,10.0,1800000.0,1.3868365856880832e-05,2,5631,3,0.06201171875,442.1278163799133,1.4996033777338148e-07,implausible,,False,
Fe,II,485.903,10.3289055,12.8798182,6.0,8.0,1900000.0,1.1269013314999853e-05,2,5678,3,0.06201171875,97194.50121292633,1.2185322052573768e-07,implausible,,False,
Fe,II,486.068,10.2725501,12.8225962,12.0,14.0,8500000.0,9.49477603877483e-05,2,5681,3,0.06201171875,11263.632094325065,1.0266817565609867e-06,implausible,,False,
Fe,II,486.62,10.3076133,12.8547671,8.0,10.0,6000000.0,4.587553891682887e-05,2,5689,3,0.06201171875,1.2486985173531675e-10,4.960578183831423e-07,implausible,,False,
Fe,II,486.997,10.3476866,12.892869,4.0,6.0,1400000.0,6.109937367673048e-06,2,5695,3,0.06201171875,25612.53555278461,6.606750073411541e-08,implausible,,False,
Fe,II,488.318,10.2725501,12.8108465,12.0,10.0,1700000.0,1.3707571655734313e-05,2,5716,3,0.06201171875,91.6644420281708,1.482216503919861e-07,implausible,,False,
Fe,II,488.329,10.2725501,12.8107881,12.0,12.0,5800000.0,5.612337281199311e-05,2,5716,3,0.06201171875,11.955992207164883,6.068689008295911e-07,implausible,,False,
Fe,II,490.105,10.3476866,12.8767266,4.0,6.0,5600000.0,2.4795521599524405e-05,2,5744,3,0.06201171875,557.6158652813839,2.6811701051908636e-07,implausible,,False,
Fe,II,490.815,10.3289055,12.8542909,6.0,8.0,18500000.0,0.00011226139428861647,2,5755,3,0.06201171875,0.0,1.2138961994631161e-06,implausible,,False,
Fe,II,491.196,10.3289055,12.8523307,6.0,6.0,1100000.0,5.015027526160549e-06,2,5761,3,0.06201171875,5634.672340809381,5.422810657916896e-08,implausible,,False,
Fe,II,491.318,10.2880497,12.8108465,10.0,10.0,1900000.0,1.5226681454411158e-05,2,5763,3,0.06201171875,426.6350399508945,1.646479706142354e-07,implausible,,False,
Fe,II,491.33,10.2880497,12.8107881,10.0,12.0,25800000.0,0.00024812739084175496,2,5763,3,0.06201171875,25.24241729212956,2.6830318528838004e-06,implausible,,False,
Fe,II,492.219,10.3599422,12.8781204,2.0,4.0,8000000.0,2.347114169270162e-05,2,5777,3,0.06201171875,10908.657449079805,2.5379632845625443e-07,implausible,,False,
Fe,II,492.392,2.8910183,5.40831276,6.0,4.0,4300000.0,0.19216232572418002,2,5780,3,0.06201171875,8.515629038776256e-17,0.0020778747525339535,no_peak,,False,
Fe,II,493.707,10.3076133,12.8182037,8.0,8.0,1400000.0,8.84796149041446e-06,2,5801,3,0.06201171875,6980.738563455383,9.56740907617538e-08,implausible,,False,
Fe,II,494.217,10.3076133,12.8156139,8.0,6.0,2700000.0,1.2827500627359036e-05,2,5809,3,0.06201171875,153.1551524248797,1.3870533462402245e-07,implausible,,False,
Fe,II,494.506,10.3476866,12.8542212,4.0,2.0,4800000.0,7.2281181237969336e-06,2,5814,3,0.06201171875,6195.0829448721315,7.81585261375761e-08,implausible,,False,
Fe,II,494.69,10.3476866,12.8532884,4.0,4.0,2200000.0,6.63128142747983e-06,2,5817,3,0.06201171875,16.651018510555357,7.1704857875655e-08,implausible,,False,
Fe,II,494.809,10.3076133,12.8126137,8.0,8.0,20600000.0,0.0001308411537999512,2,5818,3,0.06201171875,2.2964899956221663,1.414801413590097e-06,implausible,,False,
Fe,II,494.879,10.3476866,12.8523307,4.0,6.0,42000000.0,0.00019005781091958052,2,5820,3,0.06201171875,0.6884281849132433,2.055118376317484e-06,implausible,,False,
Fe,II,495.158,10.3076133,12.8108465,8.0,10.0,44000000.0,0.00034988329920423994,2,5824,3,0.06201171875,29.907905825353545,3.7833309469479024e-06,implausible,,False,
Fe,II,495.265,10.3476866,12.850374,4.0,4.0,16300000.0,4.9259485195052115e-05,2,5826,3,0.06201171875,0.0,5.326488437516834e-07,implausible,,False,
Fe,II,495.882,10.3791615,12.8787396,8.0,10.0,4700000.0,3.4191282219833656e-05,2,5835,3,0.06201171875,0.3519631468062763,3.6971452033386643e-07,implausible,,False,
Fe,II,495.956,10.3914073,12.8906141,6.0,8.0,2100000.0,1.2034071282831748e-05,2,5837,3,0.06201171875,2.8412065557399235,1.3012588599016695e-07,implausible,,False,
Fe,II,496.936,10.3599422,12.8542212,2.0,2.0,20000000.0,2.996988697510282e-05,2,5852,3,0.06201171875,29.071232685050187,3.240680567701224e-07,implausible,,False,
Fe,II,497.122,10.3599422,12.8532884,2.0,4.0,21100000.0,6.328887591293297e-05,2,5855,3,0.06201171875,0.25158902209339684,6.843503630596936e-07,implausible,,False,
Fe,II,497.134,10.3289055,12.8221898,6.0,4.0,5100000.0,1.5922786400325146e-05,2,5855,3,0.06201171875,3.974736225290355,1.721750386114494e-07,implausible,,False,
Fe,II,497.421,10.3289055,12.8207506,6.0,6.0,1500000.0,7.033745947136424e-06,2,5860,3,0.06201171875,0.00034706059614468933,7.605675599633806e-08,implausible,,False,
Fe,II,497.703,10.3599422,12.850374,2.0,4.0,61000000.0,0.00018344229649202011,2,5864,3,0.06201171875,3.8245799933923896,1.983584008942151e-06,implausible,,False,
Fe,II,497.792,10.3289055,12.8188939,6.0,4.0,16900000.0,5.2918408457244675e-05,2,5866,3,0.06201171875,3768.8360782658015,5.72213228910519e-07,implausible,,False,
Fe,II,498.449,10.3289055,12.8156139,6.0,6.0,54000000.0,0.000254371816476771,2,5876,3,0.06201171875,1743.6468264950915,2.7505535917167257e-06,implausible,,False,
Fe,II,498.457,10.413446,12.9001119,4.0,6.0,1700000.0,7.181255607081346e-06,2,5876,3,0.06201171875,102928.89318552712,7.765179600742934e-08,implausible,,False,
Fe,II,498.727,10.3914073,12.8767266,6.0,6.0,4300000.0,1.8710264615210364e-05,2,5881,3,0.06201171875,3.68012538077035e-10,2.023163817916001e-07,implausible,,False,
Fe,II,499.051,10.3289055,12.8126137,6.0,8.0,52000000.0,0.0003274712282038691,2,5886,3,0.06201171875,121.14723688995896,3.54098647953907e-06,implausible,,False,
Fe,II,499.144,10.2725501,12.7557949,12.0,10.0,6900000.0,5.8433932099709775e-05,2,5887,3,0.06201171875,683.5287361084927,6.318532612659364e-07,implausible,,False,
Fe,II,499.918,10.2725501,12.7519476,12.0,10.0,9800000.0,8.327671216174613e-05,2,5900,3,0.06201171875,496.2613358668305,9.004812833255371e-07,implausible,,False,
Fe,II,500.195,10.2725501,12.7505746,12.0,14.0,157000000.0,0.0018700510272659147,2,5904,3,0.06201171875,890.3473161898115,2.0221090689146888e-05,implausible,,False,
Fe,II,500.419,10.2725501,12.7494678,12.0,12.0,71000000.0,0.0007255890163825267,2,5908,3,0.06201171875,64.43250985886914,7.845882860625078e-06,implausible,,False,
Fe,II,500.477,10.3807526,12.8573818,10.0,10.0,2000000.0,1.4818409339991505e-05,2,5908,3,0.06201171875,3202.9275861955675,1.6023327426041466e-07,implausible,,False,
Fe,II,500.684,10.3791615,12.8547671,8.0,10.0,11500000.0,8.54582529761398e-05,2,5912,3,0.06201171875,19044.272290354966,9.240705512154218e-07,implausible,,False,
Fe,II,500.745,10.3807526,12.8560572,10.0,12.0,7700000.0,6.854137438741137e-05,2,5913,3,0.06201171875,322.26750861517024,7.411462720741754e-07,implausible,,False,
Fe,II,500.773,10.2880497,12.7632131,10.0,8.0,17400000.0,0.00011638210200123696,2,5913,3,0.06201171875,189.3832200508169,1.258453916416001e-06,implausible,,False,
Fe,II,500.898,10.3476866,12.8222325,4.0,2.0,39000000.0,6.042042312615048e-05,2,5915,3,0.06201171875,6.719717725762984e-05,6.533334319207246e-07,implausible,,False,
Fe,II,501.006,10.3807526,12.8547671,10.0,10.0,5400000.0,4.01024324517801e-05,2,5917,3,0.06201171875,41.496396519023044,4.336325114338836e-07,implausible,,False,
Fe,II,501.103,10.3807526,12.8542909,10.0,8.0,2200000.0,1.3075918601736253e-05,2,5918,3,0.06201171875,131.90840611307883,1.413915085922484e-07,implausible,,False,
Fe,II,501.176,10.3791615,12.8523307,8.0,6.0,1500000.0,6.702494262784724e-06,2,5920,3,0.06201171875,709.1337441053047,7.24748909816697e-08,implausible,,False,
Fe,II,501.198,10.3476866,12.8207506,4.0,6.0,5800000.0,2.6992194792037177e-05,2,5920,3,0.06201171875,117.58890218525455,2.91869906666076e-07,implausible,,False,
Fe,II,501.575,10.3476866,12.8188939,4.0,4.0,62000000.0,0.0001926743000649046,2,5926,3,0.06201171875,4120.687846341967,2.083410793756018e-06,implausible,,False,
Fe,II,501.844,2.8910183,5.36090398,6.0,6.0,2000000.0,0.13983344135103634,2,5930,3,0.06201171875,0.07939459828759272,0.001512036119714254,implausible,,False,
Fe,II,502.001,10.2880497,12.7571589,10.0,12.0,3100000.0,3.126917528907264e-05,2,5933,3,0.06201171875,243.26374589305033,3.3811742036772683e-07,implausible,,False,
Fe,II,502.159,10.2880497,12.7563835,10.0,8.0,21300000.0,0.0001433311594368561,2,5935,3,0.06201171875,4398.86464168834,1.5498573735662608e-06,implausible,,False,
Fe,II,502.242,10.3476866,12.8156139,4.0,6.0,37300000.0,0.0001743780290161663,2,5937,3,0.06201171875,3804.5109532783304,1.8855709750797004e-06,implausible,,False,
Fe,II,502.279,10.2880497,12.7557949,10.0,10.0,21400000.0,0.0001800987208492443,2,5937,3,0.06201171875,2450.0932088383797,1.9474295161968688e-06,implausible,,False,
Fe,II,502.391,10.3914073,12.8586008,6.0,8.0,1600000.0,9.432812992529933e-06,2,5939,3,0.06201171875,3269.6730251145336,1.0199816165154727e-07,implausible,,False,
Fe,II,502.68,10.3076133,12.7733903,8.0,6.0,15800000.0,7.793016870768401e-05,2,5944,3,0.06201171875,840.6946700253797,8.426684544338464e-07,implausible,,False,
Fe,II,502.909,10.3599422,12.8245941,2.0,2.0,31000000.0,4.768900938540919e-05,2,5947,3,0.06201171875,4138.71126123212,5.156670965646397e-07,implausible,,False,
Fe,II,503.063,10.2880497,12.7519476,10.0,10.0,71000000.0,0.0005995594345617892,2,5950,3,0.06201171875,7.664926605374809,6.48310956387802e-06,implausible,,False,
Fe,II,503.189,10.413446,12.8767266,4.0,6.0,6500000.0,2.8032160607494293e-05,2,5952,3,0.06201171875,105.25782377539312,3.0311518434104747e-07,implausible,,False,
Fe,II,503.27,10.3914073,12.8542909,6.0,8.0,39300000.0,0.0002325776820828812,2,5953,3,0.06201171875,11.807060226927451,2.5148909484814646e-06,implausible,,False,
Fe,II,503.4,10.3599422,12.8221898,2.0,4.0,10000000.0,3.0832528976836894e-05,2,5955,3,0.06201171875,65.64256761314813,3.3339591033935633e-07,implausible,,False,
Fe,II,503.476,10.3914073,12.8532884,6.0,4.0,1300000.0,3.850104249952508e-06,2,5956,3,0.06201171875,6763.561452721872,4.1631648583827146e-08,implausible,,False,
Fe,II,503.57,10.2880497,12.7494678,10.0,12.0,94000000.0,0.0009546279513283044,2,5958,3,0.06201171875,34.86876873801194,1.0322508903100235e-05,implausible,,False,
Fe,II,503.671,10.3914073,12.8523307,6.0,6.0,11900000.0,5.29097211596197e-05,2,5959,3,0.06201171875,253.0303234423499,5.721192920978028e-07,implausible,,False,
Fe,II,504.075,10.3599422,12.8188939,2.0,4.0,15100000.0,4.6692784196902455e-05,2,5966,3,0.06201171875,86.71115141308753,5.048947916436026e-07,implausible,,False,
Fe,II,504.511,10.3076133,12.7644423,8.0,6.0,43000000.0,0.00021377091256554048,2,5973,3,0.06201171875,31.44750104625126,2.3115310473690157e-06,implausible,,False,
Fe,II,504.763,10.3076133,12.7632131,8.0,8.0,19000000.0,0.00012607934436601115,2,5977,3,0.06201171875,1201.1837843630203,1.3633113852410228e-06,implausible,,False,
Fe,II,504.844,10.3289055,12.7841142,6.0,4.0,3900000.0,1.259363682740157e-05,2,5978,3,0.06201171875,12348.1411179122,1.3617653672551678e-07,implausible,,False,
Fe,II,506.025,10.4477261,12.8972034,8.0,8.0,7300000.0,4.065345629620656e-05,2,5997,3,0.06201171875,467.17893267616415,4.3959079971990984e-07,implausible,,False,
Fe,II,506.171,10.3076133,12.7563835,8.0,8.0,63000000.0,0.00042057703138420453,2,5999,3,0.06201171875,6.433574968205784,4.547750927324222e-06,implausible,,False,
Fe,II,506.293,10.3076133,12.7557949,8.0,10.0,2000000.0,1.669821115726025e-05,2,6001,3,0.06201171875,162.04213947427837,1.8055980143555217e-07,implausible,,False,
Fe,II,506.511,10.430992,12.8781204,2.0,4.0,18300000.0,5.217528262934324e-05,2,6005,3,0.06201171875,214.81473495635987,5.641777183600866e-07,implausible,,False,
Fe,II,506.789,10.3289055,12.7746894,6.0,4.0,54000000.0,0.00017582798246966114,2,6009,3,0.06201171875,2983.5528874189963,1.9012494992753888e-06,implausible,,False,
Fe,II,507.09,10.3076133,12.7519476,8.0,10.0,48000000.0,0.0004021170244188104,2,6014,3,0.06201171875,1.5912266467766794,4.348140612136582e-06,implausible,,False,
Fe,II,507.256,10.413446,12.8569773,4.0,6.0,4000000.0,1.7553603106749633e-05,2,6017,3,0.06201171875,8.612971837506548,1.8980925930231412e-07,implausible,,False,
Fe,II,507.39,10.4477261,12.8906141,8.0,8.0,6200000.0,3.472851550682647e-05,2,6019,3,0.06201171875,18965.872273320165,3.7552368963412503e-07,implausible,,False,
Fe,II,507.576,10.4552114,12.8972034,6.0,8.0,49000000.0,0.0002720455266978598,2,6022,3,0.06201171875,2421.296733037022,2.9416615839498816e-06,implausible,,False,
Fe,II,507.632,10.3807526,12.8224715,10.0,12.0,2500000.0,2.2923286726175362e-05,2,6023,3,0.06201171875,12.889858678454338,2.478723056348965e-07,implausible,,False,
Fe,II,507.66,10.3791615,12.8207506,8.0,6.0,5100000.0,2.3432399648228853e-05,2,6023,3,0.06201171875,12.588075393564333,2.5337740598657603e-07,implausible,,False,
Fe,II,507.829,10.413446,12.8542212,4.0,2.0,6200000.0,9.091378955704586e-06,2,6026,3,0.06201171875,0.0,9.830619361305957e-08,implausible,,False,
Fe,II,508.022,10.413446,12.8532884,4.0,4.0,1600000.0,4.6961869000805574e-06,2,6029,3,0.06201171875,9351.849981275498,5.078044385695219e-08,implausible,,False,
Fe,II,508.19,10.3791615,12.8182037,8.0,8.0,2800000.0,1.7191603626785463e-05,2,6032,3,0.06201171875,1047.674401396674,1.8589491460954835e-07,implausible,,False,
Fe,II,508.223,10.413446,12.8523307,4.0,6.0,32000000.0,0.0001410038985099752,2,6032,3,0.06201171875,0.121922895809645,1.524692416261021e-06,implausible,,False,
Fe,II,508.35,10.3476866,12.7859594,4.0,2.0,23000000.0,3.6791331294551384e-05,2,6034,3,0.06201171875,328.8432463603699,3.978291692763434e-07,implausible,,False,
Fe,II,508.521,10.3807526,12.8182037,10.0,8.0,1800000.0,1.1044551527702741e-05,2,6037,3,0.06201171875,0.0,1.1942608774112116e-07,implausible,,False,
Fe,II,508.631,10.413446,12.850374,4.0,4.0,25000000.0,7.3565990181558e-05,2,6039,3,0.06201171875,18.08698115469953,7.95478057768872e-07,implausible,,False,
Fe,II,508.73,10.3791615,12.8156139,8.0,6.0,16300000.0,7.523089283632914e-05,2,6041,3,0.06201171875,17.66457535306746,8.13480853992005e-07,implausible,,False,
Fe,II,508.921,10.3289055,12.7644423,6.0,6.0,44000000.0,0.00021684684109154925,2,6044,3,0.06201171875,0.32449450858665146,2.344791439075382e-06,implausible,,False,
Fe,II,508.949,10.4552114,12.8906141,6.0,8.0,12600000.0,7.036111504863673e-05,2,6044,3,0.06201171875,3.0819769560443326,7.608233506163396e-07,implausible,,False,
Fe,II,509.357,10.3791615,12.8126137,8.0,8.0,47000000.0,0.0002899948692325417,2,6051,3,0.06201171875,0.0743309694418609,3.135750022132779e-06,implausible,,False,
Fe,II,509.378,10.3807526,12.8141045,10.0,10.0,2800000.0,2.1553002753436268e-05,2,6051,3,0.06201171875,13.455084173646787,2.3305525728774379e-07,implausible,,False,
Fe,II,509.49,10.4672943,12.9001119,4.0,6.0,8200000.0,3.388889054491558e-05,2,6053,3,0.06201171875,58.549792224580656,3.664447221342412e-07,implausible,,False,
Fe,II,509.69,10.3807526,12.8126137,10.0,8.0,8100000.0,4.9945186728946464e-05,2,6056,3,0.06201171875,291.75617591176496,5.400634183811451e-07,implausible,,False,
Fe,II,509.727,10.3791615,12.8108465,8.0,10.0,53000000.0,0.00040940445827645225,2,6057,3,0.06201171875,35.74260006389717,4.426940526565645e-06,implausible,,False,
Fe,II,510.061,10.3807526,12.8108465,10.0,10.0,44000000.0,0.0003396603831058894,2,6062,3,0.06201171875,29.116983640814016,3.6727893036888322e-06,implausible,,False,
Fe,II,510.073,10.3807526,12.8107881,10.0,12.0,111000000.0,0.001028297852136974,2,6062,3,0.06201171875,8.948038090494883,1.1119110559200783e-05,implausible,,False,
Fe,II,510.291,10.4477261,12.8767266,8.0,6.0,2600000.0,1.1056808655394232e-05,2,6066,3,0.06201171875,0.0,1.1955862556336472e-07,implausible,,False,
Fe,II,510.611,10.3289055,12.7563835,6.0,8.0,18100000.0,0.00011978175438946464,2,6071,3,0.06201171875,59.48550529086273,1.2952147738747591e-06,implausible,,False,
Fe,II,510.711,10.3476866,12.7746894,4.0,4.0,10000000.0,3.231068763750967e-05,2,6072,3,0.06201171875,5.087410093851138,3.4937942089313646e-07,implausible,,False,
Fe,II,510.754,10.3914073,12.8182037,6.0,8.0,7300000.0,4.45959640367837e-05,2,6073,3,0.06201171875,0.7245204433959235,4.822216185598803e-07,implausible,,False,
Fe,II,511.215,10.4552114,12.8798182,6.0,8.0,5100000.0,2.875070239956894e-05,2,6081,3,0.06201171875,2.012529493502792,3.108848647025115e-07,implausible,,False,
Fe,II,511.3,10.3914073,12.8156139,6.0,6.0,12600000.0,5.786163653805399e-05,2,6082,3,0.06201171875,22.08348518887483,6.256649592974295e-07,implausible,,False,
Fe,II,511.506,10.430992,12.8542212,2.0,2.0,40000000.0,5.823241859864671e-05,2,6085,3,0.06201171875,184.4093454088376,6.296742711096939e-07,implausible,,False,
Fe,II,511.703,10.430992,12.8532884,2.0,4.0,58000000.0,0.00016901215543789326,2,6088,3,0.06201171875,2.3258989130415504,1.8275491271885263e-06,implausible,,False,
Fe,II,511.868,10.4552114,12.8767266,6.0,6.0,1200000.0,5.087420325525433e-06,2,6091,3,0.06201171875,85.4756916054732,5.501089878101532e-08,implausible,,False,
Fe,II,511.933,10.3914073,12.8126137,6.0,8.0,6800000.0,4.174558218793767e-05,2,6092,3,0.06201171875,0.12186727455264933,4.514000906850595e-07,implausible,,False,
Fe,II,512.875,10.3476866,12.7644423,4.0,6.0,3200000.0,1.5649095601377592e-05,2,6107,3,0.06201171875,1182.4066426268348,1.6921558649724964e-07,implausible,,False,
Fe,II,514.069,10.413446,12.8245941,4.0,2.0,8000000.0,1.2039670096254431e-05,2,6127,3,0.06201171875,2.5662620199554556,1.3018642664511219e-07,implausible,,False,
Fe,II,514.138,10.4672943,12.8781204,4.0,4.0,11000000.0,3.089694810081119e-05,2,6128,3,0.06201171875,0.3896718231513077,3.340924822130683e-07,implausible,,False,
Fe,II,514.387,10.4477261,12.8573818,8.0,10.0,15700000.0,0.00011317887787272966,2,6132,3,0.06201171875,3.1680891069877855,1.2238170617763125e-06,implausible,,False,
Fe,II,514.435,10.4672943,12.8767266,4.0,6.0,85000000.0,0.00035856077008565134,2,6132,3,0.06201171875,0.31564768783866054,3.877161501883076e-06,implausible,,False,
Fe,II,514.573,10.413446,12.8222325,4.0,2.0,77000000.0,0.00011612137865337262,2,6135,3,0.06201171875,85.27243709939876,1.255634682937837e-06,implausible,,False,
Fe,II,514.582,10.413446,12.8221898,4.0,4.0,45000000.0,0.00013573138565132207,2,6135,3,0.06201171875,72.80809005740063,1.4676800892603002e-06,implausible,,False,
Fe,II,514.89,10.413446,12.8207506,4.0,6.0,16100000.0,7.29341547108519e-05,2,6140,3,0.06201171875,116.58108083027614,7.886459434749387e-07,implausible,,False,
Fe,II,514.946,10.4477261,12.8547671,8.0,10.0,90000000.0,0.0006502804589522182,2,6141,3,0.06201171875,11.254766888577025,7.0315622098706865e-06,implausible,,False,
Fe,II,515.048,10.4477261,12.8542909,8.0,8.0,26300000.0,0.00015208436674212677,2,6142,3,0.06201171875,7.604358697366564,1.6445068757242641e-06,implausible,,False,
Fe,II,515.287,10.413446,12.8188939,4.0,4.0,9000000.0,2.7224587353214146e-05,2,6146,3,0.06201171875,138.61430190817816,2.9438279587953937e-07,implausible,,False,
Fe,II,515.468,10.4477261,12.8523307,8.0,6.0,3300000.0,1.4336650155237323e-05,2,6149,3,0.06201171875,2.0507049019831367,1.5502395321879233e-07,implausible,,False,
Fe,II,515.474,10.4514812,12.8560572,12.0,12.0,3400000.0,2.9400238751362477e-05,2,6149,3,0.06201171875,232.8116220401302,3.179083807905819e-07,implausible,,False,
Fe,II,515.691,10.4190334,12.8225962,14.0,14.0,2300000.0,2.4215927844421582e-05,2,6153,3,0.06201171875,51.67812179486531,2.618497922913931e-07,implausible,,False,
Fe,II,515.728,10.4552114,12.8586008,6.0,8.0,21100000.0,0.00012117829484479372,2,6153,3,0.06201171875,9.527053202404273,1.3103157367824713e-06,implausible,,False,
Fe,II,515.991,10.413446,12.8156139,4.0,6.0,5000000.0,2.2752223131481196e-05,2,6158,3,0.06201171875,233.45103240877788,2.460225740438931e-07,implausible,,False,
Fe,II,516.078,10.4552114,12.8569773,6.0,6.0,1800000.0,7.764091327052939e-06,2,6159,3,0.06201171875,2.9304424913455915,8.395406999812934e-08,implausible,,False,
Fe,II,516.655,10.4552114,12.8542909,6.0,8.0,28200000.0,0.0001625642340037186,2,6168,3,0.06201171875,17716.486454399866,1.7578269633673787e-06,implausible,,False,
Fe,II,516.903,2.8910183,5.28894824,6.0,8.0,4200000.0,0.4170827243392959,2,6172,3,0.06201171875,2.6138498708269115e-05,0.004509966557475165,no_peak,,False,
Fe,II,516.98,10.4996322,12.8972034,8.0,8.0,2000000.0,1.090191625138405e-05,2,6174,3,0.06201171875,38265.45117574507,1.1788375503690152e-07,implausible,,False,
Fe,II,517.078,10.4552114,12.8523307,6.0,6.0,19400000.0,8.401970010213894e-05,2,6175,3,0.06201171875,238.86517690398148,9.085153028814587e-07,implausible,,False,
Fe,II,517.5,10.4552114,12.850374,6.0,4.0,4100000.0,1.1858053481997889e-05,2,6182,3,0.06201171875,2028.2898997990155,1.2822258396168195e-07,implausible,,False,
Fe,II,517.702,10.3791615,12.7733903,8.0,6.0,26300000.0,0.00012595518253001584,2,6185,3,0.06201171875,225.07653056917178,1.3619688081085352e-06,implausible,,False,
Fe,II,517.837,10.430992,12.8245941,2.0,2.0,58000000.0,8.665246681611741e-05,2,6188,3,0.06201171875,295.5196098852335,9.369837316625498e-07,implausible,,False,
Fe,II,518.031,10.3914073,12.7841142,6.0,4.0,51000000.0,0.00016049377181373946,2,6191,3,0.06201171875,0.0,1.7354388022415142e-06,implausible,,False,
Fe,II,518.349,10.430992,12.8222325,2.0,2.0,1800000.0,2.6947513179530683e-06,2,6196,3,0.06201171875,40726.12247438363,2.9138675892012805e-08,implausible,,False,
Fe,II,518.687,10.4672943,12.8569773,4.0,6.0,26400000.0,0.00011330055560215463,2,6201,3,0.06201171875,7.177727956124562,1.225132777960351e-06,implausible,,False,
Fe,II,519.074,10.430992,12.8188939,2.0,4.0,7600000.0,2.2821926304323773e-05,2,6208,3,0.06201171875,63157.287888363455,2.4677628298489016e-07,implausible,,False,
Fe,II,519.091,10.5027943,12.8906141,8.0,8.0,10300000.0,5.6393644098759687e-05,2,6208,3,0.06201171875,25558.50789722414,6.097913773399619e-07,implausible,,False,
Fe,II,519.286,10.4672943,12.8542212,4.0,2.0,6100000.0,8.747396049435583e-06,2,6211,3,0.06201171875,241596.73594852746,9.458666433724546e-08,implausible,,False,
Fe,II,519.489,10.4672943,12.8532884,4.0,4.0,48000000.0,0.00013777575240396192,2,6214,3,0.06201171875,189.9682269061979,1.4897860772276163e-06,implausible,,False,
Fe,II,519.644,10.3791615,12.7644423,8.0,6.0,9600000.0,4.633574085271762e-05,2,6217,3,0.06201171875,1025.1120000668654,5.010340382537482e-07,implausible,,False,
Fe,II,519.912,10.3791615,12.7632131,8.0,8.0,41000000.0,0.00026413859836493147,2,6221,3,0.06201171875,0.0,2.8561629999211403e-06,implausible,,False,
Fe,II,520.08,10.3914073,12.7746894,6.0,4.0,57000000.0,0.00018085316583223572,2,6224,3,0.06201171875,174.20676789437172,1.9555874221569784e-06,implausible,,False,
Fe,II,520.259,10.3807526,12.7632131,10.0,8.0,5900000.0,3.7984836681173604e-05,2,6227,3,0.06201171875,0.0,4.107346891306107e-07,implausible,,False,
Fe,II,520.363,10.3914073,12.7733903,6.0,6.0,31500000.0,0.00015008741609324057,2,6229,3,0.06201171875,9188.613026402245,1.6229136038915075e-06,implausible,,False,
Fe,II,521.283,10.5194227,12.8972034,6.0,8.0,15400000.0,8.325182196624877e-05,2,6244,3,0.06201171875,40.240613666271976,9.002121425945708e-07,implausible,,False,
Fe,II,521.353,10.5226519,12.9001119,6.0,6.0,7100000.0,2.8675145806241615e-05,2,6245,3,0.06201171875,667.6854857611789,3.1006786200923816e-07,implausible,,False,
Fe,II,521.395,10.4801123,12.8573818,10.0,10.0,13600000.0,9.672255535343898e-05,2,6245,3,0.06201171875,196.38314306306492,1.04587283179509e-06,implausible,,False,
Fe,II,521.405,10.3791615,12.7563835,8.0,8.0,7700000.0,4.990198197563456e-05,2,6246,3,0.06201171875,381.57803046930565,5.395962400944651e-07,implausible,,False,
Fe,II,521.449,10.5027943,12.8798182,8.0,8.0,7800000.0,4.310867110991357e-05,2,6246,3,0.06201171875,12321.813296862318,4.661393380674929e-07,implausible,,False,
Fe,II,521.535,10.3791615,12.7557949,8.0,10.0,24500000.0,0.0001985749679555042,2,6248,3,0.06201171875,2578.9307563400635,2.147215438015805e-06,implausible,,False,
Fe,II,521.585,10.3807526,12.7571589,10.0,12.0,14200000.0,0.0001378550139836883,2,6249,3,0.06201171875,3720.9306241646846,1.4906431423923863e-06,implausible,,False,
Fe,II,521.686,10.4801123,12.8560572,10.0,12.0,96000000.0,0.000820239644002389,2,6250,3,0.06201171875,342.76113576219814,8.86935168419197e-06,implausible,,False,
Fe,II,521.884,10.3807526,12.7557949,10.0,10.0,16700000.0,0.00013526466603507118,2,6253,3,0.06201171875,418.18997287655407,1.4626333929140455e-06,implausible,,False,
Fe,II,521.969,10.4801123,12.8547671,10.0,10.0,2200000.0,1.5681870138187e-05,2,6255,3,0.06201171875,370.79974033306615,1.6956998157602284e-07,implausible,,False,
Fe,II,521.992,10.5226519,12.8972034,6.0,8.0,8600000.0,4.6428130035813324e-05,2,6255,3,0.06201171875,121.6681017496627,5.020330538008297e-07,implausible,,False,
Fe,II,522.235,10.5194227,12.892869,6.0,6.0,21300000.0,8.668593488100115e-05,2,6259,3,0.06201171875,459.9558835548327,9.373456259452923e-07,implausible,,False,
Fe,II,522.326,10.3914073,12.7644423,6.0,6.0,27600000.0,0.00013253123134603694,2,6261,3,0.06201171875,309.0419343450631,1.4330764289949204e-06,implausible,,False,
Fe,II,522.38,10.3791615,12.7519476,8.0,10.0,7700000.0,6.261818179639805e-05,2,6261,3,0.06201171875,736.4276209947221,6.770980654713446e-07,implausible,,False,
Fe,II,522.44,10.413446,12.7859594,4.0,2.0,46000000.0,7.159816730566265e-05,2,6262,3,0.06201171875,135.82267888175858,7.741997481112824e-07,implausible,,False,
Fe,II,522.596,10.3914073,12.7632131,6.0,8.0,11000000.0,7.050249031076333e-05,2,6265,3,0.06201171875,20217.366019415644,7.623520586328494e-07,implausible,,False,
Fe,II,522.732,10.5194227,12.8906141,6.0,8.0,47000000.0,0.00025553783117303563,2,6267,3,0.06201171875,13543.100680143,2.7631618513707513e-06,implausible,,False,
Fe,II,522.749,10.4514812,12.8225962,12.0,14.0,122000000.0,0.001267154148893761,2,6267,3,0.06201171875,2778.137528869721,1.3701892936778105e-05,implausible,,False,
Fe,II,522.776,10.4514812,12.8224715,12.0,12.0,6400000.0,5.698364184985068e-05,2,6268,3,0.06201171875,61787.509438555266,6.161710952499306e-07,implausible,,False,
Fe,II,522.889,10.4477261,12.8182037,8.0,8.0,15300000.0,9.129907933244123e-05,2,6270,3,0.06201171875,663.3751129089553,9.87228121639053e-07,implausible,,False,
Fe,II,523.191,10.5310027,12.9001119,4.0,6.0,9100000.0,3.6623537493240764e-05,2,6275,3,0.06201171875,220.047539776876,3.960147943614838e-07,implausible,,False,
Fe,II,523.278,10.3807526,12.7494678,10.0,12.0,16800000.0,0.0001641885802283897,2,6276,3,0.06201171875,30938.12932268713,1.7753912179469288e-06,implausible,,False,
Fe,II,523.662,10.4552114,12.8221898,6.0,4.0,12800000.0,3.793859724647349e-05,2,6282,3,0.06201171875,1130.8461789051523,4.1023469646257483e-07,implausible,,False,
Fe,II,523.795,10.4477261,12.8141045,8.0,10.0,30900000.0,0.0002313060902977867,2,6285,3,0.06201171875,264.5121289354243,2.5011410708411933e-06,implausible,,False,
Fe,II,523.981,10.4552114,12.8207506,6.0,6.0,13300000.0,5.920462528074908e-05,2,6288,3,0.06201171875,230.0522813477873,6.401868609806392e-07,implausible,,False,
Fe,II,524.105,10.3914073,12.7563835,6.0,8.0,7900000.0,5.093438300688614e-05,2,6290,3,0.06201171875,1108.5503287499623,5.507597188317427e-07,implausible,,False,
Fe,II,524.392,10.4552114,12.8188939,6.0,4.0,3900000.0,1.1592484710241164e-05,2,6294,3,0.06201171875,8989.446316273228,1.2535095632179377e-07,implausible,,False,
Fe,II,524.517,10.4477261,12.8108465,8.0,10.0,2800000.0,2.1019036260920414e-05,2,6296,3,0.06201171875,184.87540812181604,2.27281412236085e-07,implausible,,False,
Fe,II,524.545,10.4552114,12.8182037,6.0,8.0,8700000.0,5.175126545709419e-05,2,6297,3,0.06201171875,74.49423011819822,5.595927687684494e-07,implausible,,False,
Fe,II,524.796,10.5310027,12.892869,4.0,6.0,143000000.0,0.0005791359568547832,2,6301,3,0.06201171875,89.44298568878565,6.262267999193586e-06,implausible,,False,
Fe,II,524.934,10.413446,12.7746894,4.0,4.0,15500000.0,4.872461408627049e-05,2,6303,3,0.06201171875,571.2228195396854,5.268652169735999e-07,implausible,,False,
Fe,II,525.123,10.5194227,12.8798182,6.0,8.0,80000000.0,0.0004390468019110408,2,6306,3,0.06201171875,0.0,4.747466817096988e-06,implausible,,False,
Fe,II,525.352,10.4514812,12.8108465,12.0,10.0,2000000.0,1.4989734559562233e-05,2,6310,3,0.06201171875,6639.324827329601,1.6208583483323644e-07,implausible,,False,
Fe,II,525.365,10.4514812,12.8107881,12.0,12.0,14800000.0,0.00013311557243264214,2,6310,3,0.06201171875,746.7465238059074,1.4393949806993163e-06,implausible,,False,
Fe,II,525.44,10.4996322,12.8586008,8.0,8.0,10400000.0,5.86237102025839e-05,2,6311,3,0.06201171875,1712.989436272105,6.339053551249165e-07,implausible,,False,
Fe,II,525.712,10.4996322,12.8573818,8.0,10.0,34500000.0,0.00024334751752685602,2,6316,3,0.06201171875,0.2936198273187924,2.631346497578541e-06,implausible,,False,
Fe,II,525.789,10.4552114,12.8126137,6.0,8.0,9000000.0,5.379547525269796e-05,2,6317,3,0.06201171875,5.177787838605914,5.816970595401195e-07,implausible,,False,
Fe,II,525.812,10.4672943,12.8245941,4.0,2.0,12000000.0,1.7656180821409798e-05,2,6318,3,0.06201171875,620.126125980717,1.909184446884804e-07,implausible,,False,
Fe,II,525.842,10.5226519,12.8798182,6.0,8.0,3200000.0,1.7537859186594567e-05,2,6318,3,0.06201171875,610.4410864860002,1.896390183663094e-07,implausible,,False,
Fe,II,526.025,10.4190334,12.7753777,14.0,16.0,185000000.0,0.002319323436458717,2,6321,3,0.06201171875,4.08662090344524,2.5079128249598622e-05,implausible,,False,
Fe,II,526.146,10.5027943,12.8586008,8.0,8.0,3500000.0,1.97026600416702e-05,2,6323,3,0.06201171875,2042.9959084709785,2.1304727502678528e-07,implausible,,False,
Fe,II,526.231,10.5446893,12.9001119,4.0,6.0,17200000.0,6.882261678369374e-05,2,6324,3,0.06201171875,7819.811009916347,7.441873805348219e-07,implausible,,False,
Fe,II,526.296,10.4996322,12.8547671,8.0,10.0,3200000.0,2.2622458082100577e-05,2,6325,3,0.06201171875,22250.391581246284,2.4461940867912576e-07,implausible,,False,
Fe,II,526.349,10.4672943,12.8221898,4.0,4.0,6700000.0,1.9757107372199037e-05,2,6326,3,0.06201171875,31053.151144044477,2.136360206772263e-07,implausible,,False,
Fe,II,526.402,10.4996322,12.8542909,8.0,8.0,11000000.0,6.223743487948223e-05,2,6327,3,0.06201171875,9856.693801734109,6.729810024477628e-07,implausible,,False,
Fe,II,526.418,10.5027943,12.8573818,8.0,10.0,48000000.0,0.0003381163889343113,2,6327,3,0.06201171875,1813.51593630528,3.6560939056960614e-06,implausible,,False,
Fe,II,526.598,10.4190334,12.7728134,14.0,14.0,2300000.0,2.528649304052237e-05,2,6330,3,0.06201171875,87508.82186221096,2.7342594481523553e-07,implausible,,False,
Fe,II,526.84,10.4996322,12.8523307,8.0,6.0,4400000.0,1.8702918994305345e-05,2,6334,3,0.06201171875,0.06279438677041489,2.022369526935045e-07,implausible,,False,
Fe,II,527.003,10.5027943,12.8547671,8.0,10.0,15200000.0,0.00010731251756477995,2,6337,3,0.06201171875,51374.001716652245,1.1603833896076465e-06,implausible,,False,
Fe,II,527.11,10.5027943,12.8542909,8.0,8.0,2100000.0,1.1865732943512104e-05,2,6339,3,0.06201171875,127505.32422749011,1.283056229191535e-07,implausible,,False,
Fe,II,527.222,10.413446,12.7644423,4.0,6.0,4200000.0,1.9980509637980677e-05,2,6341,3,0.06201171875,20368.23675768261,2.160516967259896e-07,implausible,,False,
Fe,II,527.823,10.4672943,12.8156139,4.0,6.0,2300000.0,1.0231409939098167e-05,2,6351,3,0.06201171875,7.919906781182597e-06,1.1063348819888849e-07,implausible,,False,
Fe,II,528.093,10.5310027,12.8781204,4.0,4.0,1300000.0,3.554966753178861e-06,2,6355,3,0.06201171875,214009.50959833252,3.844029070053283e-08,implausible,,False,
Fe,II,528.407,10.5310027,12.8767266,4.0,6.0,1700000.0,6.98159599547364e-06,2,6360,3,0.06201171875,168537.0964138049,7.549285218482038e-08,implausible,,False,
Fe,II,529.166,10.4801123,12.8224715,10.0,12.0,69000000.0,0.0006069361812583179,2,6373,3,0.06201171875,5.679922268964839,6.562875228967629e-06,implausible,,False,
Fe,II,529.886,10.5194227,12.8586008,6.0,8.0,11700000.0,6.539830751322247e-05,2,6384,3,0.06201171875,4648.746753738354,7.071599051898724e-07,implausible,,False,
Fe,II,530.254,10.5194227,12.8569773,6.0,6.0,5000000.0,2.0990342594109126e-05,2,6390,3,0.06201171875,33790.52726545228,2.2697114410418084e-07,implausible,,False,
Fe,II,530.618,10.5226519,12.8586008,6.0,8.0,32800000.0,0.0001830859247493812,2,6396,3,0.06201171875,0.0,1.9797305176620294e-06,implausible,,False,
Fe,II,530.987,10.5226519,12.8569773,6.0,6.0,4400000.0,1.844600253352555e-05,2,6403,3,0.06201171875,2.3215049929887255,1.9945888355142426e-07,implausible,,False,
Fe,II,531.063,10.4801123,12.8141045,10.0,10.0,5800000.0,4.2822486982262246e-05,2,6404,3,0.06201171875,0.4307550502885593,4.630447940605882e-07,implausible,,False,
Fe,II,531.191,10.5446893,12.8781204,4.0,4.0,5600000.0,1.5224390708780703e-05,2,6406,3,0.06201171875,1580.6866322300448,1.646232005013006e-07,implausible,,False,
Fe,II,531.31,10.5194227,12.8523307,6.0,6.0,7500000.0,3.161176398567123e-05,2,6408,3,0.06201171875,849.403619234302,3.418218738836958e-07,implausible,,False,
Fe,II,531.402,10.4801123,12.8126137,10.0,8.0,3800000.0,2.2473729393197418e-05,2,6409,3,0.06201171875,124.38050882784657,2.430111871586757e-07,implausible,,False,
Fe,II,531.508,10.5446893,12.8767266,4.0,6.0,15000000.0,6.124290855419983e-05,2,6411,3,0.06201171875,0.2012608246333492,6.62227067542745e-07,implausible,,False,
Fe,II,531.599,10.5226519,12.8542909,6.0,8.0,2200000.0,1.2325798278563054e-05,2,6413,3,0.06201171875,38.51943458879522,1.3328036570817747e-07,implausible,,False,
Fe,II,531.621,10.4190334,12.7505746,14.0,14.0,36900000.0,0.0004135398719915944,2,6413,3,0.06201171875,0.029805586143852137,4.4716572613241025e-06,implausible,,False,
Fe,II,531.756,10.5194227,12.850374,6.0,4.0,2400000.0,6.7552082959016135e-06,2,6415,3,0.06201171875,15.344445927790414,7.304489427500537e-08,implausible,,False,
Fe,II,531.805,10.4801123,12.8108465,10.0,10.0,14000000.0,0.00010365492842742353,2,6416,3,0.06201171875,176.70029243963253,1.1208334305039874e-06,implausible,,False,
Fe,II,531.874,10.4190334,12.7494678,14.0,12.0,5600000.0,5.384500331829926e-05,2,6417,3,0.06201171875,340.9584873497232,5.822326125766836e-07,implausible,,False,
Fe,II,532.224,10.4552114,12.7841142,6.0,4.0,16700000.0,5.115237156806754e-05,2,6423,3,0.06201171875,1.6080511095347356,5.531168558299187e-07,implausible,,False,
Fe,II,532.894,10.5310027,12.8569773,4.0,6.0,4500000.0,1.8797719264444835e-05,2,6434,3,0.06201171875,180384.59033762428,2.0326203961995532e-07,implausible,,False,
Fe,II,532.965,10.4477261,12.7733903,8.0,6.0,1800000.0,8.373633551442212e-06,2,6435,3,0.06201171875,31048.451043995963,9.054512469050333e-08,implausible,,False,
Fe,II,533.959,10.4514812,12.7728134,12.0,14.0,55000000.0,0.0005963411100676554,2,6452,3,0.06201171875,1242.7832675154518,6.4483094271362285e-06,implausible,,False,
Fe,II,534.411,10.5310027,12.850374,4.0,4.0,10000000.0,2.8006865990435095e-05,2,6459,3,0.06201171875,275.0208476914613,3.0284167055022376e-07,implausible,,False,
Fe,II,534.574,10.4672943,12.7859594,4.0,2.0,2100000.0,3.194419567366923e-06,2,6462,3,0.06201171875,69913.48799011468,3.454164984222475e-08,implausible,,False,
Fe,II,534.595,10.4996322,12.8182037,8.0,8.0,2700000.0,1.575880728612948e-05,2,6462,3,0.06201171875,13685.41207132335,1.704019123753571e-07,implausible,,False,
Fe,II,534.686,10.4552114,12.7733903,6.0,6.0,10300000.0,4.776156487604905e-05,2,6464,3,0.06201171875,2.0828604650544316,5.164516479671591e-07,implausible,,False,
Fe,II,534.719,10.5600846,12.8781204,2.0,4.0,31000000.0,8.372182367702403e-05,2,6464,3,0.06201171875,0.5704797989900666,9.052943286307111e-07,implausible,,False,
Fe,II,535.193,10.4996322,12.8156139,8.0,6.0,3000000.0,1.3161542508032929e-05,2,6472,3,0.06201171875,197.1915104164719,1.4231737037309804e-07,implausible,,False,
Fe,II,535.307,10.4477261,12.7632131,8.0,8.0,3400000.0,2.1274229902383707e-05,2,6474,3,0.06201171875,58.81006140847927,2.3004085232198865e-07,implausible,,False,
Fe,II,535.325,10.5027943,12.8182037,8.0,8.0,7600000.0,4.4297634919995465e-05,2,6474,3,0.06201171875,27.72417453387161,4.789957492986507e-07,implausible,,False,
Fe,II,535.542,10.4996322,12.8141045,8.0,10.0,7400000.0,5.417864267174653e-05,2,6478,3,0.06201171875,209.29633816743072,5.858402957495803e-07,implausible,,False,
Fe,II,535.887,10.4996322,12.8126137,8.0,8.0,7100000.0,4.1638958892712185e-05,2,6483,3,0.06201171875,0.8627916513245767,4.502471599409811e-07,implausible,,False,
Fe,II,535.925,10.5027943,12.8156139,8.0,6.0,8200000.0,3.592574610247931e-05,2,6484,3,0.06201171875,1.1590283685114222,3.8846949062967983e-07,implausible,,False,
Fe,II,536.048,10.5446893,12.8569773,4.0,6.0,10100000.0,4.194219641940911e-05,2,6486,3,0.06201171875,2092.33019748623,4.5352610443944007e-07,implausible,,False,
Fe,II,536.275,10.5027943,12.8141045,8.0,10.0,15000000.0,0.0001096714648988045,2,6490,3,0.06201171875,0.9640020067848268,1.1858909759123751e-06,implausible,,False,
Fe,II,536.297,10.4996322,12.8108465,8.0,10.0,14400000.0,0.0001057234827314212,2,6490,3,0.06201171875,1.0373425285034612,1.1432009614251713e-06,implausible,,False,
Fe,II,536.621,10.5027943,12.8126137,8.0,8.0,18400000.0,0.00010776181412799119,2,6496,3,0.06201171875,2317.613882002348,1.1652416883484565e-06,implausible,,False,
Fe,II,536.688,10.5446893,12.8542212,4.0,2.0,8000000.0,1.110001770403638e-05,2,6497,3,0.06201171875,216355.0400817951,1.2002585029597645e-07,implausible,,False,
Fe,II,536.891,10.4477261,12.7563835,8.0,8.0,2200000.0,1.3846462004395005e-05,2,6500,3,0.06201171875,1.1931317437240897e-10,1.4972348873498642e-07,implausible,,False,
Fe,II,537.028,10.4477261,12.7557949,8.0,10.0,6300000.0,4.958901654577547e-05,2,6502,3,0.06201171875,63354.687503093664,5.362121065882254e-07,implausible,,False,
Fe,II,537.032,10.5027943,12.8108465,8.0,10.0,3900000.0,2.859425454936302e-05,2,6502,3,0.06201171875,109872.33943034647,3.0919317494591637e-07,implausible,,False,
Fe,II,537.043,10.4552114,12.7632131,6.0,8.0,4900000.0,3.0560810889795685e-05,2,6503,3,0.06201171875,102802.10451150127,3.304577894004989e-07,implausible,,False,
Fe,II,537.128,10.5446893,12.8523307,4.0,6.0,7800000.0,3.252012960813076e-05,2,6504,3,0.06201171875,52096.07568555043,3.5164414256131183e-07,implausible,,False,
Fe,II,537.584,10.4514812,12.7571589,12.0,12.0,9100000.0,8.571451525597244e-05,2,6512,3,0.06201171875,2.404648560183226e-07,9.268415466188358e-07,implausible,,False,
Fe,II,537.925,10.4477261,12.7519476,8.0,10.0,2400000.0,1.8953341256916354e-05,2,6517,3,0.06201171875,0.0,2.0494479927576703e-07,implausible,,False,
Fe,II,538.706,10.5217184,12.8225962,12.0,14.0,52000000.0,0.0005241002427821934,2,6530,3,0.06201171875,0.06920065611065078,5.667160085464156e-06,implausible,,False,
Fe,II,538.803,10.4514812,12.7519476,12.0,10.0,4600000.0,3.626804079280286e-05,2,6532,3,0.06201171875,104.40690051592956,3.9217076501980466e-07,implausible,,False,
Fe,II,538.903,10.6000744,12.9001119,6.0,6.0,1900000.0,7.423729905844671e-06,2,6533,3,0.06201171875,443.3590441477835,8.027370028361852e-08,implausible,,False,
Fe,II,539.02,10.5226519,12.8221898,6.0,4.0,3100000.0,8.926458159161633e-06,2,6535,3,0.06201171875,1.0366234190873456,9.652288485046547e-08,implausible,,False,
Fe,II,539.036,10.5194227,12.8188939,6.0,4.0,3200000.0,9.253375577290264e-06,2,6536,3,0.06201171875,0.9646704691279412,1.0005788291386367e-07,implausible,,False,
Fe,II,539.198,10.5194227,12.8182037,6.0,8.0,2500000.0,1.446692430089309e-05,2,6538,3,0.06201171875,0.0,1.5643262350390632e-07,implausible,,False,
Fe,II,539.358,10.5226519,12.8207506,6.0,6.0,2500000.0,1.0811412032980406e-05,2,6541,3,0.06201171875,70384.74201218168,1.169051218437923e-07,implausible,,False,
Fe,II,539.384,10.4514812,12.7494678,12.0,12.0,10800000.0,0.00010239808572143165,2,6541,3,0.06201171875,7430.479336546686,1.1072430364616323e-06,implausible,,False,
Fe,II,539.585,10.6000744,12.8972034,6.0,8.0,55000000.0,0.00028724297052385534,2,6545,3,0.06201171875,0.0,3.1059934045087934e-06,implausible,,False,
Fe,II,539.794,10.5226519,12.8188939,6.0,4.0,10500000.0,3.032000219970631e-05,2,6548,3,0.06201171875,5456.314216175507,3.278538955548047e-07,implausible,,False,
Fe,II,539.806,10.5194227,12.8156139,6.0,6.0,5300000.0,2.3053354182403083e-05,2,6549,3,0.06201171875,7176.514288364685,2.4927874096192217e-07,implausible,,False,
Fe,II,539.894,10.5615658,12.8573818,10.0,10.0,1800000.0,1.2362881873341502e-05,2,6550,3,0.06201171875,13226.276072782934,1.3368135515828405e-07,implausible,,False,
Fe,II,539.956,10.5226519,12.8182037,6.0,8.0,5100000.0,2.9471095356572796e-05,2,6551,3,0.06201171875,95.02157838789286,3.1867456193697436e-07,implausible,,False,
Fe,II,540.189,10.59605,12.8906141,8.0,8.0,3900000.0,2.0518958085020857e-05,2,6555,3,0.06201171875,494.1613477501898,2.2187400570060002e-07,implausible,,False,
Fe,II,540.206,10.5615658,12.8560572,10.0,12.0,56000000.0,0.0004620695272493598,2,6555,3,0.06201171875,20.98845485503212,4.996414364618251e-06,implausible,,False,
Fe,II,540.289,10.5600846,12.8542212,2.0,2.0,29000000.0,3.9969382761996926e-05,2,6557,3,0.06201171875,3350.9944300976986,4.321938288503383e-07,implausible,,False,
Fe,II,540.509,10.5615658,12.8547671,10.0,10.0,3600000.0,2.4781035743390688e-05,2,6560,3,0.06201171875,154773.18141344783,2.679603731833565e-07,implausible,,False,
Fe,II,540.566,10.5226519,12.8156139,6.0,6.0,13800000.0,5.994132248367021e-05,2,6561,3,0.06201171875,17137.124935545507,6.481528580221684e-07,implausible,,False,
Fe,II,541.137,10.6000744,12.8906141,6.0,8.0,25500000.0,0.00013392738354812942,2,6571,3,0.06201171875,14976.722375885423,1.4481731936728555e-06,implausible,,False,
Fe,II,541.197,10.5600846,12.850374,2.0,4.0,15400000.0,4.258976487610646e-05,2,6572,3,0.06201171875,4.1261688327826205,4.60528341436926e-07,implausible,,False,
Fe,II,541.274,10.5226519,12.8126137,6.0,8.0,7200000.0,4.180517687920101e-05,2,6573,3,0.06201171875,1.0187677234131212,4.5204449537726166e-07,implausible,,False,
Fe,II,541.485,10.5217184,12.8107881,12.0,12.0,9000000.0,7.853881859916203e-05,2,6576,3,0.06201171875,50304.030970709464,8.492498602212118e-07,implausible,,False,
Fe,II,541.764,10.5310027,12.8188939,4.0,4.0,3000000.0,8.631357284399148e-06,2,6581,3,0.06201171875,2422.598504630868,9.333192296546111e-08,implausible,,False,
Fe,II,542.999,10.59605,12.8787396,8.0,10.0,60000000.0,0.00039860991264085364,2,6602,3,0.06201171875,279.1161759960028,4.310217783141524e-06,implausible,,False,
Fe,II,544.106,10.6000744,12.8781204,6.0,4.0,1400000.0,3.7157554433271876e-06,2,6620,3,0.06201171875,0.0,4.017891849083008e-08,implausible,,False,
Fe,II,544.226,10.5446893,12.8222325,4.0,2.0,17000000.0,2.424030546282869e-05,2,6622,3,0.06201171875,327.73105413540327,2.62113390463533e-07,implausible,,False,
Fe,II,544.236,10.5446893,12.8221898,4.0,4.0,27000000.0,7.700144190155955e-05,2,6622,3,0.06201171875,102.48560975711365,8.326260177846491e-07,implausible,,False,
Fe,II,544.344,10.4801123,12.7571589,10.0,12.0,4800000.0,4.465058081665555e-05,2,6624,3,0.06201171875,2.258491891504219,4.828121964868113e-07,implausible,,False,
Fe,II,544.439,10.6000744,12.8767266,6.0,6.0,25300000.0,0.0001008429747253704,2,6626,3,0.06201171875,0.6458447307766393,1.0904274308848053e-06,implausible,,False,
Fe,II,544.53,10.4801123,12.7563835,10.0,8.0,3300000.0,2.047832304556674e-05,2,6627,3,0.06201171875,11.010719919927888,2.214346140444482e-07,implausible,,False,
Fe,II,544.58,10.5446893,12.8207506,4.0,6.0,29100000.0,0.00012463810475916965,2,6628,3,0.06201171875,0.16430226602960396,1.3477270849359445e-06,implausible,,False,
Fe,II,545.009,10.6229357,12.8972034,6.0,8.0,22600000.0,0.00011685609063178396,2,6635,3,0.06201171875,32.92769411984576,1.263579213503711e-06,implausible,,False,
Fe,II,545.132,10.4996322,12.7733903,8.0,6.0,8400000.0,3.820478372236545e-05,2,6637,3,0.06201171875,100.71517840086125,4.1311300341289655e-07,implausible,,False,
Fe,II,545.593,10.4801123,12.7519476,10.0,10.0,6900000.0,5.3725018053616603e-05,2,6645,3,0.06201171875,42.5793069934088,5.809351972210948e-07,implausible,,False,
Fe,II,545.772,10.6290223,12.9001119,4.0,6.0,27100000.0,0.0001045531694967274,2,6648,3,0.06201171875,0.0,1.1305462211488852e-06,implausible,,False,
Fe,II,546.05,10.6229357,12.892869,6.0,6.0,1900000.0,7.395306839594588e-06,2,6653,3,0.06201171875,854.4755149956119,7.996635818870957e-08,implausible,,False,
Fe,II,546.593,10.6229357,12.8906141,6.0,8.0,62000000.0,0.0003223770059808429,2,6662,3,0.06201171875,0.00034496343474063493,3.4859020310076917e-06,implausible,,False,
Fe,II,547.285,10.4996322,12.7644423,8.0,6.0,7100000.0,3.2538355436696256e-05,2,6673,3,0.06201171875,1106.5771500135215,3.518412206767933e-07,implausible,,False,
Fe,II,547.358,10.5600846,12.8245941,2.0,2.0,16000000.0,2.2614892508052934e-05,2,6675,3,0.06201171875,10355.015248173851,2.4453760120077235e-07,implausible,,False,
Fe,II,547.518,10.6290223,12.892869,4.0,6.0,3000000.0,1.1645492548365029e-05,2,6677,3,0.06201171875,49.93952252102042,1.2592413656463743e-07,implausible,,False,
Fe,II,547.583,10.4996322,12.7632131,8.0,8.0,23100000.0,0.00014129925654290164,2,6679,3,0.06201171875,4226.558778104719,1.5278861588287336e-06,implausible,,False,
Fe,II,547.832,10.59605,12.8586008,8.0,8.0,1400000.0,7.5690910865262405e-06,2,6683,3,0.06201171875,1.3585615931398664e-11,8.184550852541871e-08,implausible,,False,
Fe,II,547.94,10.5600846,12.8221898,2.0,4.0,25000000.0,7.081566908301861e-05,2,6684,3,0.06201171875,1.4520905582459156e-12,7.657384990365365e-07,implausible,,False,
Fe,II,548.096,10.5226519,12.7841142,6.0,4.0,18100000.0,5.383512172859023e-05,2,6687,3,0.06201171875,3395.043079001083,5.821257617374573e-07,implausible,,False,
Fe,II,548.127,10.59605,12.8573818,8.0,10.0,11700000.0,7.915172459998857e-05,2,6688,3,0.06201171875,2308.8219713785757,8.55877287839995e-07,implausible,,False,
Fe,II,548.231,10.5615658,12.8224715,10.0,12.0,48000000.0,0.0004075336904292744,2,6689,3,0.06201171875,223.42890155610263,4.406711684815037e-06,implausible,,False,
Fe,II,548.739,10.5600846,12.8188939,2.0,4.0,4400000.0,1.2498411843900874e-05,2,6698,3,0.06201171875,985.6788314557253,1.351468573214979e-07,implausible,,False,
Fe,II,548.762,10.59605,12.8547671,8.0,10.0,43000000.0,0.0002915441345402356,2,6698,3,0.06201171875,41.29863314739608,3.1525024175656614e-06,implausible,,False,
Fe,II,548.808,10.6000744,12.8586008,6.0,8.0,3100000.0,1.673032405185799e-05,2,6699,3,0.06201171875,739.6999389492998,1.8090704209609249e-07,implausible,,False,
Fe,II,548.877,10.59605,12.8542909,8.0,8.0,11100000.0,6.0231610620704424e-05,2,6700,3,0.06201171875,176.45912192562542,6.512917791849425e-07,implausible,,False,
Fe,II,549.208,10.6229357,12.8798182,6.0,8.0,34100000.0,0.00017893668849538026,2,6706,3,0.06201171875,0.7947804919796982,1.9348643180987393e-06,implausible,,False,
Fe,II,549.24,10.4996322,12.7563835,8.0,8.0,22100000.0,0.0001359666434835874,2,6706,3,0.06201171875,1.3619916590036512,1.4702239610008082e-06,implausible,,False,
Fe,II,549.268,10.5615658,12.8182037,10.0,8.0,1100000.0,6.2487458319889354e-06,2,6707,3,0.06201171875,50.39464565303595,6.75684536516711e-08,implausible,,False,
Fe,II,549.383,10.4996322,12.7557949,8.0,10.0,40000000.0,0.00030777025941620923,2,6709,3,0.06201171875,19.907039629840888,3.3279574922489414e-06,implausible,,False,
Fe,II,549.857,10.6000744,12.8542909,6.0,8.0,12700000.0,6.879082106503905e-05,2,6717,3,0.06201171875,45.1963789283505,7.438435695365823e-07,implausible,,False,
Fe,II,549.961,10.6229357,12.8767266,6.0,6.0,2900000.0,1.144301479989725e-05,2,6718,3,0.06201171875,0.0,1.2373471988316468e-07,implausible,,False,
Fe,II,550.102,10.6000744,12.8532884,6.0,4.0,7000000.0,1.8974167324274724e-05,2,6721,3,0.06201171875,175.97452018415092,2.051699940916366e-07,implausible,,False,
Fe,II,550.267,10.5615658,12.8141045,10.0,10.0,14100000.0,0.00010046981001639204,2,6724,3,0.06201171875,1.7407671893063095,1.0863923552038637e-06,implausible,,False,
Fe,II,550.322,10.4996322,12.7519476,8.0,10.0,16700000.0,0.0001289127477465968,2,6725,3,0.06201171875,15.845507862229516,1.3939493228600433e-06,implausible,,False,
Fe,II,550.336,10.6000744,12.8523307,6.0,6.0,11300000.0,4.5981801045776856e-05,2,6725,3,0.06201171875,46.22739554166191,4.972068437920483e-07,implausible,,False,
Fe,II,550.389,10.5226519,12.7746894,6.0,4.0,10400000.0,3.1180638671561034e-05,2,6726,3,0.06201171875,65.42362003891645,3.3716006308393657e-07,implausible,,False,
Fe,II,550.62,10.5217184,12.7728134,12.0,14.0,114000000.0,0.0011986512433300029,2,6730,3,0.06201171875,344.33202237484085,1.296116263280344e-05,implausible,,False,
Fe,II,550.707,10.5226519,12.7733903,6.0,6.0,32200000.0,0.00014496908933523393,2,6731,3,0.06201171875,2847.725996864897,1.5675685100725127e-06,implausible,,False,
Fe,II,551.064,10.5615658,12.8108465,10.0,10.0,4600000.0,3.28677615844454e-05,2,6737,3,0.06201171875,60.92028744563606,3.554031296782479e-07,implausible,,False,
Fe,II,551.078,10.5615658,12.8107881,10.0,12.0,22800000.0,0.00019550148414421135,2,6737,3,0.06201171875,9.410055217290552,2.1139814813089435e-06,implausible,,False,
Fe,II,551.109,10.6290223,12.8781204,4.0,4.0,23000000.0,6.0268854150294615e-05,2,6738,3,0.06201171875,32.76837462229311,6.516944980297476e-07,implausible,,False,
Fe,II,552.905,10.5226519,12.7644423,6.0,6.0,20100000.0,9.117931715314244e-05,2,6768,3,0.06201171875,0.0,9.8593311853303e-07,implausible,,False,
Fe,II,553.034,10.5446893,12.7859594,4.0,2.0,24000000.0,3.528904491649659e-05,2,6770,3,0.06201171875,0.0,3.8158476276080057e-07,implausible,,False,
Fe,II,553.209,10.5226519,12.7632131,6.0,8.0,21700000.0,0.00013138577604055737,2,6773,3,0.06201171875,2327.1669558332637,1.420690480550331e-06,implausible,,False,
Fe,II,553.489,10.5446893,12.7841142,4.0,4.0,19700000.0,5.802310814816951e-05,2,6778,3,0.06201171875,1387.4435152176686,6.27410971584935e-07,implausible,,False,
Fe,II,554.42,10.6229357,12.8586008,6.0,8.0,15900000.0,8.494177428536656e-05,2,6794,3,0.06201171875,1071.2151224770178,9.184858039048596e-07,implausible,,False,
Fe,II,554.476,10.5217184,12.7571589,12.0,12.0,24900000.0,0.00022739238132231024,2,6795,3,0.06201171875,399.52289522271576,2.4588216565737965e-06,implausible,,False,
Fe,II,554.814,10.5217184,12.7557949,12.0,10.0,3000000.0,2.28568153149779e-05,2,6800,3,0.06201171875,6.57410859646397,2.4715354212819984e-07,implausible,,False,
Fe,II,554.823,10.6229357,12.8569773,6.0,6.0,10500000.0,4.2127755258854e-05,2,6801,3,0.06201171875,3.109404840139893,4.555325748864384e-07,implausible,,False,
Fe,II,554.9,10.5226519,12.7563835,6.0,8.0,17700000.0,0.00010778561471061861,2,6802,3,0.06201171875,0.602905784304349,1.16549904696207e-06,implausible,,False,
Fe,II,555.829,10.5446893,12.7746894,4.0,4.0,8900000.0,2.6422275553624916e-05,2,6818,3,0.06201171875,1641.1304019961985,2.8570730017171045e-07,implausible,,False,
Fe,II,555.98,10.6229357,12.8523307,6.0,6.0,6400000.0,2.5778418041093247e-05,2,6820,3,0.06201171875,2223.121075310377,2.7874519006778116e-07,implausible,,False,
Fe,II,556.114,10.5217184,12.7505746,12.0,14.0,4000000.0,4.285379756523248e-05,2,6823,3,0.06201171875,1338.3336497895182,4.6338335922728146e-07,implausible,,False,
Fe,II,556.152,10.5446893,12.7733903,4.0,6.0,9900000.0,4.413486750311819e-05,2,6823,3,0.06201171875,0.9709737445615941,4.77235725293998e-07,implausible,,False,
Fe,II,556.339,10.6290223,12.8569773,4.0,6.0,10100000.0,4.041246525271716e-05,2,6826,3,0.06201171875,3147.41741295025,4.3698493406457746e-07,implausible,,False,
Fe,II,557.028,10.6290223,12.8542212,4.0,2.0,16000000.0,2.138939622979052e-05,2,6838,3,0.06201171875,55495.49602571494,2.3128615991888023e-07,implausible,,False,
Fe,II,557.152,10.59605,12.8207506,8.0,6.0,3100000.0,1.2977992986460542e-05,2,6840,3,0.06201171875,0.0,1.4033262692623538e-07,implausible,,False,
Fe,II,557.501,10.6290223,12.8523307,4.0,6.0,5200000.0,2.0887821637576808e-05,2,6846,3,0.06201171875,113.8688894644456,2.2586257245059927e-07,implausible,,False,
Fe,II,557.791,10.59605,12.8182037,8.0,8.0,21000000.0,0.00011747143258536045,2,6851,3,0.06201171875,0.30082596140186435,1.2702329813777882e-06,implausible,,False,
Fe,II,557.801,10.6000744,12.8221898,6.0,4.0,12700000.0,3.533839265331795e-05,2,6851,3,0.06201171875,3.32418901247786,3.8211836588019125e-07,implausible,,False,
Fe,II,557.993,10.6290223,12.850374,4.0,4.0,16800000.0,4.50630344792286e-05,2,6854,3,0.06201171875,0.0,4.872721084327191e-07,implausible,,False,
Fe,II,558.163,10.6000744,12.8207506,6.0,6.0,10700000.0,4.471387090347545e-05,2,6857,3,0.06201171875,0.0,4.834965599435563e-07,implausible,,False,
Fe,II,558.394,10.5446893,12.7644423,4.0,6.0,5300000.0,2.3805972185829822e-05,2,6861,3,0.06201171875,1.200898641638648e-06,2.574168915683402e-07,implausible,,False,
Fe,II,558.803,10.6000744,12.8182037,6.0,8.0,4900000.0,2.736036104390668e-05,2,6868,3,0.06201171875,7.9754465106421275,2.9585093341838927e-07,implausible,,False,
Fe,II,558.822,10.59605,12.8141045,8.0,10.0,31100000.0,0.00021821109601753434,2,6869,3,0.06201171875,0.1253848293842406,2.359543294601909e-06,implausible,,False,
Fe,II,559.456,10.6000744,12.8156139,6.0,6.0,4000000.0,1.678765424388851e-05,2,6879,3,0.06201171875,9492.573045548686,1.815269604808706e-07,implausible,,False,
Fe,II,562.987,10.5615658,12.7632131,10.0,8.0,3400000.0,2.0228254269379786e-05,2,6940,3,0.06201171875,0.0,2.187305897541627e-07,implausible,,False,
Fe,II,563.968,10.6229357,12.8207506,6.0,6.0,7800000.0,3.225965179302167e-05,2,6957,3,0.06201171875,1.706394470978267,3.488275640588886e-07,implausible,,False,
Fe,II,564.387,7.6530572,9.8492422,8.0,8.0,1200000.0,0.0003050239803652586,2,6964,3,0.06201171875,0.0,3.29826164067201e-06,implausible,,False,
Fe,II,564.539,10.5615658,12.7571589,10.0,12.0,27200000.0,0.00024396878868660765,2,6966,3,0.06201171875,16.9016661687177,2.638064378684842e-06,implausible,,False,
Fe,II,564.623,10.6229357,12.8182037,6.0,8.0,6800000.0,3.757810022936513e-05,2,6968,3,0.06201171875,115.22322001369223,4.063365980846002e-07,implausible,,False,
Fe,II,564.89,10.5615658,12.7557949,10.0,10.0,14300000.0,0.00010700745289050215,2,6972,3,0.06201171875,144.87727110464377,1.1570846879387164e-06,implausible,,False,
Fe,II,565.152,10.6290223,12.8222325,4.0,2.0,25000000.0,3.432758038028449e-05,2,6977,3,0.06201171875,1169.3819836400266,3.711883290284184e-07,implausible,,False,
Fe,II,565.164,10.6290223,12.8221898,4.0,4.0,5100000.0,1.4006126530244745e-05,2,6977,3,0.06201171875,2867.4862679401895,1.5144996079910307e-07,implausible,,False,
Fe,II,565.535,10.6290223,12.8207506,4.0,6.0,9800000.0,4.0419051976330805e-05,2,6983,3,0.06201171875,1871.9931608896648,4.3705615711335737e-07,implausible,,False,
Fe,II,566.014,10.6290223,12.8188939,4.0,4.0,19800000.0,5.4526296303000364e-05,2,6992,3,0.06201171875,7.852082801435763e-05,5.895995170240249e-07,implausible,,False,
Fe,II,566.863,10.6290223,12.8156139,4.0,6.0,4300000.0,1.781091804301755e-05,2,7006,3,0.06201171875,314.2078413162079,1.925916372086287e-07,implausible,,False,
Fe,II,567.525,10.6000744,12.7841142,6.0,4.0,13700000.0,3.9353134232085226e-05,2,7018,3,0.06201171875,154.06194975975043,4.255302580553656e-07,implausible,,False,
Fe,II,569.1,10.6780583,12.8560572,10.0,12.0,11500000.0,9.007161705602136e-05,2,7045,3,0.06201171875,359.51076161707425,9.73955421778407e-07,implausible,,False,
Fe,II,570.326,10.6000744,12.7733903,6.0,6.0,6200000.0,2.6953095788505435e-05,2,7066,3,0.06201171875,2224.4499742453795,2.9144712435439406e-07,implausible,,False,
Fe,II,571.51,10.8576631,13.0264775,6.0,8.0,2400000.0,1.0017138671479799e-05,2,7087,3,0.06201171875,0.0,1.0831654675107986e-07,implausible,,False,
Fe,II,571.945,10.59605,12.7632131,8.0,8.0,3000000.0,1.7568910913927836e-05,2,7094,3,0.06201171875,18.19297873247186,1.899747844953111e-07,implausible,,False,
Fe,II,572.655,10.7142644,12.8787396,8.0,10.0,18700000.0,0.00011779976483633618,2,7106,3,0.06201171875,580.5132751475472,1.2737832782019656e-06,implausible,,False,
Fe,II,573.009,10.6000744,12.7632131,6.0,8.0,1800000.0,1.0521772697461774e-05,2,7113,3,0.06201171875,161.06498857510692,1.1377321625123239e-07,implausible,,False,
Fe,II,573.018,10.7370057,12.9001119,6.0,6.0,3300000.0,1.2126203115124938e-05,2,7113,3,0.06201171875,139.62200309651053,1.3112211877151605e-07,implausible,,False,
Fe,II,573.753,10.59605,12.7563835,8.0,8.0,1800000.0,1.0601072315726411e-05,2,7126,3,0.06201171875,1104.5528792453606,1.1463069273137335e-07,implausible,,False,
Fe,II,573.789,10.7370057,12.8972034,6.0,8.0,12400000.0,6.0899826442422676e-05,2,7126,3,0.06201171875,191.44793797270103,6.585172786680462e-07,implausible,,False,
Fe,II,574.657,10.6290223,12.7859594,4.0,2.0,40000000.0,5.660200103815485e-05,2,7141,3,0.06201171875,8.815174334701543e-10,6.12044366432662e-07,implausible,,False,
Fe,II,574.871,10.8979851,13.0541176,2.0,4.0,3100000.0,6.206400550092432e-06,2,7145,3,0.06201171875,1030.380820999195,6.711056893462218e-08,implausible,,False,
Fe,II,575.149,10.6290223,12.7841142,4.0,4.0,12300000.0,3.4863300521350055e-05,2,7150,3,0.06201171875,914.4862974938557,3.769811364965265e-07,implausible,,False,
Fe,II,575.545,10.7370057,12.8906141,6.0,8.0,2500000.0,1.2345172333858512e-05,2,7157,3,0.06201171875,0.07615701846413692,1.3348985973985576e-07,implausible,,False,
Fe,II,576.691,10.7507828,12.9001119,4.0,6.0,4700000.0,1.7160654485323876e-05,2,7177,3,0.06201171875,0.0,1.855602577541357e-07,implausible,,False,
Fe,II,576.845,10.8532849,13.0020396,8.0,10.0,3100000.0,1.6536876157980042e-05,2,7179,3,0.06201171875,0.0,1.788152663377328e-07,implausible,,False,
Fe,II,577.675,10.6290223,12.7746894,4.0,4.0,7100000.0,2.0281318651090223e-05,2,7194,3,0.06201171875,70.15098830715124,2.1930438140973003e-07,implausible,,False,
Fe,II,578.013,10.6780583,12.8224715,10.0,12.0,44000000.0,0.00035432430138754756,2,7200,3,0.06201171875,0.17064419827942173,3.83135204722272e-06,implausible,,False,
Fe,II,578.033,10.7142644,12.8586008,8.0,8.0,11800000.0,6.046338634119425e-05,2,7200,3,0.06201171875,5.860146492425999,6.537979984245423e-07,implausible,,False,
Fe,II,578.362,10.7142644,12.8573818,8.0,10.0,46000000.0,0.0002949264996295942,2,7206,3,0.06201171875,318.71951087198704,3.1890763453454405e-06,implausible,,False,
Fe,II,578.445,10.7370057,12.8798182,6.0,8.0,34800000.0,0.00017338001812716887,2,7207,3,0.06201171875,603.58388167068,1.874779361160652e-06,implausible,,False,
Fe,II,578.641,10.7507828,12.892869,4.0,6.0,2900000.0,1.0651819630466096e-05,2,7211,3,0.06201171875,250.09383668072928,1.1517942965813099e-07,implausible,,False,
Fe,II,579.069,10.7142644,12.8547671,8.0,10.0,1700000.0,1.0922913352036443e-05,2,7218,3,0.06201171875,3.1229451015996386,1.1811079925671725e-07,implausible,,False,
Fe,II,579.864,10.906287,13.0438578,4.0,6.0,3000000.0,9.050657064760806e-06,2,7232,3,0.06201171875,77.4297885451163,9.786586282111768e-08,implausible,,False,
Fe,II,580.277,10.6780583,12.8141045,10.0,10.0,7000000.0,4.729907198001927e-05,2,7239,3,0.06201171875,0.0,5.114506556640894e-07,implausible,,False,
Fe,II,581.163,10.6780583,12.8108465,10.0,10.0,4800000.0,3.2520530165898955e-05,2,7255,3,0.06201171875,0.5000238854730891,3.516484738414955e-07,implausible,,False,
Fe,II,581.179,10.6780583,12.8107881,10.0,12.0,2000000.0,1.6261041851197596e-05,2,7255,3,0.06201171875,1.9999044626715525,1.758326362109065e-07,implausible,,False,
Fe,II,582.652,10.7507828,12.8781204,4.0,4.0,8200000.0,2.0323907650125454e-05,2,7281,3,0.06201171875,1.5211524848389988e-05,2.197649014700358e-07,implausible,,False,
Fe,II,583.034,10.7507828,12.8767266,4.0,6.0,20700000.0,7.704612811424273e-05,2,7288,3,0.06201171875,272.16187753797635,8.331092152728707e-07,implausible,,False,
Fe,II,583.899,10.8451196,12.9679155,10.0,12.0,4100000.0,2.709486173046746e-05,2,7303,3,0.06201171875,44.26506157873926,2.9298005683979136e-07,implausible,,False,
Fe,II,584.229,10.7370057,12.8586008,6.0,8.0,11500000.0,5.830124408568409e-05,2,7309,3,0.06201171875,0.0,6.304184895266331e-07,implausible,,False,
Fe,II,585.419,10.7370057,12.8542909,6.0,8.0,18800000.0,9.564616604425346e-05,2,7330,3,0.06201171875,6.986015240122463e-05,1.0342337024234754e-06,implausible,,False,
Fe,II,587.177,10.8288892,12.9398343,12.0,14.0,7300000.0,5.803182221784811e-05,2,7361,3,0.06201171875,0.0,6.275051978871445e-07,implausible,,False,
Fe,II,587.853,10.9179622,13.0264775,6.0,8.0,1600000.0,6.492433677736237e-06,2,7373,3,0.06201171875,0.0,7.020348015996023e-08,implausible,,False,
Fe,II,588.502,10.7507828,12.8569773,4.0,6.0,64000000.0,0.00024208367679341496,2,7385,3,0.06201171875,0.0,2.6176804330086804e-06,implausible,,False,
Fe,II,589.534,10.7507828,12.8532884,4.0,4.0,6100000.0,1.5428684132564474e-05,2,7403,3,0.06201171875,1451.9929832995128,1.6683225030223983e-07,implausible,,False,
Fe,II,589.803,10.7507828,12.8523307,4.0,6.0,11800000.0,4.4803349957885e-05,2,7408,3,0.06201171875,23.072195593928356,4.84464107912897e-07,implausible,,False,
Fe,II,590.282,10.7142644,12.8141045,8.0,10.0,50000000.0,0.00033212410813027437,2,7416,3,0.06201171875,0.040457992700038095,3.5912986397880393e-06,implausible,,False,
Fe,II,590.352,10.7507828,12.850374,4.0,4.0,5300000.0,1.3437074742241303e-05,2,7417,3,0.06201171875,24.71699491900542,1.4529673415220123e-07,implausible,,False,
Fe,II,594.439,10.6780583,12.7632131,10.0,8.0,3200000.0,1.8031030045994434e-05,2,7490,3,0.06201171875,0.0,1.9497173524289075e-07,implausible,,False,
Fe,II,594.842,10.7370057,12.8207506,6.0,6.0,19700000.0,7.724744719054783e-05,2,7498,3,0.06201171875,5.410855130769987,8.352861030904039e-07,implausible,,False,
Fe,II,595.57,10.7370057,12.8182037,6.0,8.0,42000000.0,0.00022003965227671235,2,7511,3,0.06201171875,0.0,2.3793156972839393e-06,implausible,,False,
Fe,II,596.171,10.6780583,12.7571589,10.0,12.0,74000000.0,0.0006285215729982654,2,7521,3,0.06201171875,0.0,6.796280712331573e-06,implausible,,False,
Fe,II,596.393,10.6780583,12.7563835,10.0,8.0,2400000.0,1.3598185635679775e-05,2,7525,3,0.06201171875,0.0,1.470388459661189e-07,implausible,,False,
Fe,II,596.562,10.6780583,12.7557949,10.0,10.0,21900000.0,0.00015517809090220008,2,7528,3,0.06201171875,10.674378435564883,1.6779596938003088e-06,implausible,,False,
Fe,II,597.668,10.6780583,12.7519476,10.0,10.0,8600000.0,6.112723007198384e-05,2,7548,3,0.06201171875,0.0,6.609762219532038e-07,implausible,,False,
Fe,II,598.385,10.7507828,12.8221898,4.0,4.0,9500000.0,2.4641393638865786e-05,2,7561,3,0.06201171875,0.0,2.664504060121666e-07,implausible,,False,
Fe,II,598.801,10.7507828,12.8207506,4.0,6.0,12200000.0,4.7522234044143403e-05,2,7569,3,0.06201171875,48.75303292961992,5.138637343829247e-07,implausible,,False,
Fe,II,599.339,10.7507828,12.8188939,4.0,4.0,1300000.0,3.3809503704207387e-06,2,7578,3,0.06201171875,0.0,3.655863025071403e-08,implausible,,False,
Fe,II,600.108,10.9365793,13.0020396,8.0,10.0,1100000.0,5.640455556755159e-06,2,7592,3,0.06201171875,0.0006330748719557851,6.099093643877888e-08,implausible,,False,
Fe,II,604.944,10.7142644,12.7632131,8.0,8.0,9600000.0,5.315375044389672e-05,2,7680,3,0.06201171875,0.0013916216456253414,5.747580106227126e-07,implausible,,False,
Fe,II,606.967,10.7142644,12.7563835,8.0,8.0,7100000.0,3.952715259734177e-05,2,7717,3,0.06201171875,0.0,4.2741193994218247e-07,implausible,,False,
Fe,II,607.142,10.7142644,12.7557949,8.0,10.0,10200000.0,7.101527459697749e-05,2,7720,3,0.06201171875,0.0,7.678968578946461e-07,implausible,,False,
Fe,II,608.289,10.7142644,12.7519476,8.0,10.0,3800000.0,2.6538104669670144e-05,2,7741,3,0.06201171875,1.0248032686900762e-06,2.869597745832877e-07,implausible,,False,
Fe,II,629.183,10.9300968,12.9001119,4.0,6.0,63000000.0,0.00021083501185314331,2,8130,3,0.06201171875,0.0,2.2797847935534123e-06,implausible,,False,
