model,labels,repeat,seed,sample_id,y_true,y_given,p1,p2,p3,p4,p5
full,original,0,42,train_001,2,2,0.22417977452278137,0.20983973145484924,0.20480410754680634,0.15252111852169037,0.2086552381515503
full,original,0,42,train_002,5,5,0.20819365978240967,0.20296832919120789,0.2024390548467636,0.1777469962835312,0.20865187048912048
full,original,0,42,train_003,2,2,0.21214716136455536,0.2126915603876114,0.2099015861749649,0.17927919328212738,0.18598046898841858
full,original,0,42,train_004,4,4,0.2092583179473877,0.20032407343387604,0.20643411576747894,0.16962972283363342,0.21435381472110748
full,original,0,42,train_005,5,5,0.21516507863998413,0.21088296175003052,0.20483291149139404,0.18165899813175201,0.18745997548103333
full,original,0,42,train_006,2,2,0.20788855850696564,0.2021418958902359,0.20476914942264557,0.17368726432323456,0.21151313185691833
full,original,0,42,train_007,2,2,0.20994402468204498,0.20160779356956482,0.20610536634922028,0.1677969992160797,0.21454578638076782
full,original,0,42,train_008,5,5,0.21272888779640198,0.2052486538887024,0.20626313984394073,0.16277547180652618,0.2129838913679123
full,original,0,42,train_009,3,3,0.2157684564590454,0.20833322405815125,0.208390012383461,0.1791759878396988,0.18833230435848236
full,original,0,42,train_010,2,2,0.21268422901630402,0.21250048279762268,0.20655332505702972,0.18335048854351044,0.18491151928901672
full,original,0,42,train_011,3,3,0.21052928268909454,0.20345278084278107,0.20584948360919952,0.1667831689119339,0.21338525414466858
full,original,0,42,train_012,5,5,0.21123385429382324,0.20723342895507812,0.20356561243534088,0.16652795672416687,0.2114391028881073
full,original,0,42,train_013,2,2,0.21419250965118408,0.21054264903068542,0.2049647867679596,0.18384136259555817,0.18645867705345154
full,original,0,42,train_014,5,5,0.2085694819688797,0.20168453454971313,0.20390887558460236,0.17269247770309448,0.21314465999603271
full,original,0,42,train_015,3,3,0.21049562096595764,0.2023499608039856,0.2062598615884781,0.16847912967205048,0.21241538226604462
full,original,0,42,train_016,4,4,0.20913466811180115,0.20041508972644806,0.20617122948169708,0.17091134190559387,0.21336758136749268
full,original,0,42,train_017,2,2,0.2051682025194168,0.21592625975608826,0.21534807980060577,0.18010424077510834,0.1834532469511032
full,original,0,42,train_018,5,5,0.20904138684272766,0.21742714941501617,0.2067767083644867,0.18484154343605042,0.18191315233707428
full,original,0,42,train_019,3,3,0.21047931909561157,0.20352546870708466,0.20586849749088287,0.16775129735469818,0.21237541735172272
full,original,0,42,train_020,2,2,0.20925050973892212,0.20095056295394897,0.20540405809879303,0.1717122346162796,0.21268267929553986
full,original,0,42,train_021,5,5,0.20936219394207,0.20128807425498962,0.20401611924171448,0.1712884157896042,0.21404525637626648
full,original,0,42,train_022,4,4,0.2087329477071762,0.2193773239850998,0.2094719111919403,0.1799355298280716,0.18248231709003448
full,original,0,42,train_023,3,3,0.21334370970726013,0.21246300637722015,0.2026773989200592,0.18628211319446564,0.1852337121963501
full,original,0,42,train_024,5,5,0.21128246188163757,0.21735236048698425,0.20717674493789673,0.17835572361946106,0.18583275377750397
full,original,0,42,train_025,5,5,0.21232621371746063,0.211772158741951,0.21046751737594604,0.18017767369747162,0.18525637686252594
full,original,0,42,train_026,3,3,0.21631264686584473,0.20923899114131927,0.20727725327014923,0.17841580510139465,0.1887553185224533
full,original,0,42,train_027,2,2,0.20793189108371735,0.21054024994373322,0.214830219745636,0.18000862002372742,0.1866890788078308
full,original,0,42,train_028,4,4,0.21542401611804962,0.20870548486709595,0.20588208734989166,0.18189261853694916,0.18809576332569122
full,original,0,42,train_029,2,2,0.2238190919160843,0.21321244537830353,0.20547139644622803,0.15691255033016205,0.2005845308303833
full,original,0,42,train_030,5,5,0.21185271441936493,0.20671291649341583,0.20300108194351196,0.16677895188331604,0.21165427565574646
full,original,0,42,train_031,4,4,0.21574461460113525,0.2111377865076065,0.2030729204416275,0.18163424730300903,0.1884104460477829
full,original,0,42,train_032,3,3,0.21400344371795654,0.21266283094882965,0.2062232494354248,0.1812090426683426,0.18590137362480164
full,original,0,42,train_033,1,1,0.20730620622634888,0.21675178408622742,0.2131597250699997,0.1785733997821808,0.18420884013175964
full,original,0,42,train_034,2,2,0.2077924609184265,0.20197193324565887,0.20459607243537903,0.1736932247877121,0.2119462937116623
full,original,0,42,train_035,2,2,0.20436440408229828,0.21926669776439667,0.21419304609298706,0.18136237561702728,0.1808135062456131
full,original,0,42,train_036,2,2,0.21083195507526398,0.2021414339542389,0.20641686022281647,0.16693778336048126,0.21367193758487701
full,original,0,42,train_037,2,2,0.2061915397644043,0.2173508256673813,0.2112661451101303,0.18565090000629425,0.17954052984714508
full,original,0,42,train_038,3,3,0.21350520849227905,0.2171201854944229,0.2059033066034317,0.17614968121051788,0.18732158839702606
full,original,0,42,train_039,3,3,0.21313069760799408,0.215676948428154,0.20543335378170013,0.17884951829910278,0.1869095265865326
full,original,0,42,train_040,2,2,0.20768669247627258,0.21274539828300476,0.21385958790779114,0.18113727867603302,0.18457110226154327
full,original,0,42,train_041,3,3,0.21448227763175964,0.21180979907512665,0.2065545916557312,0.18014410138130188,0.18700926005840302
full,original,0,42,train_042,2,2,0.2139747142791748,0.21015146374702454,0.2054121196269989,0.16070276498794556,0.2097589373588562
full,original,0,42,train_043,4,4,0.21515528857707977,0.2094520628452301,0.203807532787323,0.18473613262176514,0.1868489682674408
full,original,0,42,train_044,3,3,0.2107371836900711,0.20381419360637665,0.20523110032081604,0.16768395900726318,0.2125335931777954
full,original,0,42,train_045,3,3,0.21439743041992188,0.21090920269489288,0.2045516073703766,0.18343357741832733,0.18670815229415894
full,original,0,42,train_046,4,4,0.21722038090229034,0.20797045528888702,0.20551644265651703,0.18025752902030945,0.18903516232967377
full,original,0,42,train_047,2,2,0.21297888457775116,0.21243497729301453,0.21023927628993988,0.17815019190311432,0.1861966848373413
full,original,0,42,train_048,4,4,0.20905834436416626,0.1999017745256424,0.20483055710792542,0.17200817167758942,0.2142011672258377
full,original,0,42,train_049,2,2,0.21030856668949127,0.20295917987823486,0.20533417165279388,0.1696081906557083,0.21178993582725525
full,original,0,42,train_050,4,4,0.20928609371185303,0.2014581561088562,0.20470736920833588,0.17217491567134857,0.2123735249042511
full,original,0,42,train_051,3,3,0.21243137121200562,0.21330571174621582,0.20883578062057495,0.1795029640197754,0.18592415750026703
full,original,0,42,train_052,3,3,0.20899233222007751,0.20061688125133514,0.2051781266927719,0.17109334468841553,0.21411941945552826
full,original,0,42,train_053,3,3,0.2115437388420105,0.20326748490333557,0.20914249122142792,0.16415168344974518,0.21189464628696442
full,original,0,42,train_054,2,2,0.2097443789243698,0.203171506524086,0.2043384313583374,0.16991564631462097,0.212830051779747
full,original,0,42,train_055,3,3,0.20948676764965057,0.20092488825321198,0.20500610768795013,0.1698182076215744,0.2147640883922577
full,original,0,42,train_056,1,1,0.21050836145877838,0.20207062363624573,0.2067740112543106,0.16693462431430817,0.21371248364448547
full,original,0,42,train_057,1,1,0.21505774557590485,0.21079131960868835,0.20579420030117035,0.181600421667099,0.18675631284713745
full,original,0,42,train_058,1,1,0.20991769433021545,0.20291882753372192,0.2050446718931198,0.16834260523319244,0.21377615630626678
full,original,0,42,train_059,2,2,0.21014808118343353,0.21872548758983612,0.2106354683637619,0.17516052722930908,0.18533046543598175
full,original,0,42,train_060,3,3,0.21136921644210815,0.20610444247722626,0.20409837365150452,0.1648758202791214,0.21355211734771729
full,original,0,42,train_061,2,2,0.21086455881595612,0.20604701340198517,0.20456553995609283,0.1675158441066742,0.2110069841146469
full,original,0,42,train_062,3,3,0.21171137690544128,0.207588791847229,0.20633263885974884,0.164597749710083,0.20976941287517548
full,original,0,42,train_063,2,2,0.21556450426578522,0.2130848914384842,0.20151855051517487,0.1663108468055725,0.203521266579628
full,original,0,42,train_064,2,2,0.2104862928390503,0.20402082800865173,0.20577900111675262,0.16762064397335052,0.21209324896335602
full,original,0,42,train_065,3,3,0.2108839452266693,0.20433253049850464,0.20538130402565002,0.1668776422739029,0.21252460777759552
full,original,0,42,train_066,2,2,0.20882409811019897,0.20160119235515594,0.20578713715076447,0.171287402510643,0.2125001847743988
full,original,0,42,train_067,3,3,0.21187260746955872,0.20268219709396362,0.20534859597682953,0.16532406210899353,0.21477249264717102
full,original,0,42,train_068,3,3,0.21517246961593628,0.2096022069454193,0.20858201384544373,0.17935170233249664,0.18729159235954285
full,original,0,42,train_069,2,2,0.21241234242916107,0.20881444215774536,0.20195148885250092,0.1632978320121765,0.21352389454841614
full,original,0,42,train_070,2,2,0.21263070404529572,0.21223215758800507,0.20997492969036102,0.17857074737548828,0.18659155070781708
full,original,0,42,train_071,4,4,0.20976029336452484,0.20464123785495758,0.202421173453331,0.16917861998081207,0.21399864554405212
full,original,0,42,train_072,4,4,0.21363192796707153,0.211086243391037,0.20221222937107086,0.16266214847564697,0.21040748059749603
full,original,0,42,train_073,2,2,0.20930086076259613,0.20243752002716064,0.2036203294992447,0.17092567682266235,0.21371564269065857
full,original,0,42,train_074,3,3,0.21116049587726593,0.20896100997924805,0.2144632488489151,0.17891933023929596,0.18649590015411377
full,original,0,42,train_075,2,2,0.21247154474258423,0.21032166481018066,0.20957159996032715,0.1813868135213852,0.18624839186668396
full,original,0,42,train_076,2,2,0.20611268281936646,0.21361252665519714,0.21463142335414886,0.18266287446022034,0.1829805225133896
full,original,0,42,train_077,3,3,0.20995382964611053,0.20221804082393646,0.20528283715248108,0.16982540488243103,0.2127198427915573
full,original,0,42,train_078,3,3,0.21799074113368988,0.20778129994869232,0.2087421417236328,0.16008777916431427,0.2053980678319931
full,original,0,42,train_079,2,2,0.20986659824848175,0.20925842225551605,0.21459059417247772,0.1796557456254959,0.18662863969802856
full,original,0,42,train_080,1,1,0.21377643942832947,0.20903749763965607,0.2027132213115692,0.16374529898166656,0.21072758734226227
full,original,0,42,train_081,3,3,0.21253716945648193,0.20430922508239746,0.20869353413581848,0.1622617244720459,0.2121983766555786
full,original,0,42,train_082,3,3,0.2079627513885498,0.21423351764678955,0.21253535151481628,0.18208101391792297,0.18318742513656616
full,original,0,42,train_083,1,1,0.20401456952095032,0.21252505481243134,0.21832795441150665,0.17927062511444092,0.18586179614067078
full,original,0,42,train_084,5,5,0.21482625603675842,0.21098290383815765,0.20396295189857483,0.18326540291309357,0.18696245551109314
full,original,0,42,train_085,3,3,0.21145795285701752,0.20487461984157562,0.20634356141090393,0.16449812054634094,0.2128257304430008
full,original,0,42,train_086,2,2,0.20552730560302734,0.20724308490753174,0.21971718966960907,0.1776595413684845,0.18985286355018616
full,original,0,42,train_087,3,3,0.20990215241909027,0.20252840220928192,0.20400677621364594,0.16880761086940765,0.21475502848625183
full,original,0,42,train_088,2,2,0.2145426720380783,0.20703493058681488,0.20508331060409546,0.1627936065196991,0.21054542064666748
full,original,0,42,train_089,2,2,0.2055090069770813,0.22226040065288544,0.2113247513771057,0.18044225871562958,0.18046362698078156
full,original,0,42,train_090,4,4,0.20637260377407074,0.22159527242183685,0.2084372639656067,0.18453429639339447,0.17906063795089722
full,original,0,42,train_091,2,2,0.21050623059272766,0.21351413428783417,0.20982567965984344,0.18208730220794678,0.1840665638446808
full,original,0,42,train_092,2,2,0.20936237275600433,0.2028759866952896,0.20522890985012054,0.17036214470863342,0.21217064559459686
full,original,0,42,train_093,3,3,0.21092364192008972,0.2129606157541275,0.2073790282011032,0.18576455116271973,0.18297216296195984
full,original,0,42,train_094,3,3,0.20786745846271515,0.21708717942237854,0.21227100491523743,0.17956648766994476,0.18320788443088531
full,original,0,42,train_095,3,3,0.21546277403831482,0.20928989350795746,0.20569616556167603,0.18238085508346558,0.1871703714132309
full,original,0,42,train_096,2,2,0.21333107352256775,0.21322917938232422,0.2043216973543167,0.18399520218372345,0.18512281775474548
full,original,0,42,train_097,3,3,0.21748457849025726,0.21219485998153687,0.20489314198493958,0.1604985147714615,0.20492888987064362
full,original,0,42,train_098,1,1,0.20891006290912628,0.20428606867790222,0.20363685488700867,0.17014728486537933,0.21301975846290588
full,original,0,42,train_099,3,3,0.2096707671880722,0.20134533941745758,0.20436343550682068,0.17040230333805084,0.21421819925308228
full,original,0,42,train_100,5,5,0.2100261002779007,0.20711255073547363,0.2033364623785019,0.17008638381958008,0.2094385176897049
full,original,0,42,train_101,2,2,0.20949772000312805,0.2019967883825302,0.20500783622264862,0.16954657435417175,0.21395112574100494
full,original,0,42,train_102,2,2,0.21426096558570862,0.21097169816493988,0.204145610332489,0.18481244146823883,0.18580926954746246
full,original,0,42,train_103,3,3,0.2153404802083969,0.21156667172908783,0.2049408257007599,0.18050141632556915,0.1876506358385086
full,original,0,42,train_104,1,1,0.21015462279319763,0.20254497230052948,0.20618873834609985,0.1675896793603897,0.21352197229862213
full,original,0,42,train_105,4,4,0.2116502970457077,0.20883503556251526,0.2040252685546875,0.1642065793275833,0.21128278970718384
full,original,0,42,train_106,1,1,0.20898768305778503,0.2173491269350052,0.210967555642128,0.1778246909379959,0.1848709136247635
full,original,0,42,train_107,3,3,0.2106078416109085,0.21244783699512482,0.21224012970924377,0.17903925478458405,0.18566498160362244
full,original,0,42,train_108,1,1,0.21526120603084564,0.2110062688589096,0.20700448751449585,0.17881731688976288,0.1879107654094696
full,original,0,42,train_109,3,3,0.21364010870456696,0.21222440898418427,0.20947125554084778,0.177665114402771,0.1869991272687912
full,original,0,42,train_110,1,1,0.2045227587223053,0.22031930088996887,0.2138998657464981,0.18019025027751923,0.1810678392648697
full,original,0,42,train_111,3,3,0.21119679510593414,0.2108340561389923,0.21202774345874786,0.18005125224590302,0.18589019775390625
full,original,0,42,train_112,1,1,0.21748393774032593,0.21501697599887848,0.2022068202495575,0.15632690489292145,0.20896534621715546
full,original,0,42,train_113,3,3,0.20976120233535767,0.20821243524551392,0.20098337531089783,0.16946157813072205,0.21158140897750854
full,original,0,42,train_114,3,3,0.2158902883529663,0.2098739743232727,0.20303460955619812,0.18322239816188812,0.18797875940799713
full,original,0,42,train_115,3,3,0.2092493623495102,0.199994295835495,0.20572833716869354,0.17119985818862915,0.21382814645767212
full,original,0,42,train_116,4,4,0.21700787544250488,0.21080076694488525,0.2027243971824646,0.17984060943126678,0.18962624669075012
full,original,0,42,train_117,1,1,0.20323188602924347,0.217327281832695,0.21712718904018402,0.18147780001163483,0.18083590269088745
full,original,0,42,train_118,2,2,0.21359334886074066,0.21199965476989746,0.20319677889347076,0.18552204966545105,0.18568815290927887
full,original,0,42,train_119,2,2,0.2096981555223465,0.20134924352169037,0.20461931824684143,0.1717185378074646,0.21261471509933472
full,original,0,42,train_120,5,5,0.21386124193668365,0.21027368307113647,0.20839719474315643,0.1816718578338623,0.18579606711864471
full,original,0,ensemble,train_001,2,2,0.22417977452278137,0.20983973145484924,0.20480410754680634,0.15252111852169037,0.2086552381515503
full,original,0,ensemble,train_002,5,5,0.20819365978240967,0.20296832919120789,0.2024390548467636,0.1777469962835312,0.20865187048912048
full,original,0,ensemble,train_003,2,2,0.21214716136455536,0.2126915603876114,0.2099015861749649,0.17927919328212738,0.18598046898841858
full,original,0,ensemble,train_004,4,4,0.2092583179473877,0.20032407343387604,0.20643411576747894,0.16962972283363342,0.21435381472110748
full,original,0,ensemble,train_005,5,5,0.21516507863998413,0.21088296175003052,0.20483291149139404,0.18165899813175201,0.18745997548103333
full,original,0,ensemble,train_006,2,2,0.20788855850696564,0.2021418958902359,0.20476914942264557,0.17368726432323456,0.21151313185691833
full,original,0,ensemble,train_007,2,2,0.20994402468204498,0.20160779356956482,0.20610536634922028,0.1677969992160797,0.21454578638076782
full,original,0,ensemble,train_008,5,5,0.21272888779640198,0.2052486538887024,0.20626313984394073,0.16277547180652618,0.2129838913679123
full,original,0,ensemble,train_009,3,3,0.2157684564590454,0.20833322405815125,0.208390012383461,0.1791759878396988,0.18833230435848236
full,original,0,ensemble,train_010,2,2,0.21268422901630402,0.21250048279762268,0.20655332505702972,0.18335048854351044,0.18491151928901672
full,original,0,ensemble,train_011,3,3,0.21052928268909454,0.20345278084278107,0.20584948360919952,0.1667831689119339,0.21338525414466858
full,original,0,ensemble,train_012,5,5,0.21123385429382324,0.20723342895507812,0.20356561243534088,0.16652795672416687,0.2114391028881073
full,original,0,ensemble,train_013,2,2,0.21419250965118408,0.21054264903068542,0.2049647867679596,0.18384136259555817,0.18645867705345154
full,original,0,ensemble,train_014,5,5,0.2085694819688797,0.20168453454971313,0.20390887558460236,0.17269247770309448,0.21314465999603271
full,original,0,ensemble,train_015,3,3,0.21049562096595764,0.2023499608039856,0.2062598615884781,0.16847912967205048,0.21241538226604462
full,original,0,ensemble,train_016,4,4,0.20913466811180115,0.20041508972644806,0.20617122948169708,0.17091134190559387,0.21336758136749268
full,original,0,ensemble,train_017,2,2,0.2051682025194168,0.21592625975608826,0.21534807980060577,0.18010424077510834,0.1834532469511032
full,original,0,ensemble,train_018,5,5,0.20904138684272766,0.21742714941501617,0.2067767083644867,0.18484154343605042,0.18191315233707428
full,original,0,ensemble,train_019,3,3,0.21047931909561157,0.20352546870708466,0.20586849749088287,0.16775129735469818,0.21237541735172272
full,original,0,ensemble,train_020,2,2,0.20925050973892212,0.20095056295394897,0.20540405809879303,0.1717122346162796,0.21268267929553986
full,original,0,ensemble,train_021,5,5,0.20936219394207,0.20128807425498962,0.20401611924171448,0.1712884157896042,0.21404525637626648
full,original,0,ensemble,train_022,4,4,0.2087329477071762,0.2193773239850998,0.2094719111919403,0.1799355298280716,0.18248231709003448
full,original,0,ensemble,train_023,3,3,0.21334370970726013,0.21246300637722015,0.2026773989200592,0.18628211319446564,0.1852337121963501
full,original,0,ensemble,train_024,5,5,0.21128246188163757,0.21735236048698425,0.20717674493789673,0.17835572361946106,0.18583275377750397
full,original,0,ensemble,train_025,5,5,0.21232621371746063,0.211772158741951,0.21046751737594604,0.18017767369747162,0.18525637686252594
full,original,0,ensemble,train_026,3,3,0.21631264686584473,0.20923899114131927,0.20727725327014923,0.17841580510139465,0.1887553185224533
full,original,0,ensemble,train_027,2,2,0.20793189108371735,0.21054024994373322,0.214830219745636,0.18000862002372742,0.1866890788078308
full,original,0,ensemble,train_028,4,4,0.21542401611804962,0.20870548486709595,0.20588208734989166,0.18189261853694916,0.18809576332569122
full,original,0,ensemble,train_029,2,2,0.2238190919160843,0.21321244537830353,0.20547139644622803,0.15691255033016205,0.2005845308303833
full,original,0,ensemble,train_030,5,5,0.21185271441936493,0.20671291649341583,0.20300108194351196,0.16677895188331604,0.21165427565574646
full,original,0,ensemble,train_031,4,4,0.21574461460113525,0.2111377865076065,0.2030729204416275,0.18163424730300903,0.1884104460477829
full,original,0,ensemble,train_032,3,3,0.21400344371795654,0.21266283094882965,0.2062232494354248,0.1812090426683426,0.18590137362480164
full,original,0,ensemble,train_033,1,1,0.20730620622634888,0.21675178408622742,0.2131597250699997,0.1785733997821808,0.18420884013175964
full,original,0,ensemble,train_034,2,2,0.2077924609184265,0.20197193324565887,0.20459607243537903,0.1736932247877121,0.2119462937116623
full,original,0,ensemble,train_035,2,2,0.20436440408229828,0.21926669776439667,0.21419304609298706,0.18136237561702728,0.1808135062456131
full,original,0,ensemble,train_036,2,2,0.21083195507526398,0.2021414339542389,0.20641686022281647,0.16693778336048126,0.21367193758487701
full,original,0,ensemble,train_037,2,2,0.2061915397644043,0.2173508256673813,0.2112661451101303,0.18565090000629425,0.17954052984714508
full,original,0,ensemble,train_038,3,3,0.21350520849227905,0.2171201854944229,0.2059033066034317,0.17614968121051788,0.18732158839702606
full,original,0,ensemble,train_039,3,3,0.21313069760799408,0.215676948428154,0.20543335378170013,0.17884951829910278,0.1869095265865326
full,original,0,ensemble,train_040,2,2,0.20768669247627258,0.21274539828300476,0.21385958790779114,0.18113727867603302,0.18457110226154327
full,original,0,ensemble,train_041,3,3,0.21448227763175964,0.21180979907512665,0.2065545916557312,0.18014410138130188,0.18700926005840302
full,original,0,ensemble,train_042,2,2,0.2139747142791748,0.21015146374702454,0.2054121196269989,0.16070276498794556,0.2097589373588562
full,original,0,ensemble,train_043,4,4,0.21515528857707977,0.2094520628452301,0.203807532787323,0.18473613262176514,0.1868489682674408
full,original,0,ensemble,train_044,3,3,0.2107371836900711,0.20381419360637665,0.20523110032081604,0.16768395900726318,0.2125335931777954
full,original,0,ensemble,train_045,3,3,0.21439743041992188,0.21090920269489288,0.2045516073703766,0.18343357741832733,0.18670815229415894
full,original,0,ensemble,train_046,4,4,0.21722038090229034,0.20797045528888702,0.20551644265651703,0.18025752902030945,0.18903516232967377
full,original,0,ensemble,train_047,2,2,0.21297888457775116,0.21243497729301453,0.21023927628993988,0.17815019190311432,0.1861966848373413
full,original,0,ensemble,train_048,4,4,0.20905834436416626,0.1999017745256424,0.20483055710792542,0.17200817167758942,0.2142011672258377
full,original,0,ensemble,train_049,2,2,0.21030856668949127,0.20295917987823486,0.20533417165279388,0.1696081906557083,0.21178993582725525
full,original,0,ensemble,train_050,4,4,0.20928609371185303,0.2014581561088562,0.20470736920833588,0.17217491567134857,0.2123735249042511
full,original,0,ensemble,train_051,3,3,0.21243137121200562,0.21330571174621582,0.20883578062057495,0.1795029640197754,0.18592415750026703
full,original,0,ensemble,train_052,3,3,0.20899233222007751,0.20061688125133514,0.2051781266927719,0.17109334468841553,0.21411941945552826
full,original,0,ensemble,train_053,3,3,0.2115437388420105,0.20326748490333557,0.20914249122142792,0.16415168344974518,0.21189464628696442
full,original,0,ensemble,train_054,2,2,0.2097443789243698,0.203171506524086,0.2043384313583374,0.16991564631462097,0.212830051779747
full,original,0,ensemble,train_055,3,3,0.20948676764965057,0.20092488825321198,0.20500610768795013,0.1698182076215744,0.2147640883922577
full,original,0,ensemble,train_056,1,1,0.21050836145877838,0.20207062363624573,0.2067740112543106,0.16693462431430817,0.21371248364448547
full,original,0,ensemble,train_057,1,1,0.21505774557590485,0.21079131960868835,0.20579420030117035,0.181600421667099,0.18675631284713745
full,original,0,ensemble,train_058,1,1,0.20991769433021545,0.20291882753372192,0.2050446718931198,0.16834260523319244,0.21377615630626678
full,original,0,ensemble,train_059,2,2,0.21014808118343353,0.21872548758983612,0.2106354683637619,0.17516052722930908,0.18533046543598175
full,original,0,ensemble,train_060,3,3,0.21136921644210815,0.20610444247722626,0.20409837365150452,0.1648758202791214,0.21355211734771729
full,original,0,ensemble,train_061,2,2,0.21086455881595612,0.20604701340198517,0.20456553995609283,0.1675158441066742,0.2110069841146469
full,original,0,ensemble,train_062,3,3,0.21171137690544128,0.207588791847229,0.20633263885974884,0.164597749710083,0.20976941287517548
full,original,0,ensemble,train_063,2,2,0.21556450426578522,0.2130848914384842,0.20151855051517487,0.1663108468055725,0.203521266579628
full,original,0,ensemble,train_064,2,2,0.2104862928390503,0.20402082800865173,0.20577900111675262,0.16762064397335052,0.21209324896335602
full,original,0,ensemble,train_065,3,3,0.2108839452266693,0.20433253049850464,0.20538130402565002,0.1668776422739029,0.21252460777759552
full,original,0,ensemble,train_066,2,2,0.20882409811019897,0.20160119235515594,0.20578713715076447,0.171287402510643,0.2125001847743988
full,original,0,ensemble,train_067,3,3,0.21187260746955872,0.20268219709396362,0.20534859597682953,0.16532406210899353,0.21477249264717102
full,original,0,ensemble,train_068,3,3,0.21517246961593628,0.2096022069454193,0.20858201384544373,0.17935170233249664,0.18729159235954285
full,original,0,ensemble,train_069,2,2,0.21241234242916107,0.20881444215774536,0.20195148885250092,0.1632978320121765,0.21352389454841614
full,original,0,ensemble,train_070,2,2,0.21263070404529572,0.21223215758800507,0.20997492969036102,0.17857074737548828,0.18659155070781708
full,original,0,ensemble,train_071,4,4,0.20976029336452484,0.20464123785495758,0.202421173453331,0.16917861998081207,0.21399864554405212
full,original,0,ensemble,train_072,4,4,0.21363192796707153,0.211086243391037,0.20221222937107086,0.16266214847564697,0.21040748059749603
full,original,0,ensemble,train_073,2,2,0.20930086076259613,0.20243752002716064,0.2036203294992447,0.17092567682266235,0.21371564269065857
full,original,0,ensemble,train_074,3,3,0.21116049587726593,0.20896100997924805,0.2144632488489151,0.17891933023929596,0.18649590015411377
full,original,0,ensemble,train_075,2,2,0.21247154474258423,0.21032166481018066,0.20957159996032715,0.1813868135213852,0.18624839186668396
full,original,0,ensemble,train_076,2,2,0.20611268281936646,0.21361252665519714,0.21463142335414886,0.18266287446022034,0.1829805225133896
full,original,0,ensemble,train_077,3,3,0.20995382964611053,0.20221804082393646,0.20528283715248108,0.16982540488243103,0.2127198427915573
full,original,0,ensemble,train_078,3,3,0.21799074113368988,0.20778129994869232,0.2087421417236328,0.16008777916431427,0.2053980678319931
full,original,0,ensemble,train_079,2,2,0.20986659824848175,0.20925842225551605,0.21459059417247772,0.1796557456254959,0.18662863969802856
full,original,0,ensemble,train_080,1,1,0.21377643942832947,0.20903749763965607,0.2027132213115692,0.16374529898166656,0.21072758734226227
full,original,0,ensemble,train_081,3,3,0.21253716945648193,0.20430922508239746,0.20869353413581848,0.1622617244720459,0.2121983766555786
full,original,0,ensemble,train_082,3,3,0.2079627513885498,0.21423351764678955,0.21253535151481628,0.18208101391792297,0.18318742513656616
full,original,0,ensemble,train_083,1,1,0.20401456952095032,0.21252505481243134,0.21832795441150665,0.17927062511444092,0.18586179614067078
full,original,0,ensemble,train_084,5,5,0.21482625603675842,0.21098290383815765,0.20396295189857483,0.18326540291309357,0.18696245551109314
full,original,0,ensemble,train_085,3,3,0.21145795285701752,0.20487461984157562,0.20634356141090393,0.16449812054634094,0.2128257304430008
full,original,0,ensemble,train_086,2,2,0.20552730560302734,0.20724308490753174,0.21971718966960907,0.1776595413684845,0.18985286355018616
full,original,0,ensemble,train_087,3,3,0.20990215241909027,0.20252840220928192,0.20400677621364594,0.16880761086940765,0.21475502848625183
full,original,0,ensemble,train_088,2,2,0.2145426720380783,0.20703493058681488,0.20508331060409546,0.1627936065196991,0.21054542064666748
full,original,0,ensemble,train_089,2,2,0.2055090069770813,0.22226040065288544,0.2113247513771057,0.18044225871562958,0.18046362698078156
full,original,0,ensemble,train_090,4,4,0.20637260377407074,0.22159527242183685,0.2084372639656067,0.18453429639339447,0.17906063795089722
full,original,0,ensemble,train_091,2,2,0.21050623059272766,0.21351413428783417,0.20982567965984344,0.18208730220794678,0.1840665638446808
full,original,0,ensemble,train_092,2,2,0.20936237275600433,0.2028759866952896,0.20522890985012054,0.17036214470863342,0.21217064559459686
full,original,0,ensemble,train_093,3,3,0.21092364192008972,0.2129606157541275,0.2073790282011032,0.18576455116271973,0.18297216296195984
full,original,0,ensemble,train_094,3,3,0.20786745846271515,0.21708717942237854,0.21227100491523743,0.17956648766994476,0.18320788443088531
full,original,0,ensemble,train_095,3,3,0.21546277403831482,0.20928989350795746,0.20569616556167603,0.18238085508346558,0.1871703714132309
full,original,0,ensemble,train_096,2,2,0.21333107352256775,0.21322917938232422,0.2043216973543167,0.18399520218372345,0.18512281775474548
full,original,0,ensemble,train_097,3,3,0.21748457849025726,0.21219485998153687,0.20489314198493958,0.1604985147714615,0.20492888987064362
full,original,0,ensemble,train_098,1,1,0.20891006290912628,0.20428606867790222,0.20363685488700867,0.17014728486537933,0.21301975846290588
full,original,0,ensemble,train_099,3,3,0.2096707671880722,0.20134533941745758,0.20436343550682068,0.17040230333805084,0.21421819925308228
full,original,0,ensemble,train_100,5,5,0.2100261002779007,0.20711255073547363,0.2033364623785019,0.17008638381958008,0.2094385176897049
full,original,0,ensemble,train_101,2,2,0.20949772000312805,0.2019967883825302,0.20500783622264862,0.16954657435417175,0.21395112574100494
full,original,0,ensemble,train_102,2,2,0.21426096558570862,0.21097169816493988,0.204145610332489,0.18481244146823883,0.18580926954746246
full,original,0,ensemble,train_103,3,3,0.2153404802083969,0.21156667172908783,0.2049408257007599,0.18050141632556915,0.1876506358385086
full,original,0,ensemble,train_104,1,1,0.21015462279319763,0.20254497230052948,0.20618873834609985,0.1675896793603897,0.21352197229862213
full,original,0,ensemble,train_105,4,4,0.2116502970457077,0.20883503556251526,0.2040252685546875,0.1642065793275833,0.21128278970718384
full,original,0,ensemble,train_106,1,1,0.20898768305778503,0.2173491269350052,0.210967555642128,0.1778246909379959,0.1848709136247635
full,original,0,ensemble,train_107,3,3,0.2106078416109085,0.21244783699512482,0.21224012970924377,0.17903925478458405,0.18566498160362244
full,original,0,ensemble,train_108,1,1,0.21526120603084564,0.2110062688589096,0.20700448751449585,0.17881731688976288,0.1879107654094696
full,original,0,ensemble,train_109,3,3,0.21364010870456696,0.21222440898418427,0.20947125554084778,0.177665114402771,0.1869991272687912
full,original,0,ensemble,train_110,1,1,0.2045227587223053,0.22031930088996887,0.2138998657464981,0.18019025027751923,0.1810678392648697
full,original,0,ensemble,train_111,3,3,0.21119679510593414,0.2108340561389923,0.21202774345874786,0.18005125224590302,0.18589019775390625
full,original,0,ensemble,train_112,1,1,0.21748393774032593,0.21501697599887848,0.2022068202495575,0.15632690489292145,0.20896534621715546
full,original,0,ensemble,train_113,3,3,0.20976120233535767,0.20821243524551392,0.20098337531089783,0.16946157813072205,0.21158140897750854
full,original,0,ensemble,train_114,3,3,0.2158902883529663,0.2098739743232727,0.20303460955619812,0.18322239816188812,0.18797875940799713
full,original,0,ensemble,train_115,3,3,0.2092493623495102,0.199994295835495,0.20572833716869354,0.17119985818862915,0.21382814645767212
full,original,0,ensemble,train_116,4,4,0.21700787544250488,0.21080076694488525,0.2027243971824646,0.17984060943126678,0.18962624669075012
full,original,0,ensemble,train_117,1,1,0.20323188602924347,0.217327281832695,0.21712718904018402,0.18147780001163483,0.18083590269088745
full,original,0,ensemble,train_118,2,2,0.21359334886074066,0.21199965476989746,0.20319677889347076,0.18552204966545105,0.18568815290927887
full,original,0,ensemble,train_119,2,2,0.2096981555223465,0.20134924352169037,0.20461931824684143,0.1717185378074646,0.21261471509933472
full,original,0,ensemble,train_120,5,5,0.21386124193668365,0.21027368307113647,0.20839719474315643,0.1816718578338623,0.18579606711864471
full,corrected,0,42,train_001,2,2,0.21752941608428955,0.2159561663866043,0.2068672627210617,0.14712101221084595,0.21252615749835968
full,corrected,0,42,train_002,5,5,0.20704253017902374,0.20565754175186157,0.2025013267993927,0.17416486144065857,0.21063372492790222
full,corrected,0,42,train_003,2,2,0.20382282137870789,0.20740771293640137,0.21451357007026672,0.1847681999206543,0.18948771059513092
full,corrected,0,42,train_004,4,4,0.20836210250854492,0.20296265184879303,0.20723232626914978,0.16588754951953888,0.21555541455745697
full,corrected,0,42,train_005,5,5,0.20757953822612762,0.2046576291322708,0.21001771092414856,0.18735253810882568,0.1903926432132721
full,corrected,0,42,train_006,2,2,0.20678545534610748,0.20512749254703522,0.2049684375524521,0.17011038959026337,0.21300819516181946
full,corrected,0,42,train_007,2,2,0.20886071026325226,0.20467664301395416,0.20677495002746582,0.1637226641178131,0.21596501767635345
full,corrected,0,42,train_008,5,5,0.21089275181293488,0.20940087735652924,0.20726998150348663,0.15773728489875793,0.21469908952713013
full,corrected,0,42,train_009,3,3,0.20877406001091003,0.2024240344762802,0.21335312724113464,0.18400262296199799,0.1914462000131607
full,corrected,0,42,train_010,2,2,0.20463988184928894,0.2067604660987854,0.21128755807876587,0.18913649022579193,0.18817561864852905
full,corrected,0,42,train_011,3,3,0.20948170125484467,0.2066429704427719,0.2065383642911911,0.1624583750963211,0.2148786187171936
full,corrected,0,42,train_012,5,5,0.2094855159521103,0.2119017392396927,0.20383036136627197,0.16133151948451996,0.21345089375972748
full,corrected,0,42,train_013,2,2,0.2070009708404541,0.20456431806087494,0.20982010662555695,0.18911896646022797,0.18949557840824127
full,corrected,0,42,train_014,5,5,0.20796369016170502,0.20430758595466614,0.2044295370578766,0.16869886219501495,0.21460039913654327
full,corrected,0,42,train_015,3,3,0.20912913978099823,0.20570015907287598,0.20692038536071777,0.16413775086402893,0.2141125202178955
full,corrected,0,42,train_016,4,4,0.20810243487358093,0.20312196016311646,0.20701858401298523,0.16729426383972168,0.2144627571105957
full,corrected,0,42,train_017,2,2,0.1949017196893692,0.21234096586704254,0.21884600818157196,0.1862138956785202,0.1876974105834961
full,corrected,0,42,train_018,5,5,0.19970917701721191,0.21190793812274933,0.21137070655822754,0.19161085784435272,0.1854012906551361
full,corrected,0,42,train_019,3,3,0.20936912298202515,0.2067488133907318,0.20651929080486298,0.1633475422859192,0.21401523053646088
full,corrected,0,42,train_020,2,2,0.2081902176141739,0.2037905901670456,0.20599913597106934,0.16799019277095795,0.21402987837791443
full,corrected,0,42,train_021,5,5,0.20873776078224182,0.20373111963272095,0.20447537302970886,0.16751958429813385,0.2155361920595169
full,corrected,0,42,train_022,5,4,0.19834300875663757,0.21477282047271729,0.21388065814971924,0.18687774240970612,0.18612578511238098
full,corrected,0,42,train_023,3,3,0.2060815840959549,0.20631970465183258,0.20744648575782776,0.19201311469078064,0.1881391406059265
full,corrected,0,42,train_024,5,5,0.20124992728233337,0.21204590797424316,0.21233144402503967,0.18537963926792145,0.18899309635162354
full,corrected,0,42,train_025,5,5,0.20362579822540283,0.2064371258020401,0.21518662571907043,0.1858261227607727,0.1889244019985199
full,corrected,0,42,train_026,3,3,0.20901870727539062,0.20308321714401245,0.2125147432088852,0.1836886703968048,0.19169458746910095
full,corrected,0,42,train_027,2,2,0.1966516077518463,0.20673108100891113,0.2195107787847519,0.18670077621936798,0.1904057115316391
full,corrected,0,42,train_028,4,4,0.20840972661972046,0.20259922742843628,0.21095643937587738,0.18694373965263367,0.1910908967256546
full,corrected,0,42,train_029,2,2,0.2179425209760666,0.21946845948696136,0.2067440003156662,0.15078260004520416,0.2050624042749405
full,corrected,0,42,train_030,5,5,0.21011777222156525,0.21116387844085693,0.20332573354244232,0.1613592505455017,0.21403340995311737
full,corrected,0,42,train_031,4,4,0.20893077552318573,0.20459112524986267,0.20830298960208893,0.18712325394153595,0.19105182588100433
full,corrected,0,42,train_032,3,3,0.20585323870182037,0.2068406045436859,0.21119418740272522,0.18699310719966888,0.18911878764629364
full,corrected,0,42,train_033,1,1,0.19676721096038818,0.21265412867069244,0.21740460395812988,0.18525536358356476,0.18791869282722473
full,corrected,0,42,train_034,2,2,0.20714883506298065,0.20459982752799988,0.2048669159412384,0.16985106468200684,0.21353338658809662
full,corrected,0,42,train_035,2,2,0.19302473962306976,0.2158343493938446,0.21772783994674683,0.1885395497083664,0.1848735362291336
full,corrected,0,42,train_036,2,2,0.20997107028961182,0.2049640566110611,0.20734496414661407,0.16245639324188232,0.21526353061199188
full,corrected,0,42,train_037,2,2,0.19556917250156403,0.21337413787841797,0.21496759355068207,0.1924409717321396,0.18364809453487396
full,corrected,0,42,train_038,3,3,0.2047371119260788,0.21124346554279327,0.2110971361398697,0.18263883888721466,0.1902833878993988
full,corrected,0,42,train_039,3,3,0.20473410189151764,0.20984981954097748,0.210431769490242,0.1850205808877945,0.18996374309062958
full,corrected,0,42,train_040,2,2,0.1966322660446167,0.20897455513477325,0.21825937926769257,0.18753571808338165,0.18859806656837463
full,corrected,0,42,train_041,3,3,0.20687732100486755,0.20594654977321625,0.21146513521671295,0.18556702136993408,0.19014395773410797
full,corrected,0,42,train_042,5,2,0.21089771389961243,0.21595247089862823,0.20607413351535797,0.1550540328025818,0.2120216190814972
full,corrected,0,42,train_043,4,4,0.2082672417163849,0.20322073996067047,0.2087784707546234,0.19001434743404388,0.18971918523311615
full,corrected,0,42,train_044,3,3,0.20951852202415466,0.20724236965179443,0.20587080717086792,0.16301636397838593,0.21435202658176422
full,corrected,0,42,train_045,3,3,0.2070649117231369,0.20473195612430573,0.2095811516046524,0.18892182409763336,0.189700186252594
full,corrected,0,42,train_046,4,4,0.21059438586235046,0.2016543596982956,0.2107485830783844,0.1852443963289261,0.19175834953784943
full,corrected,0,42,train_047,2,2,0.20452114939689636,0.20737765729427338,0.21478353440761566,0.1835537850856781,0.1897638738155365
full,corrected,0,42,train_048,4,4,0.2084295004606247,0.2021852731704712,0.20546269416809082,0.16843350231647491,0.21548902988433838
full,corrected,0,42,train_049,2,2,0.2093203216791153,0.2059105783700943,0.20611323416233063,0.16518744826316833,0.21346844732761383
full,corrected,0,42,train_050,3,4,0.20850665867328644,0.2039729505777359,0.20532003045082092,0.16831648349761963,0.21388386189937592
full,corrected,0,42,train_051,3,3,0.20421360433101654,0.20788982510566711,0.21350543200969696,0.185075044631958,0.18931609392166138
full,corrected,0,42,train_052,3,3,0.20830762386322021,0.20310883224010468,0.20578019320964813,0.1674824208021164,0.2153208702802658
full,corrected,0,42,train_053,3,3,0.20974577963352203,0.20683908462524414,0.21028925478458405,0.1596182882785797,0.2135075181722641
full,corrected,0,42,train_054,2,2,0.20849847793579102,0.20656369626522064,0.20481328666210175,0.1656680554151535,0.2144564688205719
full,corrected,0,42,train_055,3,3,0.20880724489688873,0.20341628789901733,0.20558558404445648,0.16611069440841675,0.2160801887512207
full,corrected,0,42,train_056,1,1,0.2092970460653305,0.20517753064632416,0.2076498121023178,0.1627195030450821,0.21515615284442902
full,corrected,0,42,train_057,1,1,0.20767326653003693,0.20476821064949036,0.21078947186470032,0.18694841861724854,0.18982066214084625
full,corrected,0,42,train_058,1,1,0.20878829061985016,0.2062343955039978,0.20556673407554626,0.1640266478061676,0.21538397669792175
full,corrected,0,42,train_059,2,2,0.20017117261886597,0.21400944888591766,0.21521015465259552,0.1817573457956314,0.18885189294815063
full,corrected,0,42,train_060,3,3,0.2099590003490448,0.2103610634803772,0.2044704407453537,0.1597920060157776,0.21541742980480194
full,corrected,0,42,train_061,2,2,0.2094426155090332,0.20999108254909515,0.20506218075752258,0.1625642329454422,0.21293990314006805
full,corrected,0,42,train_062,3,3,0.20963427424430847,0.21203897893428802,0.20686748623847961,0.1595350205898285,0.21192429959774017
full,corrected,0,42,train_063,2,2,0.21269915997982025,0.2190345972776413,0.2016880065202713,0.159868985414505,0.20670929551124573
full,corrected,0,42,train_064,2,2,0.20940591394901276,0.20732365548610687,0.20631417632102966,0.16309428215026855,0.21386194229125977
full,corrected,0,42,train_065,3,3,0.2096046805381775,0.20775988698005676,0.20593151450157166,0.1623268723487854,0.2143770456314087
full,corrected,0,42,train_066,2,2,0.20808571577072144,0.20411618053913116,0.2062567174434662,0.167567640542984,0.21397370100021362
full,corrected,0,42,train_067,3,3,0.2105748951435089,0.20594164729118347,0.2062762975692749,0.16075778007507324,0.21644942462444305
full,corrected,0,42,train_068,3,3,0.20733627676963806,0.20399421453475952,0.21348053216934204,0.18462155759334564,0.19056735932826996
full,corrected,0,42,train_069,2,2,0.21126767992973328,0.21355414390563965,0.20193269848823547,0.15718375146389008,0.21606172621250153
full,corrected,0,42,train_070,2,2,0.2044602483510971,0.206906259059906,0.2146545797586441,0.1839287132024765,0.19005025923252106
full,corrected,0,42,train_071,4,4,0.20906545221805573,0.20810990035533905,0.20246760547161102,0.16444841027259827,0.21590858697891235
full,corrected,0,42,train_072,4,4,0.21089628338813782,0.217296302318573,0.20204147696495056,0.15688882768154144,0.21287712454795837
full,corrected,0,42,train_073,2,2,0.2085341513156891,0.20527255535125732,0.20398539304733276,0.16690772771835327,0.21530012786388397
full,corrected,0,42,train_074,3,3,0.20277641713619232,0.2045145183801651,0.21857284009456635,0.1836753636598587,0.19046081602573395
full,corrected,0,42,train_075,2,2,0.20336274802684784,0.20493145287036896,0.21468116343021393,0.18723946809768677,0.1897852122783661
full,corrected,0,42,train_076,2,2,0.19475902616977692,0.2100440263748169,0.2188124805688858,0.1894037127494812,0.18698079884052277
full,corrected,0,42,train_077,3,3,0.208932027220726,0.20507779717445374,0.20602865517139435,0.1656511425971985,0.21431037783622742
full,corrected,0,42,train_078,2,3,0.2136109322309494,0.21338672935962677,0.2102331668138504,0.15450017154216766,0.20826900005340576
full,corrected,0,42,train_079,2,2,0.2003353238105774,0.20483502745628357,0.21902242302894592,0.18528524041175842,0.19052192568778992
full,corrected,0,42,train_080,3,1,0.2114764004945755,0.21438027918338776,0.2030205875635147,0.15778668224811554,0.21333608031272888
full,corrected,0,42,train_081,3,3,0.21053123474121094,0.2080681473016739,0.21002709865570068,0.15740372240543365,0.21396978199481964
full,corrected,0,42,train_082,3,3,0.1972067952156067,0.21011663973331451,0.2169816941022873,0.1885783076286316,0.18711654841899872
full,corrected,0,42,train_083,2,1,0.1929539442062378,0.20951122045516968,0.2217893749475479,0.1857813596725464,0.18996413052082062
full,corrected,0,42,train_084,5,5,0.20759138464927673,0.20475658774375916,0.20898468792438507,0.18885716795921326,0.18981018662452698
full,corrected,0,42,train_085,3,3,0.20987792313098907,0.2088167369365692,0.2070394605398178,0.15955379605293274,0.21471206843852997
full,corrected,0,42,train_086,2,2,0.19452820718288422,0.20424877107143402,0.2235506922006607,0.18373951315879822,0.19393281638622284
full,corrected,0,42,train_087,3,3,0.20917069911956787,0.20548497140407562,0.20437003672122955,0.16459707915782928,0.21637728810310364
full,corrected,0,42,train_088,3,2,0.21157638728618622,0.21221669018268585,0.20585234463214874,0.1573217660188675,0.2130327969789505
full,corrected,0,42,train_089,2,2,0.19446617364883423,0.218618705868721,0.2149333655834198,0.18749825656414032,0.18448354303836823
full,corrected,0,42,train_090,4,4,0.19607026875019073,0.21692639589309692,0.21240146458148956,0.19185177981853485,0.18275012075901031
full,corrected,0,42,train_091,2,2,0.20169396698474884,0.20857571065425873,0.2140839695930481,0.18784433603286743,0.18780197203159332
full,corrected,0,42,train_092,2,2,0.20847417414188385,0.2057988941669464,0.20570668578147888,0.16630132496356964,0.21371890604496002
full,corrected,0,42,train_093,3,3,0.20223596692085266,0.20770858228206635,0.21176393330097198,0.19169829785823822,0.18659324944019318
full,corrected,0,42,train_094,3,3,0.19757570326328278,0.21281851828098297,0.21636216342449188,0.1860174983739853,0.1872260868549347
full,corrected,0,42,train_095,3,3,0.20815184712409973,0.20318402349948883,0.21076713502407074,0.18770022690296173,0.19019679725170135
full,corrected,0,42,train_096,2,2,0.2057131677865982,0.20716015994548798,0.2092147320508957,0.18981844186782837,0.18809352815151215
full,corrected,0,42,train_097,3,3,0.21363438665866852,0.21826227009296417,0.20566274225711823,0.15426456928253174,0.20817595720291138
full,corrected,0,42,train_098,3,1,0.20801667869091034,0.20778052508831024,0.20370228588581085,0.16571693122386932,0.21478359401226044
full,corrected,0,42,train_099,3,3,0.20888958871364594,0.2040029764175415,0.20499637722969055,0.16643847525119781,0.21567264199256897
full,corrected,0,42,train_100,5,5,0.20848388969898224,0.21150846779346466,0.20346860587596893,0.16507665812969208,0.2114623785018921
full,corrected,0,42,train_101,3,2,0.20871713757514954,0.2049379050731659,0.20539836585521698,0.16539035737514496,0.21555626392364502
full,corrected,0,42,train_102,2,2,0.20679432153701782,0.20487229526042938,0.2090650349855423,0.1904313713312149,0.18883702158927917
full,corrected,0,42,train_103,3,3,0.20817796885967255,0.20532140135765076,0.21001741290092468,0.1859307438135147,0.1905525028705597
full,corrected,0,42,train_104,1,1,0.20921039581298828,0.2054101973772049,0.20688678324222565,0.1634850651025772,0.21500757336616516
full,corrected,0,42,train_105,4,4,0.209607794880867,0.21377941966056824,0.20433266460895538,0.15895484387874603,0.21332527697086334
full,corrected,0,42,train_106,1,1,0.19907017052173615,0.21260187029838562,0.21553237736225128,0.18439120054244995,0.18840435147285461
full,corrected,0,42,train_107,3,3,0.2016129344701767,0.20792408287525177,0.21647363901138306,0.18447305262088776,0.18951626121997833
full,corrected,0,42,train_108,1,1,0.20811332762241364,0.2047995626926422,0.21205538511276245,0.18407702445983887,0.19095471501350403
full,corrected,0,42,train_109,3,3,0.20528458058834076,0.20675578713417053,0.2143760770559311,0.18322652578353882,0.1903570294380188
full,corrected,0,42,train_110,1,1,0.1931426227092743,0.2171509563922882,0.2173260897397995,0.18727639317512512,0.1851038932800293
full,corrected,0,42,train_111,3,3,0.20240075886249542,0.20613190531730652,0.2163735032081604,0.1854313164949417,0.18966250121593475
full,corrected,0,42,train_112,1,1,0.21413198113441467,0.22172068059444427,0.2024182379245758,0.14960671961307526,0.2121223360300064
full,corrected,0,42,train_113,4,3,0.2085806131362915,0.21263447403907776,0.200716033577919,0.1642111837863922,0.21385768055915833
full,corrected,0,42,train_114,3,3,0.20918124914169312,0.20344609022140503,0.2081785947084427,0.188528373837471,0.19066569209098816
full,corrected,0,42,train_115,3,3,0.2085200548171997,0.20228645205497742,0.2064729928970337,0.16752368211746216,0.21519672870635986
full,corrected,0,42,train_116,4,4,0.2102843075990677,0.20420227944850922,0.2081049084663391,0.18527577817440033,0.19213275611400604
full,corrected,0,42,train_117,1,1,0.19173285365104675,0.21426276862621307,0.2204809933900833,0.1883796602487564,0.18514369428157806
full,corrected,0,42,train_118,2,2,0.20636503398418427,0.2058153748512268,0.20810632407665253,0.19109176099300385,0.18862146139144897
full,corrected,0,42,train_119,2,2,0.20867034792900085,0.20412561297416687,0.2053319215774536,0.16770616173744202,0.21416591107845306
full,corrected,0,42,train_120,5,5,0.2061598300933838,0.2046036273241043,0.21314142644405365,0.18691053986549377,0.1891845464706421
full,corrected,0,ensemble,train_001,2,2,0.21752941608428955,0.2159561663866043,0.2068672627210617,0.14712101221084595,0.21252615749835968
full,corrected,0,ensemble,train_002,5,5,0.20704253017902374,0.20565754175186157,0.2025013267993927,0.17416486144065857,0.21063372492790222
full,corrected,0,ensemble,train_003,2,2,0.20382282137870789,0.20740771293640137,0.21451357007026672,0.1847681999206543,0.18948771059513092
full,corrected,0,ensemble,train_004,4,4,0.20836210250854492,0.20296265184879303,0.20723232626914978,0.16588754951953888,0.21555541455745697
full,corrected,0,ensemble,train_005,5,5,0.20757953822612762,0.2046576291322708,0.21001771092414856,0.18735253810882568,0.1903926432132721
full,corrected,0,ensemble,train_006,2,2,0.20678545534610748,0.20512749254703522,0.2049684375524521,0.17011038959026337,0.21300819516181946
full,corrected,0,ensemble,train_007,2,2,0.20886071026325226,0.20467664301395416,0.20677495002746582,0.1637226641178131,0.21596501767635345
full,corrected,0,ensemble,train_008,5,5,0.21089275181293488,0.20940087735652924,0.20726998150348663,0.15773728489875793,0.21469908952713013
full,corrected,0,ensemble,train_009,3,3,0.20877406001091003,0.2024240344762802,0.21335312724113464,0.18400262296199799,0.1914462000131607
full,corrected,0,ensemble,train_010,2,2,0.20463988184928894,0.2067604660987854,0.21128755807876587,0.18913649022579193,0.18817561864852905
full,corrected,0,ensemble,train_011,3,3,0.20948170125484467,0.2066429704427719,0.2065383642911911,0.1624583750963211,0.2148786187171936
full,corrected,0,ensemble,train_012,5,5,0.2094855159521103,0.2119017392396927,0.20383036136627197,0.16133151948451996,0.21345089375972748
full,corrected,0,ensemble,train_013,2,2,0.2070009708404541,0.20456431806087494,0.20982010662555695,0.18911896646022797,0.18949557840824127
full,corrected,0,ensemble,train_014,5,5,0.20796369016170502,0.20430758595466614,0.2044295370578766,0.16869886219501495,0.21460039913654327
full,corrected,0,ensemble,train_015,3,3,0.20912913978099823,0.20570015907287598,0.20692038536071777,0.16413775086402893,0.2141125202178955
full,corrected,0,ensemble,train_016,4,4,0.20810243487358093,0.20312196016311646,0.20701858401298523,0.16729426383972168,0.2144627571105957
full,corrected,0,ensemble,train_017,2,2,0.1949017196893692,0.21234096586704254,0.21884600818157196,0.1862138956785202,0.1876974105834961
full,corrected,0,ensemble,train_018,5,5,0.19970917701721191,0.21190793812274933,0.21137070655822754,0.19161085784435272,0.1854012906551361
full,corrected,0,ensemble,train_019,3,3,0.20936912298202515,0.2067488133907318,0.20651929080486298,0.1633475422859192,0.21401523053646088
full,corrected,0,ensemble,train_020,2,2,0.2081902176141739,0.2037905901670456,0.20599913597106934,0.16799019277095795,0.21402987837791443
full,corrected,0,ensemble,train_021,5,5,0.20873776078224182,0.20373111963272095,0.20447537302970886,0.16751958429813385,0.2155361920595169
full,corrected,0,ensemble,train_022,5,4,0.19834300875663757,0.21477282047271729,0.21388065814971924,0.18687774240970612,0.18612578511238098
full,corrected,0,ensemble,train_023,3,3,0.2060815840959549,0.20631970465183258,0.20744648575782776,0.19201311469078064,0.1881391406059265
full,corrected,0,ensemble,train_024,5,5,0.20124992728233337,0.21204590797424316,0.21233144402503967,0.18537963926792145,0.18899309635162354
full,corrected,0,ensemble,train_025,5,5,0.20362579822540283,0.2064371258020401,0.21518662571907043,0.1858261227607727,0.1889244019985199
full,corrected,0,ensemble,train_026,3,3,0.20901870727539062,0.20308321714401245,0.2125147432088852,0.1836886703968048,0.19169458746910095
full,corrected,0,ensemble,train_027,2,2,0.1966516077518463,0.20673108100891113,0.2195107787847519,0.18670077621936798,0.1904057115316391
full,corrected,0,ensemble,train_028,4,4,0.20840972661972046,0.20259922742843628,0.21095643937587738,0.18694373965263367,0.1910908967256546
full,corrected,0,ensemble,train_029,2,2,0.2179425209760666,0.21946845948696136,0.2067440003156662,0.15078260004520416,0.2050624042749405
full,corrected,0,ensemble,train_030,5,5,0.21011777222156525,0.21116387844085693,0.20332573354244232,0.1613592505455017,0.21403340995311737
full,corrected,0,ensemble,train_031,4,4,0.20893077552318573,0.20459112524986267,0.20830298960208893,0.18712325394153595,0.19105182588100433
full,corrected,0,ensemble,train_032,3,3,0.20585323870182037,0.2068406045436859,0.21119418740272522,0.18699310719966888,0.18911878764629364
full,corrected,0,ensemble,train_033,1,1,0.19676721096038818,0.21265412867069244,0.21740460395812988,0.18525536358356476,0.18791869282722473
full,corrected,0,ensemble,train_034,2,2,0.20714883506298065,0.20459982752799988,0.2048669159412384,0.16985106468200684,0.21353338658809662
full,corrected,0,ensemble,train_035,2,2,0.19302473962306976,0.2158343493938446,0.21772783994674683,0.1885395497083664,0.1848735362291336
full,corrected,0,ensemble,train_036,2,2,0.20997107028961182,0.2049640566110611,0.20734496414661407,0.16245639324188232,0.21526353061199188
full,corrected,0,ensemble,train_037,2,2,0.19556917250156403,0.21337413787841797,0.21496759355068207,0.1924409717321396,0.18364809453487396
full,corrected,0,ensemble,train_038,3,3,0.2047371119260788,0.21124346554279327,0.2110971361398697,0.18263883888721466,0.1902833878993988
full,corrected,0,ensemble,train_039,3,3,0.20473410189151764,0.20984981954097748,0.210431769490242,0.1850205808877945,0.18996374309062958
full,corrected,0,ensemble,train_040,2,2,0.1966322660446167,0.20897455513477325,0.21825937926769257,0.18753571808338165,0.18859806656837463
full,corrected,0,ensemble,train_041,3,3,0.20687732100486755,0.20594654977321625,0.21146513521671295,0.18556702136993408,0.19014395773410797
full,corrected,0,ensemble,train_042,5,2,0.21089771389961243,0.21595247089862823,0.20607413351535797,0.1550540328025818,0.2120216190814972
full,corrected,0,ensemble,train_043,4,4,0.2082672417163849,0.20322073996067047,0.2087784707546234,0.19001434743404388,0.18971918523311615
full,corrected,0,ensemble,train_044,3,3,0.20951852202415466,0.20724236965179443,0.20587080717086792,0.16301636397838593,0.21435202658176422
full,corrected,0,ensemble,train_045,3,3,0.2070649117231369,0.20473195612430573,0.2095811516046524,0.18892182409763336,0.189700186252594
full,corrected,0,ensemble,train_046,4,4,0.21059438586235046,0.2016543596982956,0.2107485830783844,0.1852443963289261,0.19175834953784943
full,corrected,0,ensemble,train_047,2,2,0.20452114939689636,0.20737765729427338,0.21478353440761566,0.1835537850856781,0.1897638738155365
full,corrected,0,ensemble,train_048,4,4,0.2084295004606247,0.2021852731704712,0.20546269416809082,0.16843350231647491,0.21548902988433838
full,corrected,0,ensemble,train_049,2,2,0.2093203216791153,0.2059105783700943,0.20611323416233063,0.16518744826316833,0.21346844732761383
full,corrected,0,ensemble,train_050,3,4,0.20850665867328644,0.2039729505777359,0.20532003045082092,0.16831648349761963,0.21388386189937592
full,corrected,0,ensemble,train_051,3,3,0.20421360433101654,0.20788982510566711,0.21350543200969696,0.185075044631958,0.18931609392166138
full,corrected,0,ensemble,train_052,3,3,0.20830762386322021,0.20310883224010468,0.20578019320964813,0.1674824208021164,0.2153208702802658
full,corrected,0,ensemble,train_053,3,3,0.20974577963352203,0.20683908462524414,0.21028925478458405,0.1596182882785797,0.2135075181722641
full,corrected,0,ensemble,train_054,2,2,0.20849847793579102,0.20656369626522064,0.20481328666210175,0.1656680554151535,0.2144564688205719
full,corrected,0,ensemble,train_055,3,3,0.20880724489688873,0.20341628789901733,0.20558558404445648,0.16611069440841675,0.2160801887512207
full,corrected,0,ensemble,train_056,1,1,0.2092970460653305,0.20517753064632416,0.2076498121023178,0.1627195030450821,0.21515615284442902
full,corrected,0,ensemble,train_057,1,1,0.20767326653003693,0.20476821064949036,0.21078947186470032,0.18694841861724854,0.18982066214084625
full,corrected,0,ensemble,train_058,1,1,0.20878829061985016,0.2062343955039978,0.20556673407554626,0.1640266478061676,0.21538397669792175
full,corrected,0,ensemble,train_059,2,2,0.20017117261886597,0.21400944888591766,0.21521015465259552,0.1817573457956314,0.18885189294815063
full,corrected,0,ensemble,train_060,3,3,0.2099590003490448,0.2103610634803772,0.2044704407453537,0.1597920060157776,0.21541742980480194
full,corrected,0,ensemble,train_061,2,2,0.2094426155090332,0.20999108254909515,0.20506218075752258,0.1625642329454422,0.21293990314006805
full,corrected,0,ensemble,train_062,3,3,0.20963427424430847,0.21203897893428802,0.20686748623847961,0.1595350205898285,0.21192429959774017
full,corrected,0,ensemble,train_063,2,2,0.21269915997982025,0.2190345972776413,0.2016880065202713,0.159868985414505,0.20670929551124573
full,corrected,0,ensemble,train_064,2,2,0.20940591394901276,0.20732365548610687,0.20631417632102966,0.16309428215026855,0.21386194229125977
full,corrected,0,ensemble,train_065,3,3,0.2096046805381775,0.20775988698005676,0.20593151450157166,0.1623268723487854,0.2143770456314087
full,corrected,0,ensemble,train_066,2,2,0.20808571577072144,0.20411618053913116,0.2062567174434662,0.167567640542984,0.21397370100021362
full,corrected,0,ensemble,train_067,3,3,0.2105748951435089,0.20594164729118347,0.2062762975692749,0.16075778007507324,0.21644942462444305
full,corrected,0,ensemble,train_068,3,3,0.20733627676963806,0.20399421453475952,0.21348053216934204,0.18462155759334564,0.19056735932826996
full,corrected,0,ensemble,train_069,2,2,0.21126767992973328,0.21355414390563965,0.20193269848823547,0.15718375146389008,0.21606172621250153
full,corrected,0,ensemble,train_070,2,2,0.2044602483510971,0.206906259059906,0.2146545797586441,0.1839287132024765,0.19005025923252106
full,corrected,0,ensemble,train_071,4,4,0.20906545221805573,0.20810990035533905,0.20246760547161102,0.16444841027259827,0.21590858697891235
full,corrected,0,ensemble,train_072,4,4,0.21089628338813782,0.217296302318573,0.20204147696495056,0.15688882768154144,0.21287712454795837
full,corrected,0,ensemble,train_073,2,2,0.2085341513156891,0.20527255535125732,0.20398539304733276,0.16690772771835327,0.21530012786388397
full,corrected,0,ensemble,train_074,3,3,0.20277641713619232,0.2045145183801651,0.21857284009456635,0.1836753636598587,0.19046081602573395
full,corrected,0,ensemble,train_075,2,2,0.20336274802684784,0.20493145287036896,0.21468116343021393,0.18723946809768677,0.1897852122783661
full,corrected,0,ensemble,train_076,2,2,0.19475902616977692,0.2100440263748169,0.2188124805688858,0.1894037127494812,0.18698079884052277
full,corrected,0,ensemble,train_077,3,3,0.208932027220726,0.20507779717445374,0.20602865517139435,0.1656511425971985,0.21431037783622742
full,corrected,0,ensemble,train_078,2,3,0.2136109322309494,0.21338672935962677,0.2102331668138504,0.15450017154216766,0.20826900005340576
full,corrected,0,ensemble,train_079,2,2,0.2003353238105774,0.20483502745628357,0.21902242302894592,0.18528524041175842,0.19052192568778992
full,corrected,0,ensemble,train_080,3,1,0.2114764004945755,0.21438027918338776,0.2030205875635147,0.15778668224811554,0.21333608031272888
full,corrected,0,ensemble,train_081,3,3,0.21053123474121094,0.2080681473016739,0.21002709865570068,0.15740372240543365,0.21396978199481964
full,corrected,0,ensemble,train_082,3,3,0.1972067952156067,0.21011663973331451,0.2169816941022873,0.1885783076286316,0.18711654841899872
full,corrected,0,ensemble,train_083,2,1,0.1929539442062378,0.20951122045516968,0.2217893749475479,0.1857813596725464,0.18996413052082062
full,corrected,0,ensemble,train_084,5,5,0.20759138464927673,0.20475658774375916,0.20898468792438507,0.18885716795921326,0.18981018662452698
full,corrected,0,ensemble,train_085,3,3,0.20987792313098907,0.2088167369365692,0.2070394605398178,0.15955379605293274,0.21471206843852997
full,corrected,0,ensemble,train_086,2,2,0.19452820718288422,0.20424877107143402,0.2235506922006607,0.18373951315879822,0.19393281638622284
full,corrected,0,ensemble,train_087,3,3,0.20917069911956787,0.20548497140407562,0.20437003672122955,0.16459707915782928,0.21637728810310364
full,corrected,0,ensemble,train_088,3,2,0.21157638728618622,0.21221669018268585,0.20585234463214874,0.1573217660188675,0.2130327969789505
full,corrected,0,ensemble,train_089,2,2,0.19446617364883423,0.218618705868721,0.2149333655834198,0.18749825656414032,0.18448354303836823
full,corrected,0,ensemble,train_090,4,4,0.19607026875019073,0.21692639589309692,0.21240146458148956,0.19185177981853485,0.18275012075901031
full,corrected,0,ensemble,train_091,2,2,0.20169396698474884,0.20857571065425873,0.2140839695930481,0.18784433603286743,0.18780197203159332
full,corrected,0,ensemble,train_092,2,2,0.20847417414188385,0.2057988941669464,0.20570668578147888,0.16630132496356964,0.21371890604496002
full,corrected,0,ensemble,train_093,3,3,0.20223596692085266,0.20770858228206635,0.21176393330097198,0.19169829785823822,0.18659324944019318
full,corrected,0,ensemble,train_094,3,3,0.19757570326328278,0.21281851828098297,0.21636216342449188,0.1860174983739853,0.1872260868549347
full,corrected,0,ensemble,train_095,3,3,0.20815184712409973,0.20318402349948883,0.21076713502407074,0.18770022690296173,0.19019679725170135
full,corrected,0,ensemble,train_096,2,2,0.2057131677865982,0.20716015994548798,0.2092147320508957,0.18981844186782837,0.18809352815151215
full,corrected,0,ensemble,train_097,3,3,0.21363438665866852,0.21826227009296417,0.20566274225711823,0.15426456928253174,0.20817595720291138
full,corrected,0,ensemble,train_098,3,1,0.20801667869091034,0.20778052508831024,0.20370228588581085,0.16571693122386932,0.21478359401226044
full,corrected,0,ensemble,train_099,3,3,0.20888958871364594,0.2040029764175415,0.20499637722969055,0.16643847525119781,0.21567264199256897
full,corrected,0,ensemble,train_100,5,5,0.20848388969898224,0.21150846779346466,0.20346860587596893,0.16507665812969208,0.2114623785018921
full,corrected,0,ensemble,train_101,3,2,0.20871713757514954,0.2049379050731659,0.20539836585521698,0.16539035737514496,0.21555626392364502
full,corrected,0,ensemble,train_102,2,2,0.20679432153701782,0.20487229526042938,0.2090650349855423,0.1904313713312149,0.18883702158927917
full,corrected,0,ensemble,train_103,3,3,0.20817796885967255,0.20532140135765076,0.21001741290092468,0.1859307438135147,0.1905525028705597
full,corrected,0,ensemble,train_104,1,1,0.20921039581298828,0.2054101973772049,0.20688678324222565,0.1634850651025772,0.21500757336616516
full,corrected,0,ensemble,train_105,4,4,0.209607794880867,0.21377941966056824,0.20433266460895538,0.15895484387874603,0.21332527697086334
full,corrected,0,ensemble,train_106,1,1,0.19907017052173615,0.21260187029838562,0.21553237736225128,0.18439120054244995,0.18840435147285461
full,corrected,0,ensemble,train_107,3,3,0.2016129344701767,0.20792408287525177,0.21647363901138306,0.18447305262088776,0.18951626121997833
full,corrected,0,ensemble,train_108,1,1,0.20811332762241364,0.2047995626926422,0.21205538511276245,0.18407702445983887,0.19095471501350403
full,corrected,0,ensemble,train_109,3,3,0.20528458058834076,0.20675578713417053,0.2143760770559311,0.18322652578353882,0.1903570294380188
full,corrected,0,ensemble,train_110,1,1,0.1931426227092743,0.2171509563922882,0.2173260897397995,0.18727639317512512,0.1851038932800293
full,corrected,0,ensemble,train_111,3,3,0.20240075886249542,0.20613190531730652,0.2163735032081604,0.1854313164949417,0.18966250121593475
full,corrected,0,ensemble,train_112,1,1,0.21413198113441467,0.22172068059444427,0.2024182379245758,0.14960671961307526,0.2121223360300064
full,corrected,0,ensemble,train_113,4,3,0.2085806131362915,0.21263447403907776,0.200716033577919,0.1642111837863922,0.21385768055915833
full,corrected,0,ensemble,train_114,3,3,0.20918124914169312,0.20344609022140503,0.2081785947084427,0.188528373837471,0.19066569209098816
full,corrected,0,ensemble,train_115,3,3,0.2085200548171997,0.20228645205497742,0.2064729928970337,0.16752368211746216,0.21519672870635986
full,corrected,0,ensemble,train_116,4,4,0.2102843075990677,0.20420227944850922,0.2081049084663391,0.18527577817440033,0.19213275611400604
full,corrected,0,ensemble,train_117,1,1,0.19173285365104675,0.21426276862621307,0.2204809933900833,0.1883796602487564,0.18514369428157806
full,corrected,0,ensemble,train_118,2,2,0.20636503398418427,0.2058153748512268,0.20810632407665253,0.19109176099300385,0.18862146139144897
full,corrected,0,ensemble,train_119,2,2,0.20867034792900085,0.20412561297416687,0.2053319215774536,0.16770616173744202,0.21416591107845306
full,corrected,0,ensemble,train_120,5,5,0.2061598300933838,0.2046036273241043,0.21314142644405365,0.18691053986549377,0.1891845464706421
spectral,original,0,42,train_001,2,2,0.2082120031118393,0.2438431978225708,0.2010452300310135,0.14659404754638672,0.20030558109283447
spectral,original,0,42,train_002,5,5,0.21335987746715546,0.20080019533634186,0.21274927258491516,0.1943073272705078,0.17878328263759613
spectral,original,0,42,train_003,2,2,0.21309544146060944,0.2143164873123169,0.20890219509601593,0.182472363114357,0.18121345341205597
spectral,original,0,42,train_004,4,4,0.21188174188137054,0.20430627465248108,0.21379801630973816,0.18916065990924835,0.18085336685180664
spectral,original,0,42,train_005,5,5,0.2185678333044052,0.20760633051395416,0.2086513638496399,0.19072651863098145,0.1744479537010193
spectral,original,0,42,train_006,2,2,0.2111365795135498,0.20452474057674408,0.21362565457820892,0.18907833099365234,0.18163473904132843
spectral,original,0,42,train_007,2,2,0.21236935257911682,0.2034817636013031,0.21275366842746735,0.189817875623703,0.18157730996608734
spectral,original,0,42,train_008,5,5,0.21063975989818573,0.21440069377422333,0.2092127799987793,0.17820484936237335,0.18754194676876068
spectral,original,0,42,train_009,3,3,0.21902544796466827,0.20730198919773102,0.20975428819656372,0.19092300534248352,0.17299526929855347
spectral,original,0,42,train_010,2,2,0.21525107324123383,0.21255610883235931,0.2087167501449585,0.18482893705368042,0.17864713072776794
spectral,original,0,42,train_011,3,3,0.2113952934741974,0.20502044260501862,0.21259313821792603,0.18791668117046356,0.18307441473007202
spectral,original,0,42,train_012,5,5,0.21037136018276215,0.2111770063638687,0.21058034896850586,0.1798047125339508,0.1880665123462677
spectral,original,0,42,train_013,2,2,0.21813245117664337,0.20801416039466858,0.21002213656902313,0.18990032374858856,0.17393086850643158
spectral,original,0,42,train_014,5,5,0.21322698891162872,0.19728033244609833,0.21442903578281403,0.19614389538764954,0.178919717669487
spectral,original,0,42,train_015,3,3,0.2107817381620407,0.2120189517736435,0.21143034100532532,0.18168047070503235,0.1840885430574417
spectral,original,0,42,train_016,4,4,0.21229204535484314,0.2045833170413971,0.2139095813035965,0.18847374618053436,0.1807412952184677
spectral,original,0,42,train_017,2,2,0.20496664941310883,0.2250179499387741,0.20839518308639526,0.16714589297771454,0.19447438418865204
spectral,original,0,42,train_018,5,5,0.2111682891845703,0.2136361300945282,0.20887494087219238,0.18142856657505035,0.18489207327365875
spectral,original,0,42,train_019,3,3,0.2106178104877472,0.20797944068908691,0.2123420685529709,0.18542072176933289,0.18363997340202332
spectral,original,0,42,train_020,2,2,0.21174432337284088,0.20556427538394928,0.2132888287305832,0.1881580799818039,0.18124446272850037
spectral,original,0,42,train_021,5,5,0.2148914784193039,0.1940709352493286,0.21393318474292755,0.19965605437755585,0.1774483025074005
spectral,original,0,42,train_022,4,4,0.20771928131580353,0.2178552746772766,0.20808404684066772,0.17574714124202728,0.19059430062770844
spectral,original,0,42,train_023,3,3,0.21969753503799438,0.20710553228855133,0.20890749990940094,0.19081184267997742,0.17347754538059235
spectral,original,0,42,train_024,5,5,0.20987652242183685,0.21350552141666412,0.2074303776025772,0.18175074458122253,0.18743687868118286
spectral,original,0,42,train_025,5,5,0.21243487298488617,0.2167203426361084,0.20853345096111298,0.18049560487270355,0.18181577324867249
spectral,original,0,42,train_026,3,3,0.21892136335372925,0.20695368945598602,0.20866143703460693,0.1915908306837082,0.17387276887893677
spectral,original,0,42,train_027,2,2,0.20282499492168427,0.2280307114124298,0.2056308537721634,0.16665634512901306,0.19685715436935425
spectral,original,0,42,train_028,4,4,0.21937456727027893,0.2067217081785202,0.209899440407753,0.19163259863853455,0.17237171530723572
spectral,original,0,42,train_029,2,2,0.20806074142456055,0.2408231943845749,0.20148859918117523,0.14944101870059967,0.20018646121025085
spectral,original,0,42,train_030,5,5,0.21046166121959686,0.21324890851974487,0.20935402810573578,0.17921528220176697,0.1877201497554779
spectral,original,0,42,train_031,4,4,0.22206413745880127,0.20160041749477386,0.20898334681987762,0.1965397149324417,0.17081241309642792
spectral,original,0,42,train_032,3,3,0.21508024632930756,0.21097742021083832,0.2090882509946823,0.18673314154148102,0.17812089622020721
spectral,original,0,42,train_033,1,1,0.20538941025733948,0.22031532227993011,0.2079135626554489,0.17205332219600677,0.19432832300662994
spectral,original,0,42,train_034,2,2,0.21097533404827118,0.20332451164722443,0.21389523148536682,0.19095440208911896,0.1808505803346634
spectral,original,0,42,train_035,2,2,0.2028832733631134,0.22426891326904297,0.20814529061317444,0.16476891934871674,0.19993354380130768
spectral,original,0,42,train_036,2,2,0.21169191598892212,0.20668917894363403,0.2124936878681183,0.1872069239616394,0.18191833794116974
spectral,original,0,42,train_037,2,2,0.20698705315589905,0.2251804769039154,0.20728638768196106,0.17010807991027832,0.19043797254562378
spectral,original,0,42,train_038,3,3,0.21438483893871307,0.20768024027347565,0.20695826411247253,0.1885749101638794,0.18240170180797577
spectral,original,0,42,train_039,3,3,0.21575228869915009,0.20825040340423584,0.20799338817596436,0.18853257596492767,0.17947140336036682
spectral,original,0,42,train_040,2,2,0.2041555643081665,0.22926288843154907,0.20634718239307404,0.16709855198860168,0.19313573837280273
spectral,original,0,42,train_041,3,3,0.21682031452655792,0.20907901227474213,0.20914477109909058,0.1888001561164856,0.17615576088428497
spectral,original,0,42,train_042,2,2,0.2096964716911316,0.22151120007038116,0.2078378051519394,0.16730007529258728,0.19365447759628296
spectral,original,0,42,train_043,4,4,0.22074151039123535,0.20638930797576904,0.20957127213478088,0.19202786684036255,0.17127007246017456
spectral,original,0,42,train_044,3,3,0.21110059320926666,0.20899486541748047,0.21131353080272675,0.18430443108081818,0.18428653478622437
spectral,original,0,42,train_045,3,3,0.21832038462162018,0.20772072672843933,0.20943725109100342,0.19021141529083252,0.17431025207042694
spectral,original,0,42,train_046,4,4,0.22251580655574799,0.20262828469276428,0.20945098996162415,0.1963658481836319,0.16903910040855408
spectral,original,0,42,train_047,2,2,0.21258032321929932,0.21534720063209534,0.2087453305721283,0.18190251290798187,0.18142464756965637
spectral,original,0,42,train_048,4,4,0.21398024260997772,0.1968546062707901,0.21458540856838226,0.19723661243915558,0.17734313011169434
spectral,original,0,42,train_049,2,2,0.2111015021800995,0.20880086719989777,0.2117563635110855,0.1849188357591629,0.1834225207567215
spectral,original,0,42,train_050,4,4,0.2123669534921646,0.2021220177412033,0.21380935609340668,0.19182956218719482,0.179872065782547
spectral,original,0,42,train_051,3,3,0.21360185742378235,0.2125222235918045,0.2089785635471344,0.1844574362039566,0.18043997883796692
spectral,original,0,42,train_052,3,3,0.2137289047241211,0.1976100355386734,0.2144467532634735,0.19584690034389496,0.17836739122867584
spectral,original,0,42,train_053,3,3,0.20987628400325775,0.21803630888462067,0.21028222143650055,0.17522910237312317,0.18657608330249786
spectral,original,0,42,train_054,2,2,0.2110702246427536,0.20624493062496185,0.2122429758310318,0.18687833845615387,0.18356357514858246
spectral,original,0,42,train_055,3,3,0.21468760073184967,0.1948809027671814,0.21414214372634888,0.19861088693141937,0.17767848074436188
spectral,original,0,42,train_056,1,1,0.2121400684118271,0.206858828663826,0.21256160736083984,0.18562568724155426,0.18281379342079163
spectral,original,0,42,train_057,1,1,0.2182123214006424,0.20788538455963135,0.20959226787090302,0.19018658995628357,0.17412348091602325
spectral,original,0,42,train_058,1,1,0.21176087856292725,0.20484302937984467,0.21277041733264923,0.18801240622997284,0.1826133131980896
spectral,original,0,42,train_059,2,2,0.20685936510562897,0.21566571295261383,0.20786936581134796,0.17740213871002197,0.19220347702503204
spectral,original,0,42,train_060,3,3,0.21096841990947723,0.20785924792289734,0.21087008714675903,0.18369227647781372,0.18660998344421387
spectral,original,0,42,train_061,2,2,0.20915168523788452,0.2129141092300415,0.210816890001297,0.17970924079418182,0.18740804493427277
spectral,original,0,42,train_062,3,3,0.20948545634746552,0.21750898659229279,0.20938211679458618,0.17407554388046265,0.18954791128635406
spectral,original,0,42,train_063,2,2,0.20935912430286407,0.22172929346561432,0.20683073997497559,0.1690753549337387,0.1930055022239685
spectral,original,0,42,train_064,2,2,0.21051214635372162,0.209153413772583,0.21212626993656158,0.18421170115470886,0.18399646878242493
spectral,original,0,42,train_065,3,3,0.21087616682052612,0.2071448415517807,0.2117753028869629,0.18585941195487976,0.18434423208236694
spectral,original,0,42,train_066,2,2,0.21207690238952637,0.2021704465150833,0.21406471729278564,0.19130556285381317,0.1803823560476303
spectral,original,0,42,train_067,3,3,0.21294380724430084,0.20375877618789673,0.2115180939435959,0.1893599033355713,0.18241946399211884
spectral,original,0,42,train_068,3,3,0.2159115970134735,0.21261544525623322,0.2087331861257553,0.18598401546478271,0.17675575613975525
spectral,original,0,42,train_069,2,2,0.21198900043964386,0.20600008964538574,0.20928893983364105,0.18591749668121338,0.18680442869663239
spectral,original,0,42,train_070,2,2,0.21332785487174988,0.21337589621543884,0.20903828740119934,0.18358926475048065,0.1806686669588089
spectral,original,0,42,train_071,4,4,0.21327321231365204,0.19916994869709015,0.2118045538663864,0.19363702833652496,0.18211525678634644
spectral,original,0,42,train_072,4,4,0.2101428210735321,0.21387630701065063,0.20915623009204865,0.17489483952522278,0.19192978739738464
spectral,original,0,42,train_073,2,2,0.21374545991420746,0.19738592207431793,0.21338000893592834,0.1960487961769104,0.17943987250328064
spectral,original,0,42,train_074,3,3,0.21083736419677734,0.2213428020477295,0.20887650549411774,0.17586791515350342,0.1830754280090332
spectral,original,0,42,train_075,2,2,0.2114311158657074,0.21725483238697052,0.20890803635120392,0.18102438747882843,0.18138164281845093
spectral,original,0,42,train_076,2,2,0.20236055552959442,0.2299674153327942,0.20647811889648438,0.16479641199111938,0.19639749825000763
spectral,original,0,42,train_077,3,3,0.21141542494297028,0.20622815191745758,0.21260102093219757,0.18733708560466766,0.1824183166027069
spectral,original,0,42,train_078,3,3,0.20945478975772858,0.23451298475265503,0.2051500529050827,0.1582445502281189,0.1926375776529312
spectral,original,0,42,train_079,2,2,0.20949533581733704,0.22352845966815948,0.20735704898834229,0.17352381348609924,0.1860954612493515
spectral,original,0,42,train_080,1,1,0.20955462753772736,0.21784387528896332,0.20812998712062836,0.17344917356967926,0.1910223662853241
spectral,original,0,42,train_081,3,3,0.21001343429088593,0.21887508034706116,0.209120973944664,0.1739422082901001,0.18804830312728882
spectral,original,0,42,train_082,3,3,0.2047874629497528,0.22546322643756866,0.207890123128891,0.17012090981006622,0.19173835217952728
spectral,original,0,42,train_083,1,1,0.20103387534618378,0.23008061945438385,0.20634494721889496,0.16016344726085663,0.2023770958185196
spectral,original,0,42,train_084,5,5,0.21938420832157135,0.2066277265548706,0.20892232656478882,0.19153165817260742,0.173534095287323
spectral,original,0,42,train_085,3,3,0.20996791124343872,0.2139836996793747,0.20928245782852173,0.17893777787685394,0.18782812356948853
spectral,original,0,42,train_086,2,2,0.1992177516222,0.23767885565757751,0.20486070215702057,0.15536724030971527,0.20287545025348663
spectral,original,0,42,train_087,3,3,0.21452011168003082,0.1968095749616623,0.21274396777153015,0.19655165076255798,0.17937472462654114
spectral,original,0,42,train_088,2,2,0.2089564949274063,0.2226862758398056,0.20753271877765656,0.1692190319299698,0.19160552322864532
spectral,original,0,42,train_089,2,2,0.20370499789714813,0.22265464067459106,0.2082211673259735,0.16725723445415497,0.19816195964813232
spectral,original,0,42,train_090,4,4,0.20808404684066772,0.21745498478412628,0.20810918509960175,0.17537467181682587,0.1909770369529724
spectral,original,0,42,train_091,2,2,0.21141482889652252,0.2184007614850998,0.20852190256118774,0.17820459604263306,0.18345792591571808
spectral,original,0,42,train_092,2,2,0.21165044605731964,0.20429353415966034,0.2131613790988922,0.18883287906646729,0.18206173181533813
spectral,original,0,42,train_093,3,3,0.2120812088251114,0.21748259663581848,0.20911085605621338,0.18018925189971924,0.1811361163854599
spectral,original,0,42,train_094,3,3,0.20627793669700623,0.2213921695947647,0.20838531851768494,0.17217674851417542,0.1917678862810135
spectral,original,0,42,train_095,3,3,0.21863918006420135,0.20854781568050385,0.20938150584697723,0.18985609710216522,0.17357535660266876
spectral,original,0,42,train_096,2,2,0.21684569120407104,0.20854322612285614,0.20909957587718964,0.18912170827388763,0.17638975381851196
spectral,original,0,42,train_097,3,3,0.20911605656147003,0.22872845828533173,0.20547130703926086,0.1614418923854828,0.19524230062961578
spectral,original,0,42,train_098,1,1,0.21210484206676483,0.20325911045074463,0.21235328912734985,0.18964730203151703,0.18263548612594604
spectral,original,0,42,train_099,3,3,0.21313506364822388,0.19901101291179657,0.21360886096954346,0.19478443264961243,0.1794605851173401
spectral,original,0,42,train_100,5,5,0.2098056674003601,0.21419601142406464,0.2100144922733307,0.1781848967075348,0.18779893219470978
spectral,original,0,42,train_101,2,2,0.21241819858551025,0.2016112506389618,0.2130422443151474,0.19219093024730682,0.18073733150959015
spectral,original,0,42,train_102,2,2,0.21883860230445862,0.20911888778209686,0.20891045033931732,0.18914969265460968,0.1739823967218399
spectral,original,0,42,train_103,3,3,0.21940642595291138,0.2050170600414276,0.20907610654830933,0.19295547902584076,0.1735449880361557
spectral,original,0,42,train_104,1,1,0.21252083778381348,0.20271997153759003,0.2129579484462738,0.19006016850471497,0.18174101412296295
spectral,original,0,42,train_105,4,4,0.2102026492357254,0.21261264383792877,0.20960663259029388,0.17732520401477814,0.19025284051895142
spectral,original,0,42,train_106,1,1,0.20862239599227905,0.2160005122423172,0.20803751051425934,0.17753306031227112,0.18980655074119568
spectral,original,0,42,train_107,3,3,0.2098875641822815,0.22055207192897797,0.2082703858613968,0.1759069412946701,0.18538308143615723
spectral,original,0,42,train_108,1,1,0.21937665343284607,0.20608974993228912,0.20927946269512177,0.19108714163303375,0.17416702210903168
spectral,original,0,42,train_109,3,3,0.21374131739139557,0.21261334419250488,0.20856456458568573,0.18476244807243347,0.18031829595565796
spectral,original,0,42,train_110,1,1,0.2005092203617096,0.22670535743236542,0.20786355435848236,0.1622067391872406,0.20271506905555725
spectral,original,0,42,train_111,3,3,0.21118201315402985,0.21971255540847778,0.2084203064441681,0.17757220566272736,0.18311290442943573
spectral,original,0,42,train_112,1,1,0.20920345187187195,0.2225436419248581,0.20567947626113892,0.16481913626194,0.19775433838367462
spectral,original,0,42,train_113,3,3,0.21160435676574707,0.20375454425811768,0.21118082106113434,0.1877882182598114,0.1856721043586731
spectral,original,0,42,train_114,3,3,0.22264225780963898,0.20235058665275574,0.20927566289901733,0.19599808752536774,0.16973339021205902
spectral,original,0,42,train_115,3,3,0.2127527892589569,0.20082005858421326,0.21422038972377777,0.1933792382478714,0.17882747948169708
spectral,original,0,42,train_116,4,4,0.22383159399032593,0.19901281595230103,0.20829889178276062,0.19995452463626862,0.1689022183418274
spectral,original,0,42,train_117,1,1,0.20251792669296265,0.2281353771686554,0.2075890451669693,0.16177694499492645,0.19998067617416382
spectral,original,0,42,train_118,2,2,0.21858662366867065,0.20693115890026093,0.20979657769203186,0.19101034104824066,0.17367520928382874
spectral,original,0,42,train_119,2,2,0.21190983057022095,0.20537059009075165,0.2126215249300003,0.18878932297229767,0.18130870163440704
spectral,original,0,42,train_120,5,5,0.21549786627292633,0.21253183484077454,0.2094176709651947,0.18523375689983368,0.17731884121894836
spectral,original,0,ensemble,train_001,2,2,0.2082120031118393,0.2438431978225708,0.2010452300310135,0.14659404754638672,0.20030558109283447
spectral,original,0,ensemble,train_002,5,5,0.21335987746715546,0.20080019533634186,0.21274927258491516,0.1943073272705078,0.17878328263759613
spectral,original,0,ensemble,train_003,2,2,0.21309544146060944,0.2143164873123169,0.20890219509601593,0.182472363114357,0.18121345341205597
spectral,original,0,ensemble,train_004,4,4,0.21188174188137054,0.20430627465248108,0.21379801630973816,0.18916065990924835,0.18085336685180664
spectral,original,0,ensemble,train_005,5,5,0.2185678333044052,0.20760633051395416,0.2086513638496399,0.19072651863098145,0.1744479537010193
spectral,original,0,ensemble,train_006,2,2,0.2111365795135498,0.20452474057674408,0.21362565457820892,0.18907833099365234,0.18163473904132843
spectral,original,0,ensemble,train_007,2,2,0.21236935257911682,0.2034817636013031,0.21275366842746735,0.189817875623703,0.18157730996608734
spectral,original,0,ensemble,train_008,5,5,0.21063975989818573,0.21440069377422333,0.2092127799987793,0.17820484936237335,0.18754194676876068
spectral,original,0,ensemble,train_009,3,3,0.21902544796466827,0.20730198919773102,0.20975428819656372,0.19092300534248352,0.17299526929855347
spectral,original,0,ensemble,train_010,2,2,0.21525107324123383,0.21255610883235931,0.2087167501449585,0.18482893705368042,0.17864713072776794
spectral,original,0,ensemble,train_011,3,3,0.2113952934741974,0.20502044260501862,0.21259313821792603,0.18791668117046356,0.18307441473007202
spectral,original,0,ensemble,train_012,5,5,0.21037136018276215,0.2111770063638687,0.21058034896850586,0.1798047125339508,0.1880665123462677
spectral,original,0,ensemble,train_013,2,2,0.21813245117664337,0.20801416039466858,0.21002213656902313,0.18990032374858856,0.17393086850643158
spectral,original,0,ensemble,train_014,5,5,0.21322698891162872,0.19728033244609833,0.21442903578281403,0.19614389538764954,0.178919717669487
spectral,original,0,ensemble,train_015,3,3,0.2107817381620407,0.2120189517736435,0.21143034100532532,0.18168047070503235,0.1840885430574417
spectral,original,0,ensemble,train_016,4,4,0.21229204535484314,0.2045833170413971,0.2139095813035965,0.18847374618053436,0.1807412952184677
spectral,original,0,ensemble,train_017,2,2,0.20496664941310883,0.2250179499387741,0.20839518308639526,0.16714589297771454,0.19447438418865204
spectral,original,0,ensemble,train_018,5,5,0.2111682891845703,0.2136361300945282,0.20887494087219238,0.18142856657505035,0.18489207327365875
spectral,original,0,ensemble,train_019,3,3,0.2106178104877472,0.20797944068908691,0.2123420685529709,0.18542072176933289,0.18363997340202332
spectral,original,0,ensemble,train_020,2,2,0.21174432337284088,0.20556427538394928,0.2132888287305832,0.1881580799818039,0.18124446272850037
spectral,original,0,ensemble,train_021,5,5,0.2148914784193039,0.1940709352493286,0.21393318474292755,0.19965605437755585,0.1774483025074005
spectral,original,0,ensemble,train_022,4,4,0.20771928131580353,0.2178552746772766,0.20808404684066772,0.17574714124202728,0.19059430062770844
spectral,original,0,ensemble,train_023,3,3,0.21969753503799438,0.20710553228855133,0.20890749990940094,0.19081184267997742,0.17347754538059235
spectral,original,0,ensemble,train_024,5,5,0.20987652242183685,0.21350552141666412,0.2074303776025772,0.18175074458122253,0.18743687868118286
spectral,original,0,ensemble,train_025,5,5,0.21243487298488617,0.2167203426361084,0.20853345096111298,0.18049560487270355,0.18181577324867249
spectral,original,0,ensemble,train_026,3,3,0.21892136335372925,0.20695368945598602,0.20866143703460693,0.1915908306837082,0.17387276887893677
spectral,original,0,ensemble,train_027,2,2,0.20282499492168427,0.2280307114124298,0.2056308537721634,0.16665634512901306,0.19685715436935425
spectral,original,0,ensemble,train_028,4,4,0.21937456727027893,0.2067217081785202,0.209899440407753,0.19163259863853455,0.17237171530723572
spectral,original,0,ensemble,train_029,2,2,0.20806074142456055,0.2408231943845749,0.20148859918117523,0.14944101870059967,0.20018646121025085
spectral,original,0,ensemble,train_030,5,5,0.21046166121959686,0.21324890851974487,0.20935402810573578,0.17921528220176697,0.1877201497554779
spectral,original,0,ensemble,train_031,4,4,0.22206413745880127,0.20160041749477386,0.20898334681987762,0.1965397149324417,0.17081241309642792
spectral,original,0,ensemble,train_032,3,3,0.21508024632930756,0.21097742021083832,0.2090882509946823,0.18673314154148102,0.17812089622020721
spectral,original,0,ensemble,train_033,1,1,0.20538941025733948,0.22031532227993011,0.2079135626554489,0.17205332219600677,0.19432832300662994
spectral,original,0,ensemble,train_034,2,2,0.21097533404827118,0.20332451164722443,0.21389523148536682,0.19095440208911896,0.1808505803346634
spectral,original,0,ensemble,train_035,2,2,0.2028832733631134,0.22426891326904297,0.20814529061317444,0.16476891934871674,0.19993354380130768
spectral,original,0,ensemble,train_036,2,2,0.21169191598892212,0.20668917894363403,0.2124936878681183,0.1872069239616394,0.18191833794116974
spectral,original,0,ensemble,train_037,2,2,0.20698705315589905,0.2251804769039154,0.20728638768196106,0.17010807991027832,0.19043797254562378
spectral,original,0,ensemble,train_038,3,3,0.21438483893871307,0.20768024027347565,0.20695826411247253,0.1885749101638794,0.18240170180797577
spectral,original,0,ensemble,train_039,3,3,0.21575228869915009,0.20825040340423584,0.20799338817596436,0.18853257596492767,0.17947140336036682
spectral,original,0,ensemble,train_040,2,2,0.2041555643081665,0.22926288843154907,0.20634718239307404,0.16709855198860168,0.19313573837280273
spectral,original,0,ensemble,train_041,3,3,0.21682031452655792,0.20907901227474213,0.20914477109909058,0.1888001561164856,0.17615576088428497
spectral,original,0,ensemble,train_042,2,2,0.2096964716911316,0.22151120007038116,0.2078378051519394,0.16730007529258728,0.19365447759628296
spectral,original,0,ensemble,train_043,4,4,0.22074151039123535,0.20638930797576904,0.20957127213478088,0.19202786684036255,0.17127007246017456
spectral,original,0,ensemble,train_044,3,3,0.21110059320926666,0.20899486541748047,0.21131353080272675,0.18430443108081818,0.18428653478622437
spectral,original,0,ensemble,train_045,3,3,0.21832038462162018,0.20772072672843933,0.20943725109100342,0.19021141529083252,0.17431025207042694
spectral,original,0,ensemble,train_046,4,4,0.22251580655574799,0.20262828469276428,0.20945098996162415,0.1963658481836319,0.16903910040855408
spectral,original,0,ensemble,train_047,2,2,0.21258032321929932,0.21534720063209534,0.2087453305721283,0.18190251290798187,0.18142464756965637
spectral,original,0,ensemble,train_048,4,4,0.21398024260997772,0.1968546062707901,0.21458540856838226,0.19723661243915558,0.17734313011169434
spectral,original,0,ensemble,train_049,2,2,0.2111015021800995,0.20880086719989777,0.2117563635110855,0.1849188357591629,0.1834225207567215
spectral,original,0,ensemble,train_050,4,4,0.2123669534921646,0.2021220177412033,0.21380935609340668,0.19182956218719482,0.179872065782547
spectral,original,0,ensemble,train_051,3,3,0.21360185742378235,0.2125222235918045,0.2089785635471344,0.1844574362039566,0.18043997883796692
spectral,original,0,ensemble,train_052,3,3,0.2137289047241211,0.1976100355386734,0.2144467532634735,0.19584690034389496,0.17836739122867584
spectral,original,0,ensemble,train_053,3,3,0.20987628400325775,0.21803630888462067,0.21028222143650055,0.17522910237312317,0.18657608330249786
spectral,original,0,ensemble,train_054,2,2,0.2110702246427536,0.20624493062496185,0.2122429758310318,0.18687833845615387,0.18356357514858246
spectral,original,0,ensemble,train_055,3,3,0.21468760073184967,0.1948809027671814,0.21414214372634888,0.19861088693141937,0.17767848074436188
spectral,original,0,ensemble,train_056,1,1,0.2121400684118271,0.206858828663826,0.21256160736083984,0.18562568724155426,0.18281379342079163
spectral,original,0,ensemble,train_057,1,1,0.2182123214006424,0.20788538455963135,0.20959226787090302,0.19018658995628357,0.17412348091602325
spectral,original,0,ensemble,train_058,1,1,0.21176087856292725,0.20484302937984467,0.21277041733264923,0.18801240622997284,0.1826133131980896
spectral,original,0,ensemble,train_059,2,2,0.20685936510562897,0.21566571295261383,0.20786936581134796,0.17740213871002197,0.19220347702503204
spectral,original,0,ensemble,train_060,3,3,0.21096841990947723,0.20785924792289734,0.21087008714675903,0.18369227647781372,0.18660998344421387
spectral,original,0,ensemble,train_061,2,2,0.20915168523788452,0.2129141092300415,0.210816890001297,0.17970924079418182,0.18740804493427277
spectral,original,0,ensemble,train_062,3,3,0.20948545634746552,0.21750898659229279,0.20938211679458618,0.17407554388046265,0.18954791128635406
spectral,original,0,ensemble,train_063,2,2,0.20935912430286407,0.22172929346561432,0.20683073997497559,0.1690753549337387,0.1930055022239685
spectral,original,0,ensemble,train_064,2,2,0.21051214635372162,0.209153413772583,0.21212626993656158,0.18421170115470886,0.18399646878242493
spectral,original,0,ensemble,train_065,3,3,0.21087616682052612,0.2071448415517807,0.2117753028869629,0.18585941195487976,0.18434423208236694
spectral,original,0,ensemble,train_066,2,2,0.21207690238952637,0.2021704465150833,0.21406471729278564,0.19130556285381317,0.1803823560476303
spectral,original,0,ensemble,train_067,3,3,0.21294380724430084,0.20375877618789673,0.2115180939435959,0.1893599033355713,0.18241946399211884
spectral,original,0,ensemble,train_068,3,3,0.2159115970134735,0.21261544525623322,0.2087331861257553,0.18598401546478271,0.17675575613975525
spectral,original,0,ensemble,train_069,2,2,0.21198900043964386,0.20600008964538574,0.20928893983364105,0.18591749668121338,0.18680442869663239
spectral,original,0,ensemble,train_070,2,2,0.21332785487174988,0.21337589621543884,0.20903828740119934,0.18358926475048065,0.1806686669588089
spectral,original,0,ensemble,train_071,4,4,0.21327321231365204,0.19916994869709015,0.2118045538663864,0.19363702833652496,0.18211525678634644
spectral,original,0,ensemble,train_072,4,4,0.2101428210735321,0.21387630701065063,0.20915623009204865,0.17489483952522278,0.19192978739738464
spectral,original,0,ensemble,train_073,2,2,0.21374545991420746,0.19738592207431793,0.21338000893592834,0.1960487961769104,0.17943987250328064
spectral,original,0,ensemble,train_074,3,3,0.21083736419677734,0.2213428020477295,0.20887650549411774,0.17586791515350342,0.1830754280090332
spectral,original,0,ensemble,train_075,2,2,0.2114311158657074,0.21725483238697052,0.20890803635120392,0.18102438747882843,0.18138164281845093
spectral,original,0,ensemble,train_076,2,2,0.20236055552959442,0.2299674153327942,0.20647811889648438,0.16479641199111938,0.19639749825000763
spectral,original,0,ensemble,train_077,3,3,0.21141542494297028,0.20622815191745758,0.21260102093219757,0.18733708560466766,0.1824183166027069
spectral,original,0,ensemble,train_078,3,3,0.20945478975772858,0.23451298475265503,0.2051500529050827,0.1582445502281189,0.1926375776529312
spectral,original,0,ensemble,train_079,2,2,0.20949533581733704,0.22352845966815948,0.20735704898834229,0.17352381348609924,0.1860954612493515
spectral,original,0,ensemble,train_080,1,1,0.20955462753772736,0.21784387528896332,0.20812998712062836,0.17344917356967926,0.1910223662853241
spectral,original,0,ensemble,train_081,3,3,0.21001343429088593,0.21887508034706116,0.209120973944664,0.1739422082901001,0.18804830312728882
spectral,original,0,ensemble,train_082,3,3,0.2047874629497528,0.22546322643756866,0.207890123128891,0.17012090981006622,0.19173835217952728
spectral,original,0,ensemble,train_083,1,1,0.20103387534618378,0.23008061945438385,0.20634494721889496,0.16016344726085663,0.2023770958185196
spectral,original,0,ensemble,train_084,5,5,0.21938420832157135,0.2066277265548706,0.20892232656478882,0.19153165817260742,0.173534095287323
spectral,original,0,ensemble,train_085,3,3,0.20996791124343872,0.2139836996793747,0.20928245782852173,0.17893777787685394,0.18782812356948853
spectral,original,0,ensemble,train_086,2,2,0.1992177516222,0.23767885565757751,0.20486070215702057,0.15536724030971527,0.20287545025348663
spectral,original,0,ensemble,train_087,3,3,0.21452011168003082,0.1968095749616623,0.21274396777153015,0.19655165076255798,0.17937472462654114
spectral,original,0,ensemble,train_088,2,2,0.2089564949274063,0.2226862758398056,0.20753271877765656,0.1692190319299698,0.19160552322864532
spectral,original,0,ensemble,train_089,2,2,0.20370499789714813,0.22265464067459106,0.2082211673259735,0.16725723445415497,0.19816195964813232
spectral,original,0,ensemble,train_090,4,4,0.20808404684066772,0.21745498478412628,0.20810918509960175,0.17537467181682587,0.1909770369529724
spectral,original,0,ensemble,train_091,2,2,0.21141482889652252,0.2184007614850998,0.20852190256118774,0.17820459604263306,0.18345792591571808
spectral,original,0,ensemble,train_092,2,2,0.21165044605731964,0.20429353415966034,0.2131613790988922,0.18883287906646729,0.18206173181533813
spectral,original,0,ensemble,train_093,3,3,0.2120812088251114,0.21748259663581848,0.20911085605621338,0.18018925189971924,0.1811361163854599
spectral,original,0,ensemble,train_094,3,3,0.20627793669700623,0.2213921695947647,0.20838531851768494,0.17217674851417542,0.1917678862810135
spectral,original,0,ensemble,train_095,3,3,0.21863918006420135,0.20854781568050385,0.20938150584697723,0.18985609710216522,0.17357535660266876
spectral,original,0,ensemble,train_096,2,2,0.21684569120407104,0.20854322612285614,0.20909957587718964,0.18912170827388763,0.17638975381851196
spectral,original,0,ensemble,train_097,3,3,0.20911605656147003,0.22872845828533173,0.20547130703926086,0.1614418923854828,0.19524230062961578
spectral,original,0,ensemble,train_098,1,1,0.21210484206676483,0.20325911045074463,0.21235328912734985,0.18964730203151703,0.18263548612594604
spectral,original,0,ensemble,train_099,3,3,0.21313506364822388,0.19901101291179657,0.21360886096954346,0.19478443264961243,0.1794605851173401
spectral,original,0,ensemble,train_100,5,5,0.2098056674003601,0.21419601142406464,0.2100144922733307,0.1781848967075348,0.18779893219470978
spectral,original,0,ensemble,train_101,2,2,0.21241819858551025,0.2016112506389618,0.2130422443151474,0.19219093024730682,0.18073733150959015
spectral,original,0,ensemble,train_102,2,2,0.21883860230445862,0.20911888778209686,0.20891045033931732,0.18914969265460968,0.1739823967218399
spectral,original,0,ensemble,train_103,3,3,0.21940642595291138,0.2050170600414276,0.20907610654830933,0.19295547902584076,0.1735449880361557
spectral,original,0,ensemble,train_104,1,1,0.21252083778381348,0.20271997153759003,0.2129579484462738,0.19006016850471497,0.18174101412296295
spectral,original,0,ensemble,train_105,4,4,0.2102026492357254,0.21261264383792877,0.20960663259029388,0.17732520401477814,0.19025284051895142
spectral,original,0,ensemble,train_106,1,1,0.20862239599227905,0.2160005122423172,0.20803751051425934,0.17753306031227112,0.18980655074119568
spectral,original,0,ensemble,train_107,3,3,0.2098875641822815,0.22055207192897797,0.2082703858613968,0.1759069412946701,0.18538308143615723
spectral,original,0,ensemble,train_108,1,1,0.21937665343284607,0.20608974993228912,0.20927946269512177,0.19108714163303375,0.17416702210903168
spectral,original,0,ensemble,train_109,3,3,0.21374131739139557,0.21261334419250488,0.20856456458568573,0.18476244807243347,0.18031829595565796
spectral,original,0,ensemble,train_110,1,1,0.2005092203617096,0.22670535743236542,0.20786355435848236,0.1622067391872406,0.20271506905555725
spectral,original,0,ensemble,train_111,3,3,0.21118201315402985,0.21971255540847778,0.2084203064441681,0.17757220566272736,0.18311290442943573
spectral,original,0,ensemble,train_112,1,1,0.20920345187187195,0.2225436419248581,0.20567947626113892,0.16481913626194,0.19775433838367462
spectral,original,0,ensemble,train_113,3,3,0.21160435676574707,0.20375454425811768,0.21118082106113434,0.1877882182598114,0.1856721043586731
spectral,original,0,ensemble,train_114,3,3,0.22264225780963898,0.20235058665275574,0.20927566289901733,0.19599808752536774,0.16973339021205902
spectral,original,0,ensemble,train_115,3,3,0.2127527892589569,0.20082005858421326,0.21422038972377777,0.1933792382478714,0.17882747948169708
spectral,original,0,ensemble,train_116,4,4,0.22383159399032593,0.19901281595230103,0.20829889178276062,0.19995452463626862,0.1689022183418274
spectral,original,0,ensemble,train_117,1,1,0.20251792669296265,0.2281353771686554,0.2075890451669693,0.16177694499492645,0.19998067617416382
spectral,original,0,ensemble,train_118,2,2,0.21858662366867065,0.20693115890026093,0.20979657769203186,0.19101034104824066,0.17367520928382874
spectral,original,0,ensemble,train_119,2,2,0.21190983057022095,0.20537059009075165,0.2126215249300003,0.18878932297229767,0.18130870163440704
spectral,original,0,ensemble,train_120,5,5,0.21549786627292633,0.21253183484077454,0.2094176709651947,0.18523375689983368,0.17731884121894836
spectral,corrected,0,42,train_001,2,2,0.20479826629161835,0.24634002149105072,0.20102804899215698,0.1425655633211136,0.20526809990406036
spectral,corrected,0,42,train_002,5,5,0.21576543152332306,0.19959726929664612,0.21349897980690002,0.19244986772537231,0.1786884069442749
spectral,corrected,0,42,train_003,2,2,0.20899730920791626,0.21396295726299286,0.21022602915763855,0.18302978575229645,0.18378396332263947
spectral,corrected,0,42,train_004,4,4,0.21361960470676422,0.203279510140419,0.2144608348608017,0.1875307708978653,0.18110933899879456
spectral,corrected,0,42,train_005,5,5,0.2143641859292984,0.2068587839603424,0.21090394258499146,0.1912299394607544,0.17664317786693573
spectral,corrected,0,42,train_006,2,2,0.21298372745513916,0.20355954766273499,0.2143377810716629,0.1872713267803192,0.18184758722782135
spectral,corrected,0,42,train_007,2,2,0.21393702924251556,0.20259250700473785,0.21339721977710724,0.188104048371315,0.18196919560432434
spectral,corrected,0,42,train_008,5,5,0.21092849969863892,0.21438872814178467,0.20981569588184357,0.17579558491706848,0.18907153606414795
spectral,corrected,0,42,train_009,3,3,0.21510286629199982,0.20655858516693115,0.21194736659526825,0.19120177626609802,0.17518942058086395
spectral,corrected,0,42,train_010,2,2,0.21106581389904022,0.2121160328388214,0.21039295196533203,0.18544970452785492,0.18097549676895142
spectral,corrected,0,42,train_011,3,3,0.2127455472946167,0.2042752504348755,0.21321579813957214,0.18610985577106476,0.18365351855754852
spectral,corrected,0,42,train_012,5,5,0.2109583169221878,0.21117942035198212,0.21122337877750397,0.17724838852882385,0.18939055502414703
spectral,corrected,0,42,train_013,2,2,0.21404480934143066,0.2073187530040741,0.21225816011428833,0.19035789370536804,0.17602044343948364
spectral,corrected,0,42,train_014,5,5,0.21562322974205017,0.19593828916549683,0.21504727005958557,0.19472435116767883,0.17866690456867218
spectral,corrected,0,42,train_015,3,3,0.21181727945804596,0.21157942712306976,0.2121121883392334,0.17947138845920563,0.18501973152160645
spectral,corrected,0,42,train_016,4,4,0.21420103311538696,0.20354481041431427,0.2145514041185379,0.1868269443511963,0.18087583780288696
spectral,corrected,0,42,train_017,2,2,0.20066013932228088,0.2254372090101242,0.20804588496685028,0.16790223121643066,0.19795456528663635
spectral,corrected,0,42,train_018,5,5,0.20698034763336182,0.2133321613073349,0.21010184288024902,0.18222250044345856,0.18736308813095093
spectral,corrected,0,42,train_019,3,3,0.2118605524301529,0.20732621848583221,0.21299822628498077,0.18346652388572693,0.18434850871562958
spectral,corrected,0,42,train_020,2,2,0.21355748176574707,0.20459282398223877,0.21397994458675385,0.18637247383594513,0.1814972460269928
spectral,corrected,0,42,train_021,5,5,0.21734164655208588,0.19265452027320862,0.21453553438186646,0.19834673404693604,0.17712153494358063
spectral,corrected,0,42,train_022,5,4,0.203375905752182,0.21774615347385406,0.20864945650100708,0.17661821842193604,0.19361034035682678
spectral,corrected,0,42,train_023,3,3,0.21547813713550568,0.2064017653465271,0.2112111896276474,0.19142240285873413,0.17548653483390808
spectral,corrected,0,42,train_024,5,5,0.2054586410522461,0.21304559707641602,0.20861545205116272,0.18263094127178192,0.19024939835071564
spectral,corrected,0,42,train_025,5,5,0.20837590098381042,0.2164655327796936,0.20971046388149261,0.18101181089878082,0.18443629145622253
spectral,corrected,0,42,train_026,3,3,0.2148991972208023,0.20616072416305542,0.210879847407341,0.1919630616903305,0.17609724402427673
spectral,corrected,0,42,train_027,2,2,0.19840008020401,0.22832061350345612,0.20536364614963531,0.16743193566799164,0.2004837691783905
spectral,corrected,0,42,train_028,4,4,0.21534964442253113,0.20594018697738647,0.21225787699222565,0.19199322164058685,0.17445911467075348
spectral,corrected,0,42,train_029,2,2,0.20483024418354034,0.24342945218086243,0.20158754289150238,0.1451818346977234,0.2049708515405655
spectral,corrected,0,42,train_030,5,5,0.21085096895694733,0.2133527398109436,0.21002434194087982,0.17649999260902405,0.189271941781044
spectral,corrected,0,42,train_031,4,4,0.21798017621040344,0.200596421957016,0.21169491112232208,0.19697149097919464,0.17275704443454742
spectral,corrected,0,42,train_032,3,3,0.21093370020389557,0.2104017734527588,0.21091099083423615,0.18727758526802063,0.18047595024108887
spectral,corrected,0,42,train_033,1,1,0.201163187623024,0.22031818330287933,0.2080574482679367,0.17287293076515198,0.19758830964565277
spectral,corrected,0,42,train_034,2,2,0.21288572251796722,0.20225051045417786,0.21461845934391022,0.18922248482704163,0.1810227483510971
spectral,corrected,0,42,train_035,2,2,0.19843052327632904,0.22466932237148285,0.20759081840515137,0.16566118597984314,0.2036481499671936
spectral,corrected,0,42,train_036,2,2,0.2130710333585739,0.20588552951812744,0.21313507854938507,0.185395747423172,0.18251264095306396
spectral,corrected,0,42,train_037,2,2,0.2023583948612213,0.22564521431922913,0.20732381939888,0.1709906905889511,0.19368189573287964
spectral,corrected,0,42,train_038,3,3,0.21018412709236145,0.20691919326782227,0.2086849957704544,0.18931496143341064,0.1848967969417572
spectral,corrected,0,42,train_039,3,3,0.21145910024642944,0.2075549066066742,0.2098718285560608,0.18922656774520874,0.18188755214214325
spectral,corrected,0,42,train_040,2,2,0.19970566034317017,0.2296960949897766,0.20614680647850037,0.1678028255701065,0.19664862751960754
spectral,corrected,0,42,train_041,3,3,0.21272413432598114,0.2084234356880188,0.21111977100372314,0.18930108845233917,0.17843151092529297
spectral,corrected,0,42,train_042,5,2,0.20884282886981964,0.22254599630832672,0.20834869146347046,0.1640615463256836,0.19620099663734436
spectral,corrected,0,42,train_043,4,4,0.216631680727005,0.20561204850673676,0.2120545208454132,0.1924504041671753,0.17325128614902496
spectral,corrected,0,42,train_044,3,3,0.21223053336143494,0.2084975391626358,0.21198296546936035,0.18214310705661774,0.18514589965343475
spectral,corrected,0,42,train_045,3,3,0.21422478556632996,0.20700812339782715,0.2116711288690567,0.1906961053609848,0.1763998419046402
spectral,corrected,0,42,train_046,4,4,0.2185240536928177,0.20164050161838531,0.21218016743659973,0.19660940766334534,0.17104589939117432
spectral,corrected,0,42,train_047,2,2,0.2084718495607376,0.2150118499994278,0.21001063287258148,0.18239854276180267,0.18410709500312805
spectral,corrected,0,42,train_048,4,4,0.21644119918346405,0.1953807920217514,0.21522191166877747,0.19594694674015045,0.17700913548469543
spectral,corrected,0,42,train_049,2,2,0.2124183177947998,0.20815761387348175,0.21244674921035767,0.18284332752227783,0.18413394689559937
spectral,corrected,0,42,train_050,3,4,0.2144271582365036,0.20094463229179382,0.21449874341487885,0.19021375477313995,0.1799156665802002
spectral,corrected,0,42,train_051,3,3,0.20948795974254608,0.21205832064151764,0.21049615740776062,0.18502789735794067,0.18292967975139618
spectral,corrected,0,42,train_052,3,3,0.21603912115097046,0.19625964760780334,0.2150624841451645,0.19449956715106964,0.17813920974731445
spectral,corrected,0,42,train_053,3,3,0.21016988158226013,0.21804171800613403,0.21089211106300354,0.17277677357196808,0.188119575381279
spectral,corrected,0,42,train_054,2,2,0.21250832080841064,0.20554573833942413,0.2129269689321518,0.18488556146621704,0.18413345515727997
spectral,corrected,0,42,train_055,3,3,0.21701061725616455,0.19349831342697144,0.21473288536071777,0.19734984636306763,0.1774083375930786
spectral,corrected,0,42,train_056,1,1,0.2135086953639984,0.20615869760513306,0.21318553388118744,0.18374091386795044,0.18340620398521423
spectral,corrected,0,42,train_057,1,1,0.2141643762588501,0.20716454088687897,0.21177569031715393,0.19061745703220367,0.17627784609794617
spectral,corrected,0,42,train_058,1,1,0.21325311064720154,0.20406121015548706,0.21342533826828003,0.18615731596946716,0.18310299515724182
spectral,corrected,0,42,train_059,2,2,0.20293530821800232,0.2153308093547821,0.20843471586704254,0.17811188101768494,0.1951872557401657
spectral,corrected,0,42,train_060,3,3,0.21171657741069794,0.2076210081577301,0.21148736774921417,0.1814151257276535,0.1877599060535431
spectral,corrected,0,42,train_061,2,2,0.2097657173871994,0.21278154850006104,0.2114734649658203,0.17726098001003265,0.18871822953224182
spectral,corrected,0,42,train_062,3,3,0.20947851240634918,0.21787825226783752,0.2099931538105011,0.1712666153907776,0.19138352572917938
spectral,corrected,0,42,train_063,2,2,0.20858752727508545,0.22285135090351105,0.20741668343544006,0.16554158926010132,0.19560280442237854
spectral,corrected,0,42,train_064,2,2,0.21161428093910217,0.20859910547733307,0.21278640627861023,0.18216367065906525,0.1848365068435669
spectral,corrected,0,42,train_065,3,3,0.2120332270860672,0.20659135282039642,0.212423175573349,0.1838071048259735,0.18514522910118103
spectral,corrected,0,42,train_066,2,2,0.21398189663887024,0.20106002688407898,0.21474310755729675,0.18970224261283875,0.18051280081272125
spectral,corrected,0,42,train_067,3,3,0.2143360674381256,0.20301242172718048,0.21214014291763306,0.1875118911266327,0.18299950659275055
spectral,corrected,0,42,train_068,3,3,0.2117932289838791,0.21209974586963654,0.21048229932785034,0.18642638623714447,0.17919835448265076
spectral,corrected,0,42,train_069,2,2,0.21250130236148834,0.20590172708034515,0.20990483462810516,0.18348999321460724,0.1882021129131317
spectral,corrected,0,42,train_070,2,2,0.20928889513015747,0.21295903623104095,0.21045179665088654,0.18409283459186554,0.1832074522972107
spectral,corrected,0,42,train_071,4,4,0.21488989889621735,0.1983737051486969,0.21245087683200836,0.1917395293712616,0.1825459599494934
spectral,corrected,0,42,train_072,4,4,0.20989374816417694,0.2144816517829895,0.20976172387599945,0.17191606760025024,0.19394680857658386
spectral,corrected,0,42,train_073,2,2,0.2159055769443512,0.19620081782341003,0.21400786936283112,0.1945028454065323,0.17938292026519775
spectral,corrected,0,42,train_074,3,3,0.2067793309688568,0.2213628888130188,0.209610253572464,0.1762704700231552,0.1859770268201828
spectral,corrected,0,42,train_075,2,2,0.20722399652004242,0.21697255969047546,0.21023038029670715,0.18155482411384583,0.18401826918125153
spectral,corrected,0,42,train_076,2,2,0.19781075417995453,0.23057235777378082,0.205924853682518,0.1656094789505005,0.20008254051208496
spectral,corrected,0,42,train_077,3,3,0.21295636892318726,0.2053990513086319,0.2132888287305832,0.1854550689458847,0.18290065228939056
spectral,corrected,0,42,train_078,2,3,0.20771747827529907,0.23614263534545898,0.20549644529819489,0.1546766459941864,0.19596676528453827
spectral,corrected,0,42,train_079,2,2,0.20522363483905792,0.2236699014902115,0.2078392207622528,0.17405734956264496,0.18920990824699402
spectral,corrected,0,42,train_080,3,1,0.20923614501953125,0.21846036612987518,0.20872561633586884,0.17038579285144806,0.19319204986095428
spectral,corrected,0,42,train_081,3,3,0.21002641320228577,0.21908681094646454,0.20968829095363617,0.17133018374443054,0.18986822664737701
spectral,corrected,0,42,train_082,3,3,0.20039939880371094,0.22574834525585175,0.2079916149377823,0.17087391018867493,0.1949867308139801
spectral,corrected,0,42,train_083,2,1,0.1966003030538559,0.23068325221538544,0.20524854958057404,0.16095486283302307,0.20651304721832275
spectral,corrected,0,42,train_084,5,5,0.2152114361524582,0.20585264265537262,0.21128201484680176,0.19203700125217438,0.17561691999435425
spectral,corrected,0,42,train_085,3,3,0.2102196365594864,0.2139623761177063,0.2099321186542511,0.17647966742515564,0.18940624594688416
spectral,corrected,0,42,train_086,2,2,0.19482970237731934,0.23849089443683624,0.20345701277256012,0.15587183833122253,0.20735058188438416
spectral,corrected,0,42,train_087,3,3,0.21649961173534393,0.1956835687160492,0.2133614718914032,0.19502639770507812,0.17942899465560913
spectral,corrected,0,42,train_088,3,2,0.20832733809947968,0.22349724173545837,0.20808272063732147,0.1660805493593216,0.19401217997074127
spectral,corrected,0,42,train_089,2,2,0.19923114776611328,0.22290678322315216,0.20791934430599213,0.1682116836309433,0.20173102617263794
spectral,corrected,0,42,train_090,4,4,0.20361652970314026,0.21745234727859497,0.2086135596036911,0.17641043663024902,0.19390711188316345
spectral,corrected,0,42,train_091,2,2,0.2071361094713211,0.2183278203010559,0.20947404205799103,0.178880974650383,0.18618105351924896
spectral,corrected,0,42,train_092,2,2,0.2133198231458664,0.2033940851688385,0.21383073925971985,0.18704162538051605,0.1824137270450592
spectral,corrected,0,42,train_093,3,3,0.20779696106910706,0.21733440458774567,0.2103821337223053,0.18084055185317993,0.18364593386650085
spectral,corrected,0,42,train_094,3,3,0.2020503133535385,0.2215130776166916,0.2085520625114441,0.17292842268943787,0.19495610892772675
spectral,corrected,0,42,train_095,3,3,0.21455009281635284,0.2078516036272049,0.21159996092319489,0.19027918577194214,0.1757192313671112
spectral,corrected,0,42,train_096,2,2,0.21268759667873383,0.2078719437122345,0.2111850380897522,0.189722940325737,0.17853251099586487
spectral,corrected,0,42,train_097,3,3,0.207473024725914,0.23037461936473846,0.2058873176574707,0.1576923429965973,0.19857269525527954
spectral,corrected,0,42,train_098,3,1,0.21360720694065094,0.20252002775669098,0.21303139626979828,0.18770751357078552,0.1831337958574295
spectral,corrected,0,42,train_099,3,3,0.21525076031684875,0.19778676331043243,0.21425415575504303,0.19328664243221283,0.17942161858081818
spectral,corrected,0,42,train_100,5,5,0.210281103849411,0.21427543461322784,0.21071748435497284,0.17550227046012878,0.1892237365245819
spectral,corrected,0,42,train_101,3,2,0.21417032182216644,0.20060138404369354,0.21370737254619598,0.19052869081497192,0.1809922307729721
spectral,corrected,0,42,train_102,2,2,0.21466301381587982,0.20848797261714935,0.21107777953147888,0.18968193233013153,0.17608928680419922
spectral,corrected,0,42,train_103,3,3,0.21534934639930725,0.20416095852851868,0.2114402949810028,0.19340288639068604,0.1756465584039688
spectral,corrected,0,42,train_104,1,1,0.21410509943962097,0.20182828605175018,0.21358761191368103,0.1883542239665985,0.1821248084306717
spectral,corrected,0,42,train_105,4,4,0.21035684645175934,0.21288388967514038,0.21023179590702057,0.17459766566753387,0.19192972779273987
spectral,corrected,0,42,train_106,1,1,0.2044219672679901,0.2157592475414276,0.2087164968252182,0.1783587485551834,0.19274352490901947
spectral,corrected,0,42,train_107,3,3,0.2056768387556076,0.22054465115070343,0.20895665884017944,0.1764822006225586,0.18833965063095093
spectral,corrected,0,42,train_108,1,1,0.21544234454631805,0.20534926652908325,0.21139249205589294,0.19147910177707672,0.17633678019046783
spectral,corrected,0,42,train_109,3,3,0.2096841037273407,0.21212179958820343,0.21006785333156586,0.18525955080986023,0.18286675214767456
spectral,corrected,0,42,train_110,1,1,0.19602364301681519,0.22717085480690002,0.20697687566280365,0.16314204037189484,0.2066866010427475
spectral,corrected,0,42,train_111,3,3,0.20695112645626068,0.21963855624198914,0.20934206247329712,0.17811617255210876,0.1859520971775055
spectral,corrected,0,42,train_112,1,1,0.20749612152576447,0.22407296299934387,0.20608292520046234,0.1611831933259964,0.20116478204727173
spectral,corrected,0,42,train_113,4,3,0.21272927522659302,0.2033916413784027,0.21186566352844238,0.18545320630073547,0.18656021356582642
spectral,corrected,0,42,train_114,3,3,0.21857185661792755,0.2013799548149109,0.21203455328941345,0.19637618958950043,0.1716374158859253
spectral,corrected,0,42,train_115,3,3,0.2148662656545639,0.19953005015850067,0.21489465236663818,0.19193035364151,0.17877864837646484
spectral,corrected,0,42,train_116,4,4,0.21973438560962677,0.1978532075881958,0.211247980594635,0.20033647119998932,0.17082801461219788
spectral,corrected,0,42,train_117,1,1,0.19798892736434937,0.22880199551582336,0.2066313773393631,0.1626419574022293,0.2039356827735901
spectral,corrected,0,42,train_118,2,2,0.2144797146320343,0.2061983197927475,0.21210703253746033,0.19154426455497742,0.17567069828510284
spectral,corrected,0,42,train_119,2,2,0.213700070977211,0.2044225037097931,0.2133253514766693,0.18693304061889648,0.1816190928220749
spectral,corrected,0,42,train_120,5,5,0.2115156203508377,0.2120599001646042,0.21112865209579468,0.18565905094146729,0.17963683605194092
spectral,corrected,0,ensemble,train_001,2,2,0.20479826629161835,0.24634002149105072,0.20102804899215698,0.1425655633211136,0.20526809990406036
spectral,corrected,0,ensemble,train_002,5,5,0.21576543152332306,0.19959726929664612,0.21349897980690002,0.19244986772537231,0.1786884069442749
spectral,corrected,0,ensemble,train_003,2,2,0.20899730920791626,0.21396295726299286,0.21022602915763855,0.18302978575229645,0.18378396332263947
spectral,corrected,0,ensemble,train_004,4,4,0.21361960470676422,0.203279510140419,0.2144608348608017,0.1875307708978653,0.18110933899879456
spectral,corrected,0,ensemble,train_005,5,5,0.2143641859292984,0.2068587839603424,0.21090394258499146,0.1912299394607544,0.17664317786693573
spectral,corrected,0,ensemble,train_006,2,2,0.21298372745513916,0.20355954766273499,0.2143377810716629,0.1872713267803192,0.18184758722782135
spectral,corrected,0,ensemble,train_007,2,2,0.21393702924251556,0.20259250700473785,0.21339721977710724,0.188104048371315,0.18196919560432434
spectral,corrected,0,ensemble,train_008,5,5,0.21092849969863892,0.21438872814178467,0.20981569588184357,0.17579558491706848,0.18907153606414795
spectral,corrected,0,ensemble,train_009,3,3,0.21510286629199982,0.20655858516693115,0.21194736659526825,0.19120177626609802,0.17518942058086395
spectral,corrected,0,ensemble,train_010,2,2,0.21106581389904022,0.2121160328388214,0.21039295196533203,0.18544970452785492,0.18097549676895142
spectral,corrected,0,ensemble,train_011,3,3,0.2127455472946167,0.2042752504348755,0.21321579813957214,0.18610985577106476,0.18365351855754852
spectral,corrected,0,ensemble,train_012,5,5,0.2109583169221878,0.21117942035198212,0.21122337877750397,0.17724838852882385,0.18939055502414703
spectral,corrected,0,ensemble,train_013,2,2,0.21404480934143066,0.2073187530040741,0.21225816011428833,0.19035789370536804,0.17602044343948364
spectral,corrected,0,ensemble,train_014,5,5,0.21562322974205017,0.19593828916549683,0.21504727005958557,0.19472435116767883,0.17866690456867218
spectral,corrected,0,ensemble,train_015,3,3,0.21181727945804596,0.21157942712306976,0.2121121883392334,0.17947138845920563,0.18501973152160645
spectral,corrected,0,ensemble,train_016,4,4,0.21420103311538696,0.20354481041431427,0.2145514041185379,0.1868269443511963,0.18087583780288696
spectral,corrected,0,ensemble,train_017,2,2,0.20066013932228088,0.2254372090101242,0.20804588496685028,0.16790223121643066,0.19795456528663635
spectral,corrected,0,ensemble,train_018,5,5,0.20698034763336182,0.2133321613073349,0.21010184288024902,0.18222250044345856,0.18736308813095093
spectral,corrected,0,ensemble,train_019,3,3,0.2118605524301529,0.20732621848583221,0.21299822628498077,0.18346652388572693,0.18434850871562958
spectral,corrected,0,ensemble,train_020,2,2,0.21355748176574707,0.20459282398223877,0.21397994458675385,0.18637247383594513,0.1814972460269928
spectral,corrected,0,ensemble,train_021,5,5,0.21734164655208588,0.19265452027320862,0.21453553438186646,0.19834673404693604,0.17712153494358063
spectral,corrected,0,ensemble,train_022,5,4,0.203375905752182,0.21774615347385406,0.20864945650100708,0.17661821842193604,0.19361034035682678
spectral,corrected,0,ensemble,train_023,3,3,0.21547813713550568,0.2064017653465271,0.2112111896276474,0.19142240285873413,0.17548653483390808
spectral,corrected,0,ensemble,train_024,5,5,0.2054586410522461,0.21304559707641602,0.20861545205116272,0.18263094127178192,0.19024939835071564
spectral,corrected,0,ensemble,train_025,5,5,0.20837590098381042,0.2164655327796936,0.20971046388149261,0.18101181089878082,0.18443629145622253
spectral,corrected,0,ensemble,train_026,3,3,0.2148991972208023,0.20616072416305542,0.210879847407341,0.1919630616903305,0.17609724402427673
spectral,corrected,0,ensemble,train_027,2,2,0.19840008020401,0.22832061350345612,0.20536364614963531,0.16743193566799164,0.2004837691783905
spectral,corrected,0,ensemble,train_028,4,4,0.21534964442253113,0.20594018697738647,0.21225787699222565,0.19199322164058685,0.17445911467075348
spectral,corrected,0,ensemble,train_029,2,2,0.20483024418354034,0.24342945218086243,0.20158754289150238,0.1451818346977234,0.2049708515405655
spectral,corrected,0,ensemble,train_030,5,5,0.21085096895694733,0.2133527398109436,0.21002434194087982,0.17649999260902405,0.189271941781044
spectral,corrected,0,ensemble,train_031,4,4,0.21798017621040344,0.200596421957016,0.21169491112232208,0.19697149097919464,0.17275704443454742
spectral,corrected,0,ensemble,train_032,3,3,0.21093370020389557,0.2104017734527588,0.21091099083423615,0.18727758526802063,0.18047595024108887
spectral,corrected,0,ensemble,train_033,1,1,0.201163187623024,0.22031818330287933,0.2080574482679367,0.17287293076515198,0.19758830964565277
spectral,corrected,0,ensemble,train_034,2,2,0.21288572251796722,0.20225051045417786,0.21461845934391022,0.18922248482704163,0.1810227483510971
spectral,corrected,0,ensemble,train_035,2,2,0.19843052327632904,0.22466932237148285,0.20759081840515137,0.16566118597984314,0.2036481499671936
spectral,corrected,0,ensemble,train_036,2,2,0.2130710333585739,0.20588552951812744,0.21313507854938507,0.185395747423172,0.18251264095306396
spectral,corrected,0,ensemble,train_037,2,2,0.2023583948612213,0.22564521431922913,0.20732381939888,0.1709906905889511,0.19368189573287964
spectral,corrected,0,ensemble,train_038,3,3,0.21018412709236145,0.20691919326782227,0.2086849957704544,0.18931496143341064,0.1848967969417572
spectral,corrected,0,ensemble,train_039,3,3,0.21145910024642944,0.2075549066066742,0.2098718285560608,0.18922656774520874,0.18188755214214325
spectral,corrected,0,ensemble,train_040,2,2,0.19970566034317017,0.2296960949897766,0.20614680647850037,0.1678028255701065,0.19664862751960754
spectral,corrected,0,ensemble,train_041,3,3,0.21272413432598114,0.2084234356880188,0.21111977100372314,0.18930108845233917,0.17843151092529297
spectral,corrected,0,ensemble,train_042,5,2,0.20884282886981964,0.22254599630832672,0.20834869146347046,0.1640615463256836,0.19620099663734436
spectral,corrected,0,ensemble,train_043,4,4,0.216631680727005,0.20561204850673676,0.2120545208454132,0.1924504041671753,0.17325128614902496
spectral,corrected,0,ensemble,train_044,3,3,0.21223053336143494,0.2084975391626358,0.21198296546936035,0.18214310705661774,0.18514589965343475
spectral,corrected,0,ensemble,train_045,3,3,0.21422478556632996,0.20700812339782715,0.2116711288690567,0.1906961053609848,0.1763998419046402
spectral,corrected,0,ensemble,train_046,4,4,0.2185240536928177,0.20164050161838531,0.21218016743659973,0.19660940766334534,0.17104589939117432
spectral,corrected,0,ensemble,train_047,2,2,0.2084718495607376,0.2150118499994278,0.21001063287258148,0.18239854276180267,0.18410709500312805
spectral,corrected,0,ensemble,train_048,4,4,0.21644119918346405,0.1953807920217514,0.21522191166877747,0.19594694674015045,0.17700913548469543
spectral,corrected,0,ensemble,train_049,2,2,0.2124183177947998,0.20815761387348175,0.21244674921035767,0.18284332752227783,0.18413394689559937
spectral,corrected,0,ensemble,train_050,3,4,0.2144271582365036,0.20094463229179382,0.21449874341487885,0.19021375477313995,0.1799156665802002
spectral,corrected,0,ensemble,train_051,3,3,0.20948795974254608,0.21205832064151764,0.21049615740776062,0.18502789735794067,0.18292967975139618
spectral,corrected,0,ensemble,train_052,3,3,0.21603912115097046,0.19625964760780334,0.2150624841451645,0.19449956715106964,0.17813920974731445
spectral,corrected,0,ensemble,train_053,3,3,0.21016988158226013,0.21804171800613403,0.21089211106300354,0.17277677357196808,0.188119575381279
spectral,corrected,0,ensemble,train_054,2,2,0.21250832080841064,0.20554573833942413,0.2129269689321518,0.18488556146621704,0.18413345515727997
spectral,corrected,0,ensemble,train_055,3,3,0.21701061725616455,0.19349831342697144,0.21473288536071777,0.19734984636306763,0.1774083375930786
spectral,corrected,0,ensemble,train_056,1,1,0.2135086953639984,0.20615869760513306,0.21318553388118744,0.18374091386795044,0.18340620398521423
spectral,corrected,0,ensemble,train_057,1,1,0.2141643762588501,0.20716454088687897,0.21177569031715393,0.19061745703220367,0.17627784609794617
spectral,corrected,0,ensemble,train_058,1,1,0.21325311064720154,0.20406121015548706,0.21342533826828003,0.18615731596946716,0.18310299515724182
spectral,corrected,0,ensemble,train_059,2,2,0.20293530821800232,0.2153308093547821,0.20843471586704254,0.17811188101768494,0.1951872557401657
spectral,corrected,0,ensemble,train_060,3,3,0.21171657741069794,0.2076210081577301,0.21148736774921417,0.1814151257276535,0.1877599060535431
spectral,corrected,0,ensemble,train_061,2,2,0.2097657173871994,0.21278154850006104,0.2114734649658203,0.17726098001003265,0.18871822953224182
spectral,corrected,0,ensemble,train_062,3,3,0.20947851240634918,0.21787825226783752,0.2099931538105011,0.1712666153907776,0.19138352572917938
spectral,corrected,0,ensemble,train_063,2,2,0.20858752727508545,0.22285135090351105,0.20741668343544006,0.16554158926010132,0.19560280442237854
spectral,corrected,0,ensemble,train_064,2,2,0.21161428093910217,0.20859910547733307,0.21278640627861023,0.18216367065906525,0.1848365068435669
spectral,corrected,0,ensemble,train_065,3,3,0.2120332270860672,0.20659135282039642,0.212423175573349,0.1838071048259735,0.18514522910118103
spectral,corrected,0,ensemble,train_066,2,2,0.21398189663887024,0.20106002688407898,0.21474310755729675,0.18970224261283875,0.18051280081272125
spectral,corrected,0,ensemble,train_067,3,3,0.2143360674381256,0.20301242172718048,0.21214014291763306,0.1875118911266327,0.18299950659275055
spectral,corrected,0,ensemble,train_068,3,3,0.2117932289838791,0.21209974586963654,0.21048229932785034,0.18642638623714447,0.17919835448265076
spectral,corrected,0,ensemble,train_069,2,2,0.21250130236148834,0.20590172708034515,0.20990483462810516,0.18348999321460724,0.1882021129131317
spectral,corrected,0,ensemble,train_070,2,2,0.20928889513015747,0.21295903623104095,0.21045179665088654,0.18409283459186554,0.1832074522972107
spectral,corrected,0,ensemble,train_071,4,4,0.21488989889621735,0.1983737051486969,0.21245087683200836,0.1917395293712616,0.1825459599494934
spectral,corrected,0,ensemble,train_072,4,4,0.20989374816417694,0.2144816517829895,0.20976172387599945,0.17191606760025024,0.19394680857658386
spectral,corrected,0,ensemble,train_073,2,2,0.2159055769443512,0.19620081782341003,0.21400786936283112,0.1945028454065323,0.17938292026519775
spectral,corrected,0,ensemble,train_074,3,3,0.2067793309688568,0.2213628888130188,0.209610253572464,0.1762704700231552,0.1859770268201828
spectral,corrected,0,ensemble,train_075,2,2,0.20722399652004242,0.21697255969047546,0.21023038029670715,0.18155482411384583,0.18401826918125153
spectral,corrected,0,ensemble,train_076,2,2,0.19781075417995453,0.23057235777378082,0.205924853682518,0.1656094789505005,0.20008254051208496
spectral,corrected,0,ensemble,train_077,3,3,0.21295636892318726,0.2053990513086319,0.2132888287305832,0.1854550689458847,0.18290065228939056
spectral,corrected,0,ensemble,train_078,2,3,0.20771747827529907,0.23614263534545898,0.20549644529819489,0.1546766459941864,0.19596676528453827
spectral,corrected,0,ensemble,train_079,2,2,0.20522363483905792,0.2236699014902115,0.2078392207622528,0.17405734956264496,0.18920990824699402
spectral,corrected,0,ensemble,train_080,3,1,0.20923614501953125,0.21846036612987518,0.20872561633586884,0.17038579285144806,0.19319204986095428
spectral,corrected,0,ensemble,train_081,3,3,0.21002641320228577,0.21908681094646454,0.20968829095363617,0.17133018374443054,0.18986822664737701
spectral,corrected,0,ensemble,train_082,3,3,0.20039939880371094,0.22574834525585175,0.2079916149377823,0.17087391018867493,0.1949867308139801
spectral,corrected,0,ensemble,train_083,2,1,0.1966003030538559,0.23068325221538544,0.20524854958057404,0.16095486283302307,0.20651304721832275
spectral,corrected,0,ensemble,train_084,5,5,0.2152114361524582,0.20585264265537262,0.21128201484680176,0.19203700125217438,0.17561691999435425
spectral,corrected,0,ensemble,train_085,3,3,0.2102196365594864,0.2139623761177063,0.2099321186542511,0.17647966742515564,0.18940624594688416
spectral,corrected,0,ensemble,train_086,2,2,0.19482970237731934,0.23849089443683624,0.20345701277256012,0.15587183833122253,0.20735058188438416
spectral,corrected,0,ensemble,train_087,3,3,0.21649961173534393,0.1956835687160492,0.2133614718914032,0.19502639770507812,0.17942899465560913
spectral,corrected,0,ensemble,train_088,3,2,0.20832733809947968,0.22349724173545837,0.20808272063732147,0.1660805493593216,0.19401217997074127
spectral,corrected,0,ensemble,train_089,2,2,0.19923114776611328,0.22290678322315216,0.20791934430599213,0.1682116836309433,0.20173102617263794
spectral,corrected,0,ensemble,train_090,4,4,0.20361652970314026,0.21745234727859497,0.2086135596036911,0.17641043663024902,0.19390711188316345
spectral,corrected,0,ensemble,train_091,2,2,0.2071361094713211,0.2183278203010559,0.20947404205799103,0.178880974650383,0.18618105351924896
spectral,corrected,0,ensemble,train_092,2,2,0.2133198231458664,0.2033940851688385,0.21383073925971985,0.18704162538051605,0.1824137270450592
spectral,corrected,0,ensemble,train_093,3,3,0.20779696106910706,0.21733440458774567,0.2103821337223053,0.18084055185317993,0.18364593386650085
spectral,corrected,0,ensemble,train_094,3,3,0.2020503133535385,0.2215130776166916,0.2085520625114441,0.17292842268943787,0.19495610892772675
spectral,corrected,0,ensemble,train_095,3,3,0.21455009281635284,0.2078516036272049,0.21159996092319489,0.19027918577194214,0.1757192313671112
spectral,corrected,0,ensemble,train_096,2,2,0.21268759667873383,0.2078719437122345,0.2111850380897522,0.189722940325737,0.17853251099586487
spectral,corrected,0,ensemble,train_097,3,3,0.207473024725914,0.23037461936473846,0.2058873176574707,0.1576923429965973,0.19857269525527954
spectral,corrected,0,ensemble,train_098,3,1,0.21360720694065094,0.20252002775669098,0.21303139626979828,0.18770751357078552,0.1831337958574295
spectral,corrected,0,ensemble,train_099,3,3,0.21525076031684875,0.19778676331043243,0.21425415575504303,0.19328664243221283,0.17942161858081818
spectral,corrected,0,ensemble,train_100,5,5,0.210281103849411,0.21427543461322784,0.21071748435497284,0.17550227046012878,0.1892237365245819
spectral,corrected,0,ensemble,train_101,3,2,0.21417032182216644,0.20060138404369354,0.21370737254619598,0.19052869081497192,0.1809922307729721
spectral,corrected,0,ensemble,train_102,2,2,0.21466301381587982,0.20848797261714935,0.21107777953147888,0.18968193233013153,0.17608928680419922
spectral,corrected,0,ensemble,train_103,3,3,0.21534934639930725,0.20416095852851868,0.2114402949810028,0.19340288639068604,0.1756465584039688
spectral,corrected,0,ensemble,train_104,1,1,0.21410509943962097,0.20182828605175018,0.21358761191368103,0.1883542239665985,0.1821248084306717
spectral,corrected,0,ensemble,train_105,4,4,0.21035684645175934,0.21288388967514038,0.21023179590702057,0.17459766566753387,0.19192972779273987
spectral,corrected,0,ensemble,train_106,1,1,0.2044219672679901,0.2157592475414276,0.2087164968252182,0.1783587485551834,0.19274352490901947
spectral,corrected,0,ensemble,train_107,3,3,0.2056768387556076,0.22054465115070343,0.20895665884017944,0.1764822006225586,0.18833965063095093
spectral,corrected,0,ensemble,train_108,1,1,0.21544234454631805,0.20534926652908325,0.21139249205589294,0.19147910177707672,0.17633678019046783
spectral,corrected,0,ensemble,train_109,3,3,0.2096841037273407,0.21212179958820343,0.21006785333156586,0.18525955080986023,0.18286675214767456
spectral,corrected,0,ensemble,train_110,1,1,0.19602364301681519,0.22717085480690002,0.20697687566280365,0.16314204037189484,0.2066866010427475
spectral,corrected,0,ensemble,train_111,3,3,0.20695112645626068,0.21963855624198914,0.20934206247329712,0.17811617255210876,0.1859520971775055
spectral,corrected,0,ensemble,train_112,1,1,0.20749612152576447,0.22407296299934387,0.20608292520046234,0.1611831933259964,0.20116478204727173
spectral,corrected,0,ensemble,train_113,4,3,0.21272927522659302,0.2033916413784027,0.21186566352844238,0.18545320630073547,0.18656021356582642
spectral,corrected,0,ensemble,train_114,3,3,0.21857185661792755,0.2013799548149109,0.21203455328941345,0.19637618958950043,0.1716374158859253
spectral,corrected,0,ensemble,train_115,3,3,0.2148662656545639,0.19953005015850067,0.21489465236663818,0.19193035364151,0.17877864837646484
spectral,corrected,0,ensemble,train_116,4,4,0.21973438560962677,0.1978532075881958,0.211247980594635,0.20033647119998932,0.17082801461219788
spectral,corrected,0,ensemble,train_117,1,1,0.19798892736434937,0.22880199551582336,0.2066313773393631,0.1626419574022293,0.2039356827735901
spectral,corrected,0,ensemble,train_118,2,2,0.2144797146320343,0.2061983197927475,0.21210703253746033,0.19154426455497742,0.17567069828510284
spectral,corrected,0,ensemble,train_119,2,2,0.213700070977211,0.2044225037097931,0.2133253514766693,0.18693304061889648,0.1816190928220749
spectral,corrected,0,ensemble,train_120,5,5,0.2115156203508377,0.2120599001646042,0.21112865209579468,0.18565905094146729,0.17963683605194092
depth,original,0,42,train_001,2,2,0.22358131408691406,0.2077169120311737,0.2226918637752533,0.16459882259368896,0.18141114711761475
depth,original,0,42,train_002,5,5,0.2007445991039276,0.19037112593650818,0.2238224446773529,0.18032850325107574,0.20473334193229675
depth,original,0,42,train_003,2,2,0.2057591825723648,0.2254759520292282,0.22352845966815948,0.18461942672729492,0.16061696410179138
depth,original,0,42,train_004,4,4,0.1961168497800827,0.19111444056034088,0.2361256629228592,0.17918361723423004,0.197459414601326
depth,original,0,42,train_005,5,5,0.2035386860370636,0.22481325268745422,0.22262407839298248,0.18623678386211395,0.16278722882270813
depth,original,0,42,train_006,2,2,0.19958162307739258,0.18994206190109253,0.22916488349437714,0.178498774766922,0.20281265676021576
depth,original,0,42,train_007,2,2,0.1967102736234665,0.1921786665916443,0.2365470677614212,0.17911967635154724,0.19544437527656555
depth,original,0,42,train_008,5,5,0.20031709969043732,0.1931520700454712,0.23293481767177582,0.17778271436691284,0.1958133429288864
depth,original,0,42,train_009,3,3,0.20458535850048065,0.2271139770746231,0.22696447372436523,0.1845824420452118,0.1567537933588028
depth,original,0,42,train_010,2,2,0.20491641759872437,0.22348181903362274,0.21931786835193634,0.18551479279994965,0.16676905751228333
depth,original,0,42,train_011,3,3,0.19840428233146667,0.19138726592063904,0.23474529385566711,0.1787758618593216,0.1966872364282608
depth,original,0,42,train_012,5,5,0.2032492756843567,0.19136014580726624,0.22505363821983337,0.1775585561990738,0.2027784287929535
depth,original,0,42,train_013,2,2,0.20488885045051575,0.2245101034641266,0.22235390543937683,0.1851804554462433,0.16306668519973755
depth,original,0,42,train_014,5,5,0.19504991173744202,0.18936343491077423,0.23398804664611816,0.18029391765594482,0.20130468904972076
depth,original,0,42,train_015,3,3,0.19882026314735413,0.19192557036876678,0.23015670478343964,0.1790294200181961,0.20006810128688812
depth,original,0,42,train_016,4,4,0.19658702611923218,0.1900889277458191,0.233286514878273,0.17946501076221466,0.20057255029678345
depth,original,0,42,train_017,2,2,0.21142199635505676,0.22641822695732117,0.2156706154346466,0.1830386519432068,0.16345049440860748
depth,original,0,42,train_018,5,5,0.21075887978076935,0.22280962765216827,0.2119550257921219,0.18432925641536713,0.17014725506305695
depth,original,0,42,train_019,3,3,0.19888678193092346,0.19113919138908386,0.23204246163368225,0.178982213139534,0.1989494264125824
depth,original,0,42,train_020,2,2,0.19818304479122162,0.19058437645435333,0.23044821619987488,0.1790565699338913,0.20172779262065887
depth,original,0,42,train_021,5,5,0.1951082944869995,0.19048814475536346,0.23629572987556458,0.18104015290737152,0.1970677226781845
depth,original,0,42,train_022,4,4,0.20967739820480347,0.22270050644874573,0.21271240711212158,0.18520638346672058,0.16970330476760864
depth,original,0,42,train_023,3,3,0.20335189998149872,0.22188560664653778,0.21835720539093018,0.18713560700416565,0.1692696362733841
depth,original,0,42,train_024,5,5,0.20836813747882843,0.22403931617736816,0.2170233130455017,0.1853596270084381,0.16520962119102478
depth,original,0,42,train_025,5,5,0.20550622045993805,0.2255244106054306,0.22093015909194946,0.1850186437368393,0.1630205363035202
depth,original,0,42,train_026,3,3,0.20295771956443787,0.2259981781244278,0.22705790400505066,0.18582211434841156,0.1581641137599945
depth,original,0,42,train_027,2,2,0.2139439433813095,0.22760188579559326,0.21570266783237457,0.17888331413269043,0.16386814415454865
depth,original,0,42,train_028,4,4,0.20410995185375214,0.22603604197502136,0.2258789837360382,0.18501943349838257,0.15895560383796692
depth,original,0,42,train_029,2,2,0.224551260471344,0.20263391733169556,0.2091505378484726,0.16875633597373962,0.19490797817707062
depth,original,0,42,train_030,5,5,0.2015615850687027,0.1925460696220398,0.2261991947889328,0.17869515717029572,0.2009979784488678
depth,original,0,42,train_031,4,4,0.20354750752449036,0.2242501676082611,0.22473295032978058,0.1864774525165558,0.1609918773174286
depth,original,0,42,train_032,3,3,0.20494365692138672,0.2238425463438034,0.2207065224647522,0.18556459248065948,0.1649426519870758
depth,original,0,42,train_033,1,1,0.21482136845588684,0.2253875881433487,0.2148658186197281,0.18110129237174988,0.1638239622116089
depth,original,0,42,train_034,2,2,0.19704669713974,0.18981339037418365,0.23115485906600952,0.1800616979598999,0.20192328095436096
depth,original,0,42,train_035,2,2,0.21761128306388855,0.22255955636501312,0.20588268339633942,0.1822213977575302,0.1717250794172287
depth,original,0,42,train_036,2,2,0.19632601737976074,0.19127990305423737,0.23573946952819824,0.1798306554555893,0.19682389497756958
depth,original,0,42,train_037,2,2,0.20898862183094025,0.2219470590353012,0.20575593411922455,0.18523496389389038,0.17807337641716003
depth,original,0,42,train_038,3,3,0.20609597861766815,0.22395162284374237,0.22217875719070435,0.18634071946144104,0.16143296658992767
depth,original,0,42,train_039,3,3,0.2059505134820938,0.22492754459381104,0.22129018604755402,0.1862294226884842,0.16160240769386292
depth,original,0,42,train_040,2,2,0.21011081337928772,0.2263525426387787,0.2136206179857254,0.18191216886043549,0.1680038869380951
depth,original,0,42,train_041,3,3,0.203945592045784,0.22439023852348328,0.22411616146564484,0.18578706681728363,0.16176089644432068
depth,original,0,42,train_042,2,2,0.20886513590812683,0.19489456713199615,0.22238300740718842,0.17515867948532104,0.19869863986968994
depth,original,0,42,train_043,4,4,0.20339073240756989,0.22421754896640778,0.22219304740428925,0.18607527017593384,0.16412346065044403
depth,original,0,42,train_044,3,3,0.19820761680603027,0.1913650929927826,0.2319319099187851,0.179595947265625,0.198899507522583
depth,original,0,42,train_045,3,3,0.20424242317676544,0.2242317646741867,0.2227502316236496,0.1856149137020111,0.16316068172454834
depth,original,0,42,train_046,4,4,0.2028740644454956,0.22518423199653625,0.2273976355791092,0.1856801062822342,0.15886391699314117
depth,original,0,42,train_047,2,2,0.20519861578941345,0.22493217885494232,0.2232588827610016,0.18489672243595123,0.1617136150598526
depth,original,0,42,train_048,4,4,0.19497311115264893,0.19020627439022064,0.2359626442193985,0.18045417964458466,0.19840383529663086
depth,original,0,42,train_049,2,2,0.19772037863731384,0.19054919481277466,0.23075203597545624,0.17984703183174133,0.20113131403923035
depth,original,0,42,train_050,4,4,0.19687363505363464,0.1899365484714508,0.23182936012744904,0.1801646202802658,0.20119576156139374
depth,original,0,42,train_051,3,3,0.20665204524993896,0.22473254799842834,0.22234465181827545,0.18455630540847778,0.16171441972255707
depth,original,0,42,train_052,3,3,0.19543883204460144,0.19040286540985107,0.23593492805957794,0.18030670285224915,0.19791674613952637
depth,original,0,42,train_053,3,3,0.19954104721546173,0.19416534900665283,0.23278111219406128,0.17855943739414215,0.1949530988931656
depth,original,0,42,train_054,2,2,0.19917047023773193,0.19046425819396973,0.23057633638381958,0.1785128116607666,0.20127610862255096
depth,original,0,42,train_055,3,3,0.1951596736907959,0.1907549798488617,0.2382744401693344,0.1804261952638626,0.19538472592830658
depth,original,0,42,train_056,1,1,0.197356179356575,0.19181503355503082,0.23556962609291077,0.1789374202489853,0.1963217407464981
depth,original,0,42,train_057,1,1,0.20421305298805237,0.22406870126724243,0.22308896481990814,0.185575470328331,0.1630537509918213
depth,original,0,42,train_058,1,1,0.19774129986763,0.19110262393951416,0.2337988168001175,0.17911837995052338,0.19823892414569855
depth,original,0,42,train_059,2,2,0.21330827474594116,0.22423550486564636,0.21811851859092712,0.18237987160682678,0.16195780038833618
depth,original,0,42,train_060,3,3,0.20038020610809326,0.1925273835659027,0.2319781482219696,0.17848844826221466,0.19662576913833618
depth,original,0,42,train_061,2,2,0.20174765586853027,0.19120757281780243,0.22656035423278809,0.17811539769172668,0.20236900448799133
depth,original,0,42,train_062,3,3,0.20351867377758026,0.19341759383678436,0.22707818448543549,0.17780761420726776,0.1981779783964157
depth,original,0,42,train_063,2,2,0.2149549424648285,0.19311556220054626,0.20562826097011566,0.17539820075035095,0.2109031081199646
depth,original,0,42,train_064,2,2,0.1990702599287033,0.19124650955200195,0.23138464987277985,0.1791193038225174,0.1991792619228363
depth,original,0,42,train_065,3,3,0.199018195271492,0.1916567087173462,0.23351500928401947,0.17907771468162537,0.19673246145248413
depth,original,0,42,train_066,2,2,0.19697275757789612,0.19056661427021027,0.23413921892642975,0.17983558773994446,0.19848580658435822
depth,original,0,42,train_067,3,3,0.1969601958990097,0.19274188578128815,0.23720474541187286,0.17959249019622803,0.19350066781044006
depth,original,0,42,train_068,3,3,0.2026396542787552,0.22493723034858704,0.22498594224452972,0.18574021756649017,0.16169700026512146
depth,original,0,42,train_069,2,2,0.2004126012325287,0.1930188536643982,0.23176079988479614,0.17940597236156464,0.19540172815322876
depth,original,0,42,train_070,2,2,0.20620857179164886,0.22601589560508728,0.22474327683448792,0.18415848910808563,0.15887382626533508
depth,original,0,42,train_071,4,4,0.19708852469921112,0.19112977385520935,0.23289769887924194,0.18071119487285614,0.19817277789115906
depth,original,0,42,train_072,4,4,0.21078923344612122,0.19536404311656952,0.22020795941352844,0.17491397261619568,0.19872480630874634
depth,original,0,42,train_073,2,2,0.19611896574497223,0.1901988536119461,0.234380304813385,0.18053939938545227,0.19876247644424438
depth,original,0,42,train_074,3,3,0.20598088204860687,0.22812296450138092,0.22479061782360077,0.1832347810268402,0.15787072479724884
depth,original,0,42,train_075,2,2,0.20732177793979645,0.22649206221103668,0.22023822367191315,0.1838073879480362,0.16214056313037872
depth,original,0,42,train_076,2,2,0.2128305733203888,0.22453221678733826,0.20908181369304657,0.1804753690958023,0.17308001220226288
depth,original,0,42,train_077,3,3,0.1971132904291153,0.19060638546943665,0.23293104767799377,0.17958426475524902,0.19976504147052765
depth,original,0,42,train_078,3,3,0.21456383168697357,0.1988418698310852,0.2118692547082901,0.17257992923259735,0.20214518904685974
depth,original,0,42,train_079,2,2,0.20610733330249786,0.22949250042438507,0.22215412557125092,0.18361970782279968,0.15862628817558289
depth,original,0,42,train_080,1,1,0.20592564344406128,0.19415925443172455,0.22239066660404205,0.17687278985977173,0.20065158605575562
depth,original,0,42,train_081,3,3,0.19913357496261597,0.19420166313648224,0.2350340038537979,0.17860405147075653,0.19302673637866974
depth,original,0,42,train_082,3,3,0.21139121055603027,0.22464556992053986,0.21218879520893097,0.18173973262310028,0.17003470659255981
depth,original,0,42,train_083,1,1,0.21858350932598114,0.22866712510585785,0.21197865903377533,0.178202286362648,0.16256847977638245
depth,original,0,42,train_084,5,5,0.20366579294204712,0.22397296130657196,0.22208969295024872,0.18627727031707764,0.16399425268173218
depth,original,0,42,train_085,3,3,0.19947147369384766,0.19401174783706665,0.2343873828649521,0.17764239013195038,0.19448700547218323
depth,original,0,42,train_086,2,2,0.2185230553150177,0.22982852160930634,0.21639995276927948,0.17523658275604248,0.160011887550354
depth,original,0,42,train_087,3,3,0.19614142179489136,0.1913057267665863,0.23637129366397858,0.1803470402956009,0.19583456218242645
depth,original,0,42,train_088,2,2,0.20739489793777466,0.19550475478172302,0.22245155274868011,0.17525266110897064,0.19939611852169037
depth,original,0,42,train_089,2,2,0.21307627856731415,0.22024710476398468,0.20729540288448334,0.18479613959789276,0.17458510398864746
depth,original,0,42,train_090,4,4,0.21018539369106293,0.22016766667366028,0.20605485141277313,0.18646076321601868,0.17713135480880737
depth,original,0,42,train_091,2,2,0.2051316350698471,0.22433003783226013,0.21880333125591278,0.18543198704719543,0.16630306839942932
depth,original,0,42,train_092,2,2,0.19804255664348602,0.1904308795928955,0.23213353753089905,0.17938391864299774,0.2000090479850769
depth,original,0,42,train_093,3,3,0.20667330920696259,0.223848357796669,0.21441352367401123,0.1851559430360794,0.16990889608860016
depth,original,0,42,train_094,3,3,0.21031786501407623,0.22397980093955994,0.21519792079925537,0.18411888182163239,0.16638560593128204
depth,original,0,42,train_095,3,3,0.20299799740314484,0.22467662394046783,0.22353078424930573,0.1859240084886551,0.1628706455230713
depth,original,0,42,train_096,2,2,0.20485267043113708,0.2219642549753189,0.21968889236450195,0.18579240143299103,0.16770179569721222
depth,original,0,42,train_097,3,3,0.21440944075584412,0.19681400060653687,0.21216419339179993,0.17440778017044067,0.2022046148777008
depth,original,0,42,train_098,1,1,0.19813106954097748,0.19072912633419037,0.23132115602493286,0.1796371191740036,0.20018155872821808
depth,original,0,42,train_099,3,3,0.19543752074241638,0.1903778314590454,0.23546341061592102,0.18039529025554657,0.19832587242126465
depth,original,0,42,train_100,5,5,0.20382992923259735,0.19124065339565277,0.21986433863639832,0.1780635267496109,0.20700159668922424
depth,original,0,42,train_101,2,2,0.19639179110527039,0.19148699939250946,0.23488710820674896,0.1798362135887146,0.197397843003273
depth,original,0,42,train_102,2,2,0.20313256978988647,0.22286257147789001,0.22004307806491852,0.18646709620952606,0.1674947440624237
depth,original,0,42,train_103,3,3,0.20426788926124573,0.22487561404705048,0.22417683899402618,0.18600107729434967,0.16067858040332794
depth,original,0,42,train_104,1,1,0.1967688947916031,0.19141706824302673,0.23708270490169525,0.17974190413951874,0.19498945772647858
depth,original,0,42,train_105,4,4,0.20343099534511566,0.19273383915424347,0.228028804063797,0.17775824666023254,0.19804812967777252
depth,original,0,42,train_106,1,1,0.21118150651454926,0.22502538561820984,0.21845026314258575,0.18340378999710083,0.16193899512290955
depth,original,0,42,train_107,3,3,0.2052607238292694,0.22581025958061218,0.22316555678844452,0.18447335064411163,0.16129012405872345
depth,original,0,42,train_108,1,1,0.20243827998638153,0.2260473668575287,0.2272176444530487,0.1863577961921692,0.1579388827085495
depth,original,0,42,train_109,3,3,0.20582975447177887,0.22545410692691803,0.22440315783023834,0.1847122609615326,0.15960067510604858
depth,original,0,42,train_110,1,1,0.21639084815979004,0.22017543017864227,0.20456208288669586,0.18243014812469482,0.1764414757490158
depth,original,0,42,train_111,3,3,0.20550575852394104,0.22683429718017578,0.22248217463493347,0.18432559072971344,0.16085219383239746
depth,original,0,42,train_112,1,1,0.2136126011610031,0.19859683513641357,0.22215628623962402,0.17408065497875214,0.19155363738536835
depth,original,0,42,train_113,3,3,0.2012925148010254,0.19088105857372284,0.22575485706329346,0.17964734137058258,0.20242422819137573
depth,original,0,42,train_114,3,3,0.2034400999546051,0.22400212287902832,0.2242322713136673,0.18608859181404114,0.16223692893981934
depth,original,0,42,train_115,3,3,0.1952289640903473,0.19049525260925293,0.23607757687568665,0.1800968497991562,0.19810140132904053
depth,original,0,42,train_116,4,4,0.2028477042913437,0.22385059297084808,0.22661016881465912,0.1866895854473114,0.16000200808048248
depth,original,0,42,train_117,1,1,0.21662932634353638,0.22303825616836548,0.20455670356750488,0.1821109652519226,0.17366477847099304
depth,original,0,42,train_118,2,2,0.20498871803283691,0.22266454994678497,0.21997010707855225,0.18563784658908844,0.16673876345157623
depth,original,0,42,train_119,2,2,0.19726873934268951,0.19011671841144562,0.23081445693969727,0.17958882451057434,0.2022111862897873
depth,original,0,42,train_120,5,5,0.20430824160575867,0.2249624878168106,0.222895547747612,0.1850392371416092,0.16279451549053192
depth,original,0,ensemble,train_001,2,2,0.22358131408691406,0.2077169120311737,0.2226918637752533,0.16459882259368896,0.18141114711761475
depth,original,0,ensemble,train_002,5,5,0.2007445991039276,0.19037112593650818,0.2238224446773529,0.18032850325107574,0.20473334193229675
depth,original,0,ensemble,train_003,2,2,0.2057591825723648,0.2254759520292282,0.22352845966815948,0.18461942672729492,0.16061696410179138
depth,original,0,ensemble,train_004,4,4,0.1961168497800827,0.19111444056034088,0.2361256629228592,0.17918361723423004,0.197459414601326
depth,original,0,ensemble,train_005,5,5,0.2035386860370636,0.22481325268745422,0.22262407839298248,0.18623678386211395,0.16278722882270813
depth,original,0,ensemble,train_006,2,2,0.19958162307739258,0.18994206190109253,0.22916488349437714,0.178498774766922,0.20281265676021576
depth,original,0,ensemble,train_007,2,2,0.1967102736234665,0.1921786665916443,0.2365470677614212,0.17911967635154724,0.19544437527656555
depth,original,0,ensemble,train_008,5,5,0.20031709969043732,0.1931520700454712,0.23293481767177582,0.17778271436691284,0.1958133429288864
depth,original,0,ensemble,train_009,3,3,0.20458535850048065,0.2271139770746231,0.22696447372436523,0.1845824420452118,0.1567537933588028
depth,original,0,ensemble,train_010,2,2,0.20491641759872437,0.22348181903362274,0.21931786835193634,0.18551479279994965,0.16676905751228333
depth,original,0,ensemble,train_011,3,3,0.19840428233146667,0.19138726592063904,0.23474529385566711,0.1787758618593216,0.1966872364282608
depth,original,0,ensemble,train_012,5,5,0.2032492756843567,0.19136014580726624,0.22505363821983337,0.1775585561990738,0.2027784287929535
depth,original,0,ensemble,train_013,2,2,0.20488885045051575,0.2245101034641266,0.22235390543937683,0.1851804554462433,0.16306668519973755
depth,original,0,ensemble,train_014,5,5,0.19504991173744202,0.18936343491077423,0.23398804664611816,0.18029391765594482,0.20130468904972076
depth,original,0,ensemble,train_015,3,3,0.19882026314735413,0.19192557036876678,0.23015670478343964,0.1790294200181961,0.20006810128688812
depth,original,0,ensemble,train_016,4,4,0.19658702611923218,0.1900889277458191,0.233286514878273,0.17946501076221466,0.20057255029678345
depth,original,0,ensemble,train_017,2,2,0.21142199635505676,0.22641822695732117,0.2156706154346466,0.1830386519432068,0.16345049440860748
depth,original,0,ensemble,train_018,5,5,0.21075887978076935,0.22280962765216827,0.2119550257921219,0.18432925641536713,0.17014725506305695
depth,original,0,ensemble,train_019,3,3,0.19888678193092346,0.19113919138908386,0.23204246163368225,0.178982213139534,0.1989494264125824
depth,original,0,ensemble,train_020,2,2,0.19818304479122162,0.19058437645435333,0.23044821619987488,0.1790565699338913,0.20172779262065887
depth,original,0,ensemble,train_021,5,5,0.1951082944869995,0.19048814475536346,0.23629572987556458,0.18104015290737152,0.1970677226781845
depth,original,0,ensemble,train_022,4,4,0.20967739820480347,0.22270050644874573,0.21271240711212158,0.18520638346672058,0.16970330476760864
depth,original,0,ensemble,train_023,3,3,0.20335189998149872,0.22188560664653778,0.21835720539093018,0.18713560700416565,0.1692696362733841
depth,original,0,ensemble,train_024,5,5,0.20836813747882843,0.22403931617736816,0.2170233130455017,0.1853596270084381,0.16520962119102478
depth,original,0,ensemble,train_025,5,5,0.20550622045993805,0.2255244106054306,0.22093015909194946,0.1850186437368393,0.1630205363035202
depth,original,0,ensemble,train_026,3,3,0.20295771956443787,0.2259981781244278,0.22705790400505066,0.18582211434841156,0.1581641137599945
depth,original,0,ensemble,train_027,2,2,0.2139439433813095,0.22760188579559326,0.21570266783237457,0.17888331413269043,0.16386814415454865
depth,original,0,ensemble,train_028,4,4,0.20410995185375214,0.22603604197502136,0.2258789837360382,0.18501943349838257,0.15895560383796692
depth,original,0,ensemble,train_029,2,2,0.224551260471344,0.20263391733169556,0.2091505378484726,0.16875633597373962,0.19490797817707062
depth,original,0,ensemble,train_030,5,5,0.2015615850687027,0.1925460696220398,0.2261991947889328,0.17869515717029572,0.2009979784488678
depth,original,0,ensemble,train_031,4,4,0.20354750752449036,0.2242501676082611,0.22473295032978058,0.1864774525165558,0.1609918773174286
depth,original,0,ensemble,train_032,3,3,0.20494365692138672,0.2238425463438034,0.2207065224647522,0.18556459248065948,0.1649426519870758
depth,original,0,ensemble,train_033,1,1,0.21482136845588684,0.2253875881433487,0.2148658186197281,0.18110129237174988,0.1638239622116089
depth,original,0,ensemble,train_034,2,2,0.19704669713974,0.18981339037418365,0.23115485906600952,0.1800616979598999,0.20192328095436096
depth,original,0,ensemble,train_035,2,2,0.21761128306388855,0.22255955636501312,0.20588268339633942,0.1822213977575302,0.1717250794172287
depth,original,0,ensemble,train_036,2,2,0.19632601737976074,0.19127990305423737,0.23573946952819824,0.1798306554555893,0.19682389497756958
depth,original,0,ensemble,train_037,2,2,0.20898862183094025,0.2219470590353012,0.20575593411922455,0.18523496389389038,0.17807337641716003
depth,original,0,ensemble,train_038,3,3,0.20609597861766815,0.22395162284374237,0.22217875719070435,0.18634071946144104,0.16143296658992767
depth,original,0,ensemble,train_039,3,3,0.2059505134820938,0.22492754459381104,0.22129018604755402,0.1862294226884842,0.16160240769386292
depth,original,0,ensemble,train_040,2,2,0.21011081337928772,0.2263525426387787,0.2136206179857254,0.18191216886043549,0.1680038869380951
depth,original,0,ensemble,train_041,3,3,0.203945592045784,0.22439023852348328,0.22411616146564484,0.18578706681728363,0.16176089644432068
depth,original,0,ensemble,train_042,2,2,0.20886513590812683,0.19489456713199615,0.22238300740718842,0.17515867948532104,0.19869863986968994
depth,original,0,ensemble,train_043,4,4,0.20339073240756989,0.22421754896640778,0.22219304740428925,0.18607527017593384,0.16412346065044403
depth,original,0,ensemble,train_044,3,3,0.19820761680603027,0.1913650929927826,0.2319319099187851,0.179595947265625,0.198899507522583
depth,original,0,ensemble,train_045,3,3,0.20424242317676544,0.2242317646741867,0.2227502316236496,0.1856149137020111,0.16316068172454834
depth,original,0,ensemble,train_046,4,4,0.2028740644454956,0.22518423199653625,0.2273976355791092,0.1856801062822342,0.15886391699314117
depth,original,0,ensemble,train_047,2,2,0.20519861578941345,0.22493217885494232,0.2232588827610016,0.18489672243595123,0.1617136150598526
depth,original,0,ensemble,train_048,4,4,0.19497311115264893,0.19020627439022064,0.2359626442193985,0.18045417964458466,0.19840383529663086
depth,original,0,ensemble,train_049,2,2,0.19772037863731384,0.19054919481277466,0.23075203597545624,0.17984703183174133,0.20113131403923035
depth,original,0,ensemble,train_050,4,4,0.19687363505363464,0.1899365484714508,0.23182936012744904,0.1801646202802658,0.20119576156139374
depth,original,0,ensemble,train_051,3,3,0.20665204524993896,0.22473254799842834,0.22234465181827545,0.18455630540847778,0.16171441972255707
depth,original,0,ensemble,train_052,3,3,0.19543883204460144,0.19040286540985107,0.23593492805957794,0.18030670285224915,0.19791674613952637
depth,original,0,ensemble,train_053,3,3,0.19954104721546173,0.19416534900665283,0.23278111219406128,0.17855943739414215,0.1949530988931656
depth,original,0,ensemble,train_054,2,2,0.19917047023773193,0.19046425819396973,0.23057633638381958,0.1785128116607666,0.20127610862255096
depth,original,0,ensemble,train_055,3,3,0.1951596736907959,0.1907549798488617,0.2382744401693344,0.1804261952638626,0.19538472592830658
depth,original,0,ensemble,train_056,1,1,0.197356179356575,0.19181503355503082,0.23556962609291077,0.1789374202489853,0.1963217407464981
depth,original,0,ensemble,train_057,1,1,0.20421305298805237,0.22406870126724243,0.22308896481990814,0.185575470328331,0.1630537509918213
depth,original,0,ensemble,train_058,1,1,0.19774129986763,0.19110262393951416,0.2337988168001175,0.17911837995052338,0.19823892414569855
depth,original,0,ensemble,train_059,2,2,0.21330827474594116,0.22423550486564636,0.21811851859092712,0.18237987160682678,0.16195780038833618
depth,original,0,ensemble,train_060,3,3,0.20038020610809326,0.1925273835659027,0.2319781482219696,0.17848844826221466,0.19662576913833618
depth,original,0,ensemble,train_061,2,2,0.20174765586853027,0.19120757281780243,0.22656035423278809,0.17811539769172668,0.20236900448799133
depth,original,0,ensemble,train_062,3,3,0.20351867377758026,0.19341759383678436,0.22707818448543549,0.17780761420726776,0.1981779783964157
depth,original,0,ensemble,train_063,2,2,0.2149549424648285,0.19311556220054626,0.20562826097011566,0.17539820075035095,0.2109031081199646
depth,original,0,ensemble,train_064,2,2,0.1990702599287033,0.19124650955200195,0.23138464987277985,0.1791193038225174,0.1991792619228363
depth,original,0,ensemble,train_065,3,3,0.199018195271492,0.1916567087173462,0.23351500928401947,0.17907771468162537,0.19673246145248413
depth,original,0,ensemble,train_066,2,2,0.19697275757789612,0.19056661427021027,0.23413921892642975,0.17983558773994446,0.19848580658435822
depth,original,0,ensemble,train_067,3,3,0.1969601958990097,0.19274188578128815,0.23720474541187286,0.17959249019622803,0.19350066781044006
depth,original,0,ensemble,train_068,3,3,0.2026396542787552,0.22493723034858704,0.22498594224452972,0.18574021756649017,0.16169700026512146
depth,original,0,ensemble,train_069,2,2,0.2004126012325287,0.1930188536643982,0.23176079988479614,0.17940597236156464,0.19540172815322876
depth,original,0,ensemble,train_070,2,2,0.20620857179164886,0.22601589560508728,0.22474327683448792,0.18415848910808563,0.15887382626533508
depth,original,0,ensemble,train_071,4,4,0.19708852469921112,0.19112977385520935,0.23289769887924194,0.18071119487285614,0.19817277789115906
depth,original,0,ensemble,train_072,4,4,0.21078923344612122,0.19536404311656952,0.22020795941352844,0.17491397261619568,0.19872480630874634
depth,original,0,ensemble,train_073,2,2,0.19611896574497223,0.1901988536119461,0.234380304813385,0.18053939938545227,0.19876247644424438
depth,original,0,ensemble,train_074,3,3,0.20598088204860687,0.22812296450138092,0.22479061782360077,0.1832347810268402,0.15787072479724884
depth,original,0,ensemble,train_075,2,2,0.20732177793979645,0.22649206221103668,0.22023822367191315,0.1838073879480362,0.16214056313037872
depth,original,0,ensemble,train_076,2,2,0.2128305733203888,0.22453221678733826,0.20908181369304657,0.1804753690958023,0.17308001220226288
depth,original,0,ensemble,train_077,3,3,0.1971132904291153,0.19060638546943665,0.23293104767799377,0.17958426475524902,0.19976504147052765
depth,original,0,ensemble,train_078,3,3,0.21456383168697357,0.1988418698310852,0.2118692547082901,0.17257992923259735,0.20214518904685974
depth,original,0,ensemble,train_079,2,2,0.20610733330249786,0.22949250042438507,0.22215412557125092,0.18361970782279968,0.15862628817558289
depth,original,0,ensemble,train_080,1,1,0.20592564344406128,0.19415925443172455,0.22239066660404205,0.17687278985977173,0.20065158605575562
depth,original,0,ensemble,train_081,3,3,0.19913357496261597,0.19420166313648224,0.2350340038537979,0.17860405147075653,0.19302673637866974
depth,original,0,ensemble,train_082,3,3,0.21139121055603027,0.22464556992053986,0.21218879520893097,0.18173973262310028,0.17003470659255981
depth,original,0,ensemble,train_083,1,1,0.21858350932598114,0.22866712510585785,0.21197865903377533,0.178202286362648,0.16256847977638245
depth,original,0,ensemble,train_084,5,5,0.20366579294204712,0.22397296130657196,0.22208969295024872,0.18627727031707764,0.16399425268173218
depth,original,0,ensemble,train_085,3,3,0.19947147369384766,0.19401174783706665,0.2343873828649521,0.17764239013195038,0.19448700547218323
depth,original,0,ensemble,train_086,2,2,0.2185230553150177,0.22982852160930634,0.21639995276927948,0.17523658275604248,0.160011887550354
depth,original,0,ensemble,train_087,3,3,0.19614142179489136,0.1913057267665863,0.23637129366397858,0.1803470402956009,0.19583456218242645
depth,original,0,ensemble,train_088,2,2,0.20739489793777466,0.19550475478172302,0.22245155274868011,0.17525266110897064,0.19939611852169037
depth,original,0,ensemble,train_089,2,2,0.21307627856731415,0.22024710476398468,0.20729540288448334,0.18479613959789276,0.17458510398864746
depth,original,0,ensemble,train_090,4,4,0.21018539369106293,0.22016766667366028,0.20605485141277313,0.18646076321601868,0.17713135480880737
depth,original,0,ensemble,train_091,2,2,0.2051316350698471,0.22433003783226013,0.21880333125591278,0.18543198704719543,0.16630306839942932
depth,original,0,ensemble,train_092,2,2,0.19804255664348602,0.1904308795928955,0.23213353753089905,0.17938391864299774,0.2000090479850769
depth,original,0,ensemble,train_093,3,3,0.20667330920696259,0.223848357796669,0.21441352367401123,0.1851559430360794,0.16990889608860016
depth,original,0,ensemble,train_094,3,3,0.21031786501407623,0.22397980093955994,0.21519792079925537,0.18411888182163239,0.16638560593128204
depth,original,0,ensemble,train_095,3,3,0.20299799740314484,0.22467662394046783,0.22353078424930573,0.1859240084886551,0.1628706455230713
depth,original,0,ensemble,train_096,2,2,0.20485267043113708,0.2219642549753189,0.21968889236450195,0.18579240143299103,0.16770179569721222
depth,original,0,ensemble,train_097,3,3,0.21440944075584412,0.19681400060653687,0.21216419339179993,0.17440778017044067,0.2022046148777008
depth,original,0,ensemble,train_098,1,1,0.19813106954097748,0.19072912633419037,0.23132115602493286,0.1796371191740036,0.20018155872821808
depth,original,0,ensemble,train_099,3,3,0.19543752074241638,0.1903778314590454,0.23546341061592102,0.18039529025554657,0.19832587242126465
depth,original,0,ensemble,train_100,5,5,0.20382992923259735,0.19124065339565277,0.21986433863639832,0.1780635267496109,0.20700159668922424
depth,original,0,ensemble,train_101,2,2,0.19639179110527039,0.19148699939250946,0.23488710820674896,0.1798362135887146,0.197397843003273
depth,original,0,ensemble,train_102,2,2,0.20313256978988647,0.22286257147789001,0.22004307806491852,0.18646709620952606,0.1674947440624237
depth,original,0,ensemble,train_103,3,3,0.20426788926124573,0.22487561404705048,0.22417683899402618,0.18600107729434967,0.16067858040332794
depth,original,0,ensemble,train_104,1,1,0.1967688947916031,0.19141706824302673,0.23708270490169525,0.17974190413951874,0.19498945772647858
depth,original,0,ensemble,train_105,4,4,0.20343099534511566,0.19273383915424347,0.228028804063797,0.17775824666023254,0.19804812967777252
depth,original,0,ensemble,train_106,1,1,0.21118150651454926,0.22502538561820984,0.21845026314258575,0.18340378999710083,0.16193899512290955
depth,original,0,ensemble,train_107,3,3,0.2052607238292694,0.22581025958061218,0.22316555678844452,0.18447335064411163,0.16129012405872345
depth,original,0,ensemble,train_108,1,1,0.20243827998638153,0.2260473668575287,0.2272176444530487,0.1863577961921692,0.1579388827085495
depth,original,0,ensemble,train_109,3,3,0.20582975447177887,0.22545410692691803,0.22440315783023834,0.1847122609615326,0.15960067510604858
depth,original,0,ensemble,train_110,1,1,0.21639084815979004,0.22017543017864227,0.20456208288669586,0.18243014812469482,0.1764414757490158
depth,original,0,ensemble,train_111,3,3,0.20550575852394104,0.22683429718017578,0.22248217463493347,0.18432559072971344,0.16085219383239746
depth,original,0,ensemble,train_112,1,1,0.2136126011610031,0.19859683513641357,0.22215628623962402,0.17408065497875214,0.19155363738536835
depth,original,0,ensemble,train_113,3,3,0.2012925148010254,0.19088105857372284,0.22575485706329346,0.17964734137058258,0.20242422819137573
depth,original,0,ensemble,train_114,3,3,0.2034400999546051,0.22400212287902832,0.2242322713136673,0.18608859181404114,0.16223692893981934
depth,original,0,ensemble,train_115,3,3,0.1952289640903473,0.19049525260925293,0.23607757687568665,0.1800968497991562,0.19810140132904053
depth,original,0,ensemble,train_116,4,4,0.2028477042913437,0.22385059297084808,0.22661016881465912,0.1866895854473114,0.16000200808048248
depth,original,0,ensemble,train_117,1,1,0.21662932634353638,0.22303825616836548,0.20455670356750488,0.1821109652519226,0.17366477847099304
depth,original,0,ensemble,train_118,2,2,0.20498871803283691,0.22266454994678497,0.21997010707855225,0.18563784658908844,0.16673876345157623
depth,original,0,ensemble,train_119,2,2,0.19726873934268951,0.19011671841144562,0.23081445693969727,0.17958882451057434,0.2022111862897873
depth,original,0,ensemble,train_120,5,5,0.20430824160575867,0.2249624878168106,0.222895547747612,0.1850392371416092,0.16279451549053192
depth,corrected,0,42,train_001,2,2,0.22682291269302368,0.20645415782928467,0.2254979908466339,0.15313847362995148,0.18808653950691223
depth,corrected,0,42,train_002,5,5,0.20804086327552795,0.1893130987882614,0.22458742558956146,0.16812582314014435,0.20993269979953766
depth,corrected,0,42,train_003,2,2,0.1792304515838623,0.22348344326019287,0.22713534533977509,0.1997307687997818,0.17041997611522675
depth,corrected,0,42,train_004,4,4,0.203469380736351,0.18991823494434357,0.23712700605392456,0.1674220710992813,0.20206327736377716
depth,corrected,0,42,train_005,5,5,0.1764405071735382,0.22340434789657593,0.2268519103527069,0.20145784318447113,0.17184534668922424
depth,corrected,0,42,train_006,2,2,0.2070188820362091,0.18879780173301697,0.22989408671855927,0.16631010174751282,0.20797909796237946
depth,corrected,0,42,train_007,2,2,0.20370358228683472,0.19112946093082428,0.2376188486814499,0.1673761010169983,0.20017199218273163
depth,corrected,0,42,train_008,5,5,0.20721207559108734,0.19226635992527008,0.23422789573669434,0.16584733128547668,0.2004462331533432
depth,corrected,0,42,train_009,3,3,0.17885218560695648,0.22527407109737396,0.23162119090557098,0.19893598556518555,0.16531646251678467
depth,corrected,0,42,train_010,2,2,0.1778685599565506,0.22184504568576813,0.2227860987186432,0.20081478357315063,0.17668546736240387
depth,corrected,0,42,train_011,3,3,0.20538565516471863,0.19050383567810059,0.23561176657676697,0.16696402430534363,0.20153465867042542
depth,corrected,0,42,train_012,5,5,0.21050474047660828,0.1903209090232849,0.22579514980316162,0.16503041982650757,0.20834870636463165
depth,corrected,0,42,train_013,2,2,0.17854736745357513,0.2228602170944214,0.22641287744045258,0.20003463327884674,0.17214488983154297
depth,corrected,0,42,train_014,5,5,0.20235835015773773,0.18829187750816345,0.23504498600959778,0.16829192638397217,0.20601284503936768
depth,corrected,0,42,train_015,3,3,0.20637470483779907,0.19076725840568542,0.2312987744808197,0.1669602245092392,0.2045990228652954
depth,corrected,0,42,train_016,4,4,0.2042638659477234,0.1889786273241043,0.23444373905658722,0.1675543487071991,0.20475944876670837
depth,corrected,0,42,train_017,2,2,0.18138796091079712,0.22409477829933167,0.21701911091804504,0.20071090757846832,0.17678724229335785
depth,corrected,0,42,train_018,5,5,0.1804715394973755,0.22108745574951172,0.21394434571266174,0.20172035694122314,0.18277637660503387
depth,corrected,0,42,train_019,3,3,0.2061200737953186,0.1902509331703186,0.23295538127422333,0.16703511774539948,0.20363855361938477
depth,corrected,0,42,train_020,2,2,0.2056621015071869,0.18936094641685486,0.23145988583564758,0.16710522770881653,0.2064119279384613
depth,corrected,0,42,train_021,5,5,0.20208677649497986,0.18955157697200775,0.2372099757194519,0.16935545206069946,0.20179623365402222
depth,corrected,0,42,train_022,5,4,0.1801009178161621,0.22070308029651642,0.2142006903886795,0.20251832902431488,0.1824769675731659
depth,corrected,0,42,train_023,3,3,0.17672120034694672,0.2204277068376541,0.22163783013820648,0.20236152410507202,0.17885173857212067
depth,corrected,0,42,train_024,5,5,0.17887918651103973,0.22210383415222168,0.21948257088661194,0.20246011018753052,0.17707428336143494
depth,corrected,0,42,train_025,5,5,0.1776210218667984,0.2238798439502716,0.22442707419395447,0.20080703496932983,0.17326496541500092
depth,corrected,0,42,train_026,3,3,0.1768656075000763,0.22433650493621826,0.2317911982536316,0.20033620297908783,0.16667047142982483
depth,corrected,0,42,train_027,2,2,0.18450422585010529,0.2246766835451126,0.21809232234954834,0.19555409252643585,0.17717275023460388
depth,corrected,0,42,train_028,4,4,0.17785637080669403,0.224374920129776,0.23054993152618408,0.19967491924762726,0.16754382848739624
depth,corrected,0,42,train_029,2,2,0.22963257133960724,0.20179690420627594,0.21136422455310822,0.156581848859787,0.200624480843544
depth,corrected,0,42,train_030,5,5,0.2088359147310257,0.1914173811674118,0.22728991508483887,0.16616329550743103,0.2062934786081314
depth,corrected,0,42,train_031,4,4,0.17705044150352478,0.22269678115844727,0.22907096147537231,0.20137202739715576,0.16980986297130585
depth,corrected,0,42,train_032,3,3,0.17805598676204681,0.2222488820552826,0.22451384365558624,0.20076440274715424,0.1744169145822525
depth,corrected,0,42,train_033,1,1,0.18498149514198303,0.2225908786058426,0.2162608802318573,0.19847698509693146,0.17768977582454681
depth,corrected,0,42,train_034,2,2,0.20439279079437256,0.18870577216148376,0.23191221058368683,0.16809521615505219,0.20689405500888824
depth,corrected,0,42,train_035,2,2,0.18543410301208496,0.21961209177970886,0.20539964735507965,0.20125028491020203,0.18830382823944092
depth,corrected,0,42,train_036,2,2,0.2035774290561676,0.19042903184890747,0.23675744235515594,0.16807328164577484,0.20116285979747772
depth,corrected,0,42,train_037,2,2,0.17840027809143066,0.22019287943840027,0.20629484951496124,0.20317518711090088,0.19193683564662933
depth,corrected,0,42,train_038,3,3,0.17902429401874542,0.22200967371463776,0.22554491460323334,0.20182763040065765,0.17159344255924225
depth,corrected,0,42,train_039,3,3,0.17844438552856445,0.22324565052986145,0.22464604675769806,0.2020592838525772,0.17160463333129883
depth,corrected,0,42,train_040,2,2,0.18047772347927094,0.22426439821720123,0.21614733338356018,0.19872090220451355,0.1803896427154541
depth,corrected,0,42,train_041,3,3,0.17786936461925507,0.22264565527439117,0.22814373672008514,0.2005423903465271,0.17079880833625793
depth,corrected,0,42,train_042,5,2,0.2157583087682724,0.19395706057548523,0.22340933978557587,0.162484809756279,0.20439040660858154
depth,corrected,0,42,train_043,4,4,0.17692817747592926,0.22277013957500458,0.22638091444969177,0.20094476640224457,0.17297597229480743
depth,corrected,0,42,train_044,3,3,0.20549292862415314,0.19053183495998383,0.23302268981933594,0.16765351593494415,0.20329895615577698
depth,corrected,0,42,train_045,3,3,0.1774177998304367,0.2227052003145218,0.2269793599843979,0.20065850019454956,0.17223913967609406
depth,corrected,0,42,train_046,4,4,0.17744159698486328,0.2235059142112732,0.23227515816688538,0.19985689222812653,0.16692055761814117
depth,corrected,0,42,train_047,2,2,0.17934326827526093,0.22298268973827362,0.22711069881916046,0.1995541751384735,0.17100916802883148
depth,corrected,0,42,train_048,4,4,0.20218470692634583,0.18915095925331116,0.23696504533290863,0.1687237024307251,0.20297563076019287
depth,corrected,0,42,train_049,2,2,0.20513908565044403,0.1895918846130371,0.23182295262813568,0.16805732250213623,0.20538878440856934
depth,corrected,0,42,train_050,3,4,0.2043115496635437,0.1889631301164627,0.23281331360340118,0.1682703197002411,0.20564165711402893
depth,corrected,0,42,train_051,3,3,0.18012674152851105,0.22269810736179352,0.22576934099197388,0.19970886409282684,0.1716969758272171
depth,corrected,0,42,train_052,3,3,0.20263424515724182,0.18935948610305786,0.23689226806163788,0.16855573654174805,0.2025582492351532
depth,corrected,0,42,train_053,3,3,0.20680831372737885,0.1932288110256195,0.23399290442466736,0.16688545048236847,0.1990845948457718
depth,corrected,0,42,train_054,2,2,0.20640498399734497,0.1893785148859024,0.23153620958328247,0.16641543805599213,0.20626486837863922
depth,corrected,0,42,train_055,3,3,0.20208293199539185,0.18982937932014465,0.2391638457775116,0.16877378523349762,0.20015007257461548
depth,corrected,0,42,train_056,1,1,0.20460933446884155,0.1908358782529831,0.23669858276844025,0.16718123853206635,0.20067498087882996
depth,corrected,0,42,train_057,1,1,0.1779186874628067,0.22243759036064148,0.22722195088863373,0.20038549602031708,0.172036275267601
depth,corrected,0,42,train_058,1,1,0.20495864748954773,0.19012148678302765,0.2347451150417328,0.16704806685447693,0.2031267285346985
depth,corrected,0,42,train_059,2,2,0.18497225642204285,0.22162964940071106,0.22048251330852509,0.19865523278713226,0.17426031827926636
depth,corrected,0,42,train_060,3,3,0.20721367001533508,0.19144868850708008,0.23274080455303192,0.166319340467453,0.20227740705013275
depth,corrected,0,42,train_061,2,2,0.2089647799730301,0.19012850522994995,0.22742240130901337,0.1658829301595688,0.2076013833284378
depth,corrected,0,42,train_062,3,3,0.21070165932178497,0.19265532493591309,0.2281043380498886,0.16569042205810547,0.20284827053546906
depth,corrected,0,42,train_063,2,2,0.22207137942314148,0.19177483022212982,0.20679861307144165,0.16182425618171692,0.21753087639808655
depth,corrected,0,42,train_064,2,2,0.20636534690856934,0.1903110295534134,0.23221486806869507,0.1671086698770523,0.2040001004934311
depth,corrected,0,42,train_065,3,3,0.2060123234987259,0.1909208446741104,0.23445403575897217,0.16722102463245392,0.20139175653457642
depth,corrected,0,42,train_066,2,2,0.20422698557376862,0.18961358070373535,0.23493660986423492,0.1681249737739563,0.2030978500843048
depth,corrected,0,42,train_067,3,3,0.20377662777900696,0.19191518425941467,0.2384774386882782,0.1678939014673233,0.19793681800365448
depth,corrected,0,42,train_068,3,3,0.17693577706813812,0.22323374450206757,0.22938337922096252,0.20015724003314972,0.17028990387916565
depth,corrected,0,42,train_069,2,2,0.20690122246742249,0.1921231746673584,0.23237259685993195,0.1670045107603073,0.20159846544265747
depth,corrected,0,42,train_070,2,2,0.1798553317785263,0.22398294508457184,0.22864095866680145,0.19907797873020172,0.16844283044338226
depth,corrected,0,42,train_071,4,4,0.20400531589984894,0.1899641454219818,0.23356452584266663,0.1686343550682068,0.20383167266845703
depth,corrected,0,42,train_072,4,4,0.21708497405052185,0.19408053159713745,0.2208791822195053,0.16189101338386536,0.20606429874897003
depth,corrected,0,42,train_073,2,2,0.2032431811094284,0.18923896551132202,0.23521536588668823,0.16862715780735016,0.20367532968521118
depth,corrected,0,42,train_074,3,3,0.17997461557388306,0.22608354687690735,0.22891105711460114,0.19785496592521667,0.167175754904747
depth,corrected,0,42,train_075,2,2,0.1782200187444687,0.22497740387916565,0.224137544631958,0.2002236694097519,0.1724412888288498
depth,corrected,0,42,train_076,2,2,0.18280786275863647,0.22194868326187134,0.210516095161438,0.19759385287761688,0.18713349103927612
depth,corrected,0,42,train_077,3,3,0.20449545979499817,0.1896219104528427,0.2340734899044037,0.16770918667316437,0.20409998297691345
depth,corrected,0,42,train_078,2,3,0.2211146056652069,0.19713157415390015,0.21369943022727966,0.15975651144981384,0.20829784870147705
depth,corrected,0,42,train_079,2,2,0.17746055126190186,0.22763842344284058,0.2257101684808731,0.19991059601306915,0.16928023099899292
depth,corrected,0,42,train_080,3,1,0.21281200647354126,0.19290077686309814,0.22346772253513336,0.16413143277168274,0.20668812096118927
depth,corrected,0,42,train_081,3,3,0.20619206130504608,0.1934228539466858,0.2363305389881134,0.16709719598293304,0.19695733487606049
depth,corrected,0,42,train_082,3,3,0.18178433179855347,0.22244155406951904,0.21432553231716156,0.1986331194639206,0.18281544744968414
depth,corrected,0,42,train_083,2,1,0.18746782839298248,0.22523874044418335,0.2123672068119049,0.19640731811523438,0.17851896584033966
depth,corrected,0,42,train_084,5,5,0.17725533246994019,0.22247524559497833,0.2262304723262787,0.20110870897769928,0.1729302853345871
depth,corrected,0,42,train_085,3,3,0.2060360610485077,0.19299009442329407,0.23568010330200195,0.16602487862110138,0.1992688626050949
depth,corrected,0,42,train_086,2,2,0.18878750503063202,0.22635772824287415,0.2184615135192871,0.1922633945941925,0.17412985861301422
depth,corrected,0,42,train_087,3,3,0.20301012694835663,0.1903001070022583,0.23720884323120117,0.16852901875972748,0.20095199346542358
depth,corrected,0,42,train_088,3,2,0.21431198716163635,0.1941407024860382,0.22381611168384552,0.16278155148029327,0.20494960248470306
depth,corrected,0,42,train_089,2,2,0.18314151465892792,0.21773883700370789,0.20747970044612885,0.20247860252857208,0.18916134536266327
depth,corrected,0,42,train_090,4,4,0.17925332486629486,0.21820569038391113,0.20625966787338257,0.20467138290405273,0.1916099637746811
depth,corrected,0,42,train_091,2,2,0.1779865324497223,0.22257614135742188,0.2217663675546646,0.20100724697113037,0.17666371166706085
depth,corrected,0,42,train_092,2,2,0.205292209982872,0.18942473828792572,0.23297454416751862,0.16747643053531647,0.20483209192752838
depth,corrected,0,42,train_093,3,3,0.17811168730258942,0.22243812680244446,0.21718928217887878,0.20149433612823486,0.18076659739017487
depth,corrected,0,42,train_094,3,3,0.1805221438407898,0.22191093862056732,0.21686160564422607,0.20149192214012146,0.17921334505081177
depth,corrected,0,42,train_095,3,3,0.1765332967042923,0.22320029139518738,0.22796449065208435,0.20070810616016388,0.1715937703847885
depth,corrected,0,42,train_096,2,2,0.17825745046138763,0.22032828629016876,0.2232210338115692,0.20086327195167542,0.17732994258403778
depth,corrected,0,42,train_097,3,3,0.2211403250694275,0.19565977156162262,0.2135138064622879,0.16148237884044647,0.20820365846157074
depth,corrected,0,42,train_098,3,1,0.20532314479351044,0.1896139234304428,0.23204796016216278,0.167389914393425,0.2056250125169754
depth,corrected,0,42,train_099,3,3,0.20256568491458893,0.18938849866390228,0.2365279644727707,0.16854985058307648,0.20296797156333923
depth,corrected,0,42,train_100,5,5,0.2114403396844864,0.1897706836462021,0.22064855694770813,0.1652211993932724,0.21291926503181458
depth,corrected,0,42,train_101,3,2,0.20335529744625092,0.19036255776882172,0.23581355810165405,0.1680079698562622,0.20246060192584991
depth,corrected,0,42,train_102,2,2,0.17630596458911896,0.22146114706993103,0.22386719286441803,0.20161502063274384,0.17675071954727173
depth,corrected,0,42,train_103,3,3,0.17797784507274628,0.22326970100402832,0.22838707268238068,0.20080804824829102,0.16955731809139252
depth,corrected,0,42,train_104,1,1,0.2037564218044281,0.19063116610050201,0.23799586296081543,0.1681472212076187,0.1994692087173462
depth,corrected,0,42,train_105,4,4,0.2103331834077835,0.19193468987941742,0.22892248630523682,0.1654106229543686,0.20339912176132202
depth,corrected,0,42,train_106,1,1,0.18166697025299072,0.22269731760025024,0.2204846888780594,0.2006058543920517,0.17454519867897034
depth,corrected,0,42,train_107,3,3,0.17895811796188354,0.22382067143917084,0.22687885165214539,0.19941990077495575,0.1709223985671997
depth,corrected,0,42,train_108,1,1,0.17595595121383667,0.2244156301021576,0.231564462184906,0.20128242671489716,0.16678152978420258
depth,corrected,0,42,train_109,3,3,0.179095059633255,0.2235478311777115,0.2283284217119217,0.1998370736837387,0.1691916435956955
depth,corrected,0,42,train_110,1,1,0.1860387921333313,0.2170439511537552,0.20390531420707703,0.2004009336233139,0.19261103868484497
depth,corrected,0,42,train_111,3,3,0.17863322794437408,0.22495025396347046,0.22613389790058136,0.1996142864227295,0.170668363571167
depth,corrected,0,42,train_112,1,1,0.21899254620075226,0.197600856423378,0.22294192016124725,0.16151268780231476,0.19895197451114655
depth,corrected,0,42,train_113,4,3,0.20832213759422302,0.1898232400417328,0.22629956901073456,0.16695483028888702,0.208600252866745
depth,corrected,0,42,train_114,3,3,0.17734365165233612,0.22245317697525024,0.22868941724300385,0.20069631934165955,0.17081744968891144
depth,corrected,0,42,train_115,3,3,0.20249196887016296,0.1894843578338623,0.2371395379304886,0.16840818524360657,0.2024759203195572
depth,corrected,0,42,train_116,4,4,0.17725808918476105,0.2221706062555313,0.23128066956996918,0.201010599732399,0.16828006505966187
depth,corrected,0,42,train_117,1,1,0.18342438340187073,0.22007349133491516,0.20336352288722992,0.2018738090991974,0.1912647932767868
depth,corrected,0,42,train_118,2,2,0.17808951437473297,0.22110755741596222,0.2235863357782364,0.20092177391052246,0.17629477381706238
depth,corrected,0,42,train_119,2,2,0.2047385275363922,0.18903681635856628,0.23196297883987427,0.1676982343196869,0.20656345784664154
depth,corrected,0,42,train_120,5,5,0.17788797616958618,0.22325913608074188,0.22703447937965393,0.19983702898025513,0.17198145389556885
depth,corrected,0,ensemble,train_001,2,2,0.22682291269302368,0.20645415782928467,0.2254979908466339,0.15313847362995148,0.18808653950691223
depth,corrected,0,ensemble,train_002,5,5,0.20804086327552795,0.1893130987882614,0.22458742558956146,0.16812582314014435,0.20993269979953766
depth,corrected,0,ensemble,train_003,2,2,0.1792304515838623,0.22348344326019287,0.22713534533977509,0.1997307687997818,0.17041997611522675
depth,corrected,0,ensemble,train_004,4,4,0.203469380736351,0.18991823494434357,0.23712700605392456,0.1674220710992813,0.20206327736377716
depth,corrected,0,ensemble,train_005,5,5,0.1764405071735382,0.22340434789657593,0.2268519103527069,0.20145784318447113,0.17184534668922424
depth,corrected,0,ensemble,train_006,2,2,0.2070188820362091,0.18879780173301697,0.22989408671855927,0.16631010174751282,0.20797909796237946
depth,corrected,0,ensemble,train_007,2,2,0.20370358228683472,0.19112946093082428,0.2376188486814499,0.1673761010169983,0.20017199218273163
depth,corrected,0,ensemble,train_008,5,5,0.20721207559108734,0.19226635992527008,0.23422789573669434,0.16584733128547668,0.2004462331533432
depth,corrected,0,ensemble,train_009,3,3,0.17885218560695648,0.22527407109737396,0.23162119090557098,0.19893598556518555,0.16531646251678467
depth,corrected,0,ensemble,train_010,2,2,0.1778685599565506,0.22184504568576813,0.2227860987186432,0.20081478357315063,0.17668546736240387
depth,corrected,0,ensemble,train_011,3,3,0.20538565516471863,0.19050383567810059,0.23561176657676697,0.16696402430534363,0.20153465867042542
depth,corrected,0,ensemble,train_012,5,5,0.21050474047660828,0.1903209090232849,0.22579514980316162,0.16503041982650757,0.20834870636463165
depth,corrected,0,ensemble,train_013,2,2,0.17854736745357513,0.2228602170944214,0.22641287744045258,0.20003463327884674,0.17214488983154297
depth,corrected,0,ensemble,train_014,5,5,0.20235835015773773,0.18829187750816345,0.23504498600959778,0.16829192638397217,0.20601284503936768
depth,corrected,0,ensemble,train_015,3,3,0.20637470483779907,0.19076725840568542,0.2312987744808197,0.1669602245092392,0.2045990228652954
depth,corrected,0,ensemble,train_016,4,4,0.2042638659477234,0.1889786273241043,0.23444373905658722,0.1675543487071991,0.20475944876670837
depth,corrected,0,ensemble,train_017,2,2,0.18138796091079712,0.22409477829933167,0.21701911091804504,0.20071090757846832,0.17678724229335785
depth,corrected,0,ensemble,train_018,5,5,0.1804715394973755,0.22108745574951172,0.21394434571266174,0.20172035694122314,0.18277637660503387
depth,corrected,0,ensemble,train_019,3,3,0.2061200737953186,0.1902509331703186,0.23295538127422333,0.16703511774539948,0.20363855361938477
depth,corrected,0,ensemble,train_020,2,2,0.2056621015071869,0.18936094641685486,0.23145988583564758,0.16710522770881653,0.2064119279384613
depth,corrected,0,ensemble,train_021,5,5,0.20208677649497986,0.18955157697200775,0.2372099757194519,0.16935545206069946,0.20179623365402222
depth,corrected,0,ensemble,train_022,5,4,0.1801009178161621,0.22070308029651642,0.2142006903886795,0.20251832902431488,0.1824769675731659
depth,corrected,0,ensemble,train_023,3,3,0.17672120034694672,0.2204277068376541,0.22163783013820648,0.20236152410507202,0.17885173857212067
depth,corrected,0,ensemble,train_024,5,5,0.17887918651103973,0.22210383415222168,0.21948257088661194,0.20246011018753052,0.17707428336143494
depth,corrected,0,ensemble,train_025,5,5,0.1776210218667984,0.2238798439502716,0.22442707419395447,0.20080703496932983,0.17326496541500092
depth,corrected,0,ensemble,train_026,3,3,0.1768656075000763,0.22433650493621826,0.2317911982536316,0.20033620297908783,0.16667047142982483
depth,corrected,0,ensemble,train_027,2,2,0.18450422585010529,0.2246766835451126,0.21809232234954834,0.19555409252643585,0.17717275023460388
depth,corrected,0,ensemble,train_028,4,4,0.17785637080669403,0.224374920129776,0.23054993152618408,0.19967491924762726,0.16754382848739624
depth,corrected,0,ensemble,train_029,2,2,0.22963257133960724,0.20179690420627594,0.21136422455310822,0.156581848859787,0.200624480843544
depth,corrected,0,ensemble,train_030,5,5,0.2088359147310257,0.1914173811674118,0.22728991508483887,0.16616329550743103,0.2062934786081314
depth,corrected,0,ensemble,train_031,4,4,0.17705044150352478,0.22269678115844727,0.22907096147537231,0.20137202739715576,0.16980986297130585
depth,corrected,0,ensemble,train_032,3,3,0.17805598676204681,0.2222488820552826,0.22451384365558624,0.20076440274715424,0.1744169145822525
depth,corrected,0,ensemble,train_033,1,1,0.18498149514198303,0.2225908786058426,0.2162608802318573,0.19847698509693146,0.17768977582454681
depth,corrected,0,ensemble,train_034,2,2,0.20439279079437256,0.18870577216148376,0.23191221058368683,0.16809521615505219,0.20689405500888824
depth,corrected,0,ensemble,train_035,2,2,0.18543410301208496,0.21961209177970886,0.20539964735507965,0.20125028491020203,0.18830382823944092
depth,corrected,0,ensemble,train_036,2,2,0.2035774290561676,0.19042903184890747,0.23675744235515594,0.16807328164577484,0.20116285979747772
depth,corrected,0,ensemble,train_037,2,2,0.17840027809143066,0.22019287943840027,0.20629484951496124,0.20317518711090088,0.19193683564662933
depth,corrected,0,ensemble,train_038,3,3,0.17902429401874542,0.22200967371463776,0.22554491460323334,0.20182763040065765,0.17159344255924225
depth,corrected,0,ensemble,train_039,3,3,0.17844438552856445,0.22324565052986145,0.22464604675769806,0.2020592838525772,0.17160463333129883
depth,corrected,0,ensemble,train_040,2,2,0.18047772347927094,0.22426439821720123,0.21614733338356018,0.19872090220451355,0.1803896427154541
depth,corrected,0,ensemble,train_041,3,3,0.17786936461925507,0.22264565527439117,0.22814373672008514,0.2005423903465271,0.17079880833625793
depth,corrected,0,ensemble,train_042,5,2,0.2157583087682724,0.19395706057548523,0.22340933978557587,0.162484809756279,0.20439040660858154
depth,corrected,0,ensemble,train_043,4,4,0.17692817747592926,0.22277013957500458,0.22638091444969177,0.20094476640224457,0.17297597229480743
depth,corrected,0,ensemble,train_044,3,3,0.20549292862415314,0.19053183495998383,0.23302268981933594,0.16765351593494415,0.20329895615577698
depth,corrected,0,ensemble,train_045,3,3,0.1774177998304367,0.2227052003145218,0.2269793599843979,0.20065850019454956,0.17223913967609406
depth,corrected,0,ensemble,train_046,4,4,0.17744159698486328,0.2235059142112732,0.23227515816688538,0.19985689222812653,0.16692055761814117
depth,corrected,0,ensemble,train_047,2,2,0.17934326827526093,0.22298268973827362,0.22711069881916046,0.1995541751384735,0.17100916802883148
depth,corrected,0,ensemble,train_048,4,4,0.20218470692634583,0.18915095925331116,0.23696504533290863,0.1687237024307251,0.20297563076019287
depth,corrected,0,ensemble,train_049,2,2,0.20513908565044403,0.1895918846130371,0.23182295262813568,0.16805732250213623,0.20538878440856934
depth,corrected,0,ensemble,train_050,3,4,0.2043115496635437,0.1889631301164627,0.23281331360340118,0.1682703197002411,0.20564165711402893
depth,corrected,0,ensemble,train_051,3,3,0.18012674152851105,0.22269810736179352,0.22576934099197388,0.19970886409282684,0.1716969758272171
depth,corrected,0,ensemble,train_052,3,3,0.20263424515724182,0.18935948610305786,0.23689226806163788,0.16855573654174805,0.2025582492351532
depth,corrected,0,ensemble,train_053,3,3,0.20680831372737885,0.1932288110256195,0.23399290442466736,0.16688545048236847,0.1990845948457718
depth,corrected,0,ensemble,train_054,2,2,0.20640498399734497,0.1893785148859024,0.23153620958328247,0.16641543805599213,0.20626486837863922
depth,corrected,0,ensemble,train_055,3,3,0.20208293199539185,0.18982937932014465,0.2391638457775116,0.16877378523349762,0.20015007257461548
depth,corrected,0,ensemble,train_056,1,1,0.20460933446884155,0.1908358782529831,0.23669858276844025,0.16718123853206635,0.20067498087882996
depth,corrected,0,ensemble,train_057,1,1,0.1779186874628067,0.22243759036064148,0.22722195088863373,0.20038549602031708,0.172036275267601
depth,corrected,0,ensemble,train_058,1,1,0.20495864748954773,0.19012148678302765,0.2347451150417328,0.16704806685447693,0.2031267285346985
depth,corrected,0,ensemble,train_059,2,2,0.18497225642204285,0.22162964940071106,0.22048251330852509,0.19865523278713226,0.17426031827926636
depth,corrected,0,ensemble,train_060,3,3,0.20721367001533508,0.19144868850708008,0.23274080455303192,0.166319340467453,0.20227740705013275
depth,corrected,0,ensemble,train_061,2,2,0.2089647799730301,0.19012850522994995,0.22742240130901337,0.1658829301595688,0.2076013833284378
depth,corrected,0,ensemble,train_062,3,3,0.21070165932178497,0.19265532493591309,0.2281043380498886,0.16569042205810547,0.20284827053546906
depth,corrected,0,ensemble,train_063,2,2,0.22207137942314148,0.19177483022212982,0.20679861307144165,0.16182425618171692,0.21753087639808655
depth,corrected,0,ensemble,train_064,2,2,0.20636534690856934,0.1903110295534134,0.23221486806869507,0.1671086698770523,0.2040001004934311
depth,corrected,0,ensemble,train_065,3,3,0.2060123234987259,0.1909208446741104,0.23445403575897217,0.16722102463245392,0.20139175653457642
depth,corrected,0,ensemble,train_066,2,2,0.20422698557376862,0.18961358070373535,0.23493660986423492,0.1681249737739563,0.2030978500843048
depth,corrected,0,ensemble,train_067,3,3,0.20377662777900696,0.19191518425941467,0.2384774386882782,0.1678939014673233,0.19793681800365448
depth,corrected,0,ensemble,train_068,3,3,0.17693577706813812,0.22323374450206757,0.22938337922096252,0.20015724003314972,0.17028990387916565
depth,corrected,0,ensemble,train_069,2,2,0.20690122246742249,0.1921231746673584,0.23237259685993195,0.1670045107603073,0.20159846544265747
depth,corrected,0,ensemble,train_070,2,2,0.1798553317785263,0.22398294508457184,0.22864095866680145,0.19907797873020172,0.16844283044338226
depth,corrected,0,ensemble,train_071,4,4,0.20400531589984894,0.1899641454219818,0.23356452584266663,0.1686343550682068,0.20383167266845703
depth,corrected,0,ensemble,train_072,4,4,0.21708497405052185,0.19408053159713745,0.2208791822195053,0.16189101338386536,0.20606429874897003
depth,corrected,0,ensemble,train_073,2,2,0.2032431811094284,0.18923896551132202,0.23521536588668823,0.16862715780735016,0.20367532968521118
depth,corrected,0,ensemble,train_074,3,3,0.17997461557388306,0.22608354687690735,0.22891105711460114,0.19785496592521667,0.167175754904747
depth,corrected,0,ensemble,train_075,2,2,0.1782200187444687,0.22497740387916565,0.224137544631958,0.2002236694097519,0.1724412888288498
depth,corrected,0,ensemble,train_076,2,2,0.18280786275863647,0.22194868326187134,0.210516095161438,0.19759385287761688,0.18713349103927612
depth,corrected,0,ensemble,train_077,3,3,0.20449545979499817,0.1896219104528427,0.2340734899044037,0.16770918667316437,0.20409998297691345
depth,corrected,0,ensemble,train_078,2,3,0.2211146056652069,0.19713157415390015,0.21369943022727966,0.15975651144981384,0.20829784870147705
depth,corrected,0,ensemble,train_079,2,2,0.17746055126190186,0.22763842344284058,0.2257101684808731,0.19991059601306915,0.16928023099899292
depth,corrected,0,ensemble,train_080,3,1,0.21281200647354126,0.19290077686309814,0.22346772253513336,0.16413143277168274,0.20668812096118927
depth,corrected,0,ensemble,train_081,3,3,0.20619206130504608,0.1934228539466858,0.2363305389881134,0.16709719598293304,0.19695733487606049
depth,corrected,0,ensemble,train_082,3,3,0.18178433179855347,0.22244155406951904,0.21432553231716156,0.1986331194639206,0.18281544744968414
depth,corrected,0,ensemble,train_083,2,1,0.18746782839298248,0.22523874044418335,0.2123672068119049,0.19640731811523438,0.17851896584033966
depth,corrected,0,ensemble,train_084,5,5,0.17725533246994019,0.22247524559497833,0.2262304723262787,0.20110870897769928,0.1729302853345871
depth,corrected,0,ensemble,train_085,3,3,0.2060360610485077,0.19299009442329407,0.23568010330200195,0.16602487862110138,0.1992688626050949
depth,corrected,0,ensemble,train_086,2,2,0.18878750503063202,0.22635772824287415,0.2184615135192871,0.1922633945941925,0.17412985861301422
depth,corrected,0,ensemble,train_087,3,3,0.20301012694835663,0.1903001070022583,0.23720884323120117,0.16852901875972748,0.20095199346542358
depth,corrected,0,ensemble,train_088,3,2,0.21431198716163635,0.1941407024860382,0.22381611168384552,0.16278155148029327,0.20494960248470306
depth,corrected,0,ensemble,train_089,2,2,0.18314151465892792,0.21773883700370789,0.20747970044612885,0.20247860252857208,0.18916134536266327
depth,corrected,0,ensemble,train_090,4,4,0.17925332486629486,0.21820569038391113,0.20625966787338257,0.20467138290405273,0.1916099637746811
depth,corrected,0,ensemble,train_091,2,2,0.1779865324497223,0.22257614135742188,0.2217663675546646,0.20100724697113037,0.17666371166706085
depth,corrected,0,ensemble,train_092,2,2,0.205292209982872,0.18942473828792572,0.23297454416751862,0.16747643053531647,0.20483209192752838
depth,corrected,0,ensemble,train_093,3,3,0.17811168730258942,0.22243812680244446,0.21718928217887878,0.20149433612823486,0.18076659739017487
depth,corrected,0,ensemble,train_094,3,3,0.1805221438407898,0.22191093862056732,0.21686160564422607,0.20149192214012146,0.17921334505081177
depth,corrected,0,ensemble,train_095,3,3,0.1765332967042923,0.22320029139518738,0.22796449065208435,0.20070810616016388,0.1715937703847885
depth,corrected,0,ensemble,train_096,2,2,0.17825745046138763,0.22032828629016876,0.2232210338115692,0.20086327195167542,0.17732994258403778
depth,corrected,0,ensemble,train_097,3,3,0.2211403250694275,0.19565977156162262,0.2135138064622879,0.16148237884044647,0.20820365846157074
depth,corrected,0,ensemble,train_098,3,1,0.20532314479351044,0.1896139234304428,0.23204796016216278,0.167389914393425,0.2056250125169754
depth,corrected,0,ensemble,train_099,3,3,0.20256568491458893,0.18938849866390228,0.2365279644727707,0.16854985058307648,0.20296797156333923
depth,corrected,0,ensemble,train_100,5,5,0.2114403396844864,0.1897706836462021,0.22064855694770813,0.1652211993932724,0.21291926503181458
depth,corrected,0,ensemble,train_101,3,2,0.20335529744625092,0.19036255776882172,0.23581355810165405,0.1680079698562622,0.20246060192584991
depth,corrected,0,ensemble,train_102,2,2,0.17630596458911896,0.22146114706993103,0.22386719286441803,0.20161502063274384,0.17675071954727173
depth,corrected,0,ensemble,train_103,3,3,0.17797784507274628,0.22326970100402832,0.22838707268238068,0.20080804824829102,0.16955731809139252
depth,corrected,0,ensemble,train_104,1,1,0.2037564218044281,0.19063116610050201,0.23799586296081543,0.1681472212076187,0.1994692087173462
depth,corrected,0,ensemble,train_105,4,4,0.2103331834077835,0.19193468987941742,0.22892248630523682,0.1654106229543686,0.20339912176132202
depth,corrected,0,ensemble,train_106,1,1,0.18166697025299072,0.22269731760025024,0.2204846888780594,0.2006058543920517,0.17454519867897034
depth,corrected,0,ensemble,train_107,3,3,0.17895811796188354,0.22382067143917084,0.22687885165214539,0.19941990077495575,0.1709223985671997
depth,corrected,0,ensemble,train_108,1,1,0.17595595121383667,0.2244156301021576,0.231564462184906,0.20128242671489716,0.16678152978420258
depth,corrected,0,ensemble,train_109,3,3,0.179095059633255,0.2235478311777115,0.2283284217119217,0.1998370736837387,0.1691916435956955
depth,corrected,0,ensemble,train_110,1,1,0.1860387921333313,0.2170439511537552,0.20390531420707703,0.2004009336233139,0.19261103868484497
depth,corrected,0,ensemble,train_111,3,3,0.17863322794437408,0.22495025396347046,0.22613389790058136,0.1996142864227295,0.170668363571167
depth,corrected,0,ensemble,train_112,1,1,0.21899254620075226,0.197600856423378,0.22294192016124725,0.16151268780231476,0.19895197451114655
depth,corrected,0,ensemble,train_113,4,3,0.20832213759422302,0.1898232400417328,0.22629956901073456,0.16695483028888702,0.208600252866745
depth,corrected,0,ensemble,train_114,3,3,0.17734365165233612,0.22245317697525024,0.22868941724300385,0.20069631934165955,0.17081744968891144
depth,corrected,0,ensemble,train_115,3,3,0.20249196887016296,0.1894843578338623,0.2371395379304886,0.16840818524360657,0.2024759203195572
depth,corrected,0,ensemble,train_116,4,4,0.17725808918476105,0.2221706062555313,0.23128066956996918,0.201010599732399,0.16828006505966187
depth,corrected,0,ensemble,train_117,1,1,0.18342438340187073,0.22007349133491516,0.20336352288722992,0.2018738090991974,0.1912647932767868
depth,corrected,0,ensemble,train_118,2,2,0.17808951437473297,0.22110755741596222,0.2235863357782364,0.20092177391052246,0.17629477381706238
depth,corrected,0,ensemble,train_119,2,2,0.2047385275363922,0.18903681635856628,0.23196297883987427,0.1676982343196869,0.20656345784664154
depth,corrected,0,ensemble,train_120,5,5,0.17788797616958618,0.22325913608074188,0.22703447937965393,0.19983702898025513,0.17198145389556885
concat,original,0,42,train_001,2,2,0.2549304664134979,0.22447694838047028,0.1789824366569519,0.17946438491344452,0.16214576363563538
concat,original,0,42,train_002,5,5,0.2045939564704895,0.2103251963853836,0.2146925926208496,0.1760718673467636,0.19431647658348083
concat,original,0,42,train_003,2,2,0.21080487966537476,0.22341229021549225,0.19972245395183563,0.18849153816699982,0.17756888270378113
concat,original,0,42,train_004,4,4,0.20178581774234772,0.2156805843114853,0.21206602454185486,0.18117675185203552,0.18929076194763184
concat,original,0,42,train_005,5,5,0.20654414594173431,0.2192593812942505,0.20551106333732605,0.18801406025886536,0.1806713491678238
concat,original,0,42,train_006,2,2,0.20181937515735626,0.2146424502134323,0.2119688093662262,0.17964604496955872,0.19192329049110413
concat,original,0,42,train_007,2,2,0.2041815221309662,0.2158593088388443,0.21091437339782715,0.18007488548755646,0.18896988034248352
concat,original,0,42,train_008,5,5,0.2121402472257614,0.22017718851566315,0.2028302699327469,0.18091654777526855,0.1839357316493988
concat,original,0,42,train_009,3,3,0.20676566660404205,0.2216419130563736,0.2049092948436737,0.18887148797512054,0.1778116226196289
concat,original,0,42,train_010,2,2,0.20764291286468506,0.22101768851280212,0.20242616534233093,0.18823568522930145,0.1806776076555252
concat,original,0,42,train_011,3,3,0.20610485970973969,0.2164374440908432,0.2095569521188736,0.18074283003807068,0.18715794384479523
concat,original,0,42,train_012,5,5,0.21018892526626587,0.2192515730857849,0.20312677323818207,0.17964571714401245,0.1877869963645935
concat,original,0,42,train_013,2,2,0.20480825006961823,0.22017905116081238,0.2054576873779297,0.18855108320713043,0.18100392818450928
concat,original,0,42,train_014,5,5,0.20175571739673615,0.2115977555513382,0.21659503877162933,0.17769964039325714,0.19235187768936157
concat,original,0,42,train_015,3,3,0.2055359035730362,0.21794772148132324,0.20594829320907593,0.181849867105484,0.18871821463108063
concat,original,0,42,train_016,4,4,0.2010032683610916,0.2150847315788269,0.21267881989479065,0.1802232414484024,0.19100995361804962
concat,original,0,42,train_017,2,2,0.21903599798679352,0.2286182940006256,0.19055874645709991,0.18824557960033417,0.17354141175746918
concat,original,0,42,train_018,5,5,0.21124941110610962,0.22270065546035767,0.19743596017360687,0.18799039721488953,0.18062368035316467
concat,original,0,42,train_019,3,3,0.20582479238510132,0.21675407886505127,0.20896485447883606,0.18090909719467163,0.18754717707633972
concat,original,0,42,train_020,2,2,0.2020745724439621,0.21470952033996582,0.21216721832752228,0.18003343045711517,0.19101524353027344
concat,original,0,42,train_021,5,5,0.20292280614376068,0.21117092669010162,0.2170487493276596,0.1782715916633606,0.19058597087860107
concat,original,0,42,train_022,4,4,0.21695932745933533,0.22365832328796387,0.1952330470085144,0.18700718879699707,0.1771421581506729
concat,original,0,42,train_023,3,3,0.20359055697917938,0.21724393963813782,0.20632289350032806,0.18730901181697845,0.1855335384607315
concat,original,0,42,train_024,5,5,0.21747270226478577,0.22192130982875824,0.19745439291000366,0.18574775755405426,0.17740382254123688
concat,original,0,42,train_025,5,5,0.21056577563285828,0.22436200082302094,0.19941405951976776,0.18901847302913666,0.17663973569869995
concat,original,0,42,train_026,3,3,0.20804110169410706,0.22045983374118805,0.20546914637088776,0.18774215877056122,0.1782878190279007
concat,original,0,42,train_027,2,2,0.2302708774805069,0.2284843772649765,0.19035829603672028,0.18453380465507507,0.16635265946388245
concat,original,0,42,train_028,4,4,0.20499254763126373,0.22067135572433472,0.20605039596557617,0.18857507407665253,0.17971067130565643
concat,original,0,42,train_029,2,2,0.24839475750923157,0.22335383296012878,0.183187335729599,0.1823834776878357,0.16268059611320496
concat,original,0,42,train_030,5,5,0.2117951512336731,0.21881212294101715,0.20201221108436584,0.18088801205158234,0.18649250268936157
concat,original,0,42,train_031,4,4,0.2050759196281433,0.21739795804023743,0.20797313749790192,0.18672338128089905,0.1828295737504959
concat,original,0,42,train_032,3,3,0.20802932977676392,0.22089634835720062,0.20348840951919556,0.18853475153446198,0.17905108630657196
concat,original,0,42,train_033,1,1,0.22381417453289032,0.226626455783844,0.191983163356781,0.18533499538898468,0.1722412258386612
concat,original,0,42,train_034,2,2,0.2012711614370346,0.21315667033195496,0.21451900899410248,0.17978067696094513,0.19127243757247925
concat,original,0,42,train_035,2,2,0.22561518847942352,0.2271764874458313,0.19026795029640198,0.18658092617988586,0.1703595072031021
concat,original,0,42,train_036,2,2,0.20495741069316864,0.21587835252285004,0.2102268934249878,0.1812942624092102,0.1876431554555893
concat,original,0,42,train_037,2,2,0.21470865607261658,0.22534361481666565,0.19299834966659546,0.1907627135515213,0.176186665892601
concat,original,0,42,train_038,3,3,0.21388432383537292,0.22025848925113678,0.20118936896324158,0.18579475581645966,0.17887304723262787
concat,original,0,42,train_039,3,3,0.21002164483070374,0.2198725938796997,0.20196259021759033,0.187443345785141,0.18069985508918762
concat,original,0,42,train_040,2,2,0.21978823840618134,0.22760999202728271,0.1925685554742813,0.18929634988307953,0.1707368791103363
concat,original,0,42,train_041,3,3,0.20728057622909546,0.22054344415664673,0.20422272384166718,0.18815283477306366,0.1798003613948822
concat,original,0,42,train_042,2,2,0.22110684216022491,0.22529682517051697,0.19162079691886902,0.18130561709403992,0.1806698441505432
concat,original,0,42,train_043,4,4,0.20334376394748688,0.2183966189622879,0.207423597574234,0.18803133070468903,0.18280470371246338
concat,original,0,42,train_044,3,3,0.20678609609603882,0.21646179258823395,0.2083330899477005,0.17989718914031982,0.1885218322277069
concat,original,0,42,train_045,3,3,0.20525148510932922,0.21979370713233948,0.20561547577381134,0.18801094591617584,0.18132837116718292
concat,original,0,42,train_046,4,4,0.20557339489459991,0.21887817978858948,0.2084335833787918,0.18783216178417206,0.17928266525268555
concat,original,0,42,train_047,2,2,0.21079698204994202,0.22318300604820251,0.20037978887557983,0.18959292769432068,0.17604723572731018
concat,original,0,42,train_048,4,4,0.20110434293746948,0.21150706708431244,0.2174077332019806,0.1789335459470749,0.19104737043380737
concat,original,0,42,train_049,2,2,0.20483121275901794,0.21537645161151886,0.21067030727863312,0.1804286241531372,0.18869346380233765
concat,original,0,42,train_050,4,4,0.20210886001586914,0.21278566122055054,0.21500183641910553,0.17947223782539368,0.1906314343214035
concat,original,0,42,train_051,3,3,0.2105298489332199,0.22260317206382751,0.2006009966135025,0.18824335932731628,0.178022563457489
concat,original,0,42,train_052,3,3,0.2012684941291809,0.2125571221113205,0.21604274213314056,0.17907533049583435,0.19105637073516846
concat,original,0,42,train_053,3,3,0.2095920294523239,0.22102108597755432,0.2012077420949936,0.18308700621128082,0.18509207665920258
concat,original,0,42,train_054,2,2,0.20529671013355255,0.2156912237405777,0.21011453866958618,0.17955991625785828,0.1893375664949417
concat,original,0,42,train_055,3,3,0.20273812115192413,0.2123512178659439,0.21598969399929047,0.17900222539901733,0.18991878628730774
concat,original,0,42,train_056,1,1,0.20535115897655487,0.2170572280883789,0.20865514874458313,0.18051321804523468,0.1884232610464096
concat,original,0,42,train_057,1,1,0.20596490800380707,0.21999527513980865,0.20569132268428802,0.1883118897676468,0.18003664910793304
concat,original,0,42,train_058,1,1,0.2050093710422516,0.21579815447330475,0.21015791594982147,0.17976292967796326,0.18927165865898132
concat,original,0,42,train_059,2,2,0.219920814037323,0.2244727611541748,0.19533894956111908,0.18569092452526093,0.17457659542560577
concat,original,0,42,train_060,3,3,0.21054542064666748,0.21827496588230133,0.20481263101100922,0.18017758429050446,0.18618938326835632
concat,original,0,42,train_061,2,2,0.20940518379211426,0.218403622508049,0.20503969490528107,0.1813051700592041,0.18584635853767395
concat,original,0,42,train_062,3,3,0.21356533467769623,0.22144177556037903,0.1985567957162857,0.18190498650074005,0.1845310777425766
concat,original,0,42,train_063,2,2,0.22454503178596497,0.2225361168384552,0.19195842742919922,0.18209518492221832,0.1788651943206787
concat,original,0,42,train_064,2,2,0.20601609349250793,0.21704979240894318,0.20767547190189362,0.18177586793899536,0.18748274445533752
concat,original,0,42,train_065,3,3,0.20820853114128113,0.21667371690273285,0.20818229019641876,0.17993536591529846,0.1870000809431076
concat,original,0,42,train_066,2,2,0.20216552913188934,0.2140512317419052,0.21367841958999634,0.18033230304718018,0.1897725760936737
concat,original,0,42,train_067,3,3,0.20829738676548004,0.21593548357486725,0.2095917910337448,0.17919759452342987,0.1869777888059616
concat,original,0,42,train_068,3,3,0.20823083817958832,0.22148442268371582,0.20376840233802795,0.18903936445713043,0.17747697234153748
concat,original,0,42,train_069,2,2,0.2138957977294922,0.21699903905391693,0.2043231874704361,0.17958271503448486,0.18519927561283112
concat,original,0,42,train_070,2,2,0.21078534424304962,0.22363193333148956,0.200212299823761,0.18851801753044128,0.17685243487358093
concat,original,0,42,train_071,4,4,0.20578601956367493,0.21342048048973083,0.21219559013843536,0.17912477254867554,0.18947310745716095
concat,original,0,42,train_072,4,4,0.22096438705921173,0.2228991687297821,0.19402919709682465,0.17933689057826996,0.18277035653591156
concat,original,0,42,train_073,2,2,0.2032603621482849,0.21209099888801575,0.2152489870786667,0.17837633192539215,0.19102326035499573
concat,original,0,42,train_074,3,3,0.21157315373420715,0.2268638163805008,0.19720390439033508,0.19108326733112335,0.1732758730649948
concat,original,0,42,train_075,2,2,0.21111160516738892,0.22442008554935455,0.19938616454601288,0.18971318006515503,0.17536896467208862
concat,original,0,42,train_076,2,2,0.22521738708019257,0.22814691066741943,0.19129881262779236,0.18732033669948578,0.16801650822162628
concat,original,0,42,train_077,3,3,0.20421212911605835,0.21518374979496002,0.21149826049804688,0.18025514483451843,0.18885067105293274
concat,original,0,42,train_078,3,3,0.22944612801074982,0.22629065811634064,0.18406759202480316,0.18681885302066803,0.17337676882743835
concat,original,0,42,train_079,2,2,0.21560144424438477,0.22719444334506989,0.19413213431835175,0.19000084698200226,0.17307107150554657
concat,original,0,42,train_080,1,1,0.21858331561088562,0.22160613536834717,0.19636982679367065,0.18099312484264374,0.18244759738445282
concat,original,0,42,train_081,3,3,0.21280673146247864,0.2213083952665329,0.20011532306671143,0.18242260813713074,0.1833469271659851
concat,original,0,42,train_082,3,3,0.2190002202987671,0.22670280933380127,0.19347530603408813,0.18866600096225739,0.17215567827224731
concat,original,0,42,train_083,1,1,0.23402002453804016,0.23035883903503418,0.18749862909317017,0.1837814897298813,0.16434107720851898
concat,original,0,42,train_084,5,5,0.2053602933883667,0.21860387921333313,0.20636489987373352,0.1877811700105667,0.18188971281051636
concat,original,0,42,train_085,3,3,0.2113749384880066,0.2194560170173645,0.20397287607192993,0.18100614845752716,0.18418999016284943
concat,original,0,42,train_086,2,2,0.2372649908065796,0.23034627735614777,0.18738119304180145,0.1847587376832962,0.16024881601333618
concat,original,0,42,train_087,3,3,0.20444513857364655,0.2130110263824463,0.21397477388381958,0.17912742495536804,0.18944163620471954
concat,original,0,42,train_088,2,2,0.22015582025051117,0.22365255653858185,0.19276852905750275,0.1831982284784317,0.18022485077381134
concat,original,0,42,train_089,2,2,0.2202105075120926,0.2249966561794281,0.1930660456418991,0.1874215304851532,0.17430530488491058
concat,original,0,42,train_090,4,4,0.2150902897119522,0.22300216555595398,0.19450253248214722,0.18686845898628235,0.18053661286830902
concat,original,0,42,train_091,2,2,0.2102544754743576,0.22374294698238373,0.19818434119224548,0.18949821591377258,0.1783200353384018
concat,original,0,42,train_092,2,2,0.20409397780895233,0.21488086879253387,0.21180880069732666,0.17977087199687958,0.18944543600082397
concat,original,0,42,train_093,3,3,0.20702464878559113,0.22290414571762085,0.1995927095413208,0.19076159596443176,0.17971691489219666
concat,original,0,42,train_094,3,3,0.2169334441423416,0.22637397050857544,0.1933114379644394,0.18821407854557037,0.17516709864139557
concat,original,0,42,train_095,3,3,0.2054458111524582,0.22000519931316376,0.20609694719314575,0.18840163946151733,0.18005044758319855
concat,original,0,42,train_096,2,2,0.20677661895751953,0.21918921172618866,0.20501060783863068,0.18707473576068878,0.18194876611232758
concat,original,0,42,train_097,3,3,0.230083629488945,0.22551868855953217,0.18668696284294128,0.1829511821269989,0.17475950717926025
concat,original,0,42,train_098,1,1,0.2042103111743927,0.21475492417812347,0.2106613665819168,0.1797354370355606,0.1906379610300064
concat,original,0,42,train_099,3,3,0.2030329406261444,0.2126341015100479,0.21551337838172913,0.1787148416042328,0.19010478258132935
concat,original,0,42,train_100,5,5,0.20849190652370453,0.21903100609779358,0.20227810740470886,0.1822904348373413,0.18790853023529053
concat,original,0,42,train_101,2,2,0.20358629524707794,0.21411393582820892,0.2130875289440155,0.1795266717672348,0.18968556821346283
concat,original,0,42,train_102,2,2,0.2042759507894516,0.21859318017959595,0.2059476673603058,0.18829503655433655,0.18288815021514893
concat,original,0,42,train_103,3,3,0.20605656504631042,0.21931570768356323,0.206105038523674,0.18762044608592987,0.18090218305587769
concat,original,0,42,train_104,1,1,0.20525385439395905,0.21537631750106812,0.2112066000699997,0.1801937222480774,0.1879696100950241
concat,original,0,42,train_105,4,4,0.21425026655197144,0.22050005197525024,0.2005009651184082,0.17978179454803467,0.18496690690517426
concat,original,0,42,train_106,1,1,0.21828630566596985,0.2246185541152954,0.19438660144805908,0.18590931594371796,0.1767992079257965
concat,original,0,42,train_107,3,3,0.21273717284202576,0.22534044086933136,0.19719989597797394,0.18984970450401306,0.17487271130084991
concat,original,0,42,train_108,1,1,0.20652228593826294,0.22024308145046234,0.20472081005573273,0.1874871850013733,0.1810266077518463
concat,original,0,42,train_109,3,3,0.21134397387504578,0.22295942902565002,0.2008420079946518,0.18823450803756714,0.17662012577056885
concat,original,0,42,train_110,1,1,0.22780437767505646,0.22662416100502014,0.19171647727489471,0.18523941934108734,0.16861556470394135
concat,original,0,42,train_111,3,3,0.2118174135684967,0.2251192033290863,0.19762814044952393,0.19023443758487701,0.17520077526569366
concat,original,0,42,train_112,1,1,0.233647421002388,0.22410650551319122,0.1883063018321991,0.17934593558311462,0.17459383606910706
concat,original,0,42,train_113,3,3,0.2088593989610672,0.21523895859718323,0.20780882239341736,0.17833195626735687,0.18976080417633057
concat,original,0,42,train_114,3,3,0.20397543907165527,0.2175886482000351,0.20861460268497467,0.18733081221580505,0.1824904978275299
concat,original,0,42,train_115,3,3,0.2014552801847458,0.2132815420627594,0.21539543569087982,0.17987440526485443,0.18999329209327698
concat,original,0,42,train_116,4,4,0.20571410655975342,0.21650928258895874,0.20966754853725433,0.18649697303771973,0.18161211907863617
concat,original,0,42,train_117,1,1,0.22697727382183075,0.22907909750938416,0.1887475848197937,0.18692490458488464,0.16827109456062317
concat,original,0,42,train_118,2,2,0.20389564335346222,0.2187540978193283,0.20615710318088531,0.18755513429641724,0.18363802134990692
concat,original,0,42,train_119,2,2,0.20310552418231964,0.21381397545337677,0.2129334807395935,0.1795421540737152,0.19060489535331726
concat,original,0,42,train_120,5,5,0.2070174366235733,0.22245875000953674,0.2032049000263214,0.18922914564609528,0.17808975279331207
concat,original,0,ensemble,train_001,2,2,0.2549304664134979,0.22447694838047028,0.1789824366569519,0.17946438491344452,0.16214576363563538
concat,original,0,ensemble,train_002,5,5,0.2045939564704895,0.2103251963853836,0.2146925926208496,0.1760718673467636,0.19431647658348083
concat,original,0,ensemble,train_003,2,2,0.21080487966537476,0.22341229021549225,0.19972245395183563,0.18849153816699982,0.17756888270378113
concat,original,0,ensemble,train_004,4,4,0.20178581774234772,0.2156805843114853,0.21206602454185486,0.18117675185203552,0.18929076194763184
concat,original,0,ensemble,train_005,5,5,0.20654414594173431,0.2192593812942505,0.20551106333732605,0.18801406025886536,0.1806713491678238
concat,original,0,ensemble,train_006,2,2,0.20181937515735626,0.2146424502134323,0.2119688093662262,0.17964604496955872,0.19192329049110413
concat,original,0,ensemble,train_007,2,2,0.2041815221309662,0.2158593088388443,0.21091437339782715,0.18007488548755646,0.18896988034248352
concat,original,0,ensemble,train_008,5,5,0.2121402472257614,0.22017718851566315,0.2028302699327469,0.18091654777526855,0.1839357316493988
concat,original,0,ensemble,train_009,3,3,0.20676566660404205,0.2216419130563736,0.2049092948436737,0.18887148797512054,0.1778116226196289
concat,original,0,ensemble,train_010,2,2,0.20764291286468506,0.22101768851280212,0.20242616534233093,0.18823568522930145,0.1806776076555252
concat,original,0,ensemble,train_011,3,3,0.20610485970973969,0.2164374440908432,0.2095569521188736,0.18074283003807068,0.18715794384479523
concat,original,0,ensemble,train_012,5,5,0.21018892526626587,0.2192515730857849,0.20312677323818207,0.17964571714401245,0.1877869963645935
concat,original,0,ensemble,train_013,2,2,0.20480825006961823,0.22017905116081238,0.2054576873779297,0.18855108320713043,0.18100392818450928
concat,original,0,ensemble,train_014,5,5,0.20175571739673615,0.2115977555513382,0.21659503877162933,0.17769964039325714,0.19235187768936157
concat,original,0,ensemble,train_015,3,3,0.2055359035730362,0.21794772148132324,0.20594829320907593,0.181849867105484,0.18871821463108063
concat,original,0,ensemble,train_016,4,4,0.2010032683610916,0.2150847315788269,0.21267881989479065,0.1802232414484024,0.19100995361804962
concat,original,0,ensemble,train_017,2,2,0.21903599798679352,0.2286182940006256,0.19055874645709991,0.18824557960033417,0.17354141175746918
concat,original,0,ensemble,train_018,5,5,0.21124941110610962,0.22270065546035767,0.19743596017360687,0.18799039721488953,0.18062368035316467
concat,original,0,ensemble,train_019,3,3,0.20582479238510132,0.21675407886505127,0.20896485447883606,0.18090909719467163,0.18754717707633972
concat,original,0,ensemble,train_020,2,2,0.2020745724439621,0.21470952033996582,0.21216721832752228,0.18003343045711517,0.19101524353027344
concat,original,0,ensemble,train_021,5,5,0.20292280614376068,0.21117092669010162,0.2170487493276596,0.1782715916633606,0.19058597087860107
concat,original,0,ensemble,train_022,4,4,0.21695932745933533,0.22365832328796387,0.1952330470085144,0.18700718879699707,0.1771421581506729
concat,original,0,ensemble,train_023,3,3,0.20359055697917938,0.21724393963813782,0.20632289350032806,0.18730901181697845,0.1855335384607315
concat,original,0,ensemble,train_024,5,5,0.21747270226478577,0.22192130982875824,0.19745439291000366,0.18574775755405426,0.17740382254123688
concat,original,0,ensemble,train_025,5,5,0.21056577563285828,0.22436200082302094,0.19941405951976776,0.18901847302913666,0.17663973569869995
concat,original,0,ensemble,train_026,3,3,0.20804110169410706,0.22045983374118805,0.20546914637088776,0.18774215877056122,0.1782878190279007
concat,original,0,ensemble,train_027,2,2,0.2302708774805069,0.2284843772649765,0.19035829603672028,0.18453380465507507,0.16635265946388245
concat,original,0,ensemble,train_028,4,4,0.20499254763126373,0.22067135572433472,0.20605039596557617,0.18857507407665253,0.17971067130565643
concat,original,0,ensemble,train_029,2,2,0.24839475750923157,0.22335383296012878,0.183187335729599,0.1823834776878357,0.16268059611320496
concat,original,0,ensemble,train_030,5,5,0.2117951512336731,0.21881212294101715,0.20201221108436584,0.18088801205158234,0.18649250268936157
concat,original,0,ensemble,train_031,4,4,0.2050759196281433,0.21739795804023743,0.20797313749790192,0.18672338128089905,0.1828295737504959
concat,original,0,ensemble,train_032,3,3,0.20802932977676392,0.22089634835720062,0.20348840951919556,0.18853475153446198,0.17905108630657196
concat,original,0,ensemble,train_033,1,1,0.22381417453289032,0.226626455783844,0.191983163356781,0.18533499538898468,0.1722412258386612
concat,original,0,ensemble,train_034,2,2,0.2012711614370346,0.21315667033195496,0.21451900899410248,0.17978067696094513,0.19127243757247925
concat,original,0,ensemble,train_035,2,2,0.22561518847942352,0.2271764874458313,0.19026795029640198,0.18658092617988586,0.1703595072031021
concat,original,0,ensemble,train_036,2,2,0.20495741069316864,0.21587835252285004,0.2102268934249878,0.1812942624092102,0.1876431554555893
concat,original,0,ensemble,train_037,2,2,0.21470865607261658,0.22534361481666565,0.19299834966659546,0.1907627135515213,0.176186665892601
concat,original,0,ensemble,train_038,3,3,0.21388432383537292,0.22025848925113678,0.20118936896324158,0.18579475581645966,0.17887304723262787
concat,original,0,ensemble,train_039,3,3,0.21002164483070374,0.2198725938796997,0.20196259021759033,0.187443345785141,0.18069985508918762
concat,original,0,ensemble,train_040,2,2,0.21978823840618134,0.22760999202728271,0.1925685554742813,0.18929634988307953,0.1707368791103363
concat,original,0,ensemble,train_041,3,3,0.20728057622909546,0.22054344415664673,0.20422272384166718,0.18815283477306366,0.1798003613948822
concat,original,0,ensemble,train_042,2,2,0.22110684216022491,0.22529682517051697,0.19162079691886902,0.18130561709403992,0.1806698441505432
concat,original,0,ensemble,train_043,4,4,0.20334376394748688,0.2183966189622879,0.207423597574234,0.18803133070468903,0.18280470371246338
concat,original,0,ensemble,train_044,3,3,0.20678609609603882,0.21646179258823395,0.2083330899477005,0.17989718914031982,0.1885218322277069
concat,original,0,ensemble,train_045,3,3,0.20525148510932922,0.21979370713233948,0.20561547577381134,0.18801094591617584,0.18132837116718292
concat,original,0,ensemble,train_046,4,4,0.20557339489459991,0.21887817978858948,0.2084335833787918,0.18783216178417206,0.17928266525268555
concat,original,0,ensemble,train_047,2,2,0.21079698204994202,0.22318300604820251,0.20037978887557983,0.18959292769432068,0.17604723572731018
concat,original,0,ensemble,train_048,4,4,0.20110434293746948,0.21150706708431244,0.2174077332019806,0.1789335459470749,0.19104737043380737
concat,original,0,ensemble,train_049,2,2,0.20483121275901794,0.21537645161151886,0.21067030727863312,0.1804286241531372,0.18869346380233765
concat,original,0,ensemble,train_050,4,4,0.20210886001586914,0.21278566122055054,0.21500183641910553,0.17947223782539368,0.1906314343214035
concat,original,0,ensemble,train_051,3,3,0.2105298489332199,0.22260317206382751,0.2006009966135025,0.18824335932731628,0.178022563457489
concat,original,0,ensemble,train_052,3,3,0.2012684941291809,0.2125571221113205,0.21604274213314056,0.17907533049583435,0.19105637073516846
concat,original,0,ensemble,train_053,3,3,0.2095920294523239,0.22102108597755432,0.2012077420949936,0.18308700621128082,0.18509207665920258
concat,original,0,ensemble,train_054,2,2,0.20529671013355255,0.2156912237405777,0.21011453866958618,0.17955991625785828,0.1893375664949417
concat,original,0,ensemble,train_055,3,3,0.20273812115192413,0.2123512178659439,0.21598969399929047,0.17900222539901733,0.18991878628730774
concat,original,0,ensemble,train_056,1,1,0.20535115897655487,0.2170572280883789,0.20865514874458313,0.18051321804523468,0.1884232610464096
concat,original,0,ensemble,train_057,1,1,0.20596490800380707,0.21999527513980865,0.20569132268428802,0.1883118897676468,0.18003664910793304
concat,original,0,ensemble,train_058,1,1,0.2050093710422516,0.21579815447330475,0.21015791594982147,0.17976292967796326,0.18927165865898132
concat,original,0,ensemble,train_059,2,2,0.219920814037323,0.2244727611541748,0.19533894956111908,0.18569092452526093,0.17457659542560577
concat,original,0,ensemble,train_060,3,3,0.21054542064666748,0.21827496588230133,0.20481263101100922,0.18017758429050446,0.18618938326835632
concat,original,0,ensemble,train_061,2,2,0.20940518379211426,0.218403622508049,0.20503969490528107,0.1813051700592041,0.18584635853767395
concat,original,0,ensemble,train_062,3,3,0.21356533467769623,0.22144177556037903,0.1985567957162857,0.18190498650074005,0.1845310777425766
concat,original,0,ensemble,train_063,2,2,0.22454503178596497,0.2225361168384552,0.19195842742919922,0.18209518492221832,0.1788651943206787
concat,original,0,ensemble,train_064,2,2,0.20601609349250793,0.21704979240894318,0.20767547190189362,0.18177586793899536,0.18748274445533752
concat,original,0,ensemble,train_065,3,3,0.20820853114128113,0.21667371690273285,0.20818229019641876,0.17993536591529846,0.1870000809431076
concat,original,0,ensemble,train_066,2,2,0.20216552913188934,0.2140512317419052,0.21367841958999634,0.18033230304718018,0.1897725760936737
concat,original,0,ensemble,train_067,3,3,0.20829738676548004,0.21593548357486725,0.2095917910337448,0.17919759452342987,0.1869777888059616
concat,original,0,ensemble,train_068,3,3,0.20823083817958832,0.22148442268371582,0.20376840233802795,0.18903936445713043,0.17747697234153748
concat,original,0,ensemble,train_069,2,2,0.2138957977294922,0.21699903905391693,0.2043231874704361,0.17958271503448486,0.18519927561283112
concat,original,0,ensemble,train_070,2,2,0.21078534424304962,0.22363193333148956,0.200212299823761,0.18851801753044128,0.17685243487358093
concat,original,0,ensemble,train_071,4,4,0.20578601956367493,0.21342048048973083,0.21219559013843536,0.17912477254867554,0.18947310745716095
concat,original,0,ensemble,train_072,4,4,0.22096438705921173,0.2228991687297821,0.19402919709682465,0.17933689057826996,0.18277035653591156
concat,original,0,ensemble,train_073,2,2,0.2032603621482849,0.21209099888801575,0.2152489870786667,0.17837633192539215,0.19102326035499573
concat,original,0,ensemble,train_074,3,3,0.21157315373420715,0.2268638163805008,0.19720390439033508,0.19108326733112335,0.1732758730649948
concat,original,0,ensemble,train_075,2,2,0.21111160516738892,0.22442008554935455,0.19938616454601288,0.18971318006515503,0.17536896467208862
concat,original,0,ensemble,train_076,2,2,0.22521738708019257,0.22814691066741943,0.19129881262779236,0.18732033669948578,0.16801650822162628
concat,original,0,ensemble,train_077,3,3,0.20421212911605835,0.21518374979496002,0.21149826049804688,0.18025514483451843,0.18885067105293274
concat,original,0,ensemble,train_078,3,3,0.22944612801074982,0.22629065811634064,0.18406759202480316,0.18681885302066803,0.17337676882743835
concat,original,0,ensemble,train_079,2,2,0.21560144424438477,0.22719444334506989,0.19413213431835175,0.19000084698200226,0.17307107150554657
concat,original,0,ensemble,train_080,1,1,0.21858331561088562,0.22160613536834717,0.19636982679367065,0.18099312484264374,0.18244759738445282
concat,original,0,ensemble,train_081,3,3,0.21280673146247864,0.2213083952665329,0.20011532306671143,0.18242260813713074,0.1833469271659851
concat,original,0,ensemble,train_082,3,3,0.2190002202987671,0.22670280933380127,0.19347530603408813,0.18866600096225739,0.17215567827224731
concat,original,0,ensemble,train_083,1,1,0.23402002453804016,0.23035883903503418,0.18749862909317017,0.1837814897298813,0.16434107720851898
concat,original,0,ensemble,train_084,5,5,0.2053602933883667,0.21860387921333313,0.20636489987373352,0.1877811700105667,0.18188971281051636
concat,original,0,ensemble,train_085,3,3,0.2113749384880066,0.2194560170173645,0.20397287607192993,0.18100614845752716,0.18418999016284943
concat,original,0,ensemble,train_086,2,2,0.2372649908065796,0.23034627735614777,0.18738119304180145,0.1847587376832962,0.16024881601333618
concat,original,0,ensemble,train_087,3,3,0.20444513857364655,0.2130110263824463,0.21397477388381958,0.17912742495536804,0.18944163620471954
concat,original,0,ensemble,train_088,2,2,0.22015582025051117,0.22365255653858185,0.19276852905750275,0.1831982284784317,0.18022485077381134
concat,original,0,ensemble,train_089,2,2,0.2202105075120926,0.2249966561794281,0.1930660456418991,0.1874215304851532,0.17430530488491058
concat,original,0,ensemble,train_090,4,4,0.2150902897119522,0.22300216555595398,0.19450253248214722,0.18686845898628235,0.18053661286830902
concat,original,0,ensemble,train_091,2,2,0.2102544754743576,0.22374294698238373,0.19818434119224548,0.18949821591377258,0.1783200353384018
concat,original,0,ensemble,train_092,2,2,0.20409397780895233,0.21488086879253387,0.21180880069732666,0.17977087199687958,0.18944543600082397
concat,original,0,ensemble,train_093,3,3,0.20702464878559113,0.22290414571762085,0.1995927095413208,0.19076159596443176,0.17971691489219666
concat,original,0,ensemble,train_094,3,3,0.2169334441423416,0.22637397050857544,0.1933114379644394,0.18821407854557037,0.17516709864139557
concat,original,0,ensemble,train_095,3,3,0.2054458111524582,0.22000519931316376,0.20609694719314575,0.18840163946151733,0.18005044758319855
concat,original,0,ensemble,train_096,2,2,0.20677661895751953,0.21918921172618866,0.20501060783863068,0.18707473576068878,0.18194876611232758
concat,original,0,ensemble,train_097,3,3,0.230083629488945,0.22551868855953217,0.18668696284294128,0.1829511821269989,0.17475950717926025
concat,original,0,ensemble,train_098,1,1,0.2042103111743927,0.21475492417812347,0.2106613665819168,0.1797354370355606,0.1906379610300064
concat,original,0,ensemble,train_099,3,3,0.2030329406261444,0.2126341015100479,0.21551337838172913,0.1787148416042328,0.19010478258132935
concat,original,0,ensemble,train_100,5,5,0.20849190652370453,0.21903100609779358,0.20227810740470886,0.1822904348373413,0.18790853023529053
concat,original,0,ensemble,train_101,2,2,0.20358629524707794,0.21411393582820892,0.2130875289440155,0.1795266717672348,0.18968556821346283
concat,original,0,ensemble,train_102,2,2,0.2042759507894516,0.21859318017959595,0.2059476673603058,0.18829503655433655,0.18288815021514893
concat,original,0,ensemble,train_103,3,3,0.20605656504631042,0.21931570768356323,0.206105038523674,0.18762044608592987,0.18090218305587769
concat,original,0,ensemble,train_104,1,1,0.20525385439395905,0.21537631750106812,0.2112066000699997,0.1801937222480774,0.1879696100950241
concat,original,0,ensemble,train_105,4,4,0.21425026655197144,0.22050005197525024,0.2005009651184082,0.17978179454803467,0.18496690690517426
concat,original,0,ensemble,train_106,1,1,0.21828630566596985,0.2246185541152954,0.19438660144805908,0.18590931594371796,0.1767992079257965
concat,original,0,ensemble,train_107,3,3,0.21273717284202576,0.22534044086933136,0.19719989597797394,0.18984970450401306,0.17487271130084991
concat,original,0,ensemble,train_108,1,1,0.20652228593826294,0.22024308145046234,0.20472081005573273,0.1874871850013733,0.1810266077518463
concat,original,0,ensemble,train_109,3,3,0.21134397387504578,0.22295942902565002,0.2008420079946518,0.18823450803756714,0.17662012577056885
concat,original,0,ensemble,train_110,1,1,0.22780437767505646,0.22662416100502014,0.19171647727489471,0.18523941934108734,0.16861556470394135
concat,original,0,ensemble,train_111,3,3,0.2118174135684967,0.2251192033290863,0.19762814044952393,0.19023443758487701,0.17520077526569366
concat,original,0,ensemble,train_112,1,1,0.233647421002388,0.22410650551319122,0.1883063018321991,0.17934593558311462,0.17459383606910706
concat,original,0,ensemble,train_113,3,3,0.2088593989610672,0.21523895859718323,0.20780882239341736,0.17833195626735687,0.18976080417633057
concat,original,0,ensemble,train_114,3,3,0.20397543907165527,0.2175886482000351,0.20861460268497467,0.18733081221580505,0.1824904978275299
concat,original,0,ensemble,train_115,3,3,0.2014552801847458,0.2132815420627594,0.21539543569087982,0.17987440526485443,0.18999329209327698
concat,original,0,ensemble,train_116,4,4,0.20571410655975342,0.21650928258895874,0.20966754853725433,0.18649697303771973,0.18161211907863617
concat,original,0,ensemble,train_117,1,1,0.22697727382183075,0.22907909750938416,0.1887475848197937,0.18692490458488464,0.16827109456062317
concat,original,0,ensemble,train_118,2,2,0.20389564335346222,0.2187540978193283,0.20615710318088531,0.18755513429641724,0.18363802134990692
concat,original,0,ensemble,train_119,2,2,0.20310552418231964,0.21381397545337677,0.2129334807395935,0.1795421540737152,0.19060489535331726
concat,original,0,ensemble,train_120,5,5,0.2070174366235733,0.22245875000953674,0.2032049000263214,0.18922914564609528,0.17808975279331207
concat,corrected,0,42,train_001,2,2,0.2541963458061218,0.2479400485754013,0.17701393365859985,0.15839070081710815,0.16245895624160767
concat,corrected,0,42,train_002,5,5,0.1719001680612564,0.19353166222572327,0.23247914016246796,0.1748797446489334,0.22720929980278015
concat,corrected,0,42,train_003,2,2,0.2003479152917862,0.21956971287727356,0.1986573189496994,0.19355958700180054,0.18786543607711792
concat,corrected,0,42,train_004,4,4,0.16885487735271454,0.19838844239711761,0.23467722535133362,0.1796029508113861,0.21847651898860931
concat,corrected,0,42,train_005,5,5,0.19729655981063843,0.2156321257352829,0.20565800368785858,0.19193682074546814,0.18947644531726837
concat,corrected,0,42,train_006,2,2,0.16872859001159668,0.1972711831331253,0.2322385311126709,0.17783977091312408,0.22392186522483826
concat,corrected,0,42,train_007,2,2,0.17242173850536346,0.19938373565673828,0.23333469033241272,0.17800961434841156,0.2168501615524292
concat,corrected,0,42,train_008,5,5,0.18422211706638336,0.20989660918712616,0.2227284014225006,0.17508651316165924,0.20806635916233063
concat,corrected,0,42,train_009,3,3,0.19732123613357544,0.21779491007328033,0.20446015894412994,0.19323746860027313,0.187186136841774
concat,corrected,0,42,train_010,2,2,0.1981486678123474,0.21733514964580536,0.20215687155723572,0.1922849714756012,0.1900743991136551
concat,corrected,0,42,train_011,3,3,0.17471936345100403,0.20116707682609558,0.2313382476568222,0.17837892472743988,0.2143964171409607
concat,corrected,0,42,train_012,5,5,0.18239593505859375,0.20725379884243011,0.2208957076072693,0.1737629771232605,0.21569158136844635
concat,corrected,0,42,train_013,2,2,0.19594626128673553,0.2165825068950653,0.20540854334831238,0.19215521216392517,0.18990753591060638
concat,corrected,0,42,train_014,5,5,0.16838885843753815,0.19270391762256622,0.2380833625793457,0.17781348526477814,0.22301031649112701
concat,corrected,0,42,train_015,3,3,0.1751684546470642,0.20373469591140747,0.2262175977230072,0.17728844285011292,0.21759089827537537
concat,corrected,0,42,train_016,4,4,0.16818013787269592,0.19713330268859863,0.234516441822052,0.17873623967170715,0.22143393754959106
concat,corrected,0,42,train_017,2,2,0.20622313022613525,0.22484998404979706,0.18795670568943024,0.19473634660243988,0.18623386323451996
concat,corrected,0,42,train_018,5,5,0.20060156285762787,0.21929776668548584,0.19676335155963898,0.19258801639080048,0.19074930250644684
concat,corrected,0,42,train_019,3,3,0.1746564358472824,0.20188847184181213,0.23005737364292145,0.1778358519077301,0.21556179225444794
concat,corrected,0,42,train_020,2,2,0.16927240788936615,0.19735923409461975,0.2331380397081375,0.1782291978597641,0.22200116515159607
concat,corrected,0,42,train_021,5,5,0.16950082778930664,0.19261454045772552,0.23907744884490967,0.1787622720003128,0.22004495561122894
concat,corrected,0,42,train_022,5,4,0.20543068647384644,0.2201848328113556,0.19373703002929688,0.19262023270130157,0.18802720308303833
concat,corrected,0,42,train_023,3,3,0.19551818072795868,0.21397782862186432,0.20674343407154083,0.19012492895126343,0.19363565742969513
concat,corrected,0,42,train_024,5,5,0.20623564720153809,0.21852990984916687,0.19670379161834717,0.1911536455154419,0.18737700581550598
concat,corrected,0,42,train_025,5,5,0.19968989491462708,0.22036592662334442,0.198382169008255,0.19438235461711884,0.18717961013317108
concat,corrected,0,42,train_026,3,3,0.1985715627670288,0.2166518270969391,0.20532184839248657,0.19215285778045654,0.18730193376541138
concat,corrected,0,42,train_027,2,2,0.21746651828289032,0.2245514988899231,0.18853695690631866,0.19145143032073975,0.1779935359954834
concat,corrected,0,42,train_028,4,4,0.1959010362625122,0.21696804463863373,0.2059290111064911,0.19250741600990295,0.188694566488266
concat,corrected,0,42,train_029,2,2,0.24720580875873566,0.24574390053749084,0.1800576001405716,0.16011282801628113,0.16687989234924316
concat,corrected,0,42,train_030,5,5,0.18403562903404236,0.2084452509880066,0.21939101815223694,0.17411211133003235,0.21401600539684296
concat,corrected,0,42,train_031,4,4,0.19662338495254517,0.21398040652275085,0.20849409699440002,0.19008706510066986,0.19081509113311768
concat,corrected,0,42,train_032,3,3,0.19832931458950043,0.21719743311405182,0.203123077750206,0.19292055070400238,0.18842962384223938
concat,corrected,0,42,train_033,1,1,0.2114458829164505,0.2231135070323944,0.19008775055408478,0.1915254294872284,0.1838274449110031
concat,corrected,0,42,train_034,2,2,0.16810856759548187,0.19558364152908325,0.23523399233818054,0.17876920104026794,0.22230462729930878
concat,corrected,0,42,train_035,2,2,0.2128574699163437,0.22395652532577515,0.18752571940422058,0.1929413080215454,0.18271903693675995
concat,corrected,0,42,train_036,2,2,0.1736532300710678,0.20040088891983032,0.23237113654613495,0.1787537932395935,0.21482092142105103
concat,corrected,0,42,train_037,2,2,0.20334488153457642,0.2216419279575348,0.1908228099346161,0.1962404102087021,0.18794992566108704
concat,corrected,0,42,train_038,3,3,0.20363375544548035,0.21687255799770355,0.20089858770370483,0.19058632850646973,0.18800878524780273
concat,corrected,0,42,train_039,3,3,0.19994808733463287,0.2164759635925293,0.2016417682170868,0.19194865226745605,0.18998558819293976
concat,corrected,0,42,train_040,2,2,0.2071380317211151,0.22346578538417816,0.19048574566841125,0.19603127241134644,0.18287920951843262
concat,corrected,0,42,train_041,3,3,0.19786788523197174,0.21687443554401398,0.20383156836032867,0.19241537153720856,0.1890106499195099
concat,corrected,0,42,train_042,5,2,0.20121735334396362,0.2239561676979065,0.20450912415981293,0.1692800521850586,0.20103731751441956
concat,corrected,0,42,train_043,4,4,0.19502419233322144,0.21485747396945953,0.20779521763324738,0.19117408990859985,0.1911490559577942
concat,corrected,0,42,train_044,3,3,0.17650218307971954,0.20162571966648102,0.2288539558649063,0.1763717085123062,0.21664641797542572
concat,corrected,0,42,train_045,3,3,0.1963072121143341,0.21618340909481049,0.2057436853647232,0.19170153141021729,0.1900641769170761
concat,corrected,0,42,train_046,4,4,0.19694501161575317,0.21520492434501648,0.2085644155740738,0.1915905624628067,0.18769510090351105
concat,corrected,0,42,train_047,2,2,0.20031535625457764,0.21927666664123535,0.1991160362958908,0.19484086334705353,0.18645106256008148
concat,corrected,0,42,train_048,4,4,0.16720515489578247,0.19267167150974274,0.2396535873413086,0.17926353216171265,0.22120599448680878
concat,corrected,0,42,train_049,2,2,0.17314599454402924,0.19974304735660553,0.2312159240245819,0.1777312308549881,0.21816378831863403
concat,corrected,0,42,train_050,3,4,0.16887472569942474,0.19516807794570923,0.23604853451251984,0.17863458395004272,0.22127409279346466
concat,corrected,0,42,train_051,3,3,0.2002418041229248,0.2188747078180313,0.1997033953666687,0.1931162327528,0.1880638301372528
concat,corrected,0,42,train_052,3,3,0.16788919270038605,0.19383081793785095,0.2383580207824707,0.1790790557861328,0.22084297239780426
concat,corrected,0,42,train_053,3,3,0.182074636220932,0.21052595973014832,0.22131070494651794,0.1766161024570465,0.20947261154651642
concat,corrected,0,42,train_054,2,2,0.1732206642627716,0.19967111945152283,0.23062068223953247,0.17700622975826263,0.21948134899139404
concat,corrected,0,42,train_055,3,3,0.16939041018486023,0.19387878477573395,0.23883767426013947,0.17921222746372223,0.21868082880973816
concat,corrected,0,42,train_056,1,1,0.17444786429405212,0.2014298439025879,0.23061388731002808,0.17759086191654205,0.21591758728027344
concat,corrected,0,42,train_057,1,1,0.1968865692615509,0.21632546186447144,0.20556561648845673,0.19224700331687927,0.18897540867328644
concat,corrected,0,42,train_058,1,1,0.17346204817295074,0.19965718686580658,0.23161594569683075,0.1772741824388504,0.2179906964302063
concat,corrected,0,42,train_059,2,2,0.20818190276622772,0.22085624933242798,0.1940709352493286,0.19150196015834808,0.1853889524936676
concat,corrected,0,42,train_060,3,3,0.18203917145729065,0.20603813230991364,0.22429800033569336,0.1756788045167923,0.21194586157798767
concat,corrected,0,42,train_061,2,2,0.17964573204517365,0.20640097558498383,0.2238316386938095,0.17629286646842957,0.21382881700992584
concat,corrected,0,42,train_062,3,3,0.18818901479244232,0.2133656144142151,0.21557673811912537,0.17374350130558014,0.2091251164674759
concat,corrected,0,42,train_063,2,2,0.20614765584468842,0.2246675193309784,0.19978199899196625,0.1678701490163803,0.20153272151947021
concat,corrected,0,42,train_064,2,2,0.1753395050764084,0.20288647711277008,0.22833560407161713,0.17810414731502533,0.21533431112766266
concat,corrected,0,42,train_065,3,3,0.17786696553230286,0.20245881378650665,0.2290249764919281,0.1766362190246582,0.21401305496692657
concat,corrected,0,42,train_066,2,2,0.16909845173358917,0.19673995673656464,0.23543258011341095,0.17929679155349731,0.2194322645664215
concat,corrected,0,42,train_067,3,3,0.17783956229686737,0.2008957713842392,0.23163172602653503,0.17664863169193268,0.2129843682050705
concat,corrected,0,42,train_068,3,3,0.19851699471473694,0.2175757735967636,0.20310114324092865,0.19371183216571808,0.18709419667720795
concat,corrected,0,42,train_069,2,2,0.18767297267913818,0.20682476460933685,0.2225550264120102,0.17433732748031616,0.2086099535226822
concat,corrected,0,42,train_070,2,2,0.20031484961509705,0.21975551545619965,0.19917301833629608,0.19364629685878754,0.1871102750301361
concat,corrected,0,42,train_071,4,4,0.17456933856010437,0.197090283036232,0.23244507610797882,0.177738219499588,0.21815714240074158
concat,corrected,0,42,train_072,4,4,0.20039094984531403,0.219991996884346,0.2067803144454956,0.16848133504390717,0.20435544848442078
concat,corrected,0,42,train_073,2,2,0.17045125365257263,0.19400008022785187,0.2366160750389099,0.1779925674200058,0.22094009816646576
concat,corrected,0,42,train_074,3,3,0.20034946501255035,0.222614124417305,0.19535847008228302,0.1969040036201477,0.18477395176887512
concat,corrected,0,42,train_075,2,2,0.19985702633857727,0.2203565090894699,0.1985563486814499,0.19519482553005219,0.18603529036045074
concat,corrected,0,42,train_076,2,2,0.2127402126789093,0.2240002155303955,0.18906277418136597,0.19405515491962433,0.1801416426897049
concat,corrected,0,42,train_077,3,3,0.17184020578861237,0.19890253245830536,0.23276302218437195,0.17811648547649384,0.21837779879570007
concat,corrected,0,42,train_078,2,3,0.21689701080322266,0.2364746779203415,0.1904144138097763,0.16871611773967743,0.18749776482582092
concat,corrected,0,42,train_079,2,2,0.2033458948135376,0.22301852703094482,0.19234856963157654,0.1963396519422531,0.1849474161863327
concat,corrected,0,42,train_080,3,1,0.19532844424247742,0.2171255201101303,0.21069517731666565,0.1708817332983017,0.20596908032894135
concat,corrected,0,42,train_081,3,3,0.18645672500133514,0.21244768798351288,0.2197732776403427,0.1753891557455063,0.20593319833278656
concat,corrected,0,42,train_082,3,3,0.20683041214942932,0.22272470593452454,0.19153094291687012,0.1949653923511505,0.18394853174686432
concat,corrected,0,42,train_083,2,1,0.220543771982193,0.2267017364501953,0.1851106584072113,0.19076934456825256,0.17687448859214783
concat,corrected,0,42,train_084,5,5,0.19662052392959595,0.2150653749704361,0.2066994160413742,0.19124257564544678,0.19037216901779175
concat,corrected,0,42,train_085,3,3,0.18259723484516144,0.2088795155286789,0.22410590946674347,0.17566831409931183,0.20874902606010437
concat,corrected,0,42,train_086,2,2,0.22334618866443634,0.22617772221565247,0.18522240221500397,0.19235605001449585,0.17289771139621735
concat,corrected,0,42,train_087,3,3,0.17209817469120026,0.19566227495670319,0.23598060011863708,0.17843550443649292,0.21782341599464417
concat,corrected,0,42,train_088,3,2,0.19781450927257538,0.22227296233177185,0.2063727229833603,0.1711844652891159,0.20235534012317657
concat,corrected,0,42,train_089,2,2,0.20831820368766785,0.22168868780136108,0.19059649109840393,0.19339729845523834,0.18599933385849
concat,corrected,0,42,train_090,4,4,0.2042519450187683,0.21980403363704681,0.19308871030807495,0.19172023236751556,0.19113506376743317
concat,corrected,0,42,train_091,2,2,0.1998220831155777,0.21994003653526306,0.19686082005500793,0.19442853331565857,0.18894848227500916
concat,corrected,0,42,train_092,2,2,0.17168347537517548,0.19819732010364532,0.23294848203659058,0.1780785322189331,0.2190922051668167
concat,corrected,0,42,train_093,3,3,0.19697356224060059,0.21915535628795624,0.19881069660186768,0.19506871700286865,0.18999162316322327
concat,corrected,0,42,train_094,3,3,0.2047315239906311,0.22266064584255219,0.19121219217777252,0.19444973766803741,0.18694588541984558
concat,corrected,0,42,train_095,3,3,0.19643370807170868,0.2162979692220688,0.2060682326555252,0.19225884974002838,0.18894115090370178
concat,corrected,0,42,train_096,2,2,0.19795037806034088,0.21565108001232147,0.20520690083503723,0.19066007435321808,0.19053155183792114
concat,corrected,0,42,train_097,3,3,0.2173866629600525,0.2332734912633896,0.19317947328090668,0.16581302881240845,0.19034729897975922
concat,corrected,0,42,train_098,3,1,0.17257626354694366,0.19836919009685516,0.23103423416614532,0.17750273644924164,0.2205176204442978
concat,corrected,0,42,train_099,3,3,0.16992884874343872,0.19456447660923004,0.2375161349773407,0.17834356427192688,0.21964699029922485
concat,corrected,0,42,train_100,5,5,0.17966070771217346,0.20777444541454315,0.2185458540916443,0.1759139448404312,0.21810507774353027
concat,corrected,0,42,train_101,3,2,0.17132483422756195,0.1971193552017212,0.23496711254119873,0.1781720668077469,0.21841669082641602
concat,corrected,0,42,train_102,2,2,0.19570639729499817,0.2150709331035614,0.2061576396226883,0.19160674512386322,0.19145837426185608
concat,corrected,0,42,train_103,3,3,0.1970287263393402,0.21574746072292328,0.2061968445777893,0.19147834181785583,0.18954862654209137
concat,corrected,0,42,train_104,1,1,0.1735205054283142,0.19919133186340332,0.23343104124069214,0.17851199209690094,0.2153450846672058
concat,corrected,0,42,train_105,4,4,0.18840725719928741,0.2114114761352539,0.2175004929304123,0.1729237288236618,0.2097570151090622
concat,corrected,0,42,train_106,1,1,0.20638452470302582,0.22111938893795013,0.19304513931274414,0.1916857361793518,0.1877651959657669
concat,corrected,0,42,train_107,3,3,0.20159554481506348,0.22132086753845215,0.19540922343730927,0.19559530913829803,0.18607906997203827
concat,corrected,0,42,train_108,1,1,0.1972656548023224,0.216523215174675,0.20450907945632935,0.19166269898414612,0.19003938138484955
concat,corrected,0,42,train_109,3,3,0.20079417526721954,0.21909458935260773,0.19994983077049255,0.19346246123313904,0.1866990029811859
concat,corrected,0,42,train_110,1,1,0.21535488963127136,0.22318369150161743,0.18909195065498352,0.19174611568450928,0.18062333762645721
concat,corrected,0,42,train_111,3,3,0.20074476301670074,0.22109253704547882,0.19606365263462067,0.1957986205816269,0.18630042672157288
concat,corrected,0,42,train_112,1,1,0.2228233814239502,0.23195356130599976,0.1950986087322235,0.16435487568378448,0.18576963245868683
concat,corrected,0,42,train_113,4,3,0.17977464199066162,0.20143063366413116,0.22531215846538544,0.17459966242313385,0.21888291835784912
concat,corrected,0,42,train_114,3,3,0.1957710236310959,0.2141624540090561,0.20909005403518677,0.19049732387065887,0.19047914445400238
concat,corrected,0,42,train_115,3,3,0.16789446771144867,0.19529248774051666,0.23789219558238983,0.1792839616537094,0.21963690221309662
concat,corrected,0,42,train_116,4,4,0.19745409488677979,0.2131209373474121,0.2102033644914627,0.18991971015930176,0.18930189311504364
concat,corrected,0,42,train_117,1,1,0.21364036202430725,0.2255145162343979,0.1856900006532669,0.19380535185337067,0.1813497692346573
concat,corrected,0,42,train_118,2,2,0.1954178363084793,0.21532368659973145,0.2064828872680664,0.19074729084968567,0.19202831387519836
concat,corrected,0,42,train_119,2,2,0.17019756138324738,0.19669900834560394,0.2336864024400711,0.17781563103199005,0.22160136699676514
concat,corrected,0,42,train_120,5,5,0.19732576608657837,0.21857696771621704,0.2026204913854599,0.19367800652980804,0.18779875338077545
concat,corrected,0,ensemble,train_001,2,2,0.2541963458061218,0.2479400485754013,0.17701393365859985,0.15839070081710815,0.16245895624160767
concat,corrected,0,ensemble,train_002,5,5,0.1719001680612564,0.19353166222572327,0.23247914016246796,0.1748797446489334,0.22720929980278015
concat,corrected,0,ensemble,train_003,2,2,0.2003479152917862,0.21956971287727356,0.1986573189496994,0.19355958700180054,0.18786543607711792
concat,corrected,0,ensemble,train_004,4,4,0.16885487735271454,0.19838844239711761,0.23467722535133362,0.1796029508113861,0.21847651898860931
concat,corrected,0,ensemble,train_005,5,5,0.19729655981063843,0.2156321257352829,0.20565800368785858,0.19193682074546814,0.18947644531726837
concat,corrected,0,ensemble,train_006,2,2,0.16872859001159668,0.1972711831331253,0.2322385311126709,0.17783977091312408,0.22392186522483826
concat,corrected,0,ensemble,train_007,2,2,0.17242173850536346,0.19938373565673828,0.23333469033241272,0.17800961434841156,0.2168501615524292
concat,corrected,0,ensemble,train_008,5,5,0.18422211706638336,0.20989660918712616,0.2227284014225006,0.17508651316165924,0.20806635916233063
concat,corrected,0,ensemble,train_009,3,3,0.19732123613357544,0.21779491007328033,0.20446015894412994,0.19323746860027313,0.187186136841774
concat,corrected,0,ensemble,train_010,2,2,0.1981486678123474,0.21733514964580536,0.20215687155723572,0.1922849714756012,0.1900743991136551
concat,corrected,0,ensemble,train_011,3,3,0.17471936345100403,0.20116707682609558,0.2313382476568222,0.17837892472743988,0.2143964171409607
concat,corrected,0,ensemble,train_012,5,5,0.18239593505859375,0.20725379884243011,0.2208957076072693,0.1737629771232605,0.21569158136844635
concat,corrected,0,ensemble,train_013,2,2,0.19594626128673553,0.2165825068950653,0.20540854334831238,0.19215521216392517,0.18990753591060638
concat,corrected,0,ensemble,train_014,5,5,0.16838885843753815,0.19270391762256622,0.2380833625793457,0.17781348526477814,0.22301031649112701
concat,corrected,0,ensemble,train_015,3,3,0.1751684546470642,0.20373469591140747,0.2262175977230072,0.17728844285011292,0.21759089827537537
concat,corrected,0,ensemble,train_016,4,4,0.16818013787269592,0.19713330268859863,0.234516441822052,0.17873623967170715,0.22143393754959106
concat,corrected,0,ensemble,train_017,2,2,0.20622313022613525,0.22484998404979706,0.18795670568943024,0.19473634660243988,0.18623386323451996
concat,corrected,0,ensemble,train_018,5,5,0.20060156285762787,0.21929776668548584,0.19676335155963898,0.19258801639080048,0.19074930250644684
concat,corrected,0,ensemble,train_019,3,3,0.1746564358472824,0.20188847184181213,0.23005737364292145,0.1778358519077301,0.21556179225444794
concat,corrected,0,ensemble,train_020,2,2,0.16927240788936615,0.19735923409461975,0.2331380397081375,0.1782291978597641,0.22200116515159607
concat,corrected,0,ensemble,train_021,5,5,0.16950082778930664,0.19261454045772552,0.23907744884490967,0.1787622720003128,0.22004495561122894
concat,corrected,0,ensemble,train_022,5,4,0.20543068647384644,0.2201848328113556,0.19373703002929688,0.19262023270130157,0.18802720308303833
concat,corrected,0,ensemble,train_023,3,3,0.19551818072795868,0.21397782862186432,0.20674343407154083,0.19012492895126343,0.19363565742969513
concat,corrected,0,ensemble,train_024,5,5,0.20623564720153809,0.21852990984916687,0.19670379161834717,0.1911536455154419,0.18737700581550598
concat,corrected,0,ensemble,train_025,5,5,0.19968989491462708,0.22036592662334442,0.198382169008255,0.19438235461711884,0.18717961013317108
concat,corrected,0,ensemble,train_026,3,3,0.1985715627670288,0.2166518270969391,0.20532184839248657,0.19215285778045654,0.18730193376541138
concat,corrected,0,ensemble,train_027,2,2,0.21746651828289032,0.2245514988899231,0.18853695690631866,0.19145143032073975,0.1779935359954834
concat,corrected,0,ensemble,train_028,4,4,0.1959010362625122,0.21696804463863373,0.2059290111064911,0.19250741600990295,0.188694566488266
concat,corrected,0,ensemble,train_029,2,2,0.24720580875873566,0.24574390053749084,0.1800576001405716,0.16011282801628113,0.16687989234924316
concat,corrected,0,ensemble,train_030,5,5,0.18403562903404236,0.2084452509880066,0.21939101815223694,0.17411211133003235,0.21401600539684296
concat,corrected,0,ensemble,train_031,4,4,0.19662338495254517,0.21398040652275085,0.20849409699440002,0.19008706510066986,0.19081509113311768
concat,corrected,0,ensemble,train_032,3,3,0.19832931458950043,0.21719743311405182,0.203123077750206,0.19292055070400238,0.18842962384223938
concat,corrected,0,ensemble,train_033,1,1,0.2114458829164505,0.2231135070323944,0.19008775055408478,0.1915254294872284,0.1838274449110031
concat,corrected,0,ensemble,train_034,2,2,0.16810856759548187,0.19558364152908325,0.23523399233818054,0.17876920104026794,0.22230462729930878
concat,corrected,0,ensemble,train_035,2,2,0.2128574699163437,0.22395652532577515,0.18752571940422058,0.1929413080215454,0.18271903693675995
concat,corrected,0,ensemble,train_036,2,2,0.1736532300710678,0.20040088891983032,0.23237113654613495,0.1787537932395935,0.21482092142105103
concat,corrected,0,ensemble,train_037,2,2,0.20334488153457642,0.2216419279575348,0.1908228099346161,0.1962404102087021,0.18794992566108704
concat,corrected,0,ensemble,train_038,3,3,0.20363375544548035,0.21687255799770355,0.20089858770370483,0.19058632850646973,0.18800878524780273
concat,corrected,0,ensemble,train_039,3,3,0.19994808733463287,0.2164759635925293,0.2016417682170868,0.19194865226745605,0.18998558819293976
concat,corrected,0,ensemble,train_040,2,2,0.2071380317211151,0.22346578538417816,0.19048574566841125,0.19603127241134644,0.18287920951843262
concat,corrected,0,ensemble,train_041,3,3,0.19786788523197174,0.21687443554401398,0.20383156836032867,0.19241537153720856,0.1890106499195099
concat,corrected,0,ensemble,train_042,5,2,0.20121735334396362,0.2239561676979065,0.20450912415981293,0.1692800521850586,0.20103731751441956
concat,corrected,0,ensemble,train_043,4,4,0.19502419233322144,0.21485747396945953,0.20779521763324738,0.19117408990859985,0.1911490559577942
concat,corrected,0,ensemble,train_044,3,3,0.17650218307971954,0.20162571966648102,0.2288539558649063,0.1763717085123062,0.21664641797542572
concat,corrected,0,ensemble,train_045,3,3,0.1963072121143341,0.21618340909481049,0.2057436853647232,0.19170153141021729,0.1900641769170761
concat,corrected,0,ensemble,train_046,4,4,0.19694501161575317,0.21520492434501648,0.2085644155740738,0.1915905624628067,0.18769510090351105
concat,corrected,0,ensemble,train_047,2,2,0.20031535625457764,0.21927666664123535,0.1991160362958908,0.19484086334705353,0.18645106256008148
concat,corrected,0,ensemble,train_048,4,4,0.16720515489578247,0.19267167150974274,0.2396535873413086,0.17926353216171265,0.22120599448680878
concat,corrected,0,ensemble,train_049,2,2,0.17314599454402924,0.19974304735660553,0.2312159240245819,0.1777312308549881,0.21816378831863403
concat,corrected,0,ensemble,train_050,3,4,0.16887472569942474,0.19516807794570923,0.23604853451251984,0.17863458395004272,0.22127409279346466
concat,corrected,0,ensemble,train_051,3,3,0.2002418041229248,0.2188747078180313,0.1997033953666687,0.1931162327528,0.1880638301372528
concat,corrected,0,ensemble,train_052,3,3,0.16788919270038605,0.19383081793785095,0.2383580207824707,0.1790790557861328,0.22084297239780426
concat,corrected,0,ensemble,train_053,3,3,0.182074636220932,0.21052595973014832,0.22131070494651794,0.1766161024570465,0.20947261154651642
concat,corrected,0,ensemble,train_054,2,2,0.1732206642627716,0.19967111945152283,0.23062068223953247,0.17700622975826263,0.21948134899139404
concat,corrected,0,ensemble,train_055,3,3,0.16939041018486023,0.19387878477573395,0.23883767426013947,0.17921222746372223,0.21868082880973816
concat,corrected,0,ensemble,train_056,1,1,0.17444786429405212,0.2014298439025879,0.23061388731002808,0.17759086191654205,0.21591758728027344
concat,corrected,0,ensemble,train_057,1,1,0.1968865692615509,0.21632546186447144,0.20556561648845673,0.19224700331687927,0.18897540867328644
concat,corrected,0,ensemble,train_058,1,1,0.17346204817295074,0.19965718686580658,0.23161594569683075,0.1772741824388504,0.2179906964302063
concat,corrected,0,ensemble,train_059,2,2,0.20818190276622772,0.22085624933242798,0.1940709352493286,0.19150196015834808,0.1853889524936676
concat,corrected,0,ensemble,train_060,3,3,0.18203917145729065,0.20603813230991364,0.22429800033569336,0.1756788045167923,0.21194586157798767
concat,corrected,0,ensemble,train_061,2,2,0.17964573204517365,0.20640097558498383,0.2238316386938095,0.17629286646842957,0.21382881700992584
concat,corrected,0,ensemble,train_062,3,3,0.18818901479244232,0.2133656144142151,0.21557673811912537,0.17374350130558014,0.2091251164674759
concat,corrected,0,ensemble,train_063,2,2,0.20614765584468842,0.2246675193309784,0.19978199899196625,0.1678701490163803,0.20153272151947021
concat,corrected,0,ensemble,train_064,2,2,0.1753395050764084,0.20288647711277008,0.22833560407161713,0.17810414731502533,0.21533431112766266
concat,corrected,0,ensemble,train_065,3,3,0.17786696553230286,0.20245881378650665,0.2290249764919281,0.1766362190246582,0.21401305496692657
concat,corrected,0,ensemble,train_066,2,2,0.16909845173358917,0.19673995673656464,0.23543258011341095,0.17929679155349731,0.2194322645664215
concat,corrected,0,ensemble,train_067,3,3,0.17783956229686737,0.2008957713842392,0.23163172602653503,0.17664863169193268,0.2129843682050705
concat,corrected,0,ensemble,train_068,3,3,0.19851699471473694,0.2175757735967636,0.20310114324092865,0.19371183216571808,0.18709419667720795
concat,corrected,0,ensemble,train_069,2,2,0.18767297267913818,0.20682476460933685,0.2225550264120102,0.17433732748031616,0.2086099535226822
concat,corrected,0,ensemble,train_070,2,2,0.20031484961509705,0.21975551545619965,0.19917301833629608,0.19364629685878754,0.1871102750301361
concat,corrected,0,ensemble,train_071,4,4,0.17456933856010437,0.197090283036232,0.23244507610797882,0.177738219499588,0.21815714240074158
concat,corrected,0,ensemble,train_072,4,4,0.20039094984531403,0.219991996884346,0.2067803144454956,0.16848133504390717,0.20435544848442078
concat,corrected,0,ensemble,train_073,2,2,0.17045125365257263,0.19400008022785187,0.2366160750389099,0.1779925674200058,0.22094009816646576
concat,corrected,0,ensemble,train_074,3,3,0.20034946501255035,0.222614124417305,0.19535847008228302,0.1969040036201477,0.18477395176887512
concat,corrected,0,ensemble,train_075,2,2,0.19985702633857727,0.2203565090894699,0.1985563486814499,0.19519482553005219,0.18603529036045074
concat,corrected,0,ensemble,train_076,2,2,0.2127402126789093,0.2240002155303955,0.18906277418136597,0.19405515491962433,0.1801416426897049
concat,corrected,0,ensemble,train_077,3,3,0.17184020578861237,0.19890253245830536,0.23276302218437195,0.17811648547649384,0.21837779879570007
concat,corrected,0,ensemble,train_078,2,3,0.21689701080322266,0.2364746779203415,0.1904144138097763,0.16871611773967743,0.18749776482582092
concat,corrected,0,ensemble,train_079,2,2,0.2033458948135376,0.22301852703094482,0.19234856963157654,0.1963396519422531,0.1849474161863327
concat,corrected,0,ensemble,train_080,3,1,0.19532844424247742,0.2171255201101303,0.21069517731666565,0.1708817332983017,0.20596908032894135
concat,corrected,0,ensemble,train_081,3,3,0.18645672500133514,0.21244768798351288,0.2197732776403427,0.1753891557455063,0.20593319833278656
concat,corrected,0,ensemble,train_082,3,3,0.20683041214942932,0.22272470593452454,0.19153094291687012,0.1949653923511505,0.18394853174686432
concat,corrected,0,ensemble,train_083,2,1,0.220543771982193,0.2267017364501953,0.1851106584072113,0.19076934456825256,0.17687448859214783
concat,corrected,0,ensemble,train_084,5,5,0.19662052392959595,0.2150653749704361,0.2066994160413742,0.19124257564544678,0.19037216901779175
concat,corrected,0,ensemble,train_085,3,3,0.18259723484516144,0.2088795155286789,0.22410590946674347,0.17566831409931183,0.20874902606010437
concat,corrected,0,ensemble,train_086,2,2,0.22334618866443634,0.22617772221565247,0.18522240221500397,0.19235605001449585,0.17289771139621735
concat,corrected,0,ensemble,train_087,3,3,0.17209817469120026,0.19566227495670319,0.23598060011863708,0.17843550443649292,0.21782341599464417
concat,corrected,0,ensemble,train_088,3,2,0.19781450927257538,0.22227296233177185,0.2063727229833603,0.1711844652891159,0.20235534012317657
concat,corrected,0,ensemble,train_089,2,2,0.20831820368766785,0.22168868780136108,0.19059649109840393,0.19339729845523834,0.18599933385849
concat,corrected,0,ensemble,train_090,4,4,0.2042519450187683,0.21980403363704681,0.19308871030807495,0.19172023236751556,0.19113506376743317
concat,corrected,0,ensemble,train_091,2,2,0.1998220831155777,0.21994003653526306,0.19686082005500793,0.19442853331565857,0.18894848227500916
concat,corrected,0,ensemble,train_092,2,2,0.17168347537517548,0.19819732010364532,0.23294848203659058,0.1780785322189331,0.2190922051668167
concat,corrected,0,ensemble,train_093,3,3,0.19697356224060059,0.21915535628795624,0.19881069660186768,0.19506871700286865,0.18999162316322327
concat,corrected,0,ensemble,train_094,3,3,0.2047315239906311,0.22266064584255219,0.19121219217777252,0.19444973766803741,0.18694588541984558
concat,corrected,0,ensemble,train_095,3,3,0.19643370807170868,0.2162979692220688,0.2060682326555252,0.19225884974002838,0.18894115090370178
concat,corrected,0,ensemble,train_096,2,2,0.19795037806034088,0.21565108001232147,0.20520690083503723,0.19066007435321808,0.19053155183792114
concat,corrected,0,ensemble,train_097,3,3,0.2173866629600525,0.2332734912633896,0.19317947328090668,0.16581302881240845,0.19034729897975922
concat,corrected,0,ensemble,train_098,3,1,0.17257626354694366,0.19836919009685516,0.23103423416614532,0.17750273644924164,0.2205176204442978
concat,corrected,0,ensemble,train_099,3,3,0.16992884874343872,0.19456447660923004,0.2375161349773407,0.17834356427192688,0.21964699029922485
concat,corrected,0,ensemble,train_100,5,5,0.17966070771217346,0.20777444541454315,0.2185458540916443,0.1759139448404312,0.21810507774353027
concat,corrected,0,ensemble,train_101,3,2,0.17132483422756195,0.1971193552017212,0.23496711254119873,0.1781720668077469,0.21841669082641602
concat,corrected,0,ensemble,train_102,2,2,0.19570639729499817,0.2150709331035614,0.2061576396226883,0.19160674512386322,0.19145837426185608
concat,corrected,0,ensemble,train_103,3,3,0.1970287263393402,0.21574746072292328,0.2061968445777893,0.19147834181785583,0.18954862654209137
concat,corrected,0,ensemble,train_104,1,1,0.1735205054283142,0.19919133186340332,0.23343104124069214,0.17851199209690094,0.2153450846672058
concat,corrected,0,ensemble,train_105,4,4,0.18840725719928741,0.2114114761352539,0.2175004929304123,0.1729237288236618,0.2097570151090622
concat,corrected,0,ensemble,train_106,1,1,0.20638452470302582,0.22111938893795013,0.19304513931274414,0.1916857361793518,0.1877651959657669
concat,corrected,0,ensemble,train_107,3,3,0.20159554481506348,0.22132086753845215,0.19540922343730927,0.19559530913829803,0.18607906997203827
concat,corrected,0,ensemble,train_108,1,1,0.1972656548023224,0.216523215174675,0.20450907945632935,0.19166269898414612,0.19003938138484955
concat,corrected,0,ensemble,train_109,3,3,0.20079417526721954,0.21909458935260773,0.19994983077049255,0.19346246123313904,0.1866990029811859
concat,corrected,0,ensemble,train_110,1,1,0.21535488963127136,0.22318369150161743,0.18909195065498352,0.19174611568450928,0.18062333762645721
concat,corrected,0,ensemble,train_111,3,3,0.20074476301670074,0.22109253704547882,0.19606365263462067,0.1957986205816269,0.18630042672157288
concat,corrected,0,ensemble,train_112,1,1,0.2228233814239502,0.23195356130599976,0.1950986087322235,0.16435487568378448,0.18576963245868683
concat,corrected,0,ensemble,train_113,4,3,0.17977464199066162,0.20143063366413116,0.22531215846538544,0.17459966242313385,0.21888291835784912
concat,corrected,0,ensemble,train_114,3,3,0.1957710236310959,0.2141624540090561,0.20909005403518677,0.19049732387065887,0.19047914445400238
concat,corrected,0,ensemble,train_115,3,3,0.16789446771144867,0.19529248774051666,0.23789219558238983,0.1792839616537094,0.21963690221309662
concat,corrected,0,ensemble,train_116,4,4,0.19745409488677979,0.2131209373474121,0.2102033644914627,0.18991971015930176,0.18930189311504364
concat,corrected,0,ensemble,train_117,1,1,0.21364036202430725,0.2255145162343979,0.1856900006532669,0.19380535185337067,0.1813497692346573
concat,corrected,0,ensemble,train_118,2,2,0.1954178363084793,0.21532368659973145,0.2064828872680664,0.19074729084968567,0.19202831387519836
concat,corrected,0,ensemble,train_119,2,2,0.17019756138324738,0.19669900834560394,0.2336864024400711,0.17781563103199005,0.22160136699676514
concat,corrected,0,ensemble,train_120,5,5,0.19732576608657837,0.21857696771621704,0.2026204913854599,0.19367800652980804,0.18779875338077545
