model,repeat,seed,sample_id,y_true,p1,p2,p3,p4,p5
autotransformer,0,42,train_001,2,0.1874890774488449,0.7651262879371643,0.02888757735490799,0.011087818071246147,0.007409308571368456
autotransformer,0,42,train_002,5,0.0065192268230021,0.013444829732179642,0.04734564200043678,0.02814999595284462,0.9045403003692627
autotransformer,0,42,train_003,2,0.0033438748214393854,0.12443032115697861,0.8675394654273987,0.002063133055344224,0.0026231459341943264
autotransformer,0,42,train_004,4,0.006573714315891266,0.021478703245520592,0.3193303644657135,0.6394563913345337,0.013160827569663525
autotransformer,0,42,train_005,5,0.004735072609037161,0.024709781631827354,0.5143491625785828,0.20559345185756683,0.2506125867366791
autotransformer,0,42,train_006,2,0.056699905544519424,0.9323478937149048,0.007286208216100931,0.0030237657483667135,0.0006421602447517216
autotransformer,0,42,train_007,2,0.003636299166828394,0.09911289066076279,0.8890872001647949,0.0030374564230442047,0.005126093979924917
autotransformer,0,42,train_008,5,0.01414625346660614,0.00696900486946106,0.1115519255399704,0.08158115297555923,0.7857516407966614
autotransformer,0,42,train_009,3,0.010920930653810501,0.04065185785293579,0.37193775177001953,0.567343533039093,0.009145938791334629
autotransformer,0,42,train_010,2,0.11331892013549805,0.45281705260276794,0.3076132833957672,0.0871923565864563,0.03905833885073662
autotransformer,0,42,train_011,3,0.06295044720172882,0.24677734076976776,0.6219301223754883,0.04643391817808151,0.021908167749643326
autotransformer,0,42,train_012,5,0.014060547575354576,0.01587953045964241,0.031061796471476555,0.0734061598777771,0.8655920028686523
autotransformer,0,42,train_013,2,0.0006618312327191234,0.05695878341794014,0.9365929365158081,0.003293637651950121,0.002492782659828663
autotransformer,0,42,train_014,5,0.003444954287260771,0.0029481041710823774,0.013095864094793797,0.011117453686892986,0.9693934917449951
autotransformer,0,42,train_015,3,0.047780442982912064,0.7897273302078247,0.14578527212142944,0.011717937886714935,0.004988967441022396
autotransformer,0,42,train_016,4,0.02177336812019348,0.012853768654167652,0.019693292677402496,0.04797286540269852,0.8977066278457642
autotransformer,0,42,train_017,2,0.9458125233650208,0.03726829215884209,0.004482102580368519,0.009294699877500534,0.0031423387117683887
autotransformer,0,42,train_018,5,0.27901721000671387,0.07232782244682312,0.09830564260482788,0.13798116147518158,0.41236814856529236
autotransformer,0,42,train_019,3,0.037994384765625,0.6492314338684082,0.29171183705329895,0.011529415845870972,0.009532932192087173
autotransformer,0,42,train_020,2,0.02879478596150875,0.9556910991668701,0.008897058665752411,0.005151157733052969,0.001465998007915914
autotransformer,0,42,train_021,5,0.0035170395858585835,0.00993412546813488,0.2941110134124756,0.008164668455719948,0.6842731833457947
autotransformer,0,42,train_022,4,0.07123994082212448,0.06535235792398453,0.09067259728908539,0.2316974699497223,0.5410376191139221
autotransformer,0,42,train_023,3,0.0014674870762974024,0.014994899742305279,0.8845506906509399,0.02917931042611599,0.06980755180120468
autotransformer,0,42,train_024,5,0.09093442559242249,0.4604276120662689,0.22019794583320618,0.0731930136680603,0.1552470326423645
autotransformer,0,42,train_025,5,0.06321831792593002,0.050983212888240814,0.28997740149497986,0.34100237488746643,0.2548186480998993
autotransformer,0,42,train_026,3,0.00101449282374233,0.007103937212377787,0.9755337834358215,0.008955322206020355,0.007392560131847858
autotransformer,0,42,train_027,2,0.0035314555279910564,0.5787122845649719,0.4083405137062073,0.006093330215662718,0.003322352422401309
autotransformer,0,42,train_028,4,0.032382890582084656,0.06581638008356094,0.5307034850120544,0.3197847306728363,0.051312580704689026
autotransformer,0,42,train_029,2,0.2760397493839264,0.6864829659461975,0.019603120163083076,0.0108850272372365,0.00698904599994421
autotransformer,0,42,train_030,5,0.0010679173283278942,0.017801417037844658,0.9460511207580566,0.00392813328653574,0.031151404604315758
autotransformer,0,42,train_031,4,0.0043527171947062016,0.009436826221644878,0.25328800082206726,0.7190739512443542,0.013848461210727692
autotransformer,0,42,train_032,3,0.06323914974927902,0.12991754710674286,0.06914298981428146,0.1757187396287918,0.5619815587997437
autotransformer,0,42,train_033,1,0.7193178534507751,0.1955191195011139,0.005047348793596029,0.06874144077301025,0.011374184861779213
autotransformer,0,42,train_034,2,0.0012099598534405231,0.168176531791687,0.8211124539375305,0.002840567845851183,0.00666048051789403
autotransformer,0,42,train_035,2,0.5774349570274353,0.38222333788871765,0.016257651150226593,0.016263851895928383,0.007820215076208115
autotransformer,0,42,train_036,2,0.061124395579099655,0.36168888211250305,0.47625938057899475,0.05721904709935188,0.04370824620127678
autotransformer,0,42,train_037,2,0.02768866717815399,0.9600046277046204,0.00849681906402111,0.0014370387652888894,0.0023728369269520044
autotransformer,0,42,train_038,3,0.006437848322093487,0.01856973208487034,0.49291524291038513,0.38550862669944763,0.09656856954097748
autotransformer,0,42,train_039,3,0.006502782925963402,0.8244280219078064,0.1381164789199829,0.004039113875478506,0.026913614943623543
autotransformer,0,42,train_040,2,0.16602569818496704,0.7918031215667725,0.027333611622452736,0.00959840603172779,0.005239221733063459
autotransformer,0,42,train_041,3,0.0008478322997689247,0.03572765737771988,0.9574339985847473,0.0025730261113494635,0.0034174956381320953
autotransformer,0,42,train_042,2,0.17110812664031982,0.06528640538454056,0.08625506609678268,0.26962146162986755,0.40772899985313416
autotransformer,0,42,train_043,4,0.010561334900557995,0.021852243691682816,0.6943375468254089,0.22734850645065308,0.04590028524398804
autotransformer,0,42,train_044,3,0.0011856637429445982,0.18015073239803314,0.8129388093948364,0.0031251024920493364,0.00259970361366868
autotransformer,0,42,train_045,3,0.0026087856385856867,0.008131559938192368,0.9322840571403503,0.025741824880242348,0.031233767047524452
autotransformer,0,42,train_046,4,0.3572022318840027,0.600718080997467,0.010693955235183239,0.02280653640627861,0.008579225279390812
autotransformer,0,42,train_047,2,0.005047354847192764,0.46224913001060486,0.5283991694450378,0.0022743886802345514,0.0020300366450101137
autotransformer,0,42,train_048,4,0.01690930686891079,0.005551347974687815,0.015868933871388435,0.95759117603302,0.004079307895153761
autotransformer,0,42,train_049,2,0.14386150240898132,0.5003620386123657,0.24963030219078064,0.06753388047218323,0.0386122465133667
autotransformer,0,42,train_050,4,0.04351794347167015,0.1350613534450531,0.35309433937072754,0.2683141827583313,0.20001214742660522
autotransformer,0,42,train_051,3,0.040259428322315216,0.647513747215271,0.29314619302749634,0.011714441701769829,0.007366135250777006
autotransformer,0,42,train_052,3,0.006653024815022945,0.007276835385710001,0.3609447777271271,0.6100020408630371,0.015123378485441208
autotransformer,0,42,train_053,3,0.05185926333069801,0.29630836844444275,0.5448896884918213,0.0701015442609787,0.036841172724962234
autotransformer,0,42,train_054,2,0.055534396320581436,0.8622096180915833,0.06162441894412041,0.016138609498739243,0.004492921754717827
autotransformer,0,42,train_055,3,0.0037739400286227465,0.006484809331595898,0.7368279099464417,0.21477381885051727,0.038139574229717255
autotransformer,0,42,train_056,1,0.7715176939964294,0.11185105890035629,0.035663966089487076,0.04436780884861946,0.03659934177994728
autotransformer,0,42,train_057,1,0.10172027349472046,0.5221280455589294,0.25905320048332214,0.07817002385854721,0.0389285534620285
autotransformer,0,42,train_058,1,0.23088008165359497,0.19200828671455383,0.37327373027801514,0.16211692988872528,0.04172102361917496
autotransformer,0,42,train_059,2,0.043126802891492844,0.8492655158042908,0.013902386650443077,0.07814840972423553,0.015556863509118557
autotransformer,0,42,train_060,3,0.7383836507797241,0.12496835738420486,0.07483391463756561,0.05514778569340706,0.00666632317006588
autotransformer,0,42,train_061,2,0.12786078453063965,0.492034912109375,0.2752172350883484,0.06672268360853195,0.038164399564266205
autotransformer,0,42,train_062,3,0.001257954048924148,0.14314833283424377,0.8500512838363647,0.0031161473598331213,0.0024262319784611464
autotransformer,0,42,train_063,2,0.31757986545562744,0.18390639126300812,0.07974382489919662,0.24224896728992462,0.1765209138393402
autotransformer,0,42,train_064,2,0.08384641259908676,0.3448246717453003,0.4834297299385071,0.0568162202835083,0.03108290769159794
autotransformer,0,42,train_065,3,0.05542418360710144,0.7324818968772888,0.19464229047298431,0.010409295558929443,0.007042421959340572
autotransformer,0,42,train_066,2,0.8021538257598877,0.025233177468180656,0.004084656946361065,0.16401873528957367,0.004509551450610161
autotransformer,0,42,train_067,3,0.057502780109643936,0.156816765666008,0.576003909111023,0.1539355367422104,0.05574098974466324
autotransformer,0,42,train_068,3,0.0029991604387760162,0.28256353735923767,0.7104780077934265,0.0024727636482566595,0.0014865706907585263
autotransformer,0,42,train_069,2,0.9643197655677795,0.02237003855407238,0.002027488313615322,0.007876213639974594,0.003406449453905225
autotransformer,0,42,train_070,2,0.0031245045829564333,0.19578488171100616,0.797027587890625,0.0020855809561908245,0.0019773850217461586
autotransformer,0,42,train_071,4,0.05179084837436676,0.2709791958332062,0.3785526156425476,0.19146065413951874,0.10721668601036072
autotransformer,0,42,train_072,4,0.5340136885643005,0.054256971925497055,0.0481686070561409,0.12265323102474213,0.2409074753522873
autotransformer,0,42,train_073,2,0.15862177312374115,0.3842089772224426,0.33485278487205505,0.0913698598742485,0.030946655198931694
autotransformer,0,42,train_074,3,0.05084565654397011,0.288229763507843,0.5641013979911804,0.06097949296236038,0.03584367781877518
autotransformer,0,42,train_075,2,0.023424232378602028,0.655678391456604,0.29552096128463745,0.016983408480882645,0.00839292723685503
autotransformer,0,42,train_076,2,0.15356113016605377,0.8008701801300049,0.026654105633497238,0.012825957499444485,0.006088638212531805
autotransformer,0,42,train_077,3,0.0015838335966691375,0.012440850958228111,0.9574215412139893,0.0027989507652819157,0.025754818692803383
autotransformer,0,42,train_078,3,0.14269819855690002,0.17228731513023376,0.1485997885465622,0.08304832130670547,0.4533664286136627
autotransformer,0,42,train_079,2,0.6004021167755127,0.28420987725257874,0.05658280849456787,0.03069404885172844,0.02811114303767681
autotransformer,0,42,train_080,1,0.2487196922302246,0.4285286068916321,0.21938101947307587,0.05514030531048775,0.04823034629225731
autotransformer,0,42,train_081,3,0.001745179877616465,0.05722134932875633,0.9367570877075195,0.0017586997710168362,0.002517727203667164
autotransformer,0,42,train_082,3,0.07240334153175354,0.2346184253692627,0.06409920752048492,0.145916149020195,0.4829629063606262
autotransformer,0,42,train_083,1,0.0462801456451416,0.11158091574907303,0.43758803606033325,0.2706410586833954,0.13390977680683136
autotransformer,0,42,train_084,5,0.03734779730439186,0.17626139521598816,0.43371519446372986,0.22753284871578217,0.12514278292655945
autotransformer,0,42,train_085,3,0.04745178297162056,0.26331332325935364,0.42259061336517334,0.13386906683444977,0.13277512788772583
autotransformer,0,42,train_086,2,0.15690989792346954,0.5060557126998901,0.16631187498569489,0.06878579407930374,0.10193674266338348
autotransformer,0,42,train_087,3,0.00530818710103631,0.0061682104133069515,0.07630719244480133,0.8898566365242004,0.02235986478626728
autotransformer,0,42,train_088,2,0.0020607938058674335,0.02330525778234005,0.9471257925033569,0.002360248239710927,0.025147954002022743
autotransformer,0,42,train_089,2,0.06728871166706085,0.1782645881175995,0.3962183892726898,0.27390986680984497,0.08431844413280487
autotransformer,0,42,train_090,4,0.20245197415351868,0.04701632261276245,0.2082270383834839,0.24929571151733398,0.2930089235305786
autotransformer,0,42,train_091,2,0.031079323962330818,0.10705883055925369,0.7663249969482422,0.07564371824264526,0.01989312283694744
autotransformer,0,42,train_092,2,0.16738969087600708,0.5142210721969604,0.06382773816585541,0.11114528775215149,0.14341619610786438
autotransformer,0,42,train_093,3,0.12999261915683746,0.5317341685295105,0.07918256521224976,0.09873678535223007,0.1603538542985916
autotransformer,0,42,train_094,3,0.1493571698665619,0.5839154124259949,0.2192527800798416,0.012855913490056992,0.03461871296167374
autotransformer,0,42,train_095,3,0.036137137562036514,0.06423605978488922,0.39494550228118896,0.35797980427742004,0.14670147001743317
autotransformer,0,42,train_096,2,0.24091766774654388,0.7182396650314331,0.018716393038630486,0.012633966282010078,0.00949237123131752
autotransformer,0,42,train_097,3,0.1462796926498413,0.6112152934074402,0.16083157062530518,0.015849053859710693,0.06582441180944443
autotransformer,0,42,train_098,1,0.005067882128059864,0.018506769090890884,0.4422037899494171,0.5129156112670898,0.021305875852704048
autotransformer,0,42,train_099,3,0.03093854710459709,0.06598718464374542,0.6249964237213135,0.23757576942443848,0.040502071380615234
autotransformer,0,42,train_100,5,0.003377701621502638,0.003004568163305521,0.05454922839999199,0.003715211758390069,0.9353532195091248
autotransformer,0,42,train_101,2,0.07542477548122406,0.47029685974121094,0.3498804271221161,0.06177116557955742,0.04262669384479523
autotransformer,0,42,train_102,2,0.2642936110496521,0.6873831748962402,0.015130861662328243,0.031819235533475876,0.0013730694772675633
autotransformer,0,42,train_103,3,0.034553252160549164,0.12718181312084198,0.51246577501297,0.24396419525146484,0.08183493465185165
autotransformer,0,42,train_104,1,0.1535733938217163,0.30661943554878235,0.4472676217556,0.0653957650065422,0.027143757790327072
autotransformer,0,42,train_105,4,0.030058374628424644,0.02992973104119301,0.03756817802786827,0.12680082023143768,0.7756429314613342
autotransformer,0,42,train_106,1,0.9535228610038757,0.014450759626924992,0.0041459230706095695,0.016117092221975327,0.0117633743211627
autotransformer,0,42,train_107,3,0.002121175639331341,0.10760093480348587,0.8862295746803284,0.0020018485374748707,0.0020465359557420015
autotransformer,0,42,train_108,1,0.7429452538490295,0.11045733094215393,0.004623692948371172,0.13821165263652802,0.00376211223192513
autotransformer,0,42,train_109,3,0.05639157071709633,0.20333977043628693,0.6698536276817322,0.050820741802453995,0.019594239071011543
autotransformer,0,42,train_110,1,0.5409302115440369,0.43967941403388977,0.004591911565512419,0.011390035971999168,0.003408437827602029
autotransformer,0,42,train_111,3,0.0032589815091341734,0.35492536425590515,0.6376393437385559,0.002432136796414852,0.001744150067679584
autotransformer,0,42,train_112,1,0.7025753259658813,0.2850196957588196,0.0041742329485714436,0.005013246089220047,0.0032175888773053885
autotransformer,0,42,train_113,3,0.03910021856427193,0.08998098969459534,0.21571868658065796,0.41197991371154785,0.24322018027305603
autotransformer,0,42,train_114,3,0.0424211248755455,0.06486689299345016,0.2558576166629791,0.4296606779098511,0.20719371736049652
autotransformer,0,42,train_115,3,0.03531774878501892,0.22738966345787048,0.5560649037361145,0.12424138933420181,0.05698631703853607
autotransformer,0,42,train_116,4,0.004187279846519232,0.011261139065027237,0.7383306622505188,0.2297547161579132,0.016466161236166954
autotransformer,0,42,train_117,1,0.862260103225708,0.11247090995311737,0.004282617475837469,0.011172987520694733,0.009813442826271057
autotransformer,0,42,train_118,2,0.2736382782459259,0.5640873312950134,0.0782419964671135,0.04942315071821213,0.03460920229554176
autotransformer,0,42,train_119,2,0.2210925966501236,0.48419496417045593,0.21503345668315887,0.050886258482933044,0.028792692348361015
autotransformer,0,42,train_120,5,0.05990205332636833,0.056876037269830704,0.33410122990608215,0.3249659538269043,0.2241547405719757
autotransformer,0,7,train_001,2,0.772746205329895,0.2005142718553543,0.006123024504631758,0.01400656346231699,0.006609981879591942
autotransformer,0,7,train_002,5,0.0602688193321228,0.07039034366607666,0.022996265441179276,0.8028069734573364,0.043537504971027374
autotransformer,0,7,train_003,2,0.04447495564818382,0.5879970192909241,0.3574601709842682,0.0030984499026089907,0.0069694118574261665
autotransformer,0,7,train_004,4,0.016871826723217964,0.07830663025379181,0.32206785678863525,0.5699830651283264,0.012770612724125385
autotransformer,0,7,train_005,5,0.010283160023391247,0.06329906731843948,0.717268168926239,0.19144845008850098,0.01770121045410633
autotransformer,0,7,train_006,2,0.23091641068458557,0.731549084186554,0.020389512181282043,0.013381867669522762,0.003763108514249325
autotransformer,0,7,train_007,2,0.26224038004875183,0.31802910566329956,0.3947662115097046,0.0161314457654953,0.00883286539465189
autotransformer,0,7,train_008,5,0.013301847502589226,0.0072721634060144424,0.04592295363545418,0.4201938509941101,0.5133091807365417
autotransformer,0,7,train_009,3,0.020369132980704308,0.18922191858291626,0.6724311113357544,0.10577656328678131,0.012201227247714996
autotransformer,0,7,train_010,2,0.025100963190197945,0.9260656237602234,0.0447646826505661,0.002787873614579439,0.001280887285247445
autotransformer,0,7,train_011,3,0.04646819084882736,0.38489121198654175,0.551692008972168,0.006821318995207548,0.010127220302820206
autotransformer,0,7,train_012,5,0.01689193770289421,0.02401275932788849,0.02101803943514824,0.6211050152778625,0.3169722259044647
autotransformer,0,7,train_013,2,0.008882165886461735,0.0885506197810173,0.8628737330436707,0.004658174235373735,0.03503532335162163
autotransformer,0,7,train_014,5,0.011911144480109215,0.011808289214968681,0.016973767429590225,0.06783726066350937,0.8914695382118225
autotransformer,0,7,train_015,3,0.02134430594742298,0.5368814468383789,0.4285474121570587,0.008024686947464943,0.0052021765150129795
autotransformer,0,7,train_016,4,0.00463309558108449,0.0028595321346074343,0.022901268675923347,0.027275102213025093,0.9423308968544006
autotransformer,0,7,train_017,2,0.6134017109870911,0.3272984027862549,0.04717424139380455,0.006106438580900431,0.006019184365868568
autotransformer,0,7,train_018,5,0.023899134248495102,0.013471091166138649,0.04569529369473457,0.4085574746131897,0.5083770155906677
autotransformer,0,7,train_019,3,0.023101957514882088,0.518701434135437,0.44755521416664124,0.004847813863307238,0.0057936194352805614
autotransformer,0,7,train_020,2,0.07374664396047592,0.9041443467140198,0.01807047799229622,0.002152677858248353,0.0018859400879591703
autotransformer,0,7,train_021,5,0.006994325201958418,0.009573708288371563,0.052043065428733826,0.010348187759518623,0.9210406541824341
autotransformer,0,7,train_022,4,0.5018959045410156,0.07919621467590332,0.008098500780761242,0.03891474008560181,0.3718946874141693
autotransformer,0,7,train_023,3,0.009936103597283363,0.027847090736031532,0.503723680973053,0.05755007266998291,0.4009430706501007
autotransformer,0,7,train_024,5,0.07904861867427826,0.35193148255348206,0.197157084941864,0.009556769393384457,0.36230596899986267
autotransformer,0,7,train_025,5,0.02545938268303871,0.014394707977771759,0.5692842602729797,0.24328690767288208,0.14757472276687622
autotransformer,0,7,train_026,3,0.059518154710531235,0.02580087073147297,0.6446924805641174,0.22240498661994934,0.04758354276418686
autotransformer,0,7,train_027,2,0.01966877095401287,0.8492622375488281,0.12138032913208008,0.002663432387635112,0.007025284226983786
autotransformer,0,7,train_028,4,0.021335577592253685,0.01184094324707985,0.716539740562439,0.2210543155670166,0.029229464009404182
autotransformer,0,7,train_029,2,0.6932851672172546,0.29637446999549866,0.004165162798017263,0.0031477082520723343,0.0030274854507297277
autotransformer,0,7,train_030,5,0.00886467657983303,0.01283978670835495,0.21067234873771667,0.014794406481087208,0.7528287172317505
autotransformer,0,7,train_031,4,0.027258295565843582,0.016043882817029953,0.028983844444155693,0.9115995168685913,0.016114450991153717
autotransformer,0,7,train_032,3,0.02100539021193981,0.1684993952512741,0.010423144325613976,0.014540526084601879,0.7855315208435059
autotransformer,0,7,train_033,1,0.14206840097904205,0.834015429019928,0.013347725383937359,0.004165480379015207,0.006402953527867794
autotransformer,0,7,train_034,2,0.018798137083649635,0.4842037856578827,0.44030213356018066,0.0038611451163887978,0.052834734320640564
autotransformer,0,7,train_035,2,0.485727995634079,0.48258501291275024,0.023519180715084076,0.003426344133913517,0.004741431679576635
autotransformer,0,7,train_036,2,0.014478770084679127,0.3347829282283783,0.638344407081604,0.0021319552324712276,0.010261868126690388
autotransformer,0,7,train_037,2,0.20398707687854767,0.7684818506240845,0.015315834432840347,0.0035934527404606342,0.008621860295534134
autotransformer,0,7,train_038,3,0.005687259137630463,0.02948933094739914,0.9024078845977783,0.047063879668712616,0.015351543202996254
autotransformer,0,7,train_039,3,0.03341301530599594,0.458315908908844,0.48575150966644287,0.004706188105046749,0.01781330071389675
autotransformer,0,7,train_040,2,0.2800375819206238,0.704812228679657,0.009399808011949062,0.003143461886793375,0.002606973284855485
autotransformer,0,7,train_041,3,0.010733607225120068,0.09481186419725418,0.8745689392089844,0.00497773801907897,0.014907964505255222
autotransformer,0,7,train_042,2,0.02190430834889412,0.01206260360777378,0.036896344274282455,0.782856285572052,0.14628049731254578
autotransformer,0,7,train_043,4,0.019311588257551193,0.03881020098924637,0.7208878993988037,0.18896961212158203,0.032020676881074905
autotransformer,0,7,train_044,3,0.01701393537223339,0.4747833013534546,0.49361279606819153,0.004258918575942516,0.010331043973565102
autotransformer,0,7,train_045,3,0.004090432543307543,0.015941668301820755,0.947096049785614,0.010968818329274654,0.021903080865740776
autotransformer,0,7,train_046,4,0.8578318357467651,0.12175863981246948,0.003728745272383094,0.011081166565418243,0.005599631927907467
autotransformer,0,7,train_047,2,0.03329446539282799,0.6218235492706299,0.3355259299278259,0.0024377109948545694,0.006918311584740877
autotransformer,0,7,train_048,4,0.011043576523661613,0.019556861370801926,0.05126862972974777,0.8922268748283386,0.025904109701514244
autotransformer,0,7,train_049,2,0.027424221858382225,0.926251232624054,0.043593667447566986,0.0014594721142202616,0.0012713550822809339
autotransformer,0,7,train_050,4,0.036160748451948166,0.06250175833702087,0.868570864200592,0.024826273322105408,0.007940322160720825
autotransformer,0,7,train_051,3,0.02209182269871235,0.5407153964042664,0.42640066146850586,0.005509289912879467,0.005282774101942778
autotransformer,0,7,train_052,3,0.08376122266054153,0.019197070971131325,0.03388650342822075,0.8473049402236938,0.015850238502025604
autotransformer,0,7,train_053,3,0.009772459976375103,0.2911429703235626,0.6914502382278442,0.002889075316488743,0.004745173268020153
autotransformer,0,7,train_054,2,0.04361352697014809,0.8931541442871094,0.056134168058633804,0.005012350622564554,0.0020857923664152622
autotransformer,0,7,train_055,3,0.040346574038267136,0.013994123786687851,0.052947934716939926,0.8675681948661804,0.025143150240182877
autotransformer,0,7,train_056,1,0.7809897661209106,0.15382350981235504,0.013449246995151043,0.03855162858963013,0.013185808435082436
autotransformer,0,7,train_057,1,0.026691937819123268,0.9414739012718201,0.02843974344432354,0.002216402441263199,0.0011780314380303025
autotransformer,0,7,train_058,1,0.6052572727203369,0.17826758325099945,0.03385240584611893,0.1646842658519745,0.017938395962119102
autotransformer,0,7,train_059,2,0.0767841711640358,0.878714382648468,0.021266169846057892,0.0121831139549613,0.011052149347960949
autotransformer,0,7,train_060,3,0.18459056317806244,0.667864203453064,0.13838417828083038,0.004580996930599213,0.004580048844218254
autotransformer,0,7,train_061,2,0.03059399127960205,0.9292901158332825,0.037615690380334854,0.001192763913422823,0.0013074494199827313
autotransformer,0,7,train_062,3,0.019886566326022148,0.6385579109191895,0.329508900642395,0.003403401467949152,0.008643203414976597
autotransformer,0,7,train_063,2,0.05161888524889946,0.07536440342664719,0.07502643764019012,0.7801998853683472,0.01779034547507763
autotransformer,0,7,train_064,2,0.05697869136929512,0.7803785800933838,0.1527736932039261,0.003779581980779767,0.006089479196816683
autotransformer,0,7,train_065,3,0.040156856179237366,0.7533752918243408,0.19893690943717957,0.0043527670204639435,0.0031781354919075966
autotransformer,0,7,train_066,2,0.07968541234731674,0.05118251219391823,0.01602962240576744,0.827167809009552,0.02593471296131611
autotransformer,0,7,train_067,3,0.02502230554819107,0.07232685387134552,0.8621748685836792,0.032395556569099426,0.008080461993813515
autotransformer,0,7,train_068,3,0.018803507089614868,0.5261883735656738,0.44485536217689514,0.0029504166450351477,0.007202318403869867
autotransformer,0,7,train_069,2,0.22363825142383575,0.19284266233444214,0.10176492482423782,0.017262527719140053,0.464491605758667
autotransformer,0,7,train_070,2,0.03039040043950081,0.5526703000068665,0.40696194767951965,0.0029352654237300158,0.007042114622890949
autotransformer,0,7,train_071,4,0.03488165885210037,0.032088637351989746,0.1628957986831665,0.7300432920455933,0.04009068384766579
autotransformer,0,7,train_072,4,0.02591196820139885,0.011296051554381847,0.02355307526886463,0.7920774817466736,0.14716145396232605
autotransformer,0,7,train_073,2,0.1752910315990448,0.743292510509491,0.06256284564733505,0.014227046631276608,0.0046265991404652596
autotransformer,0,7,train_074,3,0.006441539153456688,0.13930131494998932,0.8456999659538269,0.0027122609317302704,0.00584493950009346
autotransformer,0,7,train_075,2,0.034165170043706894,0.8458935618400574,0.11023242026567459,0.00614425353705883,0.0035646085161715746
autotransformer,0,7,train_076,2,0.26439979672431946,0.7202185988426208,0.008207609876990318,0.004342688713222742,0.0028312597423791885
autotransformer,0,7,train_077,3,0.005460184533149004,0.033790599554777145,0.9352372884750366,0.005051733460277319,0.02046019397675991
autotransformer,0,7,train_078,3,0.02723950706422329,0.04937787353992462,0.04235067963600159,0.011844119988381863,0.8691878318786621
autotransformer,0,7,train_079,2,0.6532001495361328,0.31671443581581116,0.01595909334719181,0.008204318583011627,0.005921974312514067
autotransformer,0,7,train_080,1,0.21862691640853882,0.6305177211761475,0.13208936154842377,0.0030700431670993567,0.01569596864283085
autotransformer,0,7,train_081,3,0.027794217690825462,0.39318230748176575,0.5661993026733398,0.003444157773628831,0.009380034171044827
autotransformer,0,7,train_082,3,0.050218693912029266,0.5376432538032532,0.01667950488626957,0.016526971012353897,0.37893155217170715
autotransformer,0,7,train_083,1,0.055813662707805634,0.09294401109218597,0.7018375396728516,0.12998928129673004,0.019415471702814102
autotransformer,0,7,train_084,5,0.07751941680908203,0.04613316059112549,0.6220599412918091,0.051214978098869324,0.2030724287033081
autotransformer,0,7,train_085,3,0.2004917860031128,0.29534757137298584,0.12956924736499786,0.008295848965644836,0.36629557609558105
autotransformer,0,7,train_086,2,0.08345549553632736,0.8784570097923279,0.02727089263498783,0.0018563488265499473,0.008960289880633354
autotransformer,0,7,train_087,3,0.011986099183559418,0.011393973603844643,0.01990971341729164,0.9367771744728088,0.019933132454752922
autotransformer,0,7,train_088,2,0.03134527802467346,0.02158544771373272,0.8837434649467468,0.006500540766865015,0.05682527273893356
autotransformer,0,7,train_089,2,0.026954594999551773,0.06102806702256203,0.24706679582595825,0.6387436985969543,0.026206864044070244
autotransformer,0,7,train_090,4,0.02447926066815853,0.012308469042181969,0.8351746797561646,0.09980729222297668,0.028230268508195877
autotransformer,0,7,train_091,2,0.027642250061035156,0.09725382924079895,0.8573498725891113,0.010639267042279243,0.007114770356565714
autotransformer,0,7,train_092,2,0.2850639820098877,0.6197506189346313,0.026550201699137688,0.04952430725097656,0.01911088265478611
autotransformer,0,7,train_093,3,0.06530562043190002,0.6934081315994263,0.014603141695261002,0.008739777840673923,0.21794331073760986
autotransformer,0,7,train_094,3,0.203755721449852,0.3153456151485443,0.34126314520835876,0.005892209243029356,0.1337433010339737
autotransformer,0,7,train_095,3,0.024506323039531708,0.03544570878148079,0.8289769887924194,0.027582844719290733,0.08348819613456726
autotransformer,0,7,train_096,2,0.8727473020553589,0.11743313819169998,0.002224978990852833,0.0032393375877290964,0.004355196841061115
autotransformer,0,7,train_097,3,0.8884426355361938,0.06529516726732254,0.006860129535198212,0.004006262868642807,0.035395778715610504
autotransformer,0,7,train_098,1,0.007943220436573029,0.059736110270023346,0.7583367824554443,0.16001079976558685,0.013973110355436802
autotransformer,0,7,train_099,3,0.030661502853035927,0.04825533181428909,0.8857954740524292,0.026923492550849915,0.008364217355847359
autotransformer,0,7,train_100,5,0.02150878496468067,0.024904001504182816,0.2561468780040741,0.017668062821030617,0.6797722578048706
autotransformer,0,7,train_101,2,0.020284095779061317,0.5101373195648193,0.4625004231929779,0.001830381341278553,0.005247840192168951
autotransformer,0,7,train_102,2,0.2837355434894562,0.6199849247932434,0.03554345294833183,0.053679849952459335,0.007056176196783781
autotransformer,0,7,train_103,3,0.005065609700977802,0.018275022506713867,0.34591856598854065,0.6172385811805725,0.013502135872840881
autotransformer,0,7,train_104,1,0.4434734582901001,0.33406388759613037,0.18891194462776184,0.025525961071252823,0.008024724200367928
autotransformer,0,7,train_105,4,0.02941128984093666,0.018422631546854973,0.03610660508275032,0.8243327736854553,0.09172675013542175
autotransformer,0,7,train_106,1,0.9140213131904602,0.04998518526554108,0.018839925527572632,0.009549759328365326,0.007603784091770649
autotransformer,0,7,train_107,3,0.019065607339143753,0.2761038839817047,0.6913638710975647,0.0033870579209178686,0.010079595260322094
autotransformer,0,7,train_108,1,0.6640443801879883,0.1862425059080124,0.011246872134506702,0.12572239339351654,0.012743828818202019
autotransformer,0,7,train_109,3,0.03558710217475891,0.20202650129795074,0.7445995211601257,0.007806458044797182,0.00998048484325409
autotransformer,0,7,train_110,1,0.16602709889411926,0.816737174987793,0.009346130304038525,0.004320079926401377,0.003569526830688119
autotransformer,0,7,train_111,3,0.0178049448877573,0.4077163338661194,0.5625644326210022,0.0029153188224881887,0.008998974226415157
autotransformer,0,7,train_112,1,0.6320314407348633,0.3489883244037628,0.011167176999151707,0.0034353085793554783,0.004377682227641344
autotransformer,0,7,train_113,3,0.01028851605951786,0.009883476421236992,0.015801522880792618,0.9024627804756165,0.061563726514577866
autotransformer,0,7,train_114,3,0.05236617848277092,0.06652365624904633,0.5671935081481934,0.06618667393922806,0.24772991240024567
autotransformer,0,7,train_115,3,0.0055936165153980255,0.03572911024093628,0.942988932132721,0.010528803803026676,0.005159515421837568
autotransformer,0,7,train_116,4,0.009354326874017715,0.023384621366858482,0.8816772699356079,0.06549005955457687,0.020093776285648346
autotransformer,0,7,train_117,1,0.9579960107803345,0.021815946325659752,0.0027216703165322542,0.007073411718010902,0.01039292011409998
autotransformer,0,7,train_118,2,0.3070380389690399,0.6636799573898315,0.01617729663848877,0.00763358548283577,0.0054711392149329185
autotransformer,0,7,train_119,2,0.17616695165634155,0.7567896246910095,0.059130869805812836,0.004397595301270485,0.003514957381412387
autotransformer,0,7,train_120,5,0.026235371828079224,0.015608240850269794,0.6520552635192871,0.18304139375686646,0.12305973470211029
autotransformer,0,123,train_001,2,0.37463027238845825,0.5527509450912476,0.04175633564591408,0.016764897853136063,0.01409753318876028
autotransformer,0,123,train_002,5,0.04391230642795563,0.09731833636760712,0.1744215339422226,0.4174785315990448,0.2668692171573639
autotransformer,0,123,train_003,2,0.027802148833870888,0.1505701094865799,0.7691797018051147,0.014989795163273811,0.037458229809999466
autotransformer,0,123,train_004,4,0.05252421647310257,0.06966962665319443,0.22011736035346985,0.6179541349411011,0.039734650403261185
autotransformer,0,123,train_005,5,0.021280335262417793,0.036994609981775284,0.10939117521047592,0.2581265866756439,0.5742073059082031
autotransformer,0,123,train_006,2,0.19134578108787537,0.7187774777412415,0.059980545192956924,0.02288459800183773,0.007011640351265669
autotransformer,0,123,train_007,2,0.04295023903250694,0.25002285838127136,0.6924954056739807,0.006576547399163246,0.007954990491271019
autotransformer,0,123,train_008,5,0.01049076672643423,0.006666689645498991,0.025585459545254707,0.16358140110969543,0.7936757206916809
autotransformer,0,123,train_009,3,0.1175856813788414,0.1611720472574234,0.336553156375885,0.35543903708457947,0.02925008349120617
autotransformer,0,123,train_010,2,0.07176182419061661,0.7599034309387207,0.1349150389432907,0.028301674872636795,0.0051180897280573845
autotransformer,0,123,train_011,3,0.017417896538972855,0.4802878201007843,0.4924168288707733,0.004892988596111536,0.004984522238373756
autotransformer,0,123,train_012,5,0.15080390870571136,0.06619013100862503,0.03210802376270294,0.347621351480484,0.40327659249305725
autotransformer,0,123,train_013,2,0.006604538299143314,0.06826015561819077,0.9065432548522949,0.006031040567904711,0.012561067938804626
autotransformer,0,123,train_014,5,0.020318016409873962,0.027797343209385872,0.029337450861930847,0.1308659315109253,0.791681170463562
autotransformer,0,123,train_015,3,0.04938923195004463,0.6277228593826294,0.29845109581947327,0.015804316848516464,0.00863250158727169
autotransformer,0,123,train_016,4,0.02301955036818981,0.03579974174499512,0.34799572825431824,0.06348125636577606,0.5297037363052368
autotransformer,0,123,train_017,2,0.26352283358573914,0.27252987027168274,0.4178001880645752,0.016610480844974518,0.029536623507738113
autotransformer,0,123,train_018,5,0.02471601776778698,0.007834549993276596,0.008445548824965954,0.022281933575868607,0.936721920967102
autotransformer,0,123,train_019,3,0.037653930485248566,0.5672054886817932,0.36651018261909485,0.012043287046253681,0.01658710651099682
autotransformer,0,123,train_020,2,0.07125914841890335,0.9029604196548462,0.018727045506238937,0.005077670328319073,0.001975738676264882
autotransformer,0,123,train_021,5,0.006580862682312727,0.00420337775722146,0.04249081388115883,0.030257822945713997,0.9164671301841736
autotransformer,0,123,train_022,4,0.25625813007354736,0.035676583647727966,0.017693523317575455,0.11643112450838089,0.573940634727478
autotransformer,0,123,train_023,3,0.01590259000658989,0.02335665374994278,0.7015822529792786,0.08429812639951706,0.1748603731393814
autotransformer,0,123,train_024,5,0.062147464603185654,0.427988201379776,0.389939546585083,0.02829982526600361,0.09162496775388718
autotransformer,0,123,train_025,5,0.03163943812251091,0.011687411926686764,0.6727434396743774,0.17811177670955658,0.10581796616315842
autotransformer,0,123,train_026,3,0.022147035226225853,0.016611171886324883,0.9076500535011292,0.03231191262602806,0.021279826760292053
autotransformer,0,123,train_027,2,0.01497828122228384,0.8813679218292236,0.09450993686914444,0.005774328019469976,0.0033695236779749393
autotransformer,0,123,train_028,4,0.021154211834073067,0.012803670950233936,0.13144275546073914,0.8255141973495483,0.009085112251341343
autotransformer,0,123,train_029,2,0.4521433413028717,0.5054937601089478,0.02253166399896145,0.010415864177048206,0.009415343403816223
autotransformer,0,123,train_030,5,0.01193916704505682,0.011985976248979568,0.5350286960601807,0.01577424257993698,0.4252719283103943
autotransformer,0,123,train_031,4,0.020711088553071022,0.0147895822301507,0.06671745330095291,0.8781862258911133,0.019595637917518616
autotransformer,0,123,train_032,3,0.0032843241933733225,0.03398111090064049,0.005530789494514465,0.034467488527297974,0.9227363467216492
autotransformer,0,123,train_033,1,0.6338633894920349,0.32018524408340454,0.013277563266456127,0.021462954580783844,0.011210830882191658
autotransformer,0,123,train_034,2,0.009170320816338062,0.25784215331077576,0.7145484685897827,0.006980924401432276,0.01145815197378397
autotransformer,0,123,train_035,2,0.6051210761070251,0.299530029296875,0.038646332919597626,0.0361059233546257,0.020596612244844437
autotransformer,0,123,train_036,2,0.013388918712735176,0.2731519341468811,0.6950629353523254,0.01022318098694086,0.008173047564923763
autotransformer,0,123,train_037,2,0.04055874049663544,0.6080570816993713,0.2586124539375305,0.04155931994318962,0.05121242627501488
autotransformer,0,123,train_038,3,0.021883031353354454,0.03843144327402115,0.6342650651931763,0.09840720891952515,0.20701317489147186
autotransformer,0,123,train_039,3,0.03172006085515022,0.0682777687907219,0.37962570786476135,0.09111789613962173,0.4292585849761963
autotransformer,0,123,train_040,2,0.2813023030757904,0.663068413734436,0.03842363879084587,0.009701265953481197,0.0075043439865112305
autotransformer,0,123,train_041,3,0.007550336420536041,0.0785471573472023,0.8976813554763794,0.005862326826900244,0.010358705185353756
autotransformer,0,123,train_042,2,0.011724451556801796,0.006882281508296728,0.019514093175530434,0.774742066860199,0.18713712692260742
autotransformer,0,123,train_043,4,0.05058405548334122,0.06290122866630554,0.6577903628349304,0.12309975922107697,0.10562456399202347
autotransformer,0,123,train_044,3,0.011045566760003567,0.2974218428134918,0.6762281656265259,0.008088529109954834,0.0072159310802817345
autotransformer,0,123,train_045,3,0.02030063420534134,0.03332936391234398,0.6300438642501831,0.046700943261384964,0.26962515711784363
autotransformer,0,123,train_046,4,0.3980734050273895,0.5405925512313843,0.03185990825295448,0.017688095569610596,0.011786019429564476
autotransformer,0,123,train_047,2,0.029241129755973816,0.24186985194683075,0.6883112788200378,0.016257230192422867,0.024320518597960472
autotransformer,0,123,train_048,4,0.09503569453954697,0.049243852496147156,0.07115274667739868,0.7136301398277283,0.07093754410743713
autotransformer,0,123,train_049,2,0.07937243580818176,0.7487781643867493,0.1520848423242569,0.015722157433629036,0.004042424261569977
autotransformer,0,123,train_050,4,0.1117764338850975,0.14813515543937683,0.6225797533988953,0.0677855908870697,0.04972304403781891
autotransformer,0,123,train_051,3,0.040644142776727676,0.5869993567466736,0.34798508882522583,0.013148042373359203,0.011223440058529377
autotransformer,0,123,train_052,3,0.05459029600024223,0.02858140878379345,0.35523757338523865,0.5305849313735962,0.03100579045712948
autotransformer,0,123,train_053,3,0.014890655875205994,0.2537977993488312,0.7115926742553711,0.013335810974240303,0.00638304790481925
autotransformer,0,123,train_054,2,0.12411651760339737,0.7385918498039246,0.11340418457984924,0.016947222873568535,0.006940264254808426
autotransformer,0,123,train_055,3,0.0380992591381073,0.015117316506803036,0.3473726511001587,0.5479592680931091,0.05145145580172539
autotransformer,0,123,train_056,1,0.938955545425415,0.04189780354499817,0.005703540053218603,0.0056105488911271095,0.007832569070160389
autotransformer,0,123,train_057,1,0.13584963977336884,0.6932849884033203,0.1252746433019638,0.03885935619473457,0.00673144543543458
autotransformer,0,123,train_058,1,0.8822054862976074,0.0983746275305748,0.005955415312200785,0.007418050896376371,0.0060464367270469666
autotransformer,0,123,train_059,2,0.2263113558292389,0.736488401889801,0.0108576575294137,0.02008744329214096,0.006255131680518389
autotransformer,0,123,train_060,3,0.23467877507209778,0.14381346106529236,0.5476866960525513,0.0348181426525116,0.039002981036901474
autotransformer,0,123,train_061,2,0.055913057178258896,0.7992492318153381,0.1296607255935669,0.011624432168900967,0.003552546724677086
autotransformer,0,123,train_062,3,0.011776233091950417,0.2938700318336487,0.6786361336708069,0.008537226356565952,0.007180390413850546
autotransformer,0,123,train_063,2,0.44788238406181335,0.05416104197502136,0.04538092762231827,0.26313796639442444,0.189437597990036
autotransformer,0,123,train_064,2,0.040076594799757004,0.8271053433418274,0.12608103454113007,0.0036034476943314075,0.0031335405074059963
autotransformer,0,123,train_065,3,0.048373036086559296,0.6456635594367981,0.2837373912334442,0.0115546565502882,0.010671314783394337
autotransformer,0,123,train_066,2,0.33616068959236145,0.3362313508987427,0.0494573637843132,0.24154165387153625,0.036608900874853134
autotransformer,0,123,train_067,3,0.08791482448577881,0.1492110937833786,0.6651093363761902,0.07838943600654602,0.019375378265976906
autotransformer,0,123,train_068,3,0.029193390160799026,0.33497947454452515,0.5972294807434082,0.018389210104942322,0.02020837366580963
autotransformer,0,123,train_069,2,0.794616162776947,0.10325298458337784,0.02672656998038292,0.02009984850883484,0.055304381996393204
autotransformer,0,123,train_070,2,0.027013851329684258,0.2063673436641693,0.7234657406806946,0.01570206880569458,0.02745096944272518
autotransformer,0,123,train_071,4,0.37718358635902405,0.1420939415693283,0.044605862349271774,0.34521523118019104,0.0909014418721199
autotransformer,0,123,train_072,4,0.014098943211138248,0.007776012644171715,0.01329937856644392,0.8497198224067688,0.11510589718818665
autotransformer,0,123,train_073,2,0.2400539517402649,0.7379304766654968,0.010591546073555946,0.008169610053300858,0.003254371229559183
autotransformer,0,123,train_074,3,0.012175185605883598,0.1701248437166214,0.7980228662490845,0.01193490345031023,0.007742148824036121
autotransformer,0,123,train_075,2,0.04284050315618515,0.6610687375068665,0.26702234148979187,0.017338618636131287,0.011729824356734753
autotransformer,0,123,train_076,2,0.277842253446579,0.6677870154380798,0.033647969365119934,0.013229305855929852,0.00749345263466239
autotransformer,0,123,train_077,3,0.019087569788098335,0.042562033981084824,0.7041338086128235,0.030614187940955162,0.2036024034023285
autotransformer,0,123,train_078,3,0.048154231160879135,0.1693383753299713,0.3667566478252411,0.04481778293848038,0.37093305587768555
autotransformer,0,123,train_079,2,0.8897840976715088,0.0951300710439682,0.006458462215960026,0.003427153220400214,0.005200257990509272
autotransformer,0,123,train_080,1,0.6474639177322388,0.2119637131690979,0.11074690520763397,0.010699269361793995,0.01912621408700943
autotransformer,0,123,train_081,3,0.02972268871963024,0.16621696949005127,0.7578416466712952,0.015180207788944244,0.031038448214530945
autotransformer,0,123,train_082,3,0.015020731836557388,0.44400718808174133,0.027581021189689636,0.07184066623449326,0.44155046343803406
autotransformer,0,123,train_083,1,0.026720641180872917,0.09318283200263977,0.8156356811523438,0.03754354268312454,0.026917314156889915
autotransformer,0,123,train_084,5,0.23493286967277527,0.057012006640434265,0.1552436649799347,0.2661082446575165,0.2867031991481781
autotransformer,0,123,train_085,3,0.09532976150512695,0.23946809768676758,0.5498672127723694,0.039265524595975876,0.07606944441795349
autotransformer,0,123,train_086,2,0.0735531821846962,0.8534170389175415,0.05243130028247833,0.014846988953649998,0.005751441232860088
autotransformer,0,123,train_087,3,0.009124464355409145,0.009484020993113518,0.013915840536355972,0.948998749256134,0.0184769444167614
autotransformer,0,123,train_088,2,0.4260333180427551,0.017773061990737915,0.20371496677398682,0.11772552877664566,0.23475314676761627
autotransformer,0,123,train_089,2,0.05931590124964714,0.10158581286668777,0.5342322587966919,0.26926183700561523,0.03560417518019676
autotransformer,0,123,train_090,4,0.047082122415304184,0.036685407161712646,0.3897832930088043,0.5165451765060425,0.009903988800942898
autotransformer,0,123,train_091,2,0.028259633108973503,0.15036919713020325,0.8127045631408691,0.005600170698016882,0.003066500648856163
autotransformer,0,123,train_092,2,0.015122276730835438,0.4239366054534912,0.0297080185264349,0.40498900413513184,0.12624411284923553
autotransformer,0,123,train_093,3,0.011367774568498135,0.6341871619224548,0.027074046432971954,0.06933726370334625,0.25803375244140625
autotransformer,0,123,train_094,3,0.06804797798395157,0.46859028935432434,0.4086376428604126,0.012383615598082542,0.04234042763710022
autotransformer,0,123,train_095,3,0.007730147801339626,0.026858191937208176,0.944227933883667,0.008493339642882347,0.01269036065787077
autotransformer,0,123,train_096,2,0.21831989288330078,0.7269881367683411,0.03888640180230141,0.007571167778223753,0.008234311826527119
autotransformer,0,123,train_097,3,0.17212386429309845,0.6388826370239258,0.14885064959526062,0.010875326581299305,0.029267530888319016
autotransformer,0,123,train_098,1,0.03858465328812599,0.17763660848140717,0.600282609462738,0.1591821163892746,0.02431400679051876
autotransformer,0,123,train_099,3,0.04722043499350548,0.06577372550964355,0.775569498538971,0.10545636713504791,0.005979993846267462
autotransformer,0,123,train_100,5,0.021765386685729027,0.01939184032380581,0.18078167736530304,0.049224238842725754,0.7288367748260498
autotransformer,0,123,train_101,2,0.05318246781826019,0.6330771446228027,0.29645493626594543,0.01256401278078556,0.004721390083432198
autotransformer,0,123,train_102,2,0.2899562120437622,0.5883200764656067,0.07431049644947052,0.03826306015253067,0.009150185622274876
autotransformer,0,123,train_103,3,0.039541009813547134,0.0558168850839138,0.5006137490272522,0.369166761636734,0.03486155718564987
autotransformer,0,123,train_104,1,0.8400111198425293,0.12831389904022217,0.02114906534552574,0.004828672390431166,0.005697151646018028
autotransformer,0,123,train_105,4,0.15776333212852478,0.13703553378582,0.0223985705524683,0.5012831091880798,0.18151946365833282
autotransformer,0,123,train_106,1,0.9175379276275635,0.03745213523507118,0.017066113650798798,0.010080810636281967,0.017863066866993904
autotransformer,0,123,train_107,3,0.024296896532177925,0.13793495297431946,0.7877140641212463,0.01530053373426199,0.03475348278880119
autotransformer,0,123,train_108,1,0.5683943629264832,0.2707320749759674,0.028163358569145203,0.1084054708480835,0.02430475316941738
autotransformer,0,123,train_109,3,0.011742736212909222,0.2253202199935913,0.7547553777694702,0.004629532340914011,0.003552054287865758
autotransformer,0,123,train_110,1,0.3084135055541992,0.6652236580848694,0.01336051244288683,0.009037856943905354,0.003964507486671209
autotransformer,0,123,train_111,3,0.021972956135869026,0.2489738017320633,0.6819444894790649,0.019130075350403786,0.02797870896756649
autotransformer,0,123,train_112,1,0.42662566900253296,0.49953943490982056,0.042250800877809525,0.017058011144399643,0.014526030980050564
autotransformer,0,123,train_113,3,0.07020755112171173,0.023544421419501305,0.027850927785038948,0.6685465574264526,0.20985060930252075
autotransformer,0,123,train_114,3,0.007321408484131098,0.04636594280600548,0.041273970156908035,0.03468802198767662,0.8703505992889404
autotransformer,0,123,train_115,3,0.05441545322537422,0.09091244637966156,0.6216796040534973,0.20406734943389893,0.028925051912665367
autotransformer,0,123,train_116,4,0.0626952275633812,0.0506187379360199,0.39679548144340515,0.33490294218063354,0.1549876183271408
autotransformer,0,123,train_117,1,0.784998893737793,0.17321573197841644,0.014504977501928806,0.01121817622333765,0.01606219820678234
autotransformer,0,123,train_118,2,0.3354502320289612,0.6496570110321045,0.006103823892772198,0.005152243189513683,0.00363659905269742
autotransformer,0,123,train_119,2,0.14863085746765137,0.8276044726371765,0.01834835857152939,0.003074404550716281,0.0023419135250151157
autotransformer,0,123,train_120,5,0.025443969294428825,0.0134552838280797,0.7702551484107971,0.07475436478853226,0.11609119921922684
autotransformer,0,ensemble,train_001,2,0.4449551850557327,0.5061305016279221,0.02558897916848461,0.013953093128899733,0.009372274546573559
autotransformer,0,ensemble,train_002,5,0.03690011752769351,0.060384503255287804,0.08158781379461288,0.4161451670030753,0.4049823408325513
autotransformer,0,ensemble,train_003,2,0.0252069931011647,0.28766581664482754,0.6647264460722605,0.006717126040409009,0.015683595867206652
autotransformer,0,ensemble,train_004,4,0.0253232525040706,0.056484986717502274,0.2871718605359395,0.6091311971346537,0.021888696899016697
autotransformer,0,ensemble,train_005,5,0.0120995226316154,0.04166781964401404,0.4470028355717659,0.21838949620723724,0.28084036769966286
autotransformer,0,ensemble,train_006,2,0.15965403243899345,0.7942248185475668,0.029218755196779966,0.013096743806575736,0.003805636370088905
autotransformer,0,ensemble,train_007,2,0.10294230608269572,0.2223882849017779,0.65878293911616,0.008581816529234251,0.007304649955282609
autotransformer,0,ensemble,train_008,5,0.012646289231876532,0.006969285973658164,0.0610201129068931,0.22178546835978827,0.6975788474082947
autotransformer,0,ensemble,train_009,3,0.0496252483377854,0.13034860789775848,0.46030733982721966,0.34285304447015125,0.016865749843418598
autotransformer,0,ensemble,train_010,2,0.0700605691721042,0.712928702433904,0.162431001663208,0.03942730169122418,0.01515243862134715
autotransformer,0,ensemble,train_011,3,0.042278844863176346,0.37065212428569794,0.5553463200728098,0.019382741923133533,0.012339970096945763
autotransformer,0,ensemble,train_012,5,0.06058546466132005,0.03536080693205198,0.028062619889775913,0.3473775088787079,0.5286136070887247
autotransformer,0,ensemble,train_013,2,0.0053828451394413905,0.07125651960571606,0.9020033081372579,0.004660950818409522,0.01669639131675164
autotransformer,0,ensemble,train_014,5,0.011891371725747982,0.014184578865145644,0.01980236079543829,0.06994021528710921,0.8841814001401266
autotransformer,0,ensemble,train_015,3,0.03950466029345989,0.651443878809611,0.2909279266993205,0.01184898056089878,0.006274548514435689
autotransformer,0,ensemble,train_016,4,0.016475338023155928,0.0171710141779234,0.13019676320254803,0.04624307466049989,0.7899137536684672
autotransformer,0,ensemble,train_017,2,0.6075790226459503,0.21236552173892656,0.15648551067958275,0.010670539767791828,0.012899382195125023
autotransformer,0,ensemble,train_018,5,0.10921078734099865,0.03121115453541279,0.05081549504150947,0.18960685655474663,0.6191556950410207
autotransformer,0,ensemble,train_019,3,0.03291675758858522,0.5783794522285461,0.36859241127967834,0.009473505585143963,0.010637886046121517
autotransformer,0,ensemble,train_020,2,0.05793352611362934,0.9209319551785787,0.015231527388095856,0.004127168639873465,0.001775892257379989
autotransformer,0,ensemble,train_021,5,0.0056974091567099094,0.007903737171242634,0.12954829757412276,0.016256893053650856,0.8405936559041342
autotransformer,0,ensemble,train_022,4,0.27646465847889584,0.060075052082538605,0.038821540462474026,0.12901444484790167,0.4956243137518565
autotransformer,0,ensemble,train_023,3,0.009102060226723552,0.022066214742759865,0.6966188748677572,0.057009169831871986,0.2152036651968956
autotransformer,0,ensemble,train_024,5,0.07737683628996213,0.413449098666509,0.2690981924533844,0.037016536109149456,0.20305932313203812
autotransformer,0,ensemble,train_025,5,0.04010571291049322,0.025688444264233112,0.5106683671474457,0.2541336864233017,0.16940377900997797
autotransformer,0,ensemble,train_026,3,0.027559894253499806,0.016505326610058546,0.8426254391670227,0.08789074048399925,0.02541864321877559
autotransformer,0,ensemble,train_027,2,0.012726169234762589,0.7697808146476746,0.20807692656914392,0.004843696874255936,0.004572386775786678
autotransformer,0,ensemble,train_028,4,0.024957560002803802,0.030153664760291576,0.45956199367841083,0.4554510811964671,0.029875718988478184
autotransformer,0,ensemble,train_029,2,0.47382275263468426,0.49611706535021466,0.01543331565335393,0.008149533222119013,0.006477291618163387
autotransformer,0,ensemble,train_030,5,0.007290586984405915,0.014209059998393059,0.5639173885186514,0.011498927449186644,0.4030840167154868
autotransformer,0,ensemble,train_031,4,0.017440700437873602,0.013423430422941843,0.11632976618905862,0.8362865646680196,0.016519516706466675
autotransformer,0,ensemble,train_032,3,0.02917628805153072,0.11079935108621915,0.028365641211469967,0.07490891808023055,0.7567498087882996
autotransformer,0,ensemble,train_033,1,0.4984165479739507,0.4499065975348155,0.010557545814663172,0.031456625244269766,0.009662656423946222
autotransformer,0,ensemble,train_034,2,0.00972613925114274,0.3034074902534485,0.6586543520291647,0.004560879121224086,0.023651122270772856
autotransformer,0,ensemble,train_035,2,0.5560946762561798,0.3881127933661143,0.026141054928302765,0.0185987064614892,0.011052753000209728
autotransformer,0,ensemble,train_036,2,0.029664028125504654,0.32320791482925415,0.6032222410043081,0.02319139443958799,0.02071438729763031
autotransformer,0,ensemble,train_037,2,0.0907448281844457,0.778847853342692,0.09414170247813065,0.015529937149646381,0.02073570783250034
autotransformer,0,ensemble,train_038,3,0.011336046271026134,0.028830168768763542,0.6765293975671133,0.17699323842922846,0.10631109587848186
autotransformer,0,ensemble,train_039,3,0.02387861969570319,0.45034056653579074,0.3344978988170624,0.033287732706715666,0.15799516687790552
autotransformer,0,ensemble,train_040,2,0.24245519439379373,0.7198945879936218,0.02505235280841589,0.007481044624000788,0.0051168463348100586
autotransformer,0,ensemble,train_041,3,0.006377258648475011,0.06969555964072545,0.9098947644233704,0.004471030319109559,0.00956138844291369
autotransformer,0,ensemble,train_042,2,0.06824562884867191,0.028077096833537023,0.04755516784886519,0.6090732713540395,0.2470488746960958
autotransformer,0,ensemble,train_043,4,0.026818992880483467,0.04118789111574491,0.691005269686381,0.17980595926443735,0.0611818420390288
autotransformer,0,ensemble,train_044,3,0.00974838862506052,0.31745195885499317,0.6609265903631846,0.005157516725982229,0.006715559555838506
autotransformer,0,ensemble,train_045,3,0.008999950795744857,0.019134197384119034,0.8364746570587158,0.027803862156967323,0.10758733501036961
autotransformer,0,ensemble,train_046,4,0.5377024908860525,0.42102309068044025,0.015427536253506938,0.017191932847102482,0.008654958878954252
autotransformer,0,ensemble,train_047,2,0.022527649998664856,0.4419808437426885,0.5174121260643005,0.006989776622503996,0.011089622275903821
autotransformer,0,ensemble,train_048,4,0.04099619264403979,0.024784020613878965,0.04609677009284496,0.8544827302296957,0.033640320568035044
autotransformer,0,ensemble,train_049,2,0.08355272002518177,0.7251304785410563,0.1484362706542015,0.02823850334001084,0.014642008619072536
autotransformer,0,ensemble,train_050,4,0.06381837526957194,0.1152327557404836,0.6147483189900717,0.12030868232250214,0.08589183787504832
autotransformer,0,ensemble,train_051,3,0.03433179793258508,0.5917428334554037,0.355843981107076,0.0101239246626695,0.00795744980374972
autotransformer,0,ensemble,train_052,3,0.0483348478252689,0.018351771713544924,0.2500229515135288,0.6626306374867758,0.020659802481532097
autotransformer,0,ensemble,train_053,3,0.02550745972742637,0.28041637937227887,0.6493108669916788,0.028775476850569248,0.015989797965933878
autotransformer,0,ensemble,train_054,2,0.0744214802980423,0.8313185373942057,0.07705425719420116,0.012699394331624111,0.004506326125313838
autotransformer,0,ensemble,train_055,3,0.027406591068332393,0.011865416541695595,0.37904949858784676,0.543433760603269,0.038244726757208504
autotransformer,0,ensemble,train_056,1,0.8304876685142517,0.10252412408590317,0.018272251045952242,0.029509995443125565,0.019205906428396702
autotransformer,0,ensemble,train_057,1,0.08808728369573753,0.7189623117446899,0.13758919574320316,0.03974859416484833,0.015612676778497795
autotransformer,0,ensemble,train_058,1,0.5727809468905131,0.15621683249870935,0.13769385047877827,0.11140641554569204,0.021901952102780342
autotransformer,0,ensemble,train_059,2,0.11540744329492252,0.8214894334475199,0.015342071341971556,0.03680632232377926,0.010954714845865965
autotransformer,0,ensemble,train_060,3,0.3858843296766281,0.31221534063418704,0.2536349296569824,0.03151564175883929,0.016749784350395203
autotransformer,0,ensemble,train_061,2,0.0714559443295002,0.7401914199193319,0.1474978836874167,0.026513293230285246,0.014341465236308673
autotransformer,0,ensemble,train_062,3,0.010973584488965571,0.35852542519569397,0.6193987727165222,0.0050189250614494085,0.006083275269096096
autotransformer,0,ensemble,train_063,2,0.27236037825544673,0.10447727888822556,0.066717063387235,0.42852893968423206,0.12791628576815128
autotransformer,0,ensemble,train_064,2,0.060300566256046295,0.6507695317268372,0.25409481922785443,0.02139974998620649,0.013435309131940206
autotransformer,0,ensemble,train_065,3,0.0479846919576327,0.7105069160461426,0.22577219704786936,0.008772239709893862,0.006963957411547502
autotransformer,0,ensemble,train_066,2,0.4059999758998553,0.1375490135202805,0.023190547712147236,0.41090939939022064,0.022351055095593136
autotransformer,0,ensemble,train_067,3,0.056813303381204605,0.12611823777357736,0.7010960380236307,0.08824017643928528,0.02773227666815122
autotransformer,0,ensemble,train_068,3,0.016998685896396637,0.3812437951564789,0.5841876169045767,0.007937463466078043,0.009632420920146009
autotransformer,0,ensemble,train_069,2,0.6608580599228541,0.10615522849063079,0.043506327706078686,0.015079529955983162,0.17440081240298846
autotransformer,0,ensemble,train_070,2,0.0201762521173805,0.3182741751273473,0.642485092083613,0.00690763839520514,0.012156823029120764
autotransformer,0,ensemble,train_071,4,0.15461869786183038,0.1483872582515081,0.19535142555832863,0.42223972578843433,0.07940293724338214
autotransformer,0,ensemble,train_072,4,0.19134153332561255,0.024443012041350205,0.02834035363048315,0.5881501783927282,0.1677249421676
autotransformer,0,ensemble,train_073,2,0.19132225215435028,0.6218106547991434,0.13600239219764867,0.037922172186275326,0.012942541856318712
autotransformer,0,ensemble,train_074,3,0.023154127101103466,0.1992186407248179,0.7359414100646973,0.02520888578146696,0.01647692204763492
autotransformer,0,ensemble,train_075,2,0.03347663519283136,0.7208802302678426,0.2242585743467013,0.013488760218024254,0.007895786703253785
autotransformer,0,ensemble,train_076,2,0.23193439344565073,0.7296252648035685,0.022836561625202496,0.01013265068953236,0.005471116863191128
autotransformer,0,ensemble,train_077,3,0.008710529305972159,0.029597828164696693,0.8655975461006165,0.012821624055504799,0.08327247202396393
autotransformer,0,ensemble,train_078,3,0.07269731226066749,0.13033452133337656,0.18590237200260162,0.04657007474452257,0.5644957721233368
autotransformer,0,ensemble,train_079,2,0.7144621213277181,0.2320181280374527,0.02633345468590657,0.01410850688504676,0.013077791780233383
autotransformer,0,ensemble,train_080,1,0.37160350879033405,0.4236700137456258,0.15407242874304453,0.022969872613127034,0.027684176340699196
autotransformer,0,ensemble,train_081,3,0.019754028762690723,0.20554020876685777,0.7535993456840515,0.006794355111196637,0.014312069863080978
autotransformer,0,ensemble,train_082,3,0.04588092242678007,0.40542295575141907,0.03611991119881471,0.07809459542234738,0.4344816406567891
autotransformer,0,ensemble,train_083,1,0.04293814984460672,0.09923591961463292,0.6516870856285095,0.14605796088775,0.06008085422217846
autotransformer,0,ensemble,train_084,5,0.11660002792874972,0.0931355208158493,0.4036729335784912,0.18161869049072266,0.20497280359268188
autotransformer,0,ensemble,train_085,3,0.11442444349328677,0.26604299743970233,0.3673423578341802,0.06047681346535683,0.19171338280042013
autotransformer,0,ensemble,train_086,2,0.10463952521483104,0.7459765871365865,0.08200468930105369,0.02849637728650123,0.03888282459229231
autotransformer,0,ensemble,train_087,3,0.008806250213334957,0.009015401670088371,0.03671091546614965,0.9252108534177145,0.020256647219260532
autotransformer,0,ensemble,train_088,2,0.15314646329109868,0.02088792249560356,0.6781947414080302,0.042195439261073865,0.10557545783619086
autotransformer,0,ensemble,train_089,2,0.05118640263875326,0.1136261560022831,0.39250581463177997,0.3939718008041382,0.04870982778569063
autotransformer,0,ensemble,train_090,4,0.09133778574566047,0.03200339960555235,0.47772833704948425,0.28854939341545105,0.1103810602799058
autotransformer,0,ensemble,train_091,2,0.028993735710779827,0.11822728564341863,0.8121264775594076,0.030627718660980463,0.01002479794745644
autotransformer,0,ensemble,train_092,2,0.1558586498722434,0.519302765528361,0.04002865279714266,0.18855286637941995,0.09625706387062867
autotransformer,0,ensemble,train_093,3,0.06888867138574521,0.6197764873504639,0.04028658444682757,0.05893794229875008,0.21211030582586923
autotransformer,0,ensemble,train_094,3,0.14038695643345514,0.45595043897628784,0.323051189382871,0.01037724611038963,0.07023414721091588
autotransformer,0,ensemble,train_095,3,0.022791202800969284,0.04217998683452606,0.7227168083190918,0.1313519962131977,0.08096000893662374
autotransformer,0,ensemble,train_096,2,0.4439949542284012,0.520886979997158,0.019942591277261574,0.00781482388265431,0.007360626632968585
autotransformer,0,ensemble,train_097,3,0.4022820641597112,0.43846436589956284,0.10551411658525467,0.010243547769884268,0.04349590713779131
autotransformer,0,ensemble,train_098,1,0.01719858528425296,0.08529316261410713,0.6002743939558665,0.27736950914065045,0.019864330999553204
autotransformer,0,ensemble,train_099,3,0.03627349498371283,0.06000541398922602,0.7621204654375712,0.12331854303677876,0.018282094194243353
autotransformer,0,ensemble,train_100,5,0.01555062442397078,0.015766803330431383,0.16382592792312303,0.023535837807382148,0.7813207507133484
autotransformer,0,ensemble,train_101,2,0.04963044635951519,0.5378371079762777,0.3696119288603465,0.025388519900540512,0.017531974706798792
autotransformer,0,ensemble,train_102,2,0.2793284555276235,0.6318960587183634,0.0416616036867102,0.041254048546155296,0.00585981043210874
autotransformer,0,ensemble,train_103,3,0.026386623891691368,0.06709124023715655,0.45299936334292096,0.41012317935625714,0.043399542570114136
autotransformer,0,ensemble,train_104,1,0.4790193239847819,0.256332407395045,0.2191095439096292,0.03191679948940873,0.013621877878904343
autotransformer,0,ensemble,train_105,4,0.07241099886596203,0.061795965457955994,0.03202445122102896,0.48413890103499096,0.3496297150850296
autotransformer,0,ensemble,train_106,1,0.9283607006072998,0.03396269337584575,0.013350654082993666,0.011915887395540873,0.012410075093309084
autotransformer,0,ensemble,train_107,3,0.015161226503551006,0.17387992391983667,0.7884358366330465,0.006896480064218243,0.015626538001621764
autotransformer,0,ensemble,train_108,1,0.658461332321167,0.18914397060871124,0.014677974550674358,0.12411317229270935,0.013603564739848176
autotransformer,0,ensemble,train_109,3,0.03457380303492149,0.210228830575943,0.7230695088704427,0.02108557739605506,0.011042259400710464
autotransformer,0,ensemble,train_110,1,0.33845693866411847,0.6405467490355173,0.009099518104145924,0.008249324280768633,0.003647490714987119
autotransformer,0,ensemble,train_111,3,0.014345627510920167,0.3372051666180293,0.627382755279541,0.008159176989768943,0.012907277753887078
autotransformer,0,ensemble,train_112,1,0.5870774785677592,0.37784915169080097,0.019197403608510893,0.008502188604325056,0.007373767361665766
autotransformer,0,ensemble,train_113,3,0.03986542858183384,0.04113629584511121,0.08645704574882984,0.6609964172045389,0.17154483869671822
autotransformer,0,ensemble,train_114,3,0.03403623728081584,0.05925216401616732,0.28810836498936016,0.1768451246122519,0.4417580763498942
autotransformer,0,ensemble,train_115,3,0.031775606175263725,0.11801040669282277,0.7069111466407776,0.11294584752370913,0.03035696145767967
autotransformer,0,ensemble,train_116,4,0.02541227809463938,0.02842149945596854,0.6722678045431772,0.21004923929770788,0.06384918528298537
autotransformer,0,ensemble,train_117,1,0.8684183359146118,0.10250086275239785,0.00716975509809951,0.009821525154014429,0.012089520382384459
autotransformer,0,ensemble,train_118,2,0.30537551641464233,0.6258080999056498,0.03350770566612482,0.020736326463520527,0.014572313521057367
autotransformer,0,ensemble,train_119,2,0.18196346859137216,0.689529687166214,0.09750422835350037,0.019452752778306603,0.01154985441826284
autotransformer,0,ensemble,train_120,5,0.03719379814962546,0.0286465206493934,0.5854705472787222,0.194253904124101,0.15443522483110428
autotransformer,1,42,train_001,2,0.1214166060090065,0.7985575795173645,0.042578790336847305,0.014139666222035885,0.02330728992819786
autotransformer,1,42,train_002,5,0.018210578709840775,0.06032369285821915,0.19754189252853394,0.6221005320549011,0.10182330012321472
autotransformer,1,42,train_003,2,0.017896460369229317,0.16712987422943115,0.7908691167831421,0.010776734910905361,0.013327810913324356
autotransformer,1,42,train_004,4,0.015506577678024769,0.03346830606460571,0.25780096650123596,0.6346817016601562,0.05854249745607376
autotransformer,1,42,train_005,5,0.0018693003803491592,0.005078741814941168,0.033308181911706924,0.9546947479248047,0.00504901260137558
autotransformer,1,42,train_006,2,0.3728969693183899,0.6225364804267883,0.0006598401814699173,0.002425635699182749,0.0014811240835115314
autotransformer,1,42,train_007,2,0.20216897130012512,0.5113028287887573,0.2391095608472824,0.03394005820155144,0.013478558510541916
autotransformer,1,42,train_008,5,0.034877959638834,0.01313520036637783,0.05918702110648155,0.28585320711135864,0.6069466471672058
autotransformer,1,42,train_009,3,0.15629303455352783,0.4968201816082001,0.1542971432209015,0.17482084035873413,0.01776888780295849
autotransformer,1,42,train_010,2,0.07451818883419037,0.8237352967262268,0.08045075833797455,0.017219891771674156,0.0040758647955954075
autotransformer,1,42,train_011,3,0.0056793466210365295,0.1732628345489502,0.8007200956344604,0.011624160222709179,0.00871360395103693
autotransformer,1,42,train_012,5,0.06810948997735977,0.18704162538051605,0.11089726537466049,0.29517096281051636,0.3387806713581085
autotransformer,1,42,train_013,2,0.01708788052201271,0.1671702265739441,0.7577601075172424,0.034061454236507416,0.023920321837067604
autotransformer,1,42,train_014,5,0.026873469352722168,0.046435557305812836,0.08782969415187836,0.12513473629951477,0.7137264609336853
autotransformer,1,42,train_015,3,0.019823310896754265,0.2530461251735687,0.705504298210144,0.013611899688839912,0.008014369755983353
autotransformer,1,42,train_016,4,0.3065812587738037,0.04870261251926422,0.0495634488761425,0.22164034843444824,0.373512327671051
autotransformer,1,42,train_017,2,0.09169478714466095,0.2987960875034332,0.5766391754150391,0.013093543238937855,0.019776368513703346
autotransformer,1,42,train_018,5,0.3430289924144745,0.2815496027469635,0.05969137325882912,0.08613038063049316,0.22959968447685242
autotransformer,1,42,train_019,3,0.0005343122757039964,0.07112351804971695,0.9263070821762085,0.0010115883778780699,0.001023512682877481
autotransformer,1,42,train_020,2,0.08023976534605026,0.9174332618713379,0.0006185260717757046,0.000773440464399755,0.0009350369800813496
autotransformer,1,42,train_021,5,0.007263797335326672,0.0043124123476445675,0.009429901838302612,0.012303127907216549,0.9666907787322998
autotransformer,1,42,train_022,4,0.24595174193382263,0.0026680422015488148,0.003290464635938406,0.5111523866653442,0.23693731427192688
autotransformer,1,42,train_023,3,0.012983051128685474,0.04653652384877205,0.716669499874115,0.08756019920110703,0.13625074923038483
autotransformer,1,42,train_024,5,0.028707796707749367,0.024035098031163216,0.05721012130379677,0.0329849049448967,0.857062041759491
autotransformer,1,42,train_025,5,0.000437423208495602,0.0004362412728369236,0.0019063614308834076,0.004929952323436737,0.9922899603843689
autotransformer,1,42,train_026,3,0.011339632794260979,0.00997094064950943,0.5430294871330261,0.4266822040081024,0.00897768884897232
autotransformer,1,42,train_027,2,0.02390744909644127,0.6040850281715393,0.3265436887741089,0.03291729837656021,0.012546509504318237
autotransformer,1,42,train_028,4,0.014496498741209507,0.008688070811331272,0.16324257850646973,0.8034432530403137,0.01012958213686943
autotransformer,1,42,train_029,2,0.03146499767899513,0.9346871972084045,0.024664971977472305,0.005714085418730974,0.0034687737934291363
autotransformer,1,42,train_030,5,0.023688746616244316,0.05493902042508125,0.5394287705421448,0.055770862847566605,0.3261725604534149
autotransformer,1,42,train_031,4,0.026579303666949272,0.08353899419307709,0.46563416719436646,0.3759632706642151,0.04828425869345665
autotransformer,1,42,train_032,3,0.016888156533241272,0.02077666111290455,0.047471702098846436,0.2713856101036072,0.6434778571128845
autotransformer,1,42,train_033,1,0.6338143944740295,0.30314263701438904,0.014931452460587025,0.03851353004574776,0.009597955271601677
autotransformer,1,42,train_034,2,0.011240752413868904,0.33803462982177734,0.533616304397583,0.08313211053609848,0.03397618234157562
autotransformer,1,42,train_035,2,0.9409123659133911,0.0503540076315403,0.0012932023964822292,0.00404989393427968,0.003390679368749261
autotransformer,1,42,train_036,2,0.00969694647938013,0.08063206821680069,0.8519815802574158,0.012203548103570938,0.04548589512705803
autotransformer,1,42,train_037,2,0.21358387172222137,0.617759108543396,0.07066565006971359,0.062106356024742126,0.035885028541088104
autotransformer,1,42,train_038,3,0.02591940015554428,0.02957414835691452,0.18341746926307678,0.12970100343227386,0.6313879489898682
autotransformer,1,42,train_039,3,0.003040427342057228,0.954858124256134,0.0398113913834095,0.0014515722868964076,0.0008384823449887335
autotransformer,1,42,train_040,2,0.04770096018910408,0.8255802392959595,0.09471102803945541,0.022468270733952522,0.009539470076560974
autotransformer,1,42,train_041,3,0.002372568938881159,0.01609029993414879,0.9462873935699463,0.02890508621931076,0.006344693247228861
autotransformer,1,42,train_042,2,0.000695071998052299,0.0006338822422549129,0.002722387434914708,0.03649364039301872,0.9594550728797913
autotransformer,1,42,train_043,4,0.04062410444021225,0.13563252985477448,0.52005934715271,0.11743120104074478,0.18625280261039734
autotransformer,1,42,train_044,3,0.00363940023817122,0.21551576256752014,0.7507799863815308,0.025846244767308235,0.004218613263219595
autotransformer,1,42,train_045,3,0.021459383890032768,0.04834407940506935,0.5437270998954773,0.0889415293931961,0.29752784967422485
autotransformer,1,42,train_046,4,0.010753769427537918,0.9796742796897888,0.002115590963512659,0.0009159822948276997,0.006540373433381319
autotransformer,1,42,train_047,2,0.028026098385453224,0.2577754259109497,0.6785354018211365,0.02229566127061844,0.013367373496294022
autotransformer,1,42,train_048,4,0.057602524757385254,0.08577948063611984,0.11951401829719543,0.7164735198020935,0.020630499348044395
autotransformer,1,42,train_049,2,0.0930701494216919,0.8123984932899475,0.07547193765640259,0.01480160653591156,0.004257875494658947
autotransformer,1,42,train_050,4,0.05556055158376694,0.11919945478439331,0.19083957374095917,0.6116765141487122,0.022723928093910217
autotransformer,1,42,train_051,3,0.02831084467470646,0.2647402286529541,0.6713212728500366,0.023693488910794258,0.01193416677415371
autotransformer,1,42,train_052,3,0.0011829183204099536,0.0004396975564304739,0.024076426401734352,0.9728351831436157,0.0014657704159617424
autotransformer,1,42,train_053,3,0.0004584900161717087,0.03171323239803314,0.965898334980011,0.0013805663911625743,0.0005493994103744626
autotransformer,1,42,train_054,2,0.08397714048624039,0.6745530366897583,0.19260792434215546,0.03816040977835655,0.010701521299779415
autotransformer,1,42,train_055,3,0.016838738694787025,0.055600617080926895,0.7615901231765747,0.1027979925274849,0.06317257881164551
autotransformer,1,42,train_056,1,0.8744255900382996,0.08066065609455109,0.007867894135415554,0.026436157524585724,0.010609746910631657
autotransformer,1,42,train_057,1,0.01327142771333456,0.9527220129966736,0.02242879755795002,0.009374425746500492,0.0022033273708075285
autotransformer,1,42,train_058,1,0.931149959564209,0.028985392302274704,0.0034018545411527157,0.02861853316426277,0.007844239473342896
autotransformer,1,42,train_059,2,0.5323168635368347,0.35496461391448975,0.021954447031021118,0.06428369879722595,0.026480400934815407
autotransformer,1,42,train_060,3,0.10456948727369308,0.8262341022491455,0.05486631393432617,0.007793935481458902,0.00653622392565012
autotransformer,1,42,train_061,2,0.11764249950647354,0.7238141298294067,0.12159645557403564,0.027766119688749313,0.009180827997624874
autotransformer,1,42,train_062,3,0.0027684627566486597,0.08889632672071457,0.8781044483184814,0.026335181668400764,0.0038955744821578264
autotransformer,1,42,train_063,2,0.06679613143205643,0.0007835158612579107,0.0009589140536263585,0.9254344701766968,0.006027029827237129
autotransformer,1,42,train_064,2,0.006771226413547993,0.2916930615901947,0.6827592253684998,0.011006991378962994,0.007769452407956123
autotransformer,1,42,train_065,3,0.028259046375751495,0.5636823773384094,0.3757210075855255,0.021086473017930984,0.011251135729253292
autotransformer,1,42,train_066,2,0.364797979593277,0.39380916953086853,0.02555873990058899,0.20032352209091187,0.015510492026805878
autotransformer,1,42,train_067,3,0.06720679998397827,0.11906080693006516,0.6662887334823608,0.11282192170619965,0.03462166711688042
autotransformer,1,42,train_068,3,0.0014606035547330976,0.5254811644554138,0.4694560170173645,0.002300996333360672,0.0013012482086196542
autotransformer,1,42,train_069,2,0.7023446559906006,0.01796034723520279,0.013161309994757175,0.046774864196777344,0.2197588086128235
autotransformer,1,42,train_070,2,0.01873568445444107,0.2078225016593933,0.75211501121521,0.011224395595490932,0.010102437809109688
autotransformer,1,42,train_071,4,0.05962108448147774,0.08865663409233093,0.12899383902549744,0.694799542427063,0.02792895957827568
autotransformer,1,42,train_072,4,0.2326732724905014,0.06795323640108109,0.0416552759706974,0.3765229284763336,0.2811952829360962
autotransformer,1,42,train_073,2,0.15130029618740082,0.6761292219161987,0.09879685193300247,0.06581873446702957,0.007954912260174751
autotransformer,1,42,train_074,3,0.018610361963510513,0.15517689287662506,0.7926344275474548,0.02116585709154606,0.01241246983408928
autotransformer,1,42,train_075,2,0.007222251500934362,0.7089241147041321,0.2587989270687103,0.018778976052999496,0.006275742780417204
autotransformer,1,42,train_076,2,0.06891967356204987,0.8201572895050049,0.07664015889167786,0.02628752775490284,0.007995405234396458
autotransformer,1,42,train_077,3,0.009408969432115555,0.06033725291490555,0.6795478463172913,0.15213803946971893,0.09856787323951721
autotransformer,1,42,train_078,3,0.05834786221385002,0.061900634318590164,0.14536356925964355,0.016619578003883362,0.7177683115005493
autotransformer,1,42,train_079,2,0.8361539244651794,0.16002735495567322,0.0004693196970038116,0.0019167754799127579,0.001432696939446032
autotransformer,1,42,train_080,1,0.25856512784957886,0.44539675116539,0.2307884246110916,0.04103817418217659,0.024211460724473
autotransformer,1,42,train_081,3,0.026289120316505432,0.525120198726654,0.41454529762268066,0.02041219361126423,0.013633173890411854
autotransformer,1,42,train_082,3,0.06032971665263176,0.6222254633903503,0.19777581095695496,0.08411717414855957,0.03555181249976158
autotransformer,1,42,train_083,1,0.014849218539893627,0.01971903070807457,0.10488950461149216,0.8535947799682617,0.006947436835616827
autotransformer,1,42,train_084,5,0.001427802606485784,0.00320792687125504,0.7205374240875244,0.006110458634793758,0.26871636509895325
autotransformer,1,42,train_085,3,0.03042292222380638,0.030154336243867874,0.05432156100869179,0.0454254075884819,0.839675784111023
autotransformer,1,42,train_086,2,0.08675604313611984,0.7016604542732239,0.16540184617042542,0.032188531011343,0.013993102125823498
autotransformer,1,42,train_087,3,0.022309107705950737,0.024818848818540573,0.11828195303678513,0.5571915507316589,0.27739855647087097
autotransformer,1,42,train_088,2,0.0013534196186810732,0.0008241803152486682,0.009231786243617535,0.004399473778903484,0.9841910600662231
autotransformer,1,42,train_089,2,0.005573804955929518,0.0009848831687122583,0.003969934768974781,0.988055944442749,0.0014153855154290795
autotransformer,1,42,train_090,4,0.027873534709215164,0.03189915791153908,0.13149800896644592,0.7711668610572815,0.03756239265203476
autotransformer,1,42,train_091,2,0.002799740992486477,0.034191932529211044,0.9411336779594421,0.01712941564619541,0.004745143000036478
autotransformer,1,42,train_092,2,0.03394431248307228,0.6613854169845581,0.1676100492477417,0.11533530801534653,0.021724922582507133
autotransformer,1,42,train_093,3,0.0034920545294880867,0.9431381225585938,0.038070809096097946,0.0049744173884391785,0.010324680246412754
autotransformer,1,42,train_094,3,0.09124048054218292,0.48735326528549194,0.35645028948783875,0.025973964482545853,0.03898199647665024
autotransformer,1,42,train_095,3,0.011844655498862267,0.03299284353852272,0.7439121603965759,0.028070079162716866,0.1831802874803543
autotransformer,1,42,train_096,2,0.030736982822418213,0.9308509230613708,0.020367570221424103,0.012568519450724125,0.00547592481598258
autotransformer,1,42,train_097,3,0.0004742852470371872,0.00308753433637321,0.9858932495117188,0.0008120132843032479,0.009732895530760288
autotransformer,1,42,train_098,1,0.011048737913370132,0.05450482293963432,0.46684515476226807,0.42631155252456665,0.04128966107964516
autotransformer,1,42,train_099,3,0.05583776533603668,0.09625952690839767,0.37104862928390503,0.4587077498435974,0.018146352842450142
autotransformer,1,42,train_100,5,0.030859779566526413,0.058589868247509,0.36373111605644226,0.0458589568734169,0.5009602904319763
autotransformer,1,42,train_101,2,0.010513882152736187,0.328012079000473,0.6014119386672974,0.03513001650571823,0.02493208646774292
autotransformer,1,42,train_102,2,0.10810767114162445,0.796259343624115,0.06091999635100365,0.030084604397416115,0.0046283951960504055
autotransformer,1,42,train_103,3,0.01207001693546772,0.04135259613394737,0.5629613995552063,0.2738177180290222,0.10979826748371124
autotransformer,1,42,train_104,1,0.7377103567123413,0.19022643566131592,0.024272168055176735,0.03524317219853401,0.01254790648818016
autotransformer,1,42,train_105,4,0.2121148407459259,0.3710087835788727,0.03365226089954376,0.34566760063171387,0.03755652531981468
autotransformer,1,42,train_106,1,0.9232121109962463,0.003219250589609146,0.0023588817566633224,0.03602094575762749,0.03518885374069214
autotransformer,1,42,train_107,3,0.013237900100648403,0.11624062061309814,0.8485335111618042,0.01092183031141758,0.011066128499805927
autotransformer,1,42,train_108,1,0.5856747031211853,0.30259039998054504,0.022249210625886917,0.06725165992975235,0.0222339890897274
autotransformer,1,42,train_109,3,0.019119136035442352,0.30281731486320496,0.6281833052635193,0.023003624752163887,0.026876583695411682
autotransformer,1,42,train_110,1,0.38897377252578735,0.5337340831756592,0.025351691991090775,0.03944094479084015,0.012499513104557991
autotransformer,1,42,train_111,3,0.023556329309940338,0.23287715017795563,0.7049946188926697,0.02582542411983013,0.012746471911668777
autotransformer,1,42,train_112,1,0.8017901182174683,0.15877178311347961,0.013801549561321735,0.015576196834445,0.01006039883941412
autotransformer,1,42,train_113,3,0.039972078055143356,0.00048157275887206197,0.0009907821658998728,0.9556712508201599,0.002884373301640153
autotransformer,1,42,train_114,3,0.01105811633169651,0.043200548738241196,0.5596413016319275,0.2462918609380722,0.13980813324451447
autotransformer,1,42,train_115,3,0.10476396977901459,0.1525060534477234,0.4321269690990448,0.28671324253082275,0.0238898154348135
autotransformer,1,42,train_116,4,0.0008156271651387215,0.0009482995374128222,0.07352622598409653,0.9228259921073914,0.0018839503172785044
autotransformer,1,42,train_117,1,0.7816150188446045,0.1687137633562088,0.013287807814776897,0.025015894323587418,0.01136757805943489
autotransformer,1,42,train_118,2,0.26791396737098694,0.6443446278572083,0.040256161242723465,0.036976367235183716,0.010508835315704346
autotransformer,1,42,train_119,2,0.11722685396671295,0.6854051351547241,0.15831181406974792,0.02960069291293621,0.00945542473345995
autotransformer,1,42,train_120,5,0.015862828120589256,0.012903775088489056,0.058748774230480194,0.04322569817304611,0.8692589402198792
autotransformer,1,7,train_001,2,0.14788849651813507,0.6844203472137451,0.11516740173101425,0.017725925892591476,0.03479786962270737
autotransformer,1,7,train_002,5,0.005938360933214426,0.02558894455432892,0.5444684624671936,0.37985482811927795,0.04414939507842064
autotransformer,1,7,train_003,2,0.1471659392118454,0.009749822318553925,0.8377447724342346,0.0012218354968354106,0.004117597825825214
autotransformer,1,7,train_004,4,0.0003391361387912184,0.001683102804236114,0.005845681298524141,0.9913724660873413,0.0007596082868985832
autotransformer,1,7,train_005,5,0.017447931692004204,0.09855779260396957,0.6584739685058594,0.190807044506073,0.034713298082351685
autotransformer,1,7,train_006,2,0.21220062673091888,0.7724460959434509,0.007007739972323179,0.005152071826159954,0.0031934878788888454
autotransformer,1,7,train_007,2,0.043381281197071075,0.5826171636581421,0.360593318939209,0.010087979026138783,0.0033203265629708767
autotransformer,1,7,train_008,5,0.017247915267944336,0.014036045409739017,0.11173877120018005,0.31484493613243103,0.5421323776245117
autotransformer,1,7,train_009,3,0.001704733120277524,0.002561780158430338,0.004302654881030321,0.9898871779441833,0.0015436947578564286
autotransformer,1,7,train_010,2,0.22260941565036774,0.7756259441375732,0.0011439817026257515,0.0003605482052080333,0.0002601419109851122
autotransformer,1,7,train_011,3,0.03734239190816879,0.23243370652198792,0.6901832818984985,0.0076886690221726894,0.03235192596912384
autotransformer,1,7,train_012,5,0.7676001787185669,0.03435017168521881,0.006558666937053204,0.14664746820926666,0.04484349116683006
autotransformer,1,7,train_013,2,0.0002668449014890939,0.0005294853472150862,0.9976765513420105,0.0007441153866238892,0.0007829851820133626
autotransformer,1,7,train_014,5,0.008866171352565289,0.01728350669145584,0.017024679109454155,0.06610821932554245,0.8907173871994019
autotransformer,1,7,train_015,3,0.009246621280908585,0.5253599882125854,0.46459445357322693,0.00034364196471869946,0.00045532479998655617
autotransformer,1,7,train_016,4,0.017994511872529984,0.0023582603316754103,0.0014939266256988049,0.03059615194797516,0.9475571513175964
autotransformer,1,7,train_017,2,0.9931976795196533,0.0034623481333255768,0.002466380363330245,0.00032713112886995077,0.0005465151043608785
autotransformer,1,7,train_018,5,0.03277077525854111,0.034955743700265884,0.04527570307254791,0.03885506093502045,0.8481428027153015
autotransformer,1,7,train_019,3,0.012319322675466537,0.6799241900444031,0.3002071678638458,0.0011726822704076767,0.0063766418024897575
autotransformer,1,7,train_020,2,0.1278936266899109,0.8599466681480408,0.006993713788688183,0.0027294419705867767,0.00243652006611228
autotransformer,1,7,train_021,5,0.0137567687779665,0.01622355543076992,0.09308084845542908,0.11731317639350891,0.7596256732940674
autotransformer,1,7,train_022,4,0.08412885665893555,0.007339611649513245,0.0049868556670844555,0.5760946869850159,0.3274499773979187
autotransformer,1,7,train_023,3,0.00013691566709894687,0.0006635680329054594,0.997232973575592,0.0008859880617819726,0.0010805113706737757
autotransformer,1,7,train_024,5,0.0031029535457491875,0.012759232893586159,0.25888940691947937,0.003968656528741121,0.7212797999382019
autotransformer,1,7,train_025,5,0.0054201302118599415,0.002219116548076272,0.0315944105386734,0.023247720673680305,0.9375185966491699
autotransformer,1,7,train_026,3,0.08394788950681686,0.1791071891784668,0.6045628190040588,0.09920858591794968,0.0331735722720623
autotransformer,1,7,train_027,2,0.013595394790172577,0.6594648957252502,0.3126046359539032,0.010689042508602142,0.003646019846200943
autotransformer,1,7,train_028,4,0.0406128354370594,0.056265976279973984,0.2896047532558441,0.5707747340202332,0.04274176061153412
autotransformer,1,7,train_029,2,0.21075625717639923,0.7340484261512756,0.041002433747053146,0.006566368043422699,0.007626448292285204
autotransformer,1,7,train_030,5,0.00041282735764980316,0.0014803498052060604,0.9836877584457397,0.004481256473809481,0.009937826544046402
autotransformer,1,7,train_031,4,0.00041809637332335114,0.0006291865138337016,0.9937453269958496,0.004244314506649971,0.0009630184504203498
autotransformer,1,7,train_032,3,0.027253083884716034,0.09901741147041321,0.11052483320236206,0.05871069058775902,0.7044939994812012
autotransformer,1,7,train_033,1,0.883793294429779,0.09185340255498886,0.0036115648690611124,0.016862431541085243,0.0038792043924331665
autotransformer,1,7,train_034,2,0.007046113256365061,0.33708977699279785,0.6439895629882812,0.007779513485729694,0.004095027688890696
autotransformer,1,7,train_035,2,0.9202370643615723,0.02677219733595848,0.0181223563849926,0.024255048483610153,0.010613279417157173
autotransformer,1,7,train_036,2,0.03632345050573349,0.20250758528709412,0.7226760983467102,0.0077617233619093895,0.030731163918972015
autotransformer,1,7,train_037,2,0.004601899068802595,0.993061363697052,0.0017456931527704,0.00023306949879042804,0.0003579825861379504
autotransformer,1,7,train_038,3,0.00042537960689514875,0.00040192922460846603,0.9873687624931335,0.001659197499975562,0.010144734755158424
autotransformer,1,7,train_039,3,0.03542047739028931,0.332973450422287,0.6126466393470764,0.009413033723831177,0.009546353481709957
autotransformer,1,7,train_040,2,0.018772685900330544,0.9249905347824097,0.052204281091690063,0.002893107710406184,0.0011394283501431346
autotransformer,1,7,train_041,3,0.019449539482593536,0.09434264153242111,0.8395597338676453,0.014660065062344074,0.03198800981044769
autotransformer,1,7,train_042,2,0.004182413686066866,0.002356002340093255,0.015700506046414375,0.12518319487571716,0.8525779247283936
autotransformer,1,7,train_043,4,0.05766399949789047,0.0038194325752556324,0.7700265049934387,0.011542700231075287,0.1569473147392273
autotransformer,1,7,train_044,3,0.03271619603037834,0.3200004994869232,0.6124585270881653,0.01240430399775505,0.02242046222090721
autotransformer,1,7,train_045,3,0.0003463465254753828,0.0004122123646084219,0.9864081144332886,0.0034207976423203945,0.009412465617060661
autotransformer,1,7,train_046,4,0.5414952635765076,0.41128045320510864,0.006636693142354488,0.019512437283992767,0.021075168624520302
autotransformer,1,7,train_047,2,0.0006254942854866385,0.0032217316329479218,0.995050847530365,0.0004363975313026458,0.0006655222387053072
autotransformer,1,7,train_048,4,0.007375611923635006,0.013345379382371902,0.0788903683423996,0.8843263983726501,0.016062160953879356
autotransformer,1,7,train_049,2,0.44563549757003784,0.552198588848114,0.0014863639371469617,0.00039331649895757437,0.0002862582332454622
autotransformer,1,7,train_050,4,0.008282549679279327,0.08495590835809708,0.863345205783844,0.03816872090101242,0.005247706081718206
autotransformer,1,7,train_051,3,0.0006860171561129391,0.010594329796731472,0.9873576164245605,0.0006113923736847937,0.0007506263791583478
autotransformer,1,7,train_052,3,0.009235703386366367,0.010810614563524723,0.4802429676055908,0.4891815781593323,0.010529140010476112
autotransformer,1,7,train_053,3,0.016571566462516785,0.8878677487373352,0.09154507517814636,0.0010124543914571404,0.0030031937640160322
autotransformer,1,7,train_054,2,0.002843197900801897,0.13687004148960114,0.8539174199104309,0.0042863101698458195,0.0020830482244491577
autotransformer,1,7,train_055,3,0.00036065312451682985,0.0003829511406365782,0.9971822500228882,0.0011526808375492692,0.0009214633610099554
autotransformer,1,7,train_056,1,0.9970396161079407,0.0017286051297560334,0.00011983510194113478,0.0005796941695734859,0.000532275706063956
autotransformer,1,7,train_057,1,0.13700707256793976,0.7886946201324463,0.05802254006266594,0.008565211668610573,0.007710580248385668
autotransformer,1,7,train_058,1,0.767815351486206,0.16487519443035126,0.017579609528183937,0.03369081765413284,0.016039026901125908
autotransformer,1,7,train_059,2,0.6681532263755798,0.1497461497783661,0.004410345572978258,0.16609355807304382,0.01159664150327444
autotransformer,1,7,train_060,3,0.3402167558670044,0.5446542501449585,0.0933917835354805,0.008214290253818035,0.013522871769964695
autotransformer,1,7,train_061,2,0.021168071776628494,0.9685121178627014,0.00982340332120657,0.0001712593948468566,0.00032522823312319815
autotransformer,1,7,train_062,3,0.029544929042458534,0.21627040207386017,0.7151772975921631,0.015612001530826092,0.02339533343911171
autotransformer,1,7,train_063,2,0.06523578613996506,0.005924573168158531,0.005261613521724939,0.8976335525512695,0.025944488123059273
autotransformer,1,7,train_064,2,0.04593099281191826,0.36571240425109863,0.5606085658073425,0.008031009696424007,0.019717073068022728
autotransformer,1,7,train_065,3,0.00731471786275506,0.23387429118156433,0.7473602890968323,0.006531840655952692,0.004918844439089298
autotransformer,1,7,train_066,2,0.845628023147583,0.07801260054111481,0.0007030211854726076,0.0735485777258873,0.0021077869459986687
autotransformer,1,7,train_067,3,0.000408539897762239,0.0016358396969735622,0.9969313144683838,0.0006445366889238358,0.00037969069671817124
autotransformer,1,7,train_068,3,0.012554025277495384,0.9070325493812561,0.07667193561792374,0.0008359015337191522,0.0029055930208414793
autotransformer,1,7,train_069,2,0.8036099672317505,0.10269937664270401,0.01634480431675911,0.030146583914756775,0.04719925671815872
autotransformer,1,7,train_070,2,0.01568625122308731,0.032882701605558395,0.9502676129341125,0.00044334938866086304,0.0007201135158538818
autotransformer,1,7,train_071,4,0.01055996585637331,0.03186272457242012,0.15886546671390533,0.77735835313797,0.021353505551815033
autotransformer,1,7,train_072,4,0.03216385468840599,0.0221781637519598,0.003106603631749749,0.9164202809333801,0.026131093502044678
autotransformer,1,7,train_073,2,0.0392390675842762,0.5622463226318359,0.2606278657913208,0.13097719848155975,0.006909518036991358
autotransformer,1,7,train_074,3,0.0002799044887069613,0.0006412545335479081,0.9977600574493408,0.00062345847254619,0.0006952648982405663
autotransformer,1,7,train_075,2,0.054272767156362534,0.6026287078857422,0.3101498782634735,0.009489508345723152,0.02345915697515011
autotransformer,1,7,train_076,2,0.021029021590948105,0.9419312477111816,0.032172929495573044,0.0036133246030658484,0.0012534910347312689
autotransformer,1,7,train_077,3,0.0027070101350545883,0.022021787241101265,0.9557563066482544,0.009161567315459251,0.010353379882872105
autotransformer,1,7,train_078,3,0.08898447453975677,0.07302134484052658,0.14204660058021545,0.027053287252783775,0.6688942909240723
autotransformer,1,7,train_079,2,0.8230749368667603,0.16755442321300507,0.0023592468351125717,0.003794400254264474,0.0032170319464057684
autotransformer,1,7,train_080,1,0.035891566425561905,0.012309781275689602,0.9465215802192688,0.0027398786041885614,0.0025371701922267675
autotransformer,1,7,train_081,3,0.0062075452879071236,0.08002714812755585,0.8977819681167603,0.004831968806684017,0.011151423677802086
autotransformer,1,7,train_082,3,0.004650346469134092,0.9697844982147217,0.0061493320390582085,0.0023489517625421286,0.017066840082406998
autotransformer,1,7,train_083,1,0.0051804399117827415,0.05003766342997551,0.931972086429596,0.003401168156415224,0.009408590383827686
autotransformer,1,7,train_084,5,0.002735792426392436,0.012876313179731369,0.9652893543243408,0.004317110870033503,0.01478139590471983
autotransformer,1,7,train_085,3,0.022204337641596794,0.1411086618900299,0.021974625065922737,0.002819683635607362,0.8118927478790283
autotransformer,1,7,train_086,2,0.0023181175347417593,0.9922549724578857,0.004754264373332262,0.00017339180340059102,0.0004992440808564425
autotransformer,1,7,train_087,3,0.0005014229100197554,0.002120316494256258,0.04171917960047722,0.9524728059768677,0.003186308080330491
autotransformer,1,7,train_088,2,0.2533847987651825,0.00984280090779066,0.15153543651103973,0.2364480048418045,0.34878891706466675
autotransformer,1,7,train_089,2,0.009144806303083897,0.04297139495611191,0.9259563684463501,0.01686493493616581,0.005062482785433531
autotransformer,1,7,train_090,4,0.0004749489016830921,0.0007763590547256172,0.9945207834243774,0.003646689234301448,0.000581116764806211
autotransformer,1,7,train_091,2,0.03906262665987015,0.21363705396652222,0.7133458256721497,0.013154917396605015,0.020799536257982254
autotransformer,1,7,train_092,2,0.021100062876939774,0.5034487843513489,0.4135296046733856,0.047188013792037964,0.014733554795384407
autotransformer,1,7,train_093,3,0.013217014260590076,0.6296350955963135,0.3412574529647827,0.0027638825122267008,0.013126569800078869
autotransformer,1,7,train_094,3,0.018626336008310318,0.2935507893562317,0.6697525382041931,0.003287143772467971,0.014783157035708427
autotransformer,1,7,train_095,3,0.00021923620079178363,0.0002864884736482054,0.9956187605857849,0.0009919656440615654,0.0028834703844040632
autotransformer,1,7,train_096,2,0.21792355179786682,0.6292985677719116,0.04032733663916588,0.03366464003920555,0.07878582179546356
autotransformer,1,7,train_097,3,0.013412723317742348,0.03621937334537506,0.9028791785240173,0.0030779645312577486,0.044410739094018936
autotransformer,1,7,train_098,1,0.002823762595653534,0.019112499430775642,0.9179658889770508,0.050521913915872574,0.009575947187840939
autotransformer,1,7,train_099,3,0.013346202671527863,0.048012204468250275,0.5644921660423279,0.3601858615875244,0.013963550329208374
autotransformer,1,7,train_100,5,0.0008800046052783728,0.0020539136603474617,0.9457576870918274,0.0015356865478679538,0.04977267608046532
autotransformer,1,7,train_101,2,0.004923895932734013,0.10462779551744461,0.8770822882652283,0.0059339250437915325,0.007432031445205212
autotransformer,1,7,train_102,2,0.1374310553073883,0.8606449365615845,0.0009251820156350732,0.0007530073635280132,0.00024584686616435647
autotransformer,1,7,train_103,3,0.00013978296192362905,0.0007061580545268953,0.9960471987724304,0.002401746576651931,0.000705199665389955
autotransformer,1,7,train_104,1,0.6300384402275085,0.31340378522872925,0.03176768124103546,0.013486445881426334,0.011303581297397614
autotransformer,1,7,train_105,4,0.056726038455963135,0.05169118568301201,0.043950993567705154,0.294209748506546,0.5534220933914185
autotransformer,1,7,train_106,1,0.8980912566184998,0.012159091420471668,0.007386792916804552,0.052360162138938904,0.030002687126398087
autotransformer,1,7,train_107,3,0.00039799310616217554,0.0006104988278821111,0.9982629418373108,0.0003058432776015252,0.00042276078602299094
autotransformer,1,7,train_108,1,0.807109534740448,0.08365019410848618,0.0018722497625276446,0.1031428724527359,0.004225226119160652
autotransformer,1,7,train_109,3,0.005663457792252302,0.11146030575037003,0.8695799112319946,0.004767627455294132,0.008528688922524452
autotransformer,1,7,train_110,1,0.147502601146698,0.8499106764793396,0.0008437224314548075,0.0007713233353570104,0.0009717078064568341
autotransformer,1,7,train_111,3,0.0003283545665908605,0.002600011182948947,0.995313286781311,0.0009258526260964572,0.0008325758972205222
autotransformer,1,7,train_112,1,0.8754274845123291,0.11300281435251236,0.005613377783447504,0.002899331273511052,0.0030570081435143948
autotransformer,1,7,train_113,3,0.010357042774558067,0.002087537432089448,0.005879960022866726,0.9636868834495544,0.017988676205277443
autotransformer,1,7,train_114,3,0.003256138414144516,0.008587847463786602,0.8578160405158997,0.028744248673319817,0.10159566253423691
autotransformer,1,7,train_115,3,0.021609457209706306,0.04290013760328293,0.7269849181175232,0.19872885942459106,0.009776598773896694
autotransformer,1,7,train_116,4,0.00642531318590045,0.01430281437933445,0.7832286357879639,0.18615353107452393,0.009889754466712475
autotransformer,1,7,train_117,1,0.9972902536392212,0.0017882661195471883,0.0002540854620747268,0.00040312018245458603,0.00026426377007737756
autotransformer,1,7,train_118,2,0.5949085354804993,0.4008498191833496,0.0008148470078594983,0.0019678992684930563,0.0014589220518246293
autotransformer,1,7,train_119,2,0.014523448422551155,0.9812204837799072,0.0038919150829315186,0.0001540223602205515,0.00021006993483752012
autotransformer,1,7,train_120,5,0.005070530343800783,0.004129061941057444,0.05037824064493179,0.011136018671095371,0.9292861819267273
autotransformer,1,123,train_001,2,0.0604674369096756,0.8821570873260498,0.04398060962557793,0.009434223175048828,0.0039606234058737755
autotransformer,1,123,train_002,5,0.0168986264616251,0.04437454417347908,0.12268614023923874,0.7687408924102783,0.047299791127443314
autotransformer,1,123,train_003,2,0.001117238192819059,0.01349184475839138,0.9822254180908203,0.00038123130798339844,0.002784194191917777
autotransformer,1,123,train_004,4,0.004196607507765293,0.005491781514137983,0.14682911336421967,0.8378188610076904,0.005663570016622543
autotransformer,1,123,train_005,5,0.028566308319568634,0.10911178588867188,0.6747100353240967,0.08860217779874802,0.099009670317173
autotransformer,1,123,train_006,2,0.12488771975040436,0.793167769908905,0.05200257524847984,0.023112531751394272,0.0068294452503323555
autotransformer,1,123,train_007,2,0.29913070797920227,0.6025483012199402,0.08631692081689835,0.00874487217515707,0.0032591968774795532
autotransformer,1,123,train_008,5,0.013669274747371674,0.008591105230152607,0.06385288387537003,0.37864813208580017,0.5352385640144348
autotransformer,1,123,train_009,3,0.10890331119298935,0.08393637835979462,0.41018161177635193,0.3496969938278198,0.04728175699710846
autotransformer,1,123,train_010,2,0.0019146554404869676,0.9925417900085449,0.004584984388202429,0.0007919804193079472,0.00016654869250487536
autotransformer,1,123,train_011,3,0.003187219612300396,0.11797565966844559,0.8605719804763794,0.006475927773863077,0.011789239943027496
autotransformer,1,123,train_012,5,0.008724414743483067,0.04422229900956154,0.006681675557047129,0.031280647963285446,0.9090909957885742
autotransformer,1,123,train_013,2,0.022267144173383713,0.10166171193122864,0.7957611680030823,0.03971489518880844,0.04059502109885216
autotransformer,1,123,train_014,5,0.0531543605029583,0.0738716572523117,0.032348062843084335,0.5242598652839661,0.316366046667099
autotransformer,1,123,train_015,3,0.002352694049477577,0.35927605628967285,0.6366839408874512,0.0009184915688820183,0.0007687747711315751
autotransformer,1,123,train_016,4,0.0024676737375557423,0.0020700462628155947,0.003379546105861664,0.006244623102247715,0.9858381152153015
autotransformer,1,123,train_017,2,0.8368818163871765,0.0908425971865654,0.06567488610744476,0.0012707457644864917,0.005329858046025038
autotransformer,1,123,train_018,5,0.013745446689426899,0.020048413425683975,0.03978893533349037,0.01637934520840645,0.9100378751754761
autotransformer,1,123,train_019,3,0.020918171852827072,0.5840702056884766,0.37483975291252136,0.008508676663041115,0.01166316494345665
autotransformer,1,123,train_020,2,0.07001090794801712,0.8393375277519226,0.07005597651004791,0.014616438187658787,0.005979121662676334
autotransformer,1,123,train_021,5,0.005553605500608683,0.004590445663779974,0.0441153421998024,0.045849572867155075,0.8998909592628479
autotransformer,1,123,train_022,4,0.04804570972919464,0.009629934094846249,0.010317321866750717,0.0822305828332901,0.8497763276100159
autotransformer,1,123,train_023,3,0.0010744642931967974,0.002892586635425687,0.9432325959205627,0.002079680096358061,0.05072067305445671
autotransformer,1,123,train_024,5,0.0032414754386991262,0.014220492914319038,0.8928442001342773,0.0014945847215130925,0.08819927275180817
autotransformer,1,123,train_025,5,0.011126096360385418,0.004675028380006552,0.027735212817788124,0.05064547061920166,0.9058181643486023
autotransformer,1,123,train_026,3,0.008826816454529762,0.053855929523706436,0.8828142881393433,0.04835273697972298,0.006150242406874895
autotransformer,1,123,train_027,2,0.010200321674346924,0.47788044810295105,0.49356192350387573,0.0148648452013731,0.0034925241488963366
autotransformer,1,123,train_028,4,0.01999998278915882,0.010017475113272667,0.06600811332464218,0.891210675239563,0.01276381779462099
autotransformer,1,123,train_029,2,0.10964430123567581,0.8648741245269775,0.017247522249817848,0.005632766522467136,0.0026012645103037357
autotransformer,1,123,train_030,5,0.02746931090950966,0.06590640544891357,0.6754827499389648,0.048272453248500824,0.182869091629982
autotransformer,1,123,train_031,4,0.08799929171800613,0.07091128081083298,0.3101356625556946,0.4815604090690613,0.04939332231879234
autotransformer,1,123,train_032,3,0.0041054715402424335,0.009960861876606941,0.043989479541778564,0.04576622694730759,0.8961780071258545
autotransformer,1,123,train_033,1,0.4942690134048462,0.47920531034469604,0.00899283867329359,0.01243028324097395,0.005102550145238638
autotransformer,1,123,train_034,2,0.01303885132074356,0.5527756214141846,0.3464052081108093,0.07112527638673782,0.016654983162879944
autotransformer,1,123,train_035,2,0.804997444152832,0.03904511407017708,0.04299500212073326,0.05449420586228371,0.0584682933986187
autotransformer,1,123,train_036,2,0.003536017844453454,0.08146572858095169,0.8926733136177063,0.0070890081115067005,0.015235913917422295
autotransformer,1,123,train_037,2,0.005121661815792322,0.9833173751831055,0.010215456597507,0.0010366179049015045,0.0003088946104981005
autotransformer,1,123,train_038,3,0.050910819321870804,0.01876959763467312,0.24583375453948975,0.21108907461166382,0.47339677810668945
autotransformer,1,123,train_039,3,0.04072601720690727,0.0887889713048935,0.7774034738540649,0.06419624388217926,0.028885282576084137
autotransformer,1,123,train_040,2,0.009256668388843536,0.7974592447280884,0.1795050948858261,0.01084823813289404,0.002930757822468877
autotransformer,1,123,train_041,3,0.0025704647414386272,0.04579848423600197,0.9305611848831177,0.00845884345471859,0.012611078098416328
autotransformer,1,123,train_042,2,0.012618630193173885,0.005142009351402521,0.020033277571201324,0.03948918730020523,0.9227168560028076
autotransformer,1,123,train_043,4,0.05634932219982147,0.020458655431866646,0.2629189193248749,0.23457810282707214,0.42569500207901
autotransformer,1,123,train_044,3,0.0033678722102195024,0.16789183020591736,0.8110432624816895,0.011640531942248344,0.006056518293917179
autotransformer,1,123,train_045,3,0.03587161749601364,0.026354029774665833,0.5136016011238098,0.09872160106897354,0.32545116543769836
autotransformer,1,123,train_046,4,0.23983104526996613,0.6570190787315369,0.03214248642325401,0.017655523493885994,0.05335182696580887
autotransformer,1,123,train_047,2,0.05500839650630951,0.3160809576511383,0.5853284001350403,0.022244269028306007,0.021337976679205894
autotransformer,1,123,train_048,4,0.03600527346134186,0.05241452902555466,0.04034452885389328,0.8582757711410522,0.012959823943674564
autotransformer,1,123,train_049,2,0.0025915056467056274,0.9936919212341309,0.0029720484744757414,0.0006080283201299608,0.0001365259668091312
autotransformer,1,123,train_050,4,0.060620564967393875,0.0875445306301117,0.065374955534935,0.7689278721809387,0.017532043159008026
autotransformer,1,123,train_051,3,0.06171443685889244,0.3417727053165436,0.5547042489051819,0.023431548848748207,0.018377086147665977
autotransformer,1,123,train_052,3,0.035470739006996155,0.06490597128868103,0.7048816084861755,0.17176589369773865,0.02297578565776348
autotransformer,1,123,train_053,3,0.027069900184869766,0.4855608642101288,0.4617195129394531,0.015586474910378456,0.01006330456584692
autotransformer,1,123,train_054,2,0.09853199124336243,0.7593511939048767,0.08444425463676453,0.044689130038022995,0.012983429245650768
autotransformer,1,123,train_055,3,0.03989550843834877,0.04154132306575775,0.7596889138221741,0.10662875324487686,0.05224553868174553
autotransformer,1,123,train_056,1,0.987490713596344,0.006723253522068262,0.0018329115118831396,0.0008648814400658011,0.0030883403960615396
autotransformer,1,123,train_057,1,0.01135715190321207,0.8994543552398682,0.07392227649688721,0.013566261157393456,0.001699982094578445
autotransformer,1,123,train_058,1,0.9197080135345459,0.046672772616147995,0.00818485114723444,0.016536196693778038,0.008898110128939152
autotransformer,1,123,train_059,2,0.36017000675201416,0.43398526310920715,0.03592904284596443,0.10600811243057251,0.06390758603811264
autotransformer,1,123,train_060,3,0.02200244553387165,0.5530067086219788,0.36967480182647705,0.0512990839779377,0.004016980994492769
autotransformer,1,123,train_061,2,0.11381538957357407,0.7592973709106445,0.08207754790782928,0.030438847839832306,0.014370807446539402
autotransformer,1,123,train_062,3,0.0033807072322815657,0.1226084977388382,0.8558380007743835,0.012172862887382507,0.005999935325235128
autotransformer,1,123,train_063,2,0.34190765023231506,0.048587996512651443,0.025848235934972763,0.4267742335796356,0.15688180923461914
autotransformer,1,123,train_064,2,0.0036174070555716753,0.19465674459934235,0.7860761284828186,0.008785104379057884,0.006864592898637056
autotransformer,1,123,train_065,3,0.016346875578165054,0.648343026638031,0.32019975781440735,0.011572208255529404,0.003538185264915228
autotransformer,1,123,train_066,2,0.0035161429550498724,0.013364005833864212,0.0031112302094697952,0.9777147769927979,0.00229385937564075
autotransformer,1,123,train_067,3,0.07006461918354034,0.004831962753087282,0.8980720639228821,0.003691158490255475,0.023340217769145966
autotransformer,1,123,train_068,3,0.024661248549818993,0.6970959901809692,0.26038190722465515,0.009321060962975025,0.008539767935872078
autotransformer,1,123,train_069,2,0.8457789421081543,0.023320205509662628,0.010624755173921585,0.05875600874423981,0.06152013689279556
autotransformer,1,123,train_070,2,0.001143770758062601,0.04021677002310753,0.956917941570282,0.0004915554309263825,0.0012299291556701064
autotransformer,1,123,train_071,4,0.023554548621177673,0.06903477758169174,0.04539353772997856,0.843325674533844,0.018691377714276314
autotransformer,1,123,train_072,4,0.18388992547988892,0.1391305923461914,0.030079292133450508,0.39456313848495483,0.2523370683193207
autotransformer,1,123,train_073,2,0.09399856626987457,0.6649838089942932,0.10042484849691391,0.1356806755065918,0.00491211237385869
autotransformer,1,123,train_074,3,0.047087736427783966,0.22385141253471375,0.6826474070549011,0.023768827319145203,0.02264469489455223
autotransformer,1,123,train_075,2,0.004353289492428303,0.4419710636138916,0.5368146300315857,0.010930712334811687,0.0059302798472344875
autotransformer,1,123,train_076,2,0.018105177208781242,0.9114004373550415,0.05916859209537506,0.009569501504302025,0.0017562726279720664
autotransformer,1,123,train_077,3,0.006997708696871996,0.08775437623262405,0.8341307640075684,0.044183142483234406,0.026933953166007996
autotransformer,1,123,train_078,3,0.022382179275155067,0.04486346244812012,0.2696228325366974,0.012583651579916477,0.6505478620529175
autotransformer,1,123,train_079,2,0.7108156681060791,0.24017184972763062,0.023793792352080345,0.013755002059042454,0.011463621631264687
autotransformer,1,123,train_080,1,0.18635325133800507,0.4082210063934326,0.36622604727745056,0.02005820907652378,0.019141502678394318
autotransformer,1,123,train_081,3,0.04637397825717926,0.7708251476287842,0.1662745177745819,0.012194468639791012,0.004331917501986027
autotransformer,1,123,train_082,3,0.045649901032447815,0.22580815851688385,0.19458669424057007,0.24090392887592316,0.2930513322353363
autotransformer,1,123,train_083,1,0.015421062707901001,0.07572173327207565,0.846030592918396,0.018281573429703712,0.044545065611600876
autotransformer,1,123,train_084,5,0.016438711434602737,0.05020568147301674,0.8641626238822937,0.03268492594361305,0.03650806099176407
autotransformer,1,123,train_085,3,0.0179152712225914,0.007901015691459179,0.836876630783081,0.0014731022529304028,0.1358340084552765
autotransformer,1,123,train_086,2,0.07807646691799164,0.7323128581047058,0.13945232331752777,0.02872481942176819,0.021433569490909576
autotransformer,1,123,train_087,3,0.002533834660425782,0.003841723781079054,0.04607723280787468,0.9436612725257874,0.003885861486196518
autotransformer,1,123,train_088,2,0.49220508337020874,0.017677826806902885,0.050733402371406555,0.13617120683193207,0.3032124638557434
autotransformer,1,123,train_089,2,0.04457634314894676,0.08790120482444763,0.5274309515953064,0.3185611367225647,0.02153036929666996
autotransformer,1,123,train_090,4,0.01283508725464344,0.014586015604436398,0.662186324596405,0.29800817370414734,0.012384406290948391
autotransformer,1,123,train_091,2,0.003577230032533407,0.08385421335697174,0.8963333368301392,0.009861856698989868,0.006373429670929909
autotransformer,1,123,train_092,2,0.06893660873174667,0.6935620307922363,0.05782222002744675,0.1642320305109024,0.015447168610990047
autotransformer,1,123,train_093,3,0.02034754864871502,0.6102067232131958,0.3396652340888977,0.014393876306712627,0.015386580489575863
autotransformer,1,123,train_094,3,0.05747409537434578,0.28684765100479126,0.6129547357559204,0.010639633052051067,0.03208385035395622
autotransformer,1,123,train_095,3,0.00090307422215119,0.002136426279321313,0.9734617471694946,0.0008490302716381848,0.022649642080068588
autotransformer,1,123,train_096,2,0.018823109567165375,0.9301119446754456,0.03481939062476158,0.011613743379712105,0.0046318587847054005
autotransformer,1,123,train_097,3,0.11890676617622375,0.20629937946796417,0.35959309339523315,0.01704755425453186,0.2981531620025635
autotransformer,1,123,train_098,1,0.016660207882523537,0.061894189566373825,0.289437472820282,0.6142776012420654,0.017730532214045525
autotransformer,1,123,train_099,3,0.046804532408714294,0.13456104695796967,0.39952030777931213,0.41101184487342834,0.008102278225123882
autotransformer,1,123,train_100,5,0.04418131709098816,0.03149072825908661,0.18433740735054016,0.06034418195486069,0.679646372795105
autotransformer,1,123,train_101,2,0.026097474619746208,0.49148863554000854,0.3263234496116638,0.13085640966892242,0.02523403987288475
autotransformer,1,123,train_102,2,0.004216266330331564,0.9889870285987854,0.002781275426968932,0.003737443359568715,0.0002779073256533593
autotransformer,1,123,train_103,3,0.0011589819332584739,0.0037989828269928694,0.9899429082870483,0.0024784402921795845,0.0026206031907349825
autotransformer,1,123,train_104,1,0.7529302835464478,0.12659139931201935,0.0224310290068388,0.08755937963724136,0.010487962514162064
autotransformer,1,123,train_105,4,0.2312421351671219,0.2039944976568222,0.022470111027359962,0.4834490120410919,0.05884423479437828
autotransformer,1,123,train_106,1,0.8043766021728516,0.04667891561985016,0.026242388412356377,0.014717483893036842,0.10798464715480804
autotransformer,1,123,train_107,3,0.0007847226224839687,0.010139180347323418,0.9868733286857605,0.00038660241989418864,0.0018162174383178353
autotransformer,1,123,train_108,1,0.3556917905807495,0.4509127736091614,0.0450497530400753,0.10771103203296661,0.04063468426465988
autotransformer,1,123,train_109,3,0.004737409763038158,0.16604726016521454,0.8120176196098328,0.007873700000345707,0.009324008598923683
autotransformer,1,123,train_110,1,0.15746334195137024,0.7427722215652466,0.05082743242383003,0.03249925374984741,0.0164377111941576
autotransformer,1,123,train_111,3,0.041205812245607376,0.37679523229599,0.5323271155357361,0.028660962358117104,0.021010911092162132
autotransformer,1,123,train_112,1,0.38837456703186035,0.5607685446739197,0.02741159126162529,0.009886340238153934,0.013559000566601753
autotransformer,1,123,train_113,3,0.02456641010940075,0.012589688412845135,0.02372252382338047,0.8464280366897583,0.09269335865974426
autotransformer,1,123,train_114,3,0.01092752255499363,0.019869597628712654,0.17690488696098328,0.419791579246521,0.37250643968582153
autotransformer,1,123,train_115,3,0.05740342289209366,0.15979626774787903,0.24464356899261475,0.5236910581588745,0.01446562446653843
autotransformer,1,123,train_116,4,0.02939232625067234,0.06778579205274582,0.6812450885772705,0.20083698630332947,0.020739790052175522
autotransformer,1,123,train_117,1,0.7591361403465271,0.2330085039138794,0.005180110689252615,0.001063028583303094,0.001612186781130731
autotransformer,1,123,train_118,2,0.17631196975708008,0.7175748944282532,0.05538785085082054,0.03569537773728371,0.015029837377369404
autotransformer,1,123,train_119,2,0.18080143630504608,0.6956279873847961,0.07512526214122772,0.03353119641542435,0.014914091676473618
autotransformer,1,123,train_120,5,0.005631919950246811,0.0028218296356499195,0.02271481603384018,0.031168580055236816,0.9376628994941711
autotransformer,1,ensemble,train_001,2,0.10992417981227239,0.7883783380190531,0.0672422672311465,0.01376660509655873,0.020688594318926334
autotransformer,1,ensemble,train_002,5,0.013682522034893433,0.04342906052867571,0.2882321650783221,0.5902320841948191,0.06442416210969289
autotransformer,1,ensemble,train_003,2,0.055393212591297925,0.06345718043545882,0.8702797691027323,0.004126600571908057,0.0067432009770224495
autotransformer,1,ensemble,train_004,4,0.006680773774860427,0.013547730127659937,0.1368252537213266,0.8212910095850626,0.021655225253198296
autotransformer,1,ensemble,train_005,5,0.015961180130640667,0.0709161067691942,0.455497395247221,0.4113679900765419,0.04625732700030009
autotransformer,1,ensemble,train_006,2,0.2366617719332377,0.7293834487597147,0.019890051800757647,0.010230079758912325,0.0038346857375775776
autotransformer,1,ensemble,train_007,2,0.1815603201587995,0.5654894312222799,0.22867326686779657,0.017590969800949097,0.006686027316997449
autotransformer,1,ensemble,train_008,5,0.021931716551383335,0.011920783668756485,0.07825955872734387,0.3264487584431966,0.5614391962687174
autotransformer,1,ensemble,train_009,3,0.08896702628893156,0.19443944670880833,0.18959380329276124,0.5048016707102457,0.02219811318597446
autotransformer,1,ensemble,train_010,2,0.09968075330834836,0.8639676769574484,0.02872657480960091,0.006124140132063379,0.0015008517996951316
autotransformer,1,ensemble,train_011,3,0.015402986047168573,0.17455740024646124,0.7838251193364462,0.008596252339581648,0.017618256621062756
autotransformer,1,ensemble,train_012,5,0.2814780278131366,0.0885380320250988,0.041379202622920275,0.15769969299435616,0.4309050527711709
autotransformer,1,ensemble,train_013,2,0.013207289865628505,0.08978714128412928,0.8503992756207784,0.024840154937313248,0.021766109372644376
autotransformer,1,ensemble,train_014,5,0.029631333736081917,0.04586357374986013,0.04573414536813895,0.23850094030300775,0.6402699649333954
autotransformer,1,ensemble,train_015,3,0.010474208742380142,0.3792273898919423,0.6022608975569407,0.004958011074146877,0.0030794897757004946
autotransformer,1,ensemble,train_016,4,0.10901448146129648,0.017710306371251743,0.01814564053590099,0.08616037449489038,0.768969198067983
autotransformer,1,ensemble,train_017,2,0.6405914276838303,0.13103367760777473,0.21492681396193802,0.004897140044098099,0.008550913888029754
autotransformer,1,ensemble,train_018,5,0.12984840478748083,0.11218458662430446,0.04825200388828913,0.047121595591306686,0.6625934541225433
autotransformer,1,ensemble,train_019,3,0.011257268934665868,0.4450393045941989,0.5337846676508585,0.003564315770442287,0.006354439809607963
autotransformer,1,ensemble,train_020,2,0.0927147666613261,0.8722391525904337,0.025889405456837267,0.0060397735408817725,0.0031168929029566548
autotransformer,1,ensemble,train_021,5,0.008858057204633951,0.008375471147398153,0.04887536416451136,0.05848862572262684,0.8754024704297384
autotransformer,1,ensemble,train_022,4,0.12604210277398428,0.006545862648636103,0.006198214056591193,0.38982588549455005,0.47138787309328717
autotransformer,1,ensemble,train_023,3,0.0047314770296604065,0.016697559505701065,0.88571168979009,0.03017528911974902,0.06268397788517177
autotransformer,1,ensemble,train_024,5,0.01168407523073256,0.017004941279689472,0.4029812427858512,0.01281604873171697,0.5555137048165003
autotransformer,1,ensemble,train_025,5,0.0056612165935803205,0.002443462066973249,0.02041199492911498,0.026274381205439568,0.9452089071273804
autotransformer,1,ensemble,train_026,3,0.03470477958520254,0.08097801978389423,0.6768021980921427,0.1914145089685917,0.01610050117596984
autotransformer,1,ensemble,train_027,2,0.015901055186986923,0.5804767906665802,0.3775700827439626,0.019490395362178486,0.006561684499805172
autotransformer,1,ensemble,train_028,4,0.025036438989142578,0.024990507401525974,0.17295181502898535,0.75514288743337,0.021878386847674847
autotransformer,1,ensemble,train_029,2,0.11728851869702339,0.8445365826288859,0.0276383093247811,0.005971073328206937,0.004565495532006025
autotransformer,1,ensemble,train_030,5,0.017190294961134594,0.04077525855973363,0.7328664263089498,0.0361748575232923,0.1729931595424811
autotransformer,1,ensemble,train_031,4,0.03833223058609292,0.05169315383924792,0.5898383855819702,0.2872559980799754,0.03288019982088978
autotransformer,1,ensemble,train_032,3,0.016082237319399912,0.0432516448199749,0.06732867161432902,0.12528750921289125,0.7480499545733134
autotransformer,1,ensemble,train_033,1,0.6706255674362183,0.291400449971358,0.009178618667647243,0.022602081609268982,0.006193236603091161
autotransformer,1,ensemble,train_034,2,0.010441905663659176,0.4093000094095866,0.5080036918322245,0.054012300136188664,0.018242064397782087
autotransformer,1,ensemble,train_035,2,0.8887156248092651,0.03872377301255862,0.02080352030073603,0.02759971609339118,0.024157417394841712
autotransformer,1,ensemble,train_036,2,0.016518804943189025,0.1215351273616155,0.8224436640739441,0.00901809319232901,0.03048432432115078
autotransformer,1,ensemble,train_037,2,0.07443581086893876,0.8647126158078512,0.027542266606663663,0.02112534780947802,0.012183968579241386
autotransformer,1,ensemble,train_038,3,0.025751866361436743,0.0162485584053987,0.4722066620985667,0.11414975851463775,0.371643153950572
autotransformer,1,ensemble,train_039,3,0.026395640646417935,0.4588735153277715,0.47662050152818364,0.025020283297635615,0.013090039467594275
autotransformer,1,ensemble,train_040,2,0.025243438159426052,0.8493433396021525,0.10880680133899052,0.012069872192417582,0.0045365520830576616
autotransformer,1,ensemble,train_041,3,0.008130857720971107,0.05207714190085729,0.9054694374402364,0.01734133157879114,0.016981260385364294
autotransformer,1,ensemble,train_042,2,0.00583203862576435,0.00271063131125023,0.012818723684176803,0.0670553408563137,0.9115832845369974
autotransformer,1,ensemble,train_043,4,0.051545808712641396,0.05330353928729892,0.5176682571570078,0.12118400136629741,0.25629837314287823
autotransformer,1,ensemble,train_044,3,0.013241156159589687,0.2344693640867869,0.7247605919837952,0.016630360235770542,0.010898531259347996
autotransformer,1,ensemble,train_045,3,0.019225782637173932,0.025036773848114535,0.6812456051508585,0.06369464270149668,0.21079716024299464
autotransformer,1,ensemble,train_046,4,0.2640266927580039,0.6826579372088114,0.01363159017637372,0.012694647690902153,0.026989123007903498
autotransformer,1,ensemble,train_047,2,0.027886663059083123,0.19235937173167864,0.7529715498288473,0.014992109276742363,0.011790290804735074
autotransformer,1,ensemble,train_048,4,0.03366113671412071,0.0505131296813488,0.07958297183116277,0.8196918964385986,0.016550828081866104
autotransformer,1,ensemble,train_049,2,0.1804323842128118,0.7860963344573975,0.026643450022675097,0.005267650451666365,0.0015602198982378468
autotransformer,1,ensemble,train_050,4,0.04148788874348005,0.0972332979242007,0.37318657835324603,0.4729243690768878,0.015167892444878817
autotransformer,1,ensemble,train_051,3,0.03023709956323728,0.20570242125540972,0.7377943793932596,0.01591214337774242,0.010353959766992679
autotransformer,1,ensemble,train_052,3,0.015296453571257492,0.02538542780287874,0.4030670008311669,0.5445942183335623,0.011656898694733778
autotransformer,1,ensemble,train_053,3,0.01469998555451942,0.4683806151151657,0.5063876410325369,0.005993165230999391,0.004538632580079138
autotransformer,1,ensemble,train_054,2,0.06178410987680157,0.5235914240280787,0.3769898662964503,0.02904528332874179,0.008589332923293114
autotransformer,1,ensemble,train_055,3,0.019031633419217542,0.03250829709577374,0.839487095673879,0.07019314220330368,0.03877986028480033
autotransformer,1,ensemble,train_056,1,0.9529853065808614,0.029704171582125127,0.003273546916413276,0.009293577711408338,0.0047434543375857174
autotransformer,1,ensemble,train_057,1,0.05387855072816213,0.8802903294563293,0.05145787137250105,0.01050196619083484,0.0038712965712572136
autotransformer,1,ensemble,train_058,1,0.8728911081949869,0.08017778644959132,0.009722105072190365,0.026281849170724552,0.010927125501135984
autotransformer,1,ensemble,train_059,2,0.5202133655548096,0.3128986756006877,0.020764611816654604,0.11212845643361409,0.033994876158734165
autotransformer,1,ensemble,train_060,3,0.15559622955818972,0.6412983536720276,0.17264429976542792,0.02243576990440488,0.008025358896702528
autotransformer,1,ensemble,train_061,2,0.08420865361889203,0.8172078728675842,0.0711658022676905,0.01945874230780949,0.007958954559095824
autotransformer,1,ensemble,train_062,3,0.01189803301046292,0.14259174217780432,0.8163732488950094,0.01804001536220312,0.011096947748834888
autotransformer,1,ensemble,train_063,2,0.15797985593477884,0.01843202851402263,0.010689587836774686,0.7499474187692007,0.06295110906163852
autotransformer,1,ensemble,train_064,2,0.018773208760345977,0.2840207368135452,0.676481306552887,0.009274368484814962,0.011450372791538635
autotransformer,1,ensemble,train_065,3,0.017306879938890535,0.48196656505266827,0.48109368483225506,0.01306350730980436,0.006569388477752606
autotransformer,1,ensemble,train_066,2,0.40464738189863664,0.16172859196861586,0.009790997098510465,0.417195625603199,0.006637379449481766
autotransformer,1,ensemble,train_067,3,0.04589331968842695,0.041842869793375335,0.8537640372912089,0.03905253896179298,0.019447191860914852
autotransformer,1,ensemble,train_068,3,0.012891959127349159,0.709869901339213,0.2688366199533145,0.004152652943351616,0.004248869721777737
autotransformer,1,ensemble,train_069,2,0.7839111884435018,0.047993309795856476,0.013376956495145956,0.045225818951924644,0.10949273407459259
autotransformer,1,ensemble,train_070,2,0.011855235478530327,0.09364065776268642,0.8864335219065348,0.004053100138359393,0.004017493493544559
autotransformer,1,ensemble,train_071,4,0.031245199653009575,0.0631847120821476,0.11108428115646045,0.7718278566996256,0.02265794761478901
autotransformer,1,ensemble,train_072,4,0.14957568421959877,0.07642066416641076,0.02494705724529922,0.5625021159648895,0.18655448158582053
autotransformer,1,ensemble,train_073,2,0.0948459766805172,0.6344531178474426,0.15328318874041238,0.11082553615172704,0.0065921808903415995
autotransformer,1,ensemble,train_074,3,0.021992667626667146,0.1265565199816289,0.8243472973505656,0.015186047627745817,0.011917476542294025
autotransformer,1,ensemble,train_075,2,0.0219494360499084,0.584507962067922,0.36858781178792316,0.013066398911178112,0.011888393200933933
autotransformer,1,ensemble,train_076,2,0.03601795745392641,0.8911629915237427,0.055993893494208656,0.013156784620756904,0.0036683896323665977
autotransformer,1,ensemble,train_077,3,0.00637122942134738,0.056704472129543625,0.8231449723243713,0.06849424975613753,0.045285068762799106
autotransformer,1,ensemble,train_078,3,0.056571505342920624,0.05992848053574562,0.18567766745885214,0.018752172278861206,0.6790701548258463
autotransformer,1,ensemble,train_079,2,0.7900148431460062,0.18925120929876962,0.008874119628065577,0.006488725931073229,0.005371116839038829
autotransformer,1,ensemble,train_080,1,0.1602699818710486,0.2886425129448374,0.5145120173692703,0.02127875395429631,0.015296711198364695
autotransformer,1,ensemble,train_081,3,0.026290214620530605,0.45865749816099805,0.49286726117134094,0.012479543685913086,0.009705505023399988
autotransformer,1,ensemble,train_082,3,0.03687665471807122,0.6059393733739853,0.1328372790788611,0.10912335159567495,0.11522332827250163
autotransformer,1,ensemble,train_083,1,0.011816907053192457,0.04849280913670858,0.6276307279864947,0.2917591738514602,0.02030036427701513
autotransformer,1,ensemble,train_084,5,0.006867435489160319,0.022096640508001048,0.8499964674313863,0.01437083181614677,0.10666860733181238
autotransformer,1,ensemble,train_085,3,0.023514177029331524,0.059721337941785656,0.3043909389525652,0.016572731159006555,0.5958008468151093
autotransformer,1,ensemble,train_086,2,0.05571687586295108,0.8087427616119385,0.10320281128709514,0.020362247412170593,0.01197530523252984
autotransformer,1,ensemble,train_087,3,0.008448121758798758,0.010260296364625296,0.06869278848171234,0.8177752097447714,0.09482357534579933
autotransformer,1,ensemble,train_088,2,0.24898110058469078,0.009448269343314072,0.0705002083753546,0.12567289515088,0.5453974803288778
autotransformer,1,ensemble,train_089,2,0.01976498480265339,0.04395249431642393,0.48578575160354376,0.44116067203382653,0.009336079199177524
autotransformer,1,ensemble,train_090,4,0.013727856955180565,0.015753844190233696,0.5960683723290762,0.3576072413319101,0.01684263856926312
autotransformer,1,ensemble,train_091,2,0.01514653256163001,0.11056106661756833,0.850270946820577,0.013382063247263432,0.01063936964298288
autotransformer,1,ensemble,train_092,2,0.04132699469725291,0.6194654107093811,0.21298729131619135,0.1089184507727623,0.01730188199629386
autotransformer,1,ensemble,train_093,3,0.01235220581293106,0.7276599804560343,0.2396644987165928,0.007377392069126169,0.012945943512022495
autotransformer,1,ensemble,train_094,3,0.05578030397494634,0.35591723521550495,0.5463858544826508,0.013300247102354964,0.02861633462210496
autotransformer,1,ensemble,train_095,3,0.00432232197393508,0.011805252763830746,0.9043308893839518,0.009970358359472206,0.06957113331494232
autotransformer,1,ensemble,train_096,2,0.08916121472915013,0.830087145169576,0.03183809916178385,0.01928230095654726,0.029631201798717182
autotransformer,1,ensemble,train_097,3,0.04426459158033443,0.08186876238323748,0.7494551738103231,0.006979177356697619,0.11743226554244757
autotransformer,1,ensemble,train_098,1,0.010177569463849068,0.04517050397892793,0.5580828388532003,0.36370368922750157,0.02286538016051054
autotransformer,1,ensemble,train_099,3,0.03866283347209295,0.09294425944487254,0.44502036770184833,0.40996848543485004,0.013404060465594133
autotransformer,1,ensemble,train_100,5,0.025307033754264314,0.030711503388981026,0.49794207016626996,0.035912941792048514,0.4101264464358489
autotransformer,1,ensemble,train_101,2,0.013845084235072136,0.3080428366859754,0.6016058921813965,0.057306783739477396,0.019199385928610962
autotransformer,1,ensemble,train_102,2,0.08325166425978144,0.8819637695948283,0.021542151264535885,0.011525018373504281,0.0017173831292893738
autotransformer,1,ensemble,train_103,3,0.004456260610216607,0.015285912338489046,0.849650502204895,0.0928993016326179,0.03770802344661206
autotransformer,1,ensemble,train_104,1,0.7068930268287659,0.21007387340068817,0.02615695943435033,0.045429665905733906,0.011446483433246613
autotransformer,1,ensemble,train_105,4,0.16669433812300363,0.20889815563956896,0.03335778849820296,0.37444212039311725,0.2166076178352038
autotransformer,1,ensemble,train_106,1,0.8752266565958658,0.020685752543310326,0.011996021028608084,0.03436619726320108,0.05772539600729942
autotransformer,1,ensemble,train_107,3,0.004806871943098183,0.04233009992943456,0.9445565938949585,0.0038714253363044313,0.0044350355747155845
autotransformer,1,ensemble,train_108,1,0.5828253428141276,0.2790511225660642,0.023057071142829955,0.09270185480515163,0.022364633157849312
autotransformer,1,ensemble,train_109,3,0.009840001196910938,0.19344162692626318,0.7699269453684489,0.011881650735934576,0.01490976040561994
autotransformer,1,ensemble,train_110,1,0.2313132385412852,0.7088056604067484,0.025674282282125205,0.024237173958681524,0.009969644035057476
autotransformer,1,ensemble,train_111,3,0.02169683204071286,0.20409079788563153,0.7442116737365723,0.018470746368014563,0.011529986300350478
autotransformer,1,ensemble,train_112,1,0.6885307232538859,0.27751438071330387,0.015608839535464844,0.009453956115369996,0.008892135849843422
autotransformer,1,ensemble,train_113,3,0.024965176979700725,0.0050529328679355485,0.010197755337382356,0.9219287236531576,0.037855469388887286
autotransformer,1,ensemble,train_114,3,0.008413925766944885,0.02388599794358015,0.5314540763696035,0.23160922961930433,0.20463674515485764
autotransformer,1,ensemble,train_115,3,0.061258949960271515,0.11840081959962845,0.4679184854030609,0.33637772003809613,0.016044012891749542
autotransformer,1,ensemble,train_116,4,0.012211088867237171,0.027678968656497698,0.5126666501164436,0.43660550316174823,0.010837831612055501
autotransformer,1,ensemble,train_117,1,0.8460138042767843,0.13450351112987846,0.006240667988701413,0.008827347696448365,0.004414676203547667
autotransformer,1,ensemble,train_118,2,0.3463781575361888,0.5875897804896036,0.03215295303380117,0.024879881413653493,0.008999198248299459
autotransformer,1,ensemble,train_119,2,0.1041839128981034,0.7874178687731425,0.07910966376463573,0.021095303896193702,0.008193195448257029
autotransformer,1,ensemble,train_120,5,0.00885509280487895,0.00661822222173214,0.043947276969750725,0.028510098966459434,0.9120693405469259
autotransformer,2,42,train_001,2,0.0014812186127528548,0.9981216788291931,0.0001321367162745446,0.00017809773271437734,8.678722952026874e-05
autotransformer,2,42,train_002,5,0.00671005342155695,0.07333742827177048,0.28930845856666565,0.42697277665138245,0.20367120206356049
autotransformer,2,42,train_003,2,0.015300443395972252,0.3691411316394806,0.5996907949447632,0.008019332773983479,0.007848341017961502
autotransformer,2,42,train_004,4,0.0024086665362119675,0.0347081758081913,0.8396263718605042,0.11939999461174011,0.003856772556900978
autotransformer,2,42,train_005,5,0.015528326854109764,0.06346160918474197,0.6061237454414368,0.26478928327560425,0.050097011029720306
autotransformer,2,42,train_006,2,0.06754332035779953,0.772083580493927,0.09038496762514114,0.06244633346796036,0.007541803177446127
autotransformer,2,42,train_007,2,0.0041395812295377254,0.9436413049697876,0.05092788115143776,0.0007963253301568329,0.0004948746645823121
autotransformer,2,42,train_008,5,0.010660916566848755,0.008942844346165657,0.046459197998046875,0.2912255525588989,0.6427114605903625
autotransformer,2,42,train_009,3,0.024986213073134422,0.28996819257736206,0.3292218744754791,0.3476707339286804,0.008152981288731098
autotransformer,2,42,train_010,2,0.12847861647605896,0.850351095199585,0.013097620569169521,0.0056174444034695625,0.002455260371789336
autotransformer,2,42,train_011,3,0.0007640086114406586,0.07714418321847916,0.920175313949585,0.0007223719730973244,0.0011941198026761413
autotransformer,2,42,train_012,5,0.08847155421972275,0.14414609968662262,0.05808625370264053,0.38755378127098083,0.32174229621887207
autotransformer,2,42,train_013,2,0.002812547143548727,0.35681354999542236,0.6254556179046631,0.005263655446469784,0.009654623456299305
autotransformer,2,42,train_014,5,0.004112698137760162,0.013430844992399216,0.012356329709291458,0.029137447476387024,0.9409626722335815
autotransformer,2,42,train_015,3,0.017746729776263237,0.527377724647522,0.4363700747489929,0.013776030391454697,0.004729414824396372
autotransformer,2,42,train_016,4,0.0009454319952055812,9.878270066110417e-05,0.000362491438863799,0.000490604608785361,0.998102605342865
autotransformer,2,42,train_017,2,0.8810264468193054,0.11244029551744461,0.002072620904073119,0.002656248165294528,0.0018043186282739043
autotransformer,2,42,train_018,5,0.06686939299106598,0.030153023079037666,0.06058483570814133,0.05323369801044464,0.7891589999198914
autotransformer,2,42,train_019,3,0.010984563268721104,0.6637288331985474,0.31811949610710144,0.0033857657108455896,0.003781347069889307
autotransformer,2,42,train_020,2,0.009583191014826298,0.9865424633026123,0.003163193352520466,0.0005135831306688488,0.00019761362636927515
autotransformer,2,42,train_021,5,0.00031227924046106637,0.00024795206263661385,0.009941259399056435,0.0006921570748090744,0.9888064861297607
autotransformer,2,42,train_022,4,0.206460639834404,0.09060941636562347,0.01840786263346672,0.6496024131774902,0.034919653087854385
autotransformer,2,42,train_023,3,0.017373424023389816,0.05420289561152458,0.5734519958496094,0.2817113399505615,0.0732603520154953
autotransformer,2,42,train_024,5,0.018334634602069855,0.043174076825380325,0.05217905715107918,0.012664679437875748,0.8736475110054016
autotransformer,2,42,train_025,5,0.0005356015753932297,0.00025324325542896986,0.017305374145507812,0.0038839036133140326,0.9780218601226807
autotransformer,2,42,train_026,3,0.021468276157975197,0.09714929759502411,0.6451554298400879,0.21645458042621613,0.019772373139858246
autotransformer,2,42,train_027,2,0.03240860253572464,0.6634441614151001,0.2537878155708313,0.04257960245013237,0.007779776584357023
autotransformer,2,42,train_028,4,0.000174471948412247,0.0001363112241961062,0.01765313744544983,0.9816604852676392,0.0003755208745133132
autotransformer,2,42,train_029,2,0.023153139278292656,0.9583267569541931,0.014752867631614208,0.0021754461340606213,0.0015916655538603663
autotransformer,2,42,train_030,5,4.5236120058689266e-05,0.0001564339327160269,0.9972816705703735,0.0006909730145707726,0.0018256236799061298
autotransformer,2,42,train_031,4,0.005085958167910576,0.0030225778464227915,0.012232864275574684,0.9781896471977234,0.001468913396820426
autotransformer,2,42,train_032,3,0.00027136315475218,0.00025145860854536295,0.0005591785884462297,0.00035828715772368014,0.9985597729682922
autotransformer,2,42,train_033,1,0.6890292763710022,0.2645900547504425,0.005175211001187563,0.0341411828994751,0.00706422608345747
autotransformer,2,42,train_034,2,0.008805281482636929,0.23431389033794403,0.014213821850717068,0.0027726273983716965,0.7398943305015564
autotransformer,2,42,train_035,2,0.6093292832374573,0.19452886283397675,0.08105503767728806,0.08602043986320496,0.02906632609665394
autotransformer,2,42,train_036,2,0.007816717959940434,0.14223827421665192,0.8330094814300537,0.0069017233327031136,0.010033834725618362
autotransformer,2,42,train_037,2,0.0012406620662659407,0.9984423518180847,0.00015044085739646107,8.742701902519912e-05,7.903934601927176e-05
autotransformer,2,42,train_038,3,0.006473717279732227,0.010824611410498619,0.7905687689781189,0.015777288004755974,0.17635560035705566
autotransformer,2,42,train_039,3,0.021008208394050598,0.12175272405147552,0.5297019481658936,0.3025892972946167,0.024947823956608772
autotransformer,2,42,train_040,2,0.050201237201690674,0.9164506196975708,0.025349058210849762,0.0047607128508389,0.0032382893841713667
autotransformer,2,42,train_041,3,2.3532413251814432e-05,0.00018386400188319385,0.9993891716003418,0.00024411089543718845,0.00015934213297441602
autotransformer,2,42,train_042,2,0.0015213339356705546,0.0030502204317599535,0.07857643067836761,0.4691064655780792,0.44774553179740906
autotransformer,2,42,train_043,4,0.005696320906281471,0.09859812259674072,0.33335167169570923,0.5401934385299683,0.02216041460633278
autotransformer,2,42,train_044,3,3.451348311500624e-05,0.00442777294665575,0.9950852990150452,0.000362707010935992,8.962759602582082e-05
autotransformer,2,42,train_045,3,0.0019608079455792904,0.019846651703119278,0.9004066586494446,0.03734385967254639,0.04044204577803612
autotransformer,2,42,train_046,4,0.22920438647270203,0.7413133978843689,0.012213819660246372,0.011757456697523594,0.005510940216481686
autotransformer,2,42,train_047,2,0.013305633328855038,0.26995906233787537,0.701117217540741,0.008046409115195274,0.007571672089397907
autotransformer,2,42,train_048,4,0.00399801367893815,0.007157858461141586,0.012664590030908585,0.9706329703330994,0.005546633154153824
autotransformer,2,42,train_049,2,0.06458503007888794,0.7667402029037476,0.12911751866340637,0.03177075460553169,0.007786408066749573
autotransformer,2,42,train_050,4,0.018434537574648857,0.113890141248703,0.5899220705032349,0.25111299753189087,0.026640314608812332
autotransformer,2,42,train_051,3,4.3711472244467586e-05,0.00462724594399333,0.9949640035629272,0.00028338260017335415,8.17089676274918e-05
autotransformer,2,42,train_052,3,0.006906974129378796,0.029909102246165276,0.2878469228744507,0.6677571535110474,0.007579803001135588
autotransformer,2,42,train_053,3,0.005888985004276037,0.13744300603866577,0.8394284844398499,0.012030784040689468,0.005208703689277172
autotransformer,2,42,train_054,2,0.0002258963941130787,0.9908102750778198,0.008418461307883263,0.0004514188040047884,9.397420944878832e-05
autotransformer,2,42,train_055,3,0.0011212447425350547,0.009677143767476082,0.9775285124778748,0.007926306687295437,0.0037467668298631907
autotransformer,2,42,train_056,1,0.9297762513160706,0.053457047790288925,0.0023624515160918236,0.010085630230605602,0.004318649880588055
autotransformer,2,42,train_057,1,0.042835358530282974,0.763346254825592,0.138802632689476,0.04830290004611015,0.006712877191603184
autotransformer,2,42,train_058,1,0.7088000178337097,0.1371556520462036,0.018619423732161522,0.12342828512191772,0.01199655793607235
autotransformer,2,42,train_059,2,0.43617212772369385,0.42080843448638916,0.021137263625860214,0.10311813652515411,0.01876400224864483
autotransformer,2,42,train_060,3,0.05674510449171066,0.23911505937576294,0.6459452509880066,0.03542790934443474,0.022766733542084694
autotransformer,2,42,train_061,2,0.03502822667360306,0.9580312967300415,0.004127494525164366,0.0020336147863417864,0.0007792821270413697
autotransformer,2,42,train_062,3,0.000758795184083283,0.1118551641702652,0.8855121731758118,0.0012030858779326081,0.0006707698339596391
autotransformer,2,42,train_063,2,0.1885121911764145,0.32657864689826965,0.00971844233572483,0.46715235710144043,0.008038397878408432
autotransformer,2,42,train_064,2,0.012803998775780201,0.8527675867080688,0.12958268821239471,0.002443232573568821,0.002402498386800289
autotransformer,2,42,train_065,3,0.010745140723884106,0.20608365535736084,0.7681230902671814,0.009473798796534538,0.0055742342956364155
autotransformer,2,42,train_066,2,0.9853752851486206,0.007560878060758114,9.260062506655231e-05,0.006544637028127909,0.00042660601320676506
autotransformer,2,42,train_067,3,0.005477576516568661,0.04979958385229111,0.8668670058250427,0.07463698834180832,0.0032187392935156822
autotransformer,2,42,train_068,3,0.00043762658606283367,0.8601195812225342,0.13851360976696014,0.0006549896788783371,0.0002741866046562791
autotransformer,2,42,train_069,2,0.686444878578186,0.1384575515985489,0.02884543500840664,0.12646739184856415,0.01978468708693981
autotransformer,2,42,train_070,2,0.009843953885138035,0.5386056900024414,0.4450036585330963,0.0033694508019834757,0.0031772658694535494
autotransformer,2,42,train_071,4,0.004832135047763586,0.023869575932621956,0.013411203399300575,0.908613920211792,0.049273181706666946
autotransformer,2,42,train_072,4,0.04543437063694,0.0002784446405712515,0.0012013462837785482,0.9473141431808472,0.005771658383309841
autotransformer,2,42,train_073,2,0.12581972777843475,0.8327526450157166,0.01817897893488407,0.02042434737086296,0.0028242513071745634
autotransformer,2,42,train_074,3,0.018963009119033813,0.2453698217868805,0.6953009366989136,0.0258942898362875,0.014471916481852531
autotransformer,2,42,train_075,2,0.018950140103697777,0.4644312858581543,0.4579264223575592,0.04144301265478134,0.017249224707484245
autotransformer,2,42,train_076,2,0.0006973574054427445,0.9989570379257202,0.0001732411765260622,0.00010843678319361061,6.388149631675333e-05
autotransformer,2,42,train_077,3,0.0022475621663033962,0.027920300140976906,0.9048765897750854,0.014259139075875282,0.050696421414613724
autotransformer,2,42,train_078,3,0.07290951907634735,0.0783168375492096,0.182032972574234,0.028725070878863335,0.6380155682563782
autotransformer,2,42,train_079,2,0.8809210658073425,0.10580124706029892,0.0027745673432946205,0.007417437620460987,0.0030855995137244463
autotransformer,2,42,train_080,1,0.8935901522636414,0.07704197615385056,0.005860575474798679,0.015206481330096722,0.00830075517296791
autotransformer,2,42,train_081,3,2.3270178644452244e-05,0.0002759826893452555,0.9993964433670044,0.00019703026919160038,0.00010728851339081302
autotransformer,2,42,train_082,3,0.0020636278204619884,0.9930828809738159,0.0007994524203240871,0.0009906570194289088,0.003063320182263851
autotransformer,2,42,train_083,1,0.003611793275922537,0.8219800591468811,0.17140774428844452,0.002190746134147048,0.0008096836972981691
autotransformer,2,42,train_084,5,0.0022288828622549772,0.006245818920433521,0.033606793731451035,0.012513112276792526,0.9454053044319153
autotransformer,2,42,train_085,3,0.9283497333526611,0.0007510262075811625,0.0005225100321695209,0.003948508761823177,0.0664282739162445
autotransformer,2,42,train_086,2,0.0063138073310256,0.9509361386299133,0.040637943893671036,0.0010606349678710103,0.0010514846071600914
autotransformer,2,42,train_087,3,0.003959754016250372,0.011007669381797314,0.014425150118768215,0.9516541957855225,0.018953293561935425
autotransformer,2,42,train_088,2,0.17748938500881195,0.03639576584100723,0.11729312688112259,0.048144612461328506,0.62067711353302
autotransformer,2,42,train_089,2,0.017456727102398872,0.9443582892417908,0.016277289018034935,0.018525343388319016,0.0033824103884398937
autotransformer,2,42,train_090,4,0.02694633975625038,0.054874226450920105,0.3778003752231598,0.4863310158252716,0.054048068821430206
autotransformer,2,42,train_091,2,1.972841528186109e-05,0.00026969777536578476,0.9994144439697266,0.0002268085372634232,6.934780685696751e-05
autotransformer,2,42,train_092,2,0.02383788488805294,0.7906399965286255,0.1673857420682907,0.0063713365234434605,0.011765073984861374
autotransformer,2,42,train_093,3,0.007866705767810345,0.9508581161499023,0.024556810036301613,0.008928005583584309,0.007790378760546446
autotransformer,2,42,train_094,3,0.015469136647880077,0.4467124044895172,0.5261778831481934,0.003938778303563595,0.007701780181378126
autotransformer,2,42,train_095,3,0.0012473531533032656,0.00448917830362916,0.7996394634246826,0.004726744256913662,0.18989728391170502
autotransformer,2,42,train_096,2,0.02269035391509533,0.9662202000617981,0.0037015890702605247,0.005523304920643568,0.0018645040690898895
autotransformer,2,42,train_097,3,0.12384223192930222,0.6521787047386169,0.19694507122039795,0.014081873930990696,0.012952160090208054
autotransformer,2,42,train_098,1,0.005702356342226267,0.11360064148902893,0.4436880648136139,0.41749733686447144,0.01951158232986927
autotransformer,2,42,train_099,3,0.004951025824993849,0.011865855194628239,0.09733077138662338,0.8821715116500854,0.003680799389258027
autotransformer,2,42,train_100,5,0.008483967743813992,0.051699042320251465,0.05036044120788574,0.009690649807453156,0.8797658681869507
autotransformer,2,42,train_101,2,0.017323074862360954,0.9683529138565063,0.011538934893906116,0.0015896940603852272,0.0011953838402405381
autotransformer,2,42,train_102,2,0.02295071631669998,0.9728817939758301,0.0028767655603587627,0.001017749193124473,0.00027299116482026875
autotransformer,2,42,train_103,3,0.015485805459320545,0.07590160518884659,0.6502397060394287,0.23392468690872192,0.024448134005069733
autotransformer,2,42,train_104,1,0.9308879971504211,0.06482244282960892,0.00045739838969893754,0.0034082760103046894,0.0004238444671500474
autotransformer,2,42,train_105,4,0.19996590912342072,0.067779541015625,0.10336250066757202,0.27370885014533997,0.35518327355384827
autotransformer,2,42,train_106,1,0.9632660150527954,0.015289033763110638,0.002708954270929098,0.012602428905665874,0.006133591290563345
autotransformer,2,42,train_107,3,0.0008615207043476403,0.03938528522849083,0.9579620957374573,0.000694669783115387,0.001096389489248395
autotransformer,2,42,train_108,1,0.3597593307495117,0.6256430149078369,0.0004272033111192286,0.013363677076995373,0.0008068038150668144
autotransformer,2,42,train_109,3,0.0002817126805894077,0.010017883032560349,0.988222062587738,0.0005802323576062918,0.0008981531718745828
autotransformer,2,42,train_110,1,0.5608690977096558,0.34412598609924316,0.018683796748518944,0.0660984143614769,0.010222668759524822
autotransformer,2,42,train_111,3,0.01762615144252777,0.32067611813545227,0.6186935901641846,0.029743051156401634,0.013261060230433941
autotransformer,2,42,train_112,1,0.3656531870365143,0.6253778338432312,0.002350487746298313,0.0046907090581953526,0.001927819917909801
autotransformer,2,42,train_113,3,0.010758674703538418,0.009432804770767689,0.006563740782439709,0.8818511962890625,0.09139347821474075
autotransformer,2,42,train_114,3,0.0016749355709180236,0.005643416661769152,0.03137887269258499,0.031489476561546326,0.9298132658004761
autotransformer,2,42,train_115,3,0.0011282415362074971,0.024505192413926125,0.9670764803886414,0.0055244737304747105,0.0017656604759395123
autotransformer,2,42,train_116,4,0.001960044726729393,0.006004392635077238,0.1383124440908432,0.8438184261322021,0.009904745034873486
autotransformer,2,42,train_117,1,0.8231093883514404,0.1674477458000183,0.0014539865078404546,0.005722309462726116,0.0022666160948574543
autotransformer,2,42,train_118,2,0.12136361747980118,0.8709318041801453,0.0034568237606436014,0.0031789469067007303,0.0010687351459637284
autotransformer,2,42,train_119,2,0.0048352256417274475,0.9880155920982361,0.006641625426709652,0.00033649549004621804,0.00017107035091612488
autotransformer,2,42,train_120,5,0.0014499023091048002,0.003820546669885516,0.009429356083273888,0.005692009348422289,0.9796081781387329
autotransformer,2,7,train_001,2,0.26365622878074646,0.7175140380859375,0.0036742878146469593,0.00356087158434093,0.0115945590659976
autotransformer,2,7,train_002,5,0.016015587374567986,0.4511130154132843,0.032311443239450455,0.0030569753143936396,0.4975029528141022
autotransformer,2,7,train_003,2,0.005763322580605745,0.9626088738441467,0.030868414789438248,0.0001579594681970775,0.0006013353704474866
autotransformer,2,7,train_004,4,0.0007722540176473558,0.001164635643362999,0.01136943232268095,0.9860889315605164,0.0006048083305358887
autotransformer,2,7,train_005,5,0.020632851868867874,0.06356091797351837,0.31439444422721863,0.5609533190727234,0.040458399802446365
autotransformer,2,7,train_006,2,0.048754140734672546,0.8614816069602966,0.0721457377076149,0.011778066866099834,0.0058404491282999516
autotransformer,2,7,train_007,2,0.06740669161081314,0.3443485498428345,0.5566582083702087,0.015131084248423576,0.016455506905913353
autotransformer,2,7,train_008,5,0.002114315750077367,0.029392506927251816,0.01604507677257061,0.15251170098781586,0.7999363541603088
autotransformer,2,7,train_009,3,0.0014839069917798042,0.0030925036408007145,0.012117472477257252,0.9819281101226807,0.0013780547305941582
autotransformer,2,7,train_010,2,0.06853805482387543,0.9273747205734253,0.003139134030789137,0.00039306943654082716,0.0005549784982576966
autotransformer,2,7,train_011,3,0.03435898199677467,0.32457461953163147,0.6003344058990479,0.008060546591877937,0.03267143294215202
autotransformer,2,7,train_012,5,0.053478412330150604,0.6481039524078369,0.026102988049387932,0.018588745966553688,0.2537258565425873
autotransformer,2,7,train_013,2,0.022454600781202316,0.10970371216535568,0.8040735721588135,0.01829337887465954,0.04547467455267906
autotransformer,2,7,train_014,5,0.0006172674475237727,0.004922224208712578,0.0004644466389436275,0.0007129095029085875,0.9932831525802612
autotransformer,2,7,train_015,3,0.005294289905577898,0.9659579992294312,0.028001485392451286,0.00027646281523630023,0.00046981676132418215
autotransformer,2,7,train_016,4,0.12779517471790314,0.005141853354871273,0.010672660544514656,0.17560480535030365,0.6807855367660522
autotransformer,2,7,train_017,2,0.3284008204936981,0.4914968013763428,0.14924170076847076,0.009909819811582565,0.020950889214873314
autotransformer,2,7,train_018,5,0.12101764976978302,0.034185439348220825,0.07700533419847488,0.034908879548311234,0.7328826189041138
autotransformer,2,7,train_019,3,0.00017638782446738333,0.014309518970549107,0.9850153923034668,0.00012641552893910557,0.0003721608663909137
autotransformer,2,7,train_020,2,0.2513481676578522,0.6808434128761292,0.05127406120300293,0.008751211687922478,0.007783180568367243
autotransformer,2,7,train_021,5,0.002367445034906268,0.005536161828786135,0.902106761932373,0.02482599951326847,0.06516356766223907
autotransformer,2,7,train_022,4,0.4772082567214966,0.40223339200019836,0.00720646046102047,0.050550635904073715,0.06280122697353363
autotransformer,2,7,train_023,3,0.03688790276646614,0.2792942225933075,0.5517527461051941,0.08124411851167679,0.0508209727704525
autotransformer,2,7,train_024,5,0.02059738151729107,0.04489050805568695,0.4685804545879364,0.04519050195813179,0.42074111104011536
autotransformer,2,7,train_025,5,0.007666809018701315,0.0034916780423372984,0.09199965745210648,0.1363956332206726,0.7604462504386902
autotransformer,2,7,train_026,3,0.06489287316799164,0.26373791694641113,0.4125016927719116,0.24060741066932678,0.018260089680552483
autotransformer,2,7,train_027,2,0.049336519092321396,0.8136142492294312,0.12056973576545715,0.00884305965155363,0.007636364083737135
autotransformer,2,7,train_028,4,0.005471203476190567,0.017551423981785774,0.4335969388484955,0.5299485325813293,0.013431930914521217
autotransformer,2,7,train_029,2,0.0010500310454517603,0.9983117580413818,0.0005486400914378464,1.8983681002282538e-05,7.053979061311111e-05
autotransformer,2,7,train_030,5,0.001608747523277998,0.007676807232201099,0.971112072467804,0.007595852017402649,0.01200651004910469
autotransformer,2,7,train_031,4,0.042132094502449036,0.03410640358924866,0.09713554382324219,0.7821971774101257,0.04442884400486946
autotransformer,2,7,train_032,3,0.005202684551477432,0.00420734379440546,0.004396491684019566,0.014669305644929409,0.9715242981910706
autotransformer,2,7,train_033,1,0.7992123365402222,0.19663387537002563,0.001627912512049079,0.001066685072146356,0.0014590997016057372
autotransformer,2,7,train_034,2,0.08605838567018509,0.8510608673095703,0.009303621016442776,0.003439209656789899,0.0501379668712616
autotransformer,2,7,train_035,2,0.5040479898452759,0.3002571165561676,0.14482133090496063,0.034554362297058105,0.016319196671247482
autotransformer,2,7,train_036,2,0.012976828031241894,0.49774500727653503,0.4853419363498688,0.0008478699601255357,0.0030883001163601875
autotransformer,2,7,train_037,2,0.13683108985424042,0.8388898968696594,0.00468020373955369,0.004321740940213203,0.015277020633220673
autotransformer,2,7,train_038,3,0.00017859051877167076,0.000228033764869906,0.9978651404380798,0.0008394152391701937,0.0008887671865522861
autotransformer,2,7,train_039,3,0.02659512311220169,0.0491931289434433,0.14394833147525787,0.7520241141319275,0.028239255771040916
autotransformer,2,7,train_040,2,0.01178229320794344,0.9844563603401184,0.0032551875337958336,0.00012022591545246542,0.0003859030257444829
autotransformer,2,7,train_041,3,0.003352612489834428,0.044572193175554276,0.941661536693573,0.0033819761592894793,0.007031700573861599
autotransformer,2,7,train_042,2,0.013438933528959751,0.005766796879470348,0.014204120263457298,0.4703308939933777,0.49625927209854126
autotransformer,2,7,train_043,4,0.001979556865990162,0.0016949719283729792,0.0292508527636528,0.9634528756141663,0.0036216741427779198
autotransformer,2,7,train_044,3,0.011864270083606243,0.5383898615837097,0.44000911712646484,0.003931659273803234,0.005805143620818853
autotransformer,2,7,train_045,3,0.00035650620702654123,0.001770046423189342,0.9775470495223999,0.01159268245100975,0.008733708411455154
autotransformer,2,7,train_046,4,0.2564108967781067,0.7366907596588135,0.0024394216015934944,0.0016718143597245216,0.0027870044577866793
autotransformer,2,7,train_047,2,0.012386019341647625,0.7994263172149658,0.1864953339099884,0.000541339919436723,0.0011510513722896576
autotransformer,2,7,train_048,4,0.00039301911601796746,0.0006153816357254982,0.0014765419764444232,0.9972207546234131,0.00029423984233289957
autotransformer,2,7,train_049,2,0.05700881406664848,0.8098106384277344,0.11935175955295563,0.007997674867510796,0.00583106093108654
autotransformer,2,7,train_050,4,0.057151857763528824,0.37615662813186646,0.38167086243629456,0.17017634212970734,0.014844256453216076
autotransformer,2,7,train_051,3,0.016467295587062836,0.6128982901573181,0.363150417804718,0.0032357049640268087,0.004248293582350016
autotransformer,2,7,train_052,3,0.0019743137527257204,0.0020241232123225927,0.015403938479721546,0.9788875579833984,0.001710101612843573
autotransformer,2,7,train_053,3,0.010099130682647228,0.025544965639710426,0.7835837006568909,0.1764596849679947,0.004312614444643259
autotransformer,2,7,train_054,2,0.024114076048135757,0.9691588878631592,0.004579278640449047,0.0012835453962907195,0.0008642368484288454
autotransformer,2,7,train_055,3,0.0003114696010015905,0.00030093290843069553,0.9956230521202087,0.003178351791575551,0.0005861162208020687
autotransformer,2,7,train_056,1,0.9851155877113342,0.01155286468565464,0.0006514852284453809,0.001813259208574891,0.0008668095106258988
autotransformer,2,7,train_057,1,0.05064106360077858,0.8226610422134399,0.10464248806238174,0.01648055762052536,0.005574870854616165
autotransformer,2,7,train_058,1,0.7420392632484436,0.1693888157606125,0.02208552695810795,0.055372096598148346,0.011114253662526608
autotransformer,2,7,train_059,2,0.16373057663440704,0.7745241522789001,0.03299643099308014,0.0162051934748888,0.012543550692498684
autotransformer,2,7,train_060,3,0.16550418734550476,0.3261907696723938,0.4749554395675659,0.01688876934349537,0.01646074280142784
autotransformer,2,7,train_061,2,0.0009546477231197059,0.9985277652740479,0.0004233485087752342,1.934353895194363e-05,7.482507498934865e-05
autotransformer,2,7,train_062,3,0.03065902180969715,0.37395206093788147,0.5618481636047363,0.00978823285549879,0.023752491921186447
autotransformer,2,7,train_063,2,0.40661337971687317,0.11349013447761536,0.01867450587451458,0.3552670180797577,0.10595502704381943
autotransformer,2,7,train_064,2,0.0005976802203804255,0.9852348566055298,0.01393487025052309,3.5389894037507474e-05,0.00019721324497368187
autotransformer,2,7,train_065,3,0.008202274329960346,0.50743567943573,0.4820495843887329,0.0007875628070905805,0.0015249688876792789
autotransformer,2,7,train_066,2,0.7707459926605225,0.04361356049776077,0.0058609009720385075,0.14909380674362183,0.030685747042298317
autotransformer,2,7,train_067,3,0.07532010227441788,0.0626446083188057,0.6671842932701111,0.14627885818481445,0.04857215657830238
autotransformer,2,7,train_068,3,0.017130382359027863,0.962388813495636,0.018205156549811363,0.0007504921522922814,0.00152512826025486
autotransformer,2,7,train_069,2,0.6079267263412476,0.08532918989658356,0.028385378420352936,0.24584871530532837,0.03251001611351967
autotransformer,2,7,train_070,2,0.0009125505457632244,0.8322138786315918,0.16624392569065094,0.00010329675569664687,0.0005263187922537327
autotransformer,2,7,train_071,4,0.0004523633106146008,0.0012401252752169967,0.002121889730915427,0.9954828023910522,0.0007028233958408237
autotransformer,2,7,train_072,4,0.33529576659202576,0.013161822222173214,0.011392408050596714,0.5191790461540222,0.12097102403640747
autotransformer,2,7,train_073,2,0.2743852138519287,0.7020180821418762,0.005996212363243103,0.015399803407490253,0.0022006724029779434
autotransformer,2,7,train_074,3,0.04149670898914337,0.3023723065853119,0.6214485168457031,0.014720560982823372,0.019961904734373093
autotransformer,2,7,train_075,2,0.03663543984293938,0.5505027770996094,0.3723122477531433,0.02263008803129196,0.01791945844888687
autotransformer,2,7,train_076,2,0.10523825138807297,0.888607919216156,0.0025054358411580324,0.0015725509729236364,0.0020758803002536297
autotransformer,2,7,train_077,3,0.00033522670855745673,0.002356661716476083,0.9814743399620056,0.0015895562246441841,0.01424427516758442
autotransformer,2,7,train_078,3,0.09815239906311035,0.06980697810649872,0.19792135059833527,0.023014619946479797,0.6111046671867371
autotransformer,2,7,train_079,2,0.9337186813354492,0.06331878155469894,0.0011616526171565056,0.0010674496879801154,0.0007335477275773883
autotransformer,2,7,train_080,1,0.5190199017524719,0.27774330973625183,0.15697018802165985,0.023316888138651848,0.022949721664190292
autotransformer,2,7,train_081,3,0.024036500602960587,0.6405512690544128,0.3252364993095398,0.001970492536202073,0.008205316960811615
autotransformer,2,7,train_082,3,0.06372739374637604,0.5296635627746582,0.012177998200058937,0.014940374530851841,0.3794906437397003
autotransformer,2,7,train_083,1,0.04544094204902649,0.09548526257276535,0.6734641790390015,0.08885937184095383,0.09675025194883347
autotransformer,2,7,train_084,5,0.014682314358651638,0.020298659801483154,0.31888535618782043,0.210419163107872,0.4357145428657532
autotransformer,2,7,train_085,3,0.7213245034217834,0.0658702552318573,0.006315652281045914,0.01090333517640829,0.19558623433113098
autotransformer,2,7,train_086,2,0.05087960883975029,0.6715295910835266,0.25354140996932983,0.007794442120939493,0.016254907473921776
autotransformer,2,7,train_087,3,0.0002235537103842944,0.0012396740494295955,0.0006651023286394775,0.9974532723426819,0.00041835871525108814
autotransformer,2,7,train_088,2,0.31979864835739136,0.063539519906044,0.3848879635334015,0.05481984466314316,0.17695409059524536
autotransformer,2,7,train_089,2,0.004812372382730246,0.23923082649707794,0.6896634697914124,0.06142609566450119,0.004867196083068848
autotransformer,2,7,train_090,4,0.6490799188613892,0.18931210041046143,0.08691685646772385,0.028434578329324722,0.04625648260116577
autotransformer,2,7,train_091,2,0.006337496917694807,0.09850265830755234,0.8858184814453125,0.004505465272814035,0.00483587384223938
autotransformer,2,7,train_092,2,0.012144248001277447,0.978340208530426,0.008665026165544987,0.00012635186430998147,0.0007241833955049515
autotransformer,2,7,train_093,3,0.00011703373456839472,0.0023256076965481043,0.9963139891624451,0.00021263433154672384,0.0010307286866009235
autotransformer,2,7,train_094,3,0.00013704645971301943,0.0032268636859953403,0.9959660768508911,0.00011665440251817927,0.0005533294752240181
autotransformer,2,7,train_095,3,0.011660249903798103,0.021340973675251007,0.45188209414482117,0.04944736137986183,0.46566930413246155
autotransformer,2,7,train_096,2,0.0015975122805684805,0.9972391128540039,0.000637252873275429,7.249956979649141e-05,0.000453561166068539
autotransformer,2,7,train_097,3,0.006873420439660549,0.8685190081596375,0.12258577346801758,0.00019982687081210315,0.0018219883786514401
autotransformer,2,7,train_098,1,0.0008278566529043019,0.002748647006228566,0.034705258905887604,0.9578359127044678,0.003882382530719042
autotransformer,2,7,train_099,3,0.08383160084486008,0.060406967997550964,0.23071342706680298,0.5821082592010498,0.042939722537994385
autotransformer,2,7,train_100,5,0.00033602616167627275,0.0017432558815926313,0.0006866382900625467,0.00027182139456272125,0.9969623684883118
autotransformer,2,7,train_101,2,0.0002162377058994025,0.01565960794687271,0.983632504940033,0.00013648193271365017,0.0003551339032128453
autotransformer,2,7,train_102,2,0.4455273449420929,0.49556687474250793,0.03684721142053604,0.01371587160974741,0.008342691697180271
autotransformer,2,7,train_103,3,0.08837172389030457,0.36866629123687744,0.426491379737854,0.09128565341234207,0.025184864178299904
autotransformer,2,7,train_104,1,0.9574230909347534,0.024399826303124428,0.0021957261487841606,0.011943947523832321,0.004037424456328154
autotransformer,2,7,train_105,4,0.5230516195297241,0.09566263854503632,0.06834287196397781,0.1289198249578476,0.18402305245399475
autotransformer,2,7,train_106,1,0.7567937970161438,0.1653851568698883,0.039674416184425354,0.013726300559937954,0.024420330300927162
autotransformer,2,7,train_107,3,0.038698092103004456,0.2770097255706787,0.6462438106536865,0.009737024083733559,0.028311366215348244
autotransformer,2,7,train_108,1,0.7636777758598328,0.20207372307777405,0.0033073192462325096,0.024025755003094673,0.006915373262017965
autotransformer,2,7,train_109,3,0.030085686594247818,0.2591906487941742,0.6720288395881653,0.009157904423773289,0.029536906629800797
autotransformer,2,7,train_110,1,0.3595047891139984,0.5956907272338867,0.022966831922531128,0.014942486770451069,0.006895176600664854
autotransformer,2,7,train_111,3,0.042533133178949356,0.42467302083969116,0.5036020278930664,0.013103965669870377,0.016087811440229416
autotransformer,2,7,train_112,1,0.20960959792137146,0.7889503240585327,0.0006574619328603148,0.00020069957827217877,0.0005819171783514321
autotransformer,2,7,train_113,3,0.00019892092677764595,0.0011905652936547995,0.00043626801925711334,0.9976118803024292,0.0005623719771392643
autotransformer,2,7,train_114,3,0.011480782181024551,0.01572391949594021,0.41973257064819336,0.09772665053606033,0.4553361237049103
autotransformer,2,7,train_115,3,0.00015943714242894202,0.00028286458109505475,0.9985480904579163,0.0005467202281579375,0.0004628997703548521
autotransformer,2,7,train_116,4,0.02395954541862011,0.029935695230960846,0.24072054028511047,0.6279053092002869,0.07747889310121536
autotransformer,2,7,train_117,1,0.9361621141433716,0.062161918729543686,0.0004291792865842581,0.0004206608864478767,0.0008260777685791254
autotransformer,2,7,train_118,2,0.002838834887370467,0.996748685836792,0.0003072433755733073,2.542500260460656e-05,7.979686051839963e-05
autotransformer,2,7,train_119,2,0.14570845663547516,0.7316150069236755,0.10717207938432693,0.006821147631853819,0.008683338761329651
autotransformer,2,7,train_120,5,0.011107497848570347,0.009474321268498898,0.052560754120349884,0.05165477469563484,0.8752026557922363
autotransformer,2,123,train_001,2,0.21798713505268097,0.7488118410110474,0.013385254889726639,0.01320325955748558,0.006612508092075586
autotransformer,2,123,train_002,5,0.0371161587536335,0.5776050090789795,0.33671054244041443,0.030003175139427185,0.01856507733464241
autotransformer,2,123,train_003,2,0.019311796873807907,0.18885858356952667,0.7634294033050537,0.006897835526615381,0.02150244452059269
autotransformer,2,123,train_004,4,0.12256129831075668,0.11118167638778687,0.2802863121032715,0.3389425575733185,0.14702816307544708
autotransformer,2,123,train_005,5,0.011958830989897251,0.013001218438148499,0.1898999810218811,0.22842034697532654,0.5567195415496826
autotransformer,2,123,train_006,2,0.04056956246495247,0.9130886197090149,0.0293049868196249,0.01508919894695282,0.001947643468156457
autotransformer,2,123,train_007,2,0.1271795779466629,0.43946564197540283,0.3561713993549347,0.053081758320331573,0.024101700633764267
autotransformer,2,123,train_008,5,0.09549836814403534,0.05579349026083946,0.20114663243293762,0.3416917622089386,0.3058697581291199
autotransformer,2,123,train_009,3,0.14065510034561157,0.45385709404945374,0.3607625365257263,0.0334823876619339,0.01124284416437149
autotransformer,2,123,train_010,2,0.1345110386610031,0.815139889717102,0.037652019411325455,0.009197628125548363,0.0034993556328117847
autotransformer,2,123,train_011,3,0.03722703829407692,0.43018677830696106,0.46552300453186035,0.027123278006911278,0.039939966052770615
autotransformer,2,123,train_012,5,0.016731716692447662,0.041775546967983246,0.02507019229233265,0.15032139420509338,0.7661011219024658
autotransformer,2,123,train_013,2,0.032567501068115234,0.18973174691200256,0.6147682666778564,0.08585062623023987,0.07708185166120529
autotransformer,2,123,train_014,5,0.10543141514062881,0.09403853863477707,0.08669700473546982,0.20127065479755402,0.5125623941421509
autotransformer,2,123,train_015,3,0.06442103534936905,0.6234265565872192,0.29493528604507446,0.010951826348900795,0.006265347823500633
autotransformer,2,123,train_016,4,0.017905058339238167,0.005952061619609594,0.028734775260090828,0.173615962266922,0.7737921476364136
autotransformer,2,123,train_017,2,0.41399046778678894,0.3937433958053589,0.14415431022644043,0.018625184893608093,0.029486581683158875
autotransformer,2,123,train_018,5,0.01533869281411171,0.008638614788651466,0.04900448024272919,0.011101309210062027,0.9159169793128967
autotransformer,2,123,train_019,3,0.16267243027687073,0.2765975892543793,0.4558866620063782,0.04815787449479103,0.056685470044612885
autotransformer,2,123,train_020,2,0.3838326334953308,0.4737406373023987,0.08227120339870453,0.034951578825712204,0.025203905999660492
autotransformer,2,123,train_021,5,0.02004510723054409,0.04005039483308792,0.5453574061393738,0.046056944876909256,0.3484901785850525
autotransformer,2,123,train_022,4,0.07444477081298828,0.1143062487244606,0.02518606185913086,0.7104913592338562,0.07557152956724167
autotransformer,2,123,train_023,3,0.01733252964913845,0.025186071172356606,0.7051854729652405,0.21515479683876038,0.03714112192392349
autotransformer,2,123,train_024,5,0.041981033980846405,0.11904045939445496,0.42816776037216187,0.05869976803660393,0.35211095213890076
autotransformer,2,123,train_025,5,0.008660187013447285,0.003859898541122675,0.03757019340991974,0.04430832341313362,0.9056012630462646
autotransformer,2,123,train_026,3,0.026659781113266945,0.033794328570365906,0.7559943199157715,0.170672208070755,0.012879408895969391
autotransformer,2,123,train_027,2,0.013453567400574684,0.8540254831314087,0.11751639097929001,0.012091039679944515,0.0029135390650480986
autotransformer,2,123,train_028,4,0.022848069667816162,0.07651172578334808,0.6804746985435486,0.20798125863075256,0.012184256687760353
autotransformer,2,123,train_029,2,0.2525348663330078,0.5377151966094971,0.09474832564592361,0.051121048629283905,0.0638805627822876
autotransformer,2,123,train_030,5,0.007128286641091108,0.04022356867790222,0.9142415523529053,0.013481270521879196,0.02492530271410942
autotransformer,2,123,train_031,4,0.0847753956913948,0.08764602988958359,0.19668982923030853,0.5676553249359131,0.0632334053516388
autotransformer,2,123,train_032,3,0.033500079065561295,0.06189601495862007,0.2803613245487213,0.09628576785326004,0.5279568433761597
autotransformer,2,123,train_033,1,0.36342790722846985,0.5493786931037903,0.015943089500069618,0.05869460105895996,0.012555788271129131
autotransformer,2,123,train_034,2,0.07381639629602432,0.836550235748291,0.06787437945604324,0.01397022046148777,0.007788720540702343
autotransformer,2,123,train_035,2,0.6259568333625793,0.29276928305625916,0.05885066092014313,0.014874028041958809,0.007549213245511055
autotransformer,2,123,train_036,2,0.03504325449466705,0.2575528621673584,0.6807519793510437,0.007355059497058392,0.019296802580356598
autotransformer,2,123,train_037,2,0.21590279042720795,0.7435838580131531,0.016012446954846382,0.01736604794859886,0.007134858053177595
autotransformer,2,123,train_038,3,0.11179393529891968,0.07810770720243454,0.3286232054233551,0.2718513011932373,0.20962382853031158
autotransformer,2,123,train_039,3,0.1349586546421051,0.07495251297950745,0.2625945806503296,0.2569996118545532,0.270494669675827
autotransformer,2,123,train_040,2,0.2585828900337219,0.7038120031356812,0.0270455963909626,0.005939340218901634,0.004620174877345562
autotransformer,2,123,train_041,3,0.007982008159160614,0.0753786489367485,0.8923215866088867,0.012127866968512535,0.01218997873365879
autotransformer,2,123,train_042,2,0.011982609517872334,0.006615144200623035,0.019448840990662575,0.12913021445274353,0.8328231573104858
autotransformer,2,123,train_043,4,0.04559534788131714,0.5860502123832703,0.32313254475593567,0.03500569611787796,0.010216131806373596
autotransformer,2,123,train_044,3,0.012071684934198856,0.15951815247535706,0.8008459806442261,0.017782771959900856,0.009781342931091785
autotransformer,2,123,train_045,3,0.005601168144494295,0.03133385628461838,0.8601872324943542,0.015164104290306568,0.08771368116140366
autotransformer,2,123,train_046,4,0.1575973778963089,0.7906195521354675,0.027886223047971725,0.015522271394729614,0.008374539203941822
autotransformer,2,123,train_047,2,0.04665759578347206,0.34280139207839966,0.5901029109954834,0.007291584275662899,0.01314657460898161
autotransformer,2,123,train_048,4,0.10468600690364838,0.08574952185153961,0.14680054783821106,0.4455778896808624,0.2171860933303833
autotransformer,2,123,train_049,2,0.03479335829615593,0.9011750817298889,0.05427007004618645,0.0075445640832185745,0.0022169200237840414
autotransformer,2,123,train_050,4,0.126175194978714,0.4735599160194397,0.2957648038864136,0.09515180438756943,0.009348285384476185
autotransformer,2,123,train_051,3,0.0167230311781168,0.21293659508228302,0.7444410920143127,0.017075110226869583,0.008824165910482407
autotransformer,2,123,train_052,3,0.0747714713215828,0.0994536504149437,0.6080542206764221,0.20061801373958588,0.017102619633078575
autotransformer,2,123,train_053,3,0.029690096154808998,0.26582071185112,0.6841736435890198,0.008986793458461761,0.011328683234751225
autotransformer,2,123,train_054,2,0.03943408653140068,0.6720957159996033,0.24849414825439453,0.033661991357803345,0.0063141100108623505
autotransformer,2,123,train_055,3,0.1279459446668625,0.08578132092952728,0.36088523268699646,0.2896021902561188,0.135785311460495
autotransformer,2,123,train_056,1,0.8837454319000244,0.08909005671739578,0.008120862767100334,0.00617707846686244,0.012866545468568802
autotransformer,2,123,train_057,1,0.027400920167565346,0.9266810417175293,0.03578825294971466,0.008377380669116974,0.001752353273332119
autotransformer,2,123,train_058,1,0.8485286831855774,0.09542925655841827,0.017462026327848434,0.03313985466957092,0.005440219305455685
autotransformer,2,123,train_059,2,0.17276610434055328,0.7762314677238464,0.025361569598317146,0.018866734579205513,0.0067741405218839645
autotransformer,2,123,train_060,3,0.07941785454750061,0.25264137983322144,0.6389651298522949,0.014000741764903069,0.01497495174407959
autotransformer,2,123,train_061,2,0.21635931730270386,0.5036689043045044,0.18145737051963806,0.047400474548339844,0.05111393332481384
autotransformer,2,123,train_062,3,0.04075275734066963,0.5143570303916931,0.3878288269042969,0.03115105628967285,0.02591029182076454
autotransformer,2,123,train_063,2,0.24497810006141663,0.14361265301704407,0.06937675923109055,0.40841636061668396,0.1336161345243454
autotransformer,2,123,train_064,2,0.13878832757472992,0.3119220435619354,0.4423813223838806,0.055389292538166046,0.05151903256773949
autotransformer,2,123,train_065,3,0.05043799802660942,0.37477537989616394,0.5566211342811584,0.00782033707946539,0.010345172137022018
autotransformer,2,123,train_066,2,0.3901863396167755,0.5622810125350952,0.021349377930164337,0.020419040694832802,0.005764275323599577
autotransformer,2,123,train_067,3,0.1627015620470047,0.1457853466272354,0.417863130569458,0.22645770013332367,0.04719223827123642
autotransformer,2,123,train_068,3,0.029043911024928093,0.4743680953979492,0.46924835443496704,0.017961805686354637,0.009377770125865936
autotransformer,2,123,train_069,2,0.798169732093811,0.11132796108722687,0.017460450530052185,0.056205786764621735,0.01683603972196579
autotransformer,2,123,train_070,2,0.15930236876010895,0.25907495617866516,0.47528213262557983,0.05577715486288071,0.05056344345211983
autotransformer,2,123,train_071,4,0.07910232245922089,0.09553398191928864,0.09721209108829498,0.3648228049278259,0.363328754901886
autotransformer,2,123,train_072,4,0.02878805436193943,0.0165211483836174,0.023573605343699455,0.5785114169120789,0.35260578989982605
autotransformer,2,123,train_073,2,0.13161730766296387,0.7699209451675415,0.0543549582362175,0.03880409523844719,0.005302687641233206
autotransformer,2,123,train_074,3,0.009569111280143261,0.28168290853500366,0.6932539343833923,0.01006592158228159,0.005428148899227381
autotransformer,2,123,train_075,2,0.0065391333773732185,0.6987539529800415,0.28105488419532776,0.00969158299267292,0.003960494417697191
autotransformer,2,123,train_076,2,0.1282828152179718,0.8369349837303162,0.015891533344984055,0.013812911696732044,0.005077768117189407
autotransformer,2,123,train_077,3,0.00746688200160861,0.052883803844451904,0.8590042591094971,0.007899511605501175,0.07274552434682846
autotransformer,2,123,train_078,3,0.03919780254364014,0.07582446187734604,0.3456866145133972,0.017909035086631775,0.5213820934295654
autotransformer,2,123,train_079,2,0.8075457811355591,0.1674697995185852,0.011698245070874691,0.0059648300521075726,0.007321262266486883
autotransformer,2,123,train_080,1,0.3893132209777832,0.36823996901512146,0.19577695429325104,0.025858625769615173,0.02081119641661644
autotransformer,2,123,train_081,3,0.01295900996774435,0.13786834478378296,0.8257233500480652,0.011796590872108936,0.011652708984911442
autotransformer,2,123,train_082,3,0.12082718312740326,0.7555776834487915,0.041610170155763626,0.05387609452009201,0.028108807280659676
autotransformer,2,123,train_083,1,0.03133837506175041,0.16134443879127502,0.37730157375335693,0.18690718710422516,0.2431083768606186
autotransformer,2,123,train_084,5,0.021390799432992935,0.030313996598124504,0.1420934647321701,0.28477150201797485,0.521430253982544
autotransformer,2,123,train_085,3,0.608042299747467,0.31222259998321533,0.03637358173727989,0.023740211501717567,0.019621359184384346
autotransformer,2,123,train_086,2,0.09505163133144379,0.5754662156105042,0.24984340369701385,0.032195426523685455,0.04744325578212738
autotransformer,2,123,train_087,3,0.08762340992689133,0.10715650022029877,0.1596875935792923,0.376181960105896,0.26935049891471863
autotransformer,2,123,train_088,2,0.5134801268577576,0.10716421157121658,0.3308846354484558,0.02750377729535103,0.020967282354831696
autotransformer,2,123,train_089,2,0.11872267723083496,0.22907258570194244,0.14357885718345642,0.31818142533302307,0.19044438004493713
autotransformer,2,123,train_090,4,0.026755869388580322,0.016988517716526985,0.27358317375183105,0.5663869380950928,0.116285540163517
autotransformer,2,123,train_091,2,0.0110309524461627,0.0866147130727768,0.8771127462387085,0.016538366675376892,0.008703271858394146
autotransformer,2,123,train_092,2,0.03525850921869278,0.7447956204414368,0.20181261003017426,0.00801492016762495,0.010118348523974419
autotransformer,2,123,train_093,3,0.08284236490726471,0.44420120120048523,0.1757482886314392,0.09885139763355255,0.1983567625284195
autotransformer,2,123,train_094,3,0.30933821201324463,0.18404129147529602,0.35556352138519287,0.056384749710559845,0.09467213600873947
autotransformer,2,123,train_095,3,0.016193842515349388,0.05804770812392235,0.3383016288280487,0.09157245606184006,0.4958844780921936
autotransformer,2,123,train_096,2,0.3021983802318573,0.3577900230884552,0.09328242391347885,0.08371027559041977,0.16301892697811127
autotransformer,2,123,train_097,3,0.07393591850996017,0.4650503993034363,0.3292725086212158,0.021734798327088356,0.11000633984804153
autotransformer,2,123,train_098,1,0.03651643916964531,0.4450925588607788,0.428522527217865,0.07624229043722153,0.013626078143715858
autotransformer,2,123,train_099,3,0.0902203768491745,0.08574908971786499,0.24644450843334198,0.5080530047416687,0.06953300535678864
autotransformer,2,123,train_100,5,0.07314809411764145,0.10943812131881714,0.19134585559368134,0.1887098103761673,0.4373580515384674
autotransformer,2,123,train_101,2,0.18961550295352936,0.3004615008831024,0.34667617082595825,0.0703330710530281,0.09291379153728485
autotransformer,2,123,train_102,2,0.430072546005249,0.4223078191280365,0.076959989964962,0.046685121953487396,0.023974552750587463
autotransformer,2,123,train_103,3,0.01861964911222458,0.023423774167895317,0.5601837635040283,0.3705962896347046,0.0271765124052763
autotransformer,2,123,train_104,1,0.5354245901107788,0.390997052192688,0.05144220590591431,0.01530550792813301,0.006830625236034393
autotransformer,2,123,train_105,4,0.11728944629430771,0.09037189185619354,0.0890524610877037,0.2117835134267807,0.49150267243385315
autotransformer,2,123,train_106,1,0.6994303464889526,0.15409336984157562,0.07101443409919739,0.030131377279758453,0.0453304648399353
autotransformer,2,123,train_107,3,0.062460072338581085,0.5102636814117432,0.3803093433380127,0.024350369349122047,0.02261657454073429
autotransformer,2,123,train_108,1,0.5181095004081726,0.30142098665237427,0.02544286847114563,0.1352902501821518,0.019736479967832565
autotransformer,2,123,train_109,3,0.035750117152929306,0.3957643210887909,0.5091743469238281,0.027706030756235123,0.03160523623228073
autotransformer,2,123,train_110,1,0.375646710395813,0.5866109132766724,0.01695859245955944,0.015631720423698425,0.005152017343789339
autotransformer,2,123,train_111,3,0.00811080913990736,0.4544595181941986,0.5231727957725525,0.009545746259391308,0.004711128771305084
autotransformer,2,123,train_112,1,0.3076975643634796,0.417330801486969,0.14123165607452393,0.04960929974913597,0.0841306820511818
autotransformer,2,123,train_113,3,0.09671525657176971,0.12037772685289383,0.08030045032501221,0.37083151936531067,0.3317749798297882
autotransformer,2,123,train_114,3,0.0200047604739666,0.036924026906490326,0.1971985399723053,0.19629904627799988,0.5495736002922058
autotransformer,2,123,train_115,3,0.1101011261343956,0.12128739058971405,0.4361763894557953,0.19565746188163757,0.1367775797843933
autotransformer,2,123,train_116,4,0.04599931463599205,0.07464557141065598,0.2622765898704529,0.4731822609901428,0.14389629662036896
autotransformer,2,123,train_117,1,0.3940929174423218,0.3494004011154175,0.09238018095493317,0.057673487812280655,0.10645294934511185
autotransformer,2,123,train_118,2,0.2995392680168152,0.46772700548171997,0.11862558871507645,0.05750931799411774,0.05659882724285126
autotransformer,2,123,train_119,2,0.24225416779518127,0.5872353911399841,0.12402123957872391,0.02639222890138626,0.020096952095627785
autotransformer,2,123,train_120,5,0.016133327037096024,0.019858388230204582,0.07041872292757034,0.15254773199558258,0.7410417795181274
autotransformer,2,ensemble,train_001,2,0.1610415274820601,0.821482519308726,0.005730559806882714,0.005647409624846962,0.006097951462531152
autotransformer,2,ensemble,train_002,5,0.019947266516586144,0.36735181758801144,0.21944348141551018,0.15334430903506777,0.2399130774041017
autotransformer,2,ensemble,train_003,2,0.013458520950128635,0.5068695296843847,0.46466287101308507,0.0050250425895986455,0.00998404030300056
autotransformer,2,ensemble,train_004,4,0.041914072954872005,0.049018162613113724,0.3770940387621522,0.48147716124852497,0.05049658132096132
autotransformer,2,ensemble,train_005,5,0.016040003237624962,0.04667458186546961,0.37013939023017883,0.3513876497745514,0.21575831746061644
autotransformer,2,ensemble,train_006,2,0.052289007852474846,0.8488846023877462,0.06394523071746032,0.02977119976033767,0.005109965257967512
autotransformer,2,ensemble,train_007,2,0.06624195026233792,0.5758184989293417,0.3212524962921937,0.023003055966303993,0.013684027401419977
autotransformer,2,ensemble,train_008,5,0.03609120015365382,0.031376280511418976,0.08788363573451836,0.26180967191855115,0.5828391909599304
autotransformer,2,ensemble,train_009,3,0.0557084068035086,0.24897259675587216,0.23403396115948757,0.4543604105710983,0.006924626727898915
autotransformer,2,ensemble,train_010,2,0.11050923665364583,0.8642885684967041,0.017962924670428038,0.005069380655186251,0.0021698648342862725
autotransformer,2,ensemble,train_011,3,0.024116676300764084,0.2773018603523572,0.662010908126831,0.011968732190628847,0.024601839599199593
autotransformer,2,ensemble,train_012,5,0.052893894414107,0.27800853302081424,0.03641981134812037,0.1854879738142093,0.4471897582213084
autotransformer,2,ensemble,train_013,2,0.019278216330955427,0.21874966969092688,0.6814324855804443,0.03646922018378973,0.04407038322339455
autotransformer,2,ensemble,train_014,5,0.03672046024197092,0.03746386927862962,0.0331725936945683,0.07704033725894988,0.8156027396519979
autotransformer,2,ensemble,train_015,3,0.029154018343736727,0.7055874268213908,0.2531022820621729,0.008334773185197264,0.003821526469740396
autotransformer,2,ensemble,train_016,4,0.0488818883507823,0.003730899225047324,0.013256642414489761,0.11657045740867034,0.817560096581777
autotransformer,2,ensemble,train_017,2,0.5411392450332642,0.33256016423304874,0.0984895439663281,0.010397084290161729,0.017413929842102032
autotransformer,2,ensemble,train_018,5,0.06774191185832024,0.024325692405303318,0.062198216716448464,0.033081295589605965,0.8126528660456339
autotransformer,2,ensemble,train_019,3,0.05794446045668641,0.3182119804744919,0.5863405168056488,0.017223351911525242,0.020279659326964367
autotransformer,2,ensemble,train_020,2,0.21492133072266975,0.7137088378270467,0.04556948598474264,0.014738791214767843,0.01106156673146567
autotransformer,2,ensemble,train_021,5,0.0075749438353038085,0.01527816957483689,0.48580180915693444,0.0238583671549956,0.4674867441256841
autotransformer,2,ensemble,train_022,4,0.25270455578962964,0.20238301903009415,0.016933461651206017,0.4702148027718067,0.057764136542876564
autotransformer,2,ensemble,train_023,3,0.023864618812998135,0.11956106312572956,0.6101300716400146,0.19270341843366623,0.0537408155699571
autotransformer,2,ensemble,train_024,5,0.02697101670006911,0.06903501475850742,0.3163090907037258,0.03885164981087049,0.5488331913948059
autotransformer,2,ensemble,train_025,5,0.0056208658691806095,0.0025349399462963143,0.04895840833584467,0.06152928674904009,0.8813564578692118
autotransformer,2,ensemble,train_026,3,0.03767364347974459,0.13156051437060037,0.6045504808425903,0.20924473305543265,0.01697062390546004
autotransformer,2,ensemble,train_027,2,0.03173289634287357,0.77702796459198,0.1639579807718595,0.02117123392721017,0.0061098932443807525
autotransformer,2,ensemble,train_028,4,0.009497915030806325,0.03139982032977665,0.377241591612498,0.5731967588265737,0.008663902825598294
autotransformer,2,ensemble,train_029,2,0.09224601221891741,0.8314512372016907,0.036683277789658554,0.017771826148115604,0.021847589375587024
autotransformer,2,ensemble,train_030,5,0.0029274234281425984,0.016018936614273116,0.9608784317970276,0.007256031851284206,0.012919145481040081
autotransformer,2,ensemble,train_031,4,0.04399781612058481,0.04159167044175168,0.1020194124430418,0.7760140498479208,0.03637705425110956
autotransformer,2,ensemble,train_032,3,0.012991375590596968,0.022118272453856964,0.0951056649403957,0.03710445355197104,0.8326803048451742
autotransformer,2,ensemble,train_033,1,0.6172231733798981,0.3368675410747528,0.00758207100443542,0.0313008230101938,0.007026371352064113
autotransformer,2,ensemble,train_034,2,0.056226687816282116,0.6406416644652685,0.030463940774401028,0.0067273525055497885,0.2659403393045068
autotransformer,2,ensemble,train_035,2,0.5797780354817709,0.26251842081546783,0.0949090098341306,0.04514961006740729,0.017644912004470825
autotransformer,2,ensemble,train_036,2,0.01861226682861646,0.29917871455351513,0.6663677990436554,0.00503488426329568,0.010806312474111715
autotransformer,2,ensemble,train_037,2,0.11799151411590476,0.8603053689002991,0.006947697183932178,0.007258405302612421,0.007496972677472513
autotransformer,2,ensemble,train_038,3,0.039482081032474525,0.029720117459267687,0.7056857049465179,0.0961560014790545,0.1289560653579732
autotransformer,2,ensemble,train_039,3,0.0608539953827858,0.08196612199147542,0.31208162009716034,0.43720434109369916,0.10789391646782558
autotransformer,2,ensemble,train_040,2,0.10685547348111868,0.8682396610577902,0.018549947378536064,0.0036067596617309996,0.0027481224290871373
autotransformer,2,ensemble,train_041,3,0.003786051020748952,0.04004490203806199,0.9444574316342672,0.005251318007746401,0.006460340480164935
autotransformer,2,ensemble,train_042,2,0.008980958994167546,0.005144053837284446,0.03740979731082916,0.35618919134140015,0.592275987068812
autotransformer,2,ensemble,train_043,4,0.017757075217862923,0.22878110230279466,0.22857835640509924,0.5128840034206709,0.011999406851828098
autotransformer,2,ensemble,train_044,3,0.00799015616697337,0.2341119290019075,0.7453134655952454,0.007359046081546694,0.005225371382645487
autotransformer,2,ensemble,train_045,3,0.0026394940990333757,0.017650184803642333,0.9127136468887329,0.021366882137954235,0.045629811783631645
autotransformer,2,ensemble,train_046,4,0.21440422038237253,0.7562079032262167,0.014179821436603865,0.009650514150659243,0.005557494626070063
autotransformer,2,ensemble,train_047,2,0.02411641615132491,0.47072892387708026,0.49257182081540424,0.005293111103431632,0.007289766023556392
autotransformer,2,ensemble,train_048,4,0.036359013232868165,0.03117425398280223,0.053647226615188025,0.804477204879125,0.07434232210895668
autotransformer,2,ensemble,train_049,2,0.05212906748056412,0.8259086410204569,0.10091311608751614,0.01577099785208702,0.0052781296738733845
autotransformer,2,ensemble,train_050,4,0.06725386343896389,0.32120222846666974,0.422452578941981,0.17214704801638922,0.016944285482168198
autotransformer,2,ensemble,train_051,3,0.011078012745808033,0.2768207103945315,0.700851837793986,0.006864732597023249,0.004384722820153304
autotransformer,2,ensemble,train_052,3,0.02788425306789577,0.04379562529114386,0.3037683606768648,0.6157542417446772,0.008797508082352579
autotransformer,2,ensemble,train_053,3,0.015226070613910755,0.1429362278431654,0.7690619428952535,0.0658257541557153,0.0069500004562238855
autotransformer,2,ensemble,train_054,2,0.02125801965788317,0.8773549596468607,0.08716396273424228,0.011798985186032951,0.002424107022913328
autotransformer,2,ensemble,train_055,3,0.04312621967013305,0.03191979920181135,0.7780122657616934,0.10023561624499659,0.04670606483705342
autotransformer,2,ensemble,train_056,1,0.9328790903091431,0.051366656397779785,0.0037115998372125127,0.006025322635347645,0.006017334953260918
autotransformer,2,ensemble,train_057,1,0.04029244743287563,0.8375627795855204,0.09307779123385747,0.024386946111917496,0.004680033773183823
autotransformer,2,ensemble,train_058,1,0.7664559880892435,0.13399124145507812,0.019388992339372635,0.07064674546321233,0.009517010301351547
autotransformer,2,ensemble,train_059,2,0.2575562695662181,0.6571880181630453,0.0264984214057525,0.046063354859749474,0.012693897821009159
autotransformer,2,ensemble,train_060,3,0.100555715461572,0.27264906962712604,0.5866219401359558,0.022105806817611057,0.018067476029197376
autotransformer,2,ensemble,train_061,2,0.08411406389980887,0.8200759887695312,0.062002737851192556,0.016484477624544525,0.017322680175614853
autotransformer,2,ensemble,train_062,3,0.024056858111483354,0.3333880851666133,0.6117297212282816,0.01404745834103475,0.01677785119197021
autotransformer,2,ensemble,train_063,2,0.28003455698490143,0.19456047813097635,0.03258990248044332,0.410278578599294,0.08253651981552441
autotransformer,2,ensemble,train_064,2,0.05073000219029685,0.716641495625178,0.1952996269489328,0.019289305001924124,0.018039581399837818
autotransformer,2,ensemble,train_065,3,0.02312847102681796,0.36276490489641827,0.6022646029790243,0.006027232894363503,0.005814791773445904
autotransformer,2,ensemble,train_066,2,0.7154358724753062,0.20448515036453804,0.009100959842423132,0.05868582815552751,0.012292209459701553
autotransformer,2,ensemble,train_067,3,0.08116641361266375,0.0860765129327774,0.6506381432215372,0.1491245155533155,0.032994378047684826
autotransformer,2,ensemble,train_068,3,0.01553730665667293,0.7656254967053732,0.2086557069172462,0.006455762505841752,0.0037256949969256916
autotransformer,2,ensemble,train_069,2,0.6975137790044149,0.11170490086078644,0.024897087986270588,0.14284063130617142,0.023043580974141758
autotransformer,2,ensemble,train_070,2,0.05668629106367007,0.5432981749375662,0.362176572283109,0.019749967473520275,0.018089009371275704
autotransformer,2,ensemble,train_071,4,0.028128940272533026,0.04021456104237586,0.037581728072836995,0.75630650917689,0.13776825333479792
autotransformer,2,ensemble,train_072,4,0.13650606386363506,0.009987138415453956,0.01205578655935824,0.681668202082316,0.15978282410651445
autotransformer,2,ensemble,train_073,2,0.1772740830977758,0.7682305574417114,0.026176716511448223,0.024876082005600136,0.003442537117128571
autotransformer,2,ensemble,train_074,3,0.023342943129440148,0.2764750123023987,0.6700011293093363,0.016893590800464153,0.013287323371817669
autotransformer,2,ensemble,train_075,2,0.020708237774670124,0.5712293386459351,0.37043118476867676,0.02458822789291541,0.013043059191356102
autotransformer,2,ensemble,train_076,2,0.07807280800382917,0.9081666469573975,0.006190070120889383,0.005164633150949764,0.002405843304586597
autotransformer,2,ensemble,train_077,3,0.0033498902921564877,0.0277202552339683,0.915118396282196,0.007916068968673548,0.0458954069763422
autotransformer,2,ensemble,train_078,3,0.07008657356103261,0.07464942584435146,0.24188031256198883,0.023216241970658302,0.5901674429575602
autotransformer,2,ensemble,train_079,2,0.8740618427594503,0.11219660937786102,0.005211488343775272,0.004816572453516225,0.0037134698359295726
autotransformer,2,ensemble,train_080,1,0.6006410916646322,0.24100841830174127,0.1195359059299032,0.021460665079454582,0.01735389108459155
autotransformer,2,ensemble,train_081,3,0.012339593583116462,0.25956519884251367,0.7167854309082031,0.004654704559167537,0.006655104819704623
autotransformer,2,ensemble,train_082,3,0.06220606823141376,0.7594413757324219,0.018195873592048883,0.023269042023457587,0.13688759040087461
autotransformer,2,ensemble,train_083,1,0.02679703679556648,0.3596032535036405,0.40739116569360095,0.092652435026442,0.11355610416891675
autotransformer,2,ensemble,train_084,5,0.012767332217966517,0.018952825106680393,0.16486187155048052,0.16923459246754646,0.6341833670934042
autotransformer,2,ensemble,train_085,3,0.7525721788406372,0.12628129380755126,0.014403914683498442,0.012864018479983011,0.09387862247725327
autotransformer,2,ensemble,train_086,2,0.05074834916740656,0.7326439817746481,0.18134091918667158,0.013683501204165319,0.021583215954403084
autotransformer,2,ensemble,train_087,3,0.030602239217841998,0.03980128121717522,0.058259282008899994,0.7750964760780334,0.09624071706396838
autotransformer,2,ensemble,train_088,2,0.3369227200746536,0.06903316577275594,0.27768857528765994,0.04348941147327423,0.2728661621610324
autotransformer,2,ensemble,train_089,2,0.04699725890532136,0.4708872338136037,0.2831732053309679,0.13271095479528108,0.06623132883881529
autotransformer,2,ensemble,train_090,4,0.23426070933540663,0.0870582815259695,0.24610013514757156,0.36038417741656303,0.07219669719537099
autotransformer,2,ensemble,train_091,2,0.005796059259713123,0.06179568971856497,0.9207818905512491,0.00709021349515145,0.004536164502496831
autotransformer,2,ensemble,train_092,2,0.02374688070267439,0.8379252751668295,0.12595445942133665,0.0048375361851261305,0.007535868634780248
autotransformer,2,ensemble,train_093,3,0.030275368136547815,0.4657949750156452,0.39887302927672863,0.03599734584956119,0.06905928999185562
autotransformer,2,ensemble,train_094,3,0.10831479837361258,0.2113268532169362,0.6259024937947592,0.020146727472213872,0.0343090818884472
autotransformer,2,ensemble,train_095,3,0.009700481857483586,0.02795928670093417,0.5299410621325175,0.04858218723287185,0.38381702204545337
autotransformer,2,ensemble,train_096,2,0.1088287488091737,0.7737497786680857,0.03254042195233827,0.02976869336028661,0.055112330737756565
autotransformer,2,ensemble,train_097,3,0.06821719029297431,0.6619160374005636,0.2162677844365438,0.012005499709630385,0.041593496105633676
autotransformer,2,ensemble,train_098,1,0.014348884054925293,0.1871472824520121,0.30230528364578885,0.48385851333538693,0.012340014334768057
autotransformer,2,ensemble,train_099,3,0.05966766783967614,0.05267397097001473,0.1914962356289228,0.6574442585309347,0.03871784242801368
autotransformer,2,ensemble,train_100,5,0.027322696007710572,0.05429347317355374,0.08079764503054321,0.06622409385939439,0.7713620960712433
autotransformer,2,ensemble,train_101,2,0.0690516051739299,0.4281580075621605,0.44728253688663244,0.024019749015375663,0.03148810309357941
autotransformer,2,ensemble,train_102,2,0.29951686908801395,0.6302521626154581,0.03889465564861894,0.02047291425211976,0.010863411870862668
autotransformer,2,ensemble,train_103,3,0.040825726153949894,0.15599722353120646,0.5456382830937704,0.23193554331858954,0.025603170196215313
autotransformer,2,ensemble,train_104,1,0.8079118927319845,0.16007310710847378,0.018031776814799134,0.010219243820756674,0.0037639647198375314
autotransformer,2,ensemble,train_105,4,0.28010232498248416,0.08460469047228496,0.08691927790641785,0.20480406284332275,0.34356966614723206
autotransformer,2,ensemble,train_106,1,0.8064967195192972,0.11158918682485819,0.03779926818485061,0.018820035581787426,0.025294795477141935
autotransformer,2,ensemble,train_107,3,0.03400656171531106,0.2755528974036376,0.6615050832430521,0.011594021071990332,0.01734144341511031
autotransformer,2,ensemble,train_108,1,0.5471822023391724,0.37637924154599506,0.009725797009499123,0.057559894087413944,0.009152885681639114
autotransformer,2,ensemble,train_109,3,0.022039172142588843,0.22165761763850847,0.7231417496999105,0.012481389179204902,0.02068009867798537
autotransformer,2,ensemble,train_110,1,0.4320068657398224,0.5088092088699341,0.019536407043536503,0.0322242071852088,0.007423287567993005
autotransformer,2,ensemble,train_111,3,0.022756697920461495,0.39993621905644733,0.5484894712766012,0.01746425436188777,0.011353333480656147
autotransformer,2,ensemble,train_112,1,0.29432011644045514,0.610552986462911,0.04807986858456085,0.018166902795201167,0.02888013971581434
autotransformer,2,ensemble,train_113,3,0.03589095073402859,0.043667032305772104,0.029100153042236343,0.7500981986522675,0.14124361000722274
autotransformer,2,ensemble,train_114,3,0.011053492741969725,0.01943045435473323,0.2161033277710279,0.10850505779186885,0.644907663265864
autotransformer,2,ensemble,train_115,3,0.03712960160434401,0.04869181586157841,0.8006003201007843,0.06724288528009008,0.04633538001022922
autotransformer,2,ensemble,train_116,4,0.023972968260447185,0.036861886425564684,0.21376985808213553,0.6483019987742106,0.07709331158548594
autotransformer,2,ensemble,train_117,1,0.7177881399790446,0.19300335521499315,0.031421115583119295,0.021272152720484883,0.03651521440284947
autotransformer,2,ensemble,train_118,2,0.1412472401279956,0.7784691651662191,0.040796551950431116,0.020237896634474357,0.019249119749777794
autotransformer,2,ensemble,train_119,2,0.13093261669079462,0.7689553300539652,0.07927831479658683,0.011183290674428767,0.009650453735957853
autotransformer,2,ensemble,train_120,5,0.00956357573159039,0.011051085389529666,0.04413627771039804,0.0699648386798799,0.8652842044830322
autotransformer,3,42,train_001,2,0.22321295738220215,0.733543872833252,0.01916641928255558,0.016220221295952797,0.007856510579586029
autotransformer,3,42,train_002,5,0.0226962398737669,0.08294051140546799,0.2201949805021286,0.5040201544761658,0.1701480746269226
autotransformer,3,42,train_003,2,0.14494970440864563,0.37150144577026367,0.27646762132644653,0.09374742954969406,0.1133338138461113
autotransformer,3,42,train_004,4,0.10491161793470383,0.03859112784266472,0.166982501745224,0.6688801646232605,0.020634615793824196
autotransformer,3,42,train_005,5,0.01166724693030119,0.029092250391840935,0.15369267761707306,0.6541656255722046,0.15138211846351624
autotransformer,3,42,train_006,2,0.1418614238500595,0.8066419363021851,0.02879541926085949,0.017992151901125908,0.004709088709205389
autotransformer,3,42,train_007,2,0.01787431538105011,0.23239538073539734,0.7264324426651001,0.014186764135956764,0.009111142717301846
autotransformer,3,42,train_008,5,0.06422201544046402,0.021904125809669495,0.17359426617622375,0.5048114061355591,0.23546814918518066
autotransformer,3,42,train_009,3,0.07994229346513748,0.055140964686870575,0.3731755316257477,0.4724341630935669,0.019307037815451622
autotransformer,3,42,train_010,2,0.09098241478204727,0.8194006681442261,0.07164160907268524,0.013238486833870411,0.004736839793622494
autotransformer,3,42,train_011,3,0.10169310122728348,0.3276558816432953,0.3449934422969818,0.10889159888029099,0.11676591634750366
autotransformer,3,42,train_012,5,0.48723408579826355,0.16848793625831604,0.08396393060684204,0.07537785917520523,0.18493618071079254
autotransformer,3,42,train_013,2,0.05314217507839203,0.11193759739398956,0.3801914155483246,0.3227831721305847,0.1319456249475479
autotransformer,3,42,train_014,5,0.023146457970142365,0.04697630554437637,0.03670724853873253,0.208919495344162,0.6842504143714905
autotransformer,3,42,train_015,3,0.028411801904439926,0.5415006279945374,0.3978845179080963,0.025005808100104332,0.00719731068238616
autotransformer,3,42,train_016,4,0.14146481454372406,0.11197327077388763,0.2022162675857544,0.12923425436019897,0.4151114225387573
autotransformer,3,42,train_017,2,0.7049137949943542,0.12183190137147903,0.12618118524551392,0.024579215794801712,0.022493932396173477
autotransformer,3,42,train_018,5,0.02380955033004284,0.018939534202218056,0.04708988964557648,0.07223561406135559,0.8379254341125488
autotransformer,3,42,train_019,3,0.02315489947795868,0.44069844484329224,0.5113241076469421,0.015778349712491035,0.009044219739735126
autotransformer,3,42,train_020,2,0.18086695671081543,0.7346295118331909,0.042714640498161316,0.03709035366773605,0.004698531236499548
autotransformer,3,42,train_021,5,0.05683206766843796,0.08462075144052505,0.32725149393081665,0.3869854509830475,0.14431032538414001
autotransformer,3,42,train_022,4,0.14111022651195526,0.039600636810064316,0.026263132691383362,0.6389538645744324,0.15407221019268036
autotransformer,3,42,train_023,3,0.006663464475423098,0.0427635982632637,0.49613067507743835,0.42948997020721436,0.024952298030257225
autotransformer,3,42,train_024,5,0.03776600956916809,0.17892909049987793,0.3237145245075226,0.07406151294708252,0.38552892208099365
autotransformer,3,42,train_025,5,0.007763547357171774,0.008604341186583042,0.02851032093167305,0.052540119737386703,0.9025816321372986
autotransformer,3,42,train_026,3,0.01663188450038433,0.04934783652424812,0.8162732720375061,0.10635645687580109,0.011390465311706066
autotransformer,3,42,train_027,2,0.031127698719501495,0.6257550120353699,0.31655845046043396,0.02061309851706028,0.0059457034803926945
autotransformer,3,42,train_028,4,0.017296072095632553,0.03172283619642258,0.6082779765129089,0.32102543115615845,0.02167772874236107
autotransformer,3,42,train_029,2,0.4556958079338074,0.31605085730552673,0.08427705615758896,0.06736012548208237,0.07661610841751099
autotransformer,3,42,train_030,5,0.020493751391768456,0.03289760649204254,0.5708869695663452,0.1024804338812828,0.27324119210243225
autotransformer,3,42,train_031,4,0.02112368680536747,0.053539860993623734,0.7354376912117004,0.17755162715911865,0.012347198091447353
autotransformer,3,42,train_032,3,0.05788080766797066,0.1315649151802063,0.35807085037231445,0.30076342821121216,0.15171997249126434
autotransformer,3,42,train_033,1,0.6357383131980896,0.20964445173740387,0.014173868112266064,0.10990063846111298,0.030542690306901932
autotransformer,3,42,train_034,2,0.01083932165056467,0.19629056751728058,0.7587053775787354,0.01451673824340105,0.019648002460598946
autotransformer,3,42,train_035,2,0.07186444103717804,0.1313720941543579,0.7455852627754211,0.03718404099345207,0.01399423647671938
autotransformer,3,42,train_036,2,0.08500391989946365,0.27381327748298645,0.3745962083339691,0.1374884992837906,0.1290980726480484
autotransformer,3,42,train_037,2,0.0692792683839798,0.7105280756950378,0.15440092980861664,0.051824189722537994,0.013967541977763176
autotransformer,3,42,train_038,3,0.020923888310790062,0.024656299501657486,0.6671213507652283,0.2436935007572174,0.04360491782426834
autotransformer,3,42,train_039,3,0.010661478154361248,0.03264351189136505,0.40074819326400757,0.0970579981803894,0.4588887691497803
autotransformer,3,42,train_040,2,0.08358125388622284,0.871437668800354,0.028633808717131615,0.011257346719503403,0.005089980084449053
autotransformer,3,42,train_041,3,0.009456967003643513,0.0976727306842804,0.8604452610015869,0.025980722159147263,0.00644428888335824
autotransformer,3,42,train_042,2,0.05359609052538872,0.023622633889317513,0.039774756878614426,0.45294469594955444,0.43006178736686707
autotransformer,3,42,train_043,4,0.013804057613015175,0.04077206552028656,0.1675664782524109,0.6097267270088196,0.16813072562217712
autotransformer,3,42,train_044,3,0.012824656441807747,0.3003690540790558,0.6539885401725769,0.02218206785619259,0.010635685175657272
autotransformer,3,42,train_045,3,0.013982880860567093,0.045262660831213,0.820514440536499,0.08887362480163574,0.03136645257472992
autotransformer,3,42,train_046,4,0.21702387928962708,0.43816226720809937,0.1498126983642578,0.08443159610033035,0.11056962609291077
autotransformer,3,42,train_047,2,0.02256869152188301,0.4605987071990967,0.4920887351036072,0.01642092876136303,0.008322961628437042
autotransformer,3,42,train_048,4,0.011047326028347015,0.029033303260803223,0.06228858232498169,0.8831617832183838,0.01446907315403223
autotransformer,3,42,train_049,2,0.07690678536891937,0.8054020404815674,0.09162463247776031,0.021945292130112648,0.004121157806366682
autotransformer,3,42,train_050,4,0.03247249498963356,0.5023923516273499,0.25170832872390747,0.1996692270040512,0.013757610693573952
autotransformer,3,42,train_051,3,0.10200675576925278,0.29865050315856934,0.3591271936893463,0.13668499886989594,0.10353049635887146
autotransformer,3,42,train_052,3,0.10832395404577255,0.11926433444023132,0.2901288568973541,0.46597516536712646,0.016307640820741653
autotransformer,3,42,train_053,3,0.02366762049496174,0.4484643340110779,0.5046986937522888,0.014978361316025257,0.008191036991775036
autotransformer,3,42,train_054,2,0.04673198238015175,0.7630605697631836,0.1581093966960907,0.025775069370865822,0.006322966888546944
autotransformer,3,42,train_055,3,0.05640809237957001,0.0914015993475914,0.33894917368888855,0.39722752571105957,0.11601366102695465
autotransformer,3,42,train_056,1,0.8633406758308411,0.06375980377197266,0.007042232435196638,0.05473871901631355,0.01111853588372469
autotransformer,3,42,train_057,1,0.1603740006685257,0.4103759527206421,0.2247452437877655,0.11184187978506088,0.09266285598278046
autotransformer,3,42,train_058,1,0.8847749829292297,0.04157909005880356,0.004291063640266657,0.06268037110567093,0.006674457341432571
autotransformer,3,42,train_059,2,0.4612002372741699,0.2191084921360016,0.08778995275497437,0.07376359403133392,0.158137708902359
autotransformer,3,42,train_060,3,0.3501643240451813,0.6075600981712341,0.023347167298197746,0.0132049061357975,0.005723507609218359
autotransformer,3,42,train_061,2,0.06117435544729233,0.80352383852005,0.11053379625082016,0.02011469006538391,0.004653340205550194
autotransformer,3,42,train_062,3,0.014782565645873547,0.32971107959747314,0.6235156059265137,0.02242407761514187,0.009566668421030045
autotransformer,3,42,train_063,2,0.5501990914344788,0.1719677895307541,0.06084200739860535,0.11131468415260315,0.10567644238471985
autotransformer,3,42,train_064,2,0.01846517249941826,0.5144224166870117,0.44762545824050903,0.011929812841117382,0.00755710806697607
autotransformer,3,42,train_065,3,0.01767299883067608,0.4948970079421997,0.46893244981765747,0.012166699394583702,0.0063308849930763245
autotransformer,3,42,train_066,2,0.082240030169487,0.8335402011871338,0.059965118765830994,0.017838740721344948,0.0064159263856709
autotransformer,3,42,train_067,3,0.04652785509824753,0.1769077479839325,0.4897065758705139,0.2704122066497803,0.016445595771074295
autotransformer,3,42,train_068,3,0.03210027143359184,0.6738871335983276,0.2715785503387451,0.016382742673158646,0.00605124281719327
autotransformer,3,42,train_069,2,0.8486314415931702,0.022971324622631073,0.016156941652297974,0.06451303511857986,0.047727346420288086
autotransformer,3,42,train_070,2,0.12266497313976288,0.35251203179359436,0.31135794520378113,0.10926086455583572,0.10420414060354233
autotransformer,3,42,train_071,4,0.10321696102619171,0.020657559856772423,0.08571528643369675,0.7647231817245483,0.025687096640467644
autotransformer,3,42,train_072,4,0.5447670221328735,0.1385386884212494,0.06780148297548294,0.09564293920993805,0.1532498002052307
autotransformer,3,42,train_073,2,0.11378075182437897,0.26827871799468994,0.31941723823547363,0.19226133823394775,0.10626193135976791
autotransformer,3,42,train_074,3,0.07914955168962479,0.23339471220970154,0.40852147340774536,0.16277143359184265,0.11616279929876328
autotransformer,3,42,train_075,2,0.026294181123375893,0.6828622221946716,0.2570130228996277,0.01690484583377838,0.016925757750868797
autotransformer,3,42,train_076,2,0.07954331487417221,0.8517618179321289,0.04826250299811363,0.01544930785894394,0.004983063787221909
autotransformer,3,42,train_077,3,0.010420712642371655,0.11338184028863907,0.8314428925514221,0.015225648880004883,0.029528852552175522
autotransformer,3,42,train_078,3,0.0527777224779129,0.042267441749572754,0.08304021507501602,0.023688379675149918,0.7982262372970581
autotransformer,3,42,train_079,2,0.8388317823410034,0.13694003224372864,0.0037148070987313986,0.015734832733869553,0.004778598435223103
autotransformer,3,42,train_080,1,0.6993387937545776,0.2680847942829132,0.011568917892873287,0.014797132462263107,0.006210397928953171
autotransformer,3,42,train_081,3,0.13188491761684418,0.36164411902427673,0.29248741269111633,0.10046260803937912,0.11352093517780304
autotransformer,3,42,train_082,3,0.03095548413693905,0.6820154190063477,0.08557628840208054,0.1188986673951149,0.08255414664745331
autotransformer,3,42,train_083,1,0.023173615336418152,0.0750041976571083,0.41640186309814453,0.023242797702550888,0.4621776342391968
autotransformer,3,42,train_084,5,0.007340975105762482,0.013608114793896675,0.17743225395679474,0.03163456544280052,0.7699841856956482
autotransformer,3,42,train_085,3,0.03530450165271759,0.030131997540593147,0.062081873416900635,0.02684248611330986,0.8456391096115112
autotransformer,3,42,train_086,2,0.17574122548103333,0.7671474814414978,0.03851544111967087,0.009915103204548359,0.008680724538862705
autotransformer,3,42,train_087,3,0.0944800153374672,0.022281819954514503,0.12868957221508026,0.7307317852973938,0.02381683886051178
autotransformer,3,42,train_088,2,0.06230051815509796,0.0509689562022686,0.5021686553955078,0.08771556615829468,0.29684633016586304
autotransformer,3,42,train_089,2,0.3617236912250519,0.07339286059141159,0.31061041355133057,0.2260882705450058,0.028184793889522552
autotransformer,3,42,train_090,4,0.05308813229203224,0.06362157315015793,0.6679894924163818,0.18624655902385712,0.029054274782538414
autotransformer,3,42,train_091,2,0.021361105144023895,0.1461031436920166,0.8023825883865356,0.02472466416656971,0.005428549833595753
autotransformer,3,42,train_092,2,0.047203317284584045,0.3971651494503021,0.3404959738254547,0.12952688336372375,0.08560866862535477
autotransformer,3,42,train_093,3,0.08326386660337448,0.20599576830863953,0.3058280944824219,0.243341326713562,0.16157099604606628
autotransformer,3,42,train_094,3,0.03928554430603981,0.5423337817192078,0.39496031403541565,0.01032014936208725,0.013100214302539825
autotransformer,3,42,train_095,3,0.014361037872731686,0.030775992199778557,0.671139121055603,0.14038650691509247,0.14333735406398773
autotransformer,3,42,train_096,2,0.11218852549791336,0.5077940821647644,0.1372213512659073,0.17181730270385742,0.07097871601581573
autotransformer,3,42,train_097,3,0.5083023905754089,0.20741190016269684,0.09510859102010727,0.06249474734067917,0.1266823261976242
autotransformer,3,42,train_098,1,0.013301572762429714,0.08829967677593231,0.06659040600061417,0.809532642364502,0.022275729104876518
autotransformer,3,42,train_099,3,0.02696695178747177,0.053236376494169235,0.12477144598960876,0.7710584402084351,0.0239667110145092
autotransformer,3,42,train_100,5,0.06799393147230148,0.08614268898963928,0.26570063829421997,0.43618881702423096,0.14397390186786652
autotransformer,3,42,train_101,2,0.028218233957886696,0.6588402390480042,0.2874338626861572,0.01874530129134655,0.006762372329831123
autotransformer,3,42,train_102,2,0.16511082649230957,0.7047796845436096,0.061048444360494614,0.06378395855426788,0.005276987329125404
autotransformer,3,42,train_103,3,0.010099198669195175,0.02622797340154648,0.24702250957489014,0.5976582169532776,0.1189921572804451
autotransformer,3,42,train_104,1,0.13433320820331573,0.5690276622772217,0.19918929040431976,0.09034653753042221,0.007103307638317347
autotransformer,3,42,train_105,4,0.13732001185417175,0.030170807614922523,0.0873248428106308,0.3332422375679016,0.41194212436676025
autotransformer,3,42,train_106,1,0.8752317428588867,0.1017715185880661,0.0036756745539605618,0.013353112153708935,0.005967992823570967
autotransformer,3,42,train_107,3,0.01498536765575409,0.21279209852218628,0.7479034662246704,0.012279460206627846,0.012039628811180592
autotransformer,3,42,train_108,1,0.6431543231010437,0.25145047903060913,0.01558183878660202,0.0801798403263092,0.009633436799049377
autotransformer,3,42,train_109,3,0.015566084533929825,0.10875595360994339,0.8517744541168213,0.016678929328918457,0.0072245122864842415
autotransformer,3,42,train_110,1,0.45462509989738464,0.31787070631980896,0.08061986416578293,0.07680060714483261,0.07008364796638489
autotransformer,3,42,train_111,3,0.015934402123093605,0.3247167766094208,0.6325333714485168,0.014472957700490952,0.012342508882284164
autotransformer,3,42,train_112,1,0.4293511211872101,0.5162321925163269,0.025766896083950996,0.022746820002794266,0.005902932025492191
autotransformer,3,42,train_113,3,0.02080203779041767,0.020181627944111824,0.047736044973134995,0.7526788711547852,0.15860146284103394
autotransformer,3,42,train_114,3,0.008697793819010258,0.03492222726345062,0.4542618691921234,0.29468151926994324,0.20743654668331146
autotransformer,3,42,train_115,3,0.01166046317666769,0.033539269119501114,0.8130186796188354,0.12141096591949463,0.02037058398127556
autotransformer,3,42,train_116,4,0.012928745709359646,0.0432453490793705,0.2474214732646942,0.6600058078765869,0.03639863803982735
autotransformer,3,42,train_117,1,0.9011988639831543,0.03503017500042915,0.009733081795275211,0.036164235323667526,0.017873669043183327
autotransformer,3,42,train_118,2,0.10077076405286789,0.8367832899093628,0.03313488885760307,0.02286473475396633,0.0064463308081030846
autotransformer,3,42,train_119,2,0.06604672968387604,0.7724842429161072,0.14272677898406982,0.013337506912648678,0.005404784809798002
autotransformer,3,42,train_120,5,0.023460663855075836,0.01589665748178959,0.05425090342760086,0.09423501044511795,0.8121567368507385
autotransformer,3,7,train_001,2,0.09303907305002213,0.8886719942092896,0.01041309256106615,0.004541897680610418,0.003333934349939227
autotransformer,3,7,train_002,5,0.023015210404992104,0.017567070201039314,0.03700504079461098,0.794396698474884,0.12801608443260193
autotransformer,3,7,train_003,2,0.005638992413878441,0.0278162881731987,0.9533550143241882,0.0019185421988368034,0.01127115823328495
autotransformer,3,7,train_004,4,0.014493057504296303,0.014534221030771732,0.10049092769622803,0.838280439376831,0.03220130503177643
autotransformer,3,7,train_005,5,0.0072748190723359585,0.08714592456817627,0.8869672417640686,0.004314339254051447,0.01429771352559328
autotransformer,3,7,train_006,2,0.1655064821243286,0.7905148267745972,0.03228692337870598,0.0075250170193612576,0.004166800994426012
autotransformer,3,7,train_007,2,0.009454443119466305,0.04415861517190933,0.9326961636543274,0.009233899414539337,0.004456823691725731
autotransformer,3,7,train_008,5,0.014692051336169243,0.012381389737129211,0.0836254134774208,0.12623432278633118,0.7630667686462402
autotransformer,3,7,train_009,3,0.040750447660684586,0.036395978182554245,0.5161747336387634,0.38177892565727234,0.024899914860725403
autotransformer,3,7,train_010,2,0.06430903822183609,0.8953791260719299,0.03419448062777519,0.004118423443287611,0.0019989479333162308
autotransformer,3,7,train_011,3,0.0038172428030520678,0.0409107469022274,0.9459226131439209,0.0020013246685266495,0.00734812393784523
autotransformer,3,7,train_012,5,0.6465820670127869,0.02716391161084175,0.00697001488879323,0.03276711702346802,0.2865169644355774
autotransformer,3,7,train_013,2,0.002152543282136321,0.012804637663066387,0.9746729135513306,0.004122817423194647,0.00624701427295804
autotransformer,3,7,train_014,5,0.005621478892862797,0.01566324569284916,0.008287725038826466,0.014668513089418411,0.9557589888572693
autotransformer,3,7,train_015,3,0.010043035261332989,0.23340412974357605,0.7496570944786072,0.0020686942152678967,0.004827020689845085
autotransformer,3,7,train_016,4,0.14990352094173431,0.01889527589082718,0.01147953700274229,0.06807324290275574,0.7516483664512634
autotransformer,3,7,train_017,2,0.49874040484428406,0.2033531814813614,0.2641485929489136,0.016277752816677094,0.017480086535215378
autotransformer,3,7,train_018,5,0.022429147735238075,0.006750027649104595,0.028181185945868492,0.04210326820611954,0.9005364775657654
autotransformer,3,7,train_019,3,0.010006328113377094,0.2203599512577057,0.7624335885047913,0.0019508089171722531,0.005249352660030127
autotransformer,3,7,train_020,2,0.21598581969738007,0.7590152621269226,0.018302343785762787,0.005000026430934668,0.0016965267714112997
autotransformer,3,7,train_021,5,0.0027825988363474607,0.0016612117178738117,0.011712711304426193,0.0076794750057160854,0.9761640429496765
autotransformer,3,7,train_022,4,0.5158934593200684,0.08144445717334747,0.006081095896661282,0.16953769326210022,0.2270432859659195
autotransformer,3,7,train_023,3,0.002815231680870056,0.016162365674972534,0.5172579288482666,0.3020259141921997,0.1617385298013687
autotransformer,3,7,train_024,5,0.03737923875451088,0.7110381722450256,0.2093016356229782,0.002941466635093093,0.03933945670723915
autotransformer,3,7,train_025,5,0.0031441492028534412,0.005700400564819574,0.015809543430805206,0.03460957482457161,0.9407362341880798
autotransformer,3,7,train_026,3,0.02391083538532257,0.02169922925531864,0.8464916944503784,0.0802764743566513,0.027621855959296227
autotransformer,3,7,train_027,2,0.04464051499962807,0.5771245360374451,0.3618796169757843,0.005937398876994848,0.010417960584163666
autotransformer,3,7,train_028,4,0.032025717198848724,0.02114492654800415,0.40776151418685913,0.4909546375274658,0.04811318591237068
autotransformer,3,7,train_029,2,0.020188750699162483,0.9718995690345764,0.006316449958831072,0.0007450258708558977,0.0008502468699589372
autotransformer,3,7,train_030,5,0.021384742110967636,0.025510162115097046,0.4496428370475769,0.0602589026093483,0.44320327043533325
autotransformer,3,7,train_031,4,0.045696232467889786,0.027389749884605408,0.6065576672554016,0.2882271111011505,0.0321292020380497
autotransformer,3,7,train_032,3,0.002510448917746544,0.0019739666022360325,0.018292391672730446,0.006786135956645012,0.9704369902610779
autotransformer,3,7,train_033,1,0.37691718339920044,0.5420225858688354,0.018194135278463364,0.050321970134973526,0.012544084340333939
autotransformer,3,7,train_034,2,0.018535949289798737,0.26866528391838074,0.6852160692214966,0.003667467972263694,0.02391521818935871
autotransformer,3,7,train_035,2,0.21493074297904968,0.13324762880802155,0.594211995601654,0.03411559388041496,0.023494036868214607
autotransformer,3,7,train_036,2,0.004897069185972214,0.032706670463085175,0.9522382020950317,0.001709108822979033,0.008448938839137554
autotransformer,3,7,train_037,2,0.0339268296957016,0.9014438986778259,0.057396337389945984,0.0014700341271236539,0.005762858781963587
autotransformer,3,7,train_038,3,0.018977785483002663,0.017766186967492104,0.6950589418411255,0.10663557797670364,0.16156142950057983
autotransformer,3,7,train_039,3,0.008765894919633865,0.06783898919820786,0.029585370793938637,0.27211594581604004,0.6216937899589539
autotransformer,3,7,train_040,2,0.03959689289331436,0.9433781504631042,0.012182412669062614,0.0029138331301510334,0.0019286894239485264
autotransformer,3,7,train_041,3,0.021825183182954788,0.10325215011835098,0.8256206512451172,0.021763021126389503,0.027539033442735672
autotransformer,3,7,train_042,2,0.0221339650452137,0.00888685043901205,0.024023665115237236,0.7748003602027893,0.1701551228761673
autotransformer,3,7,train_043,4,0.00837223045527935,0.008214942179620266,0.770864725112915,0.1131959930062294,0.09935205429792404
autotransformer,3,7,train_044,3,0.005625058431178331,0.11982777714729309,0.8583132028579712,0.0075086806900799274,0.008725249208509922
autotransformer,3,7,train_045,3,0.00862597580999136,0.019065363332629204,0.8508691191673279,0.021465450525283813,0.09997409582138062
autotransformer,3,7,train_046,4,0.015246443450450897,0.9713700413703918,0.005657047498971224,0.0045316931791603565,0.003194796619936824
autotransformer,3,7,train_047,2,0.009689944796264172,0.24339079856872559,0.7399423718452454,0.0021541558671742678,0.004822768736630678
autotransformer,3,7,train_048,4,0.0021637591999024153,0.013257230632007122,0.04792457073926926,0.9206151962280273,0.01603923738002777
autotransformer,3,7,train_049,2,0.06538185477256775,0.86262047290802,0.06792929023504257,0.0027721882797777653,0.0012961679603904486
autotransformer,3,7,train_050,4,0.004647020250558853,0.02276897057890892,0.9025384783744812,0.03891678526997566,0.031128671020269394
autotransformer,3,7,train_051,3,0.004731631837785244,0.045534372329711914,0.9430640935897827,0.002269968157634139,0.004399927798658609
autotransformer,3,7,train_052,3,0.031082650646567345,0.030870631337165833,0.29335159063339233,0.6160187125205994,0.02867642417550087
autotransformer,3,7,train_053,3,0.015603210777044296,0.3940480053424835,0.577195942401886,0.005588380619883537,0.007564385887235403
autotransformer,3,7,train_054,2,0.026710696518421173,0.5286892652511597,0.4190250039100647,0.0190418791025877,0.006533143110573292
autotransformer,3,7,train_055,3,0.009823288768529892,0.005950726103037596,0.5085156559944153,0.4395453929901123,0.03616493567824364
autotransformer,3,7,train_056,1,0.8287379145622253,0.05736515671014786,0.01737029291689396,0.08201933652162552,0.014507184736430645
autotransformer,3,7,train_057,1,0.00579090416431427,0.9791130423545837,0.012977896258234978,0.0013093597954139113,0.0008087934693321586
autotransformer,3,7,train_058,1,0.8049437403678894,0.08032599091529846,0.008712494745850563,0.09630335122346878,0.009714419953525066
autotransformer,3,7,train_059,2,0.19757629930973053,0.7911861538887024,0.004360449034720659,0.0037091802805662155,0.003167880466207862
autotransformer,3,7,train_060,3,0.061714570969343185,0.6452465653419495,0.2760336101055145,0.008300294168293476,0.008704982697963715
autotransformer,3,7,train_061,2,0.03776384890079498,0.9344428181648254,0.025130053982138634,0.0011450445745140314,0.0015182995703071356
autotransformer,3,7,train_062,3,0.0077491020783782005,0.20324793457984924,0.7714899182319641,0.008613784797489643,0.00889930035918951
autotransformer,3,7,train_063,2,0.14417260885238647,0.36060282588005066,0.026162581518292427,0.43825864791870117,0.03080330230295658
autotransformer,3,7,train_064,2,0.027083955705165863,0.5187371373176575,0.440264493227005,0.0034599725622683764,0.01045448798686266
autotransformer,3,7,train_065,3,0.02333837002515793,0.3769373595714569,0.5843883752822876,0.004377108532935381,0.010958750732243061
autotransformer,3,7,train_066,2,0.3503534495830536,0.5464034080505371,0.039630547165870667,0.05481798201799393,0.008794580586254597
autotransformer,3,7,train_067,3,0.010294781997799873,0.01986098848283291,0.9481533765792847,0.014939838089048862,0.006750919856131077
autotransformer,3,7,train_068,3,0.011728640645742416,0.3590365946292877,0.6224936842918396,0.0023505629505962133,0.00439054612070322
autotransformer,3,7,train_069,2,0.07364324480295181,0.012166098691523075,0.01856803335249424,0.1178702861070633,0.7777523994445801
autotransformer,3,7,train_070,2,0.006346100475639105,0.07330264151096344,0.9118770956993103,0.0018439308041706681,0.006630239076912403
autotransformer,3,7,train_071,4,0.017808007076382637,0.017490912228822708,0.03529901057481766,0.9039312601089478,0.025470802560448647
autotransformer,3,7,train_072,4,0.5214395523071289,0.06523914635181427,0.011996816843748093,0.3228660523891449,0.07845832407474518
autotransformer,3,7,train_073,2,0.016719697043299675,0.955598771572113,0.0202192272990942,0.005997065920382738,0.0014651778619736433
autotransformer,3,7,train_074,3,0.0029674419201910496,0.01378859393298626,0.9755479693412781,0.0022281084675341845,0.005468018352985382
autotransformer,3,7,train_075,2,0.020931782200932503,0.8548996448516846,0.11532867699861526,0.004093814175575972,0.004746053367853165
autotransformer,3,7,train_076,2,0.0938517153263092,0.8686394095420837,0.030074067413806915,0.0033253158908337355,0.004109534900635481
autotransformer,3,7,train_077,3,0.00816894881427288,0.04595031589269638,0.8914568424224854,0.007317142561078072,0.04710675776004791
autotransformer,3,7,train_078,3,0.06451274454593658,0.04093550518155098,0.06854084879159927,0.030699310824275017,0.7953115105628967
autotransformer,3,7,train_079,2,0.571938693523407,0.40565937757492065,0.010442905128002167,0.006717723328620195,0.005241316743195057
autotransformer,3,7,train_080,1,0.1442735344171524,0.7992218136787415,0.048407524824142456,0.0028723168652504683,0.005224745720624924
autotransformer,3,7,train_081,3,0.005952076520770788,0.01241088006645441,0.9675946235656738,0.00247141788713634,0.011570991016924381
autotransformer,3,7,train_082,3,0.024841099977493286,0.7912160754203796,0.05476156249642372,0.028691234067082405,0.10049010068178177
autotransformer,3,7,train_083,1,0.10797150433063507,0.08093282580375671,0.724981963634491,0.04821479320526123,0.037898946553468704
autotransformer,3,7,train_084,5,0.0025960104539990425,0.004921306855976582,0.017733313143253326,0.013534040190279484,0.9612153172492981
autotransformer,3,7,train_085,3,0.010517059825360775,0.007172742858529091,0.010835565626621246,0.01776607148349285,0.9537085890769958
autotransformer,3,7,train_086,2,0.07122360914945602,0.8955056667327881,0.02702176757156849,0.003042601514607668,0.0032064225524663925
autotransformer,3,7,train_087,3,0.010882778093218803,0.014168575406074524,0.12494459748268127,0.7589108943939209,0.09109321236610413
autotransformer,3,7,train_088,2,0.16186529397964478,0.04529011622071266,0.724713921546936,0.0420432947576046,0.026087312027812004
autotransformer,3,7,train_089,2,0.17839454114437103,0.04686860740184784,0.4535572826862335,0.21856777369976044,0.10261187702417374
autotransformer,3,7,train_090,4,0.05135912075638771,0.02445022389292717,0.5363860726356506,0.34146472811698914,0.04633982107043266
autotransformer,3,7,train_091,2,0.051400043070316315,0.13240975141525269,0.7816731333732605,0.020962301641702652,0.013554824516177177
autotransformer,3,7,train_092,2,0.020744087174534798,0.07221069186925888,0.7788711190223694,0.01827629655599594,0.10989779978990555
autotransformer,3,7,train_093,3,0.01019073836505413,0.7056213021278381,0.25020670890808105,0.010658257640898228,0.02332298457622528
autotransformer,3,7,train_094,3,0.035385165363550186,0.3145226836204529,0.6228864192962646,0.004812996834516525,0.022392721846699715
autotransformer,3,7,train_095,3,0.016409415751695633,0.02958519756793976,0.5137783885002136,0.08034916967153549,0.3598778247833252
autotransformer,3,7,train_096,2,0.16813673079013824,0.6834965348243713,0.09202324599027634,0.027909589931368828,0.028433850035071373
autotransformer,3,7,train_097,3,0.03763147071003914,0.94173264503479,0.0182526633143425,0.00047137646470218897,0.0019117656629532576
autotransformer,3,7,train_098,1,0.002654483774676919,0.01782684400677681,0.12072987854480743,0.6389373540878296,0.21985141932964325
autotransformer,3,7,train_099,3,0.1843452751636505,0.6564404368400574,0.03711108863353729,0.07984602451324463,0.04225713014602661
autotransformer,3,7,train_100,5,0.0030019651167094707,0.0020578596740961075,0.005750354379415512,0.003013505833223462,0.9861763119697571
autotransformer,3,7,train_101,2,0.03054090589284897,0.5076321959495544,0.4481077492237091,0.004595056176185608,0.009124069474637508
autotransformer,3,7,train_102,2,0.37197765707969666,0.5655050277709961,0.031067684292793274,0.028608594089746475,0.0028409576043486595
autotransformer,3,7,train_103,3,0.013782124035060406,0.016794400289654732,0.801563560962677,0.10285113751888275,0.06500877439975739
autotransformer,3,7,train_104,1,0.45287805795669556,0.04912247136235237,0.125896617770195,0.3596155643463135,0.012487277388572693
autotransformer,3,7,train_105,4,0.03937195986509323,0.042136598378419876,0.03422282636165619,0.2959856390953064,0.5882828831672668
autotransformer,3,7,train_106,1,0.8208219408988953,0.1503312587738037,0.007646969985216856,0.010695463046431541,0.010504420846700668
autotransformer,3,7,train_107,3,0.007693414110690355,0.11697669327259064,0.8643448948860168,0.003498572390526533,0.007486433256417513
autotransformer,3,7,train_108,1,0.4264337122440338,0.5080001950263977,0.00928446650505066,0.047850944101810455,0.008430617861449718
autotransformer,3,7,train_109,3,0.03666318207979202,0.13470977544784546,0.7886090278625488,0.014845148660242558,0.02517276629805565
autotransformer,3,7,train_110,1,0.031035568565130234,0.9637863039970398,0.003053848398849368,0.0008966434397734702,0.0012276243651285768
autotransformer,3,7,train_111,3,0.01252642460167408,0.3598160147666931,0.6145387887954712,0.0053772819228470325,0.007741514127701521
autotransformer,3,7,train_112,1,0.0594002939760685,0.8220160603523254,0.11362064629793167,0.0016468603862449527,0.0033161949831992388
autotransformer,3,7,train_113,3,0.019497321918606758,0.02133193053305149,0.013090169988572598,0.7760626673698425,0.17001788318157196
autotransformer,3,7,train_114,3,0.003820665180683136,0.009730077348649502,0.9501635432243347,0.008735482580959797,0.02755027823150158
autotransformer,3,7,train_115,3,0.02538563869893551,0.02845528908073902,0.8147203326225281,0.09236807376146317,0.03907071053981781
autotransformer,3,7,train_116,4,0.009386909194290638,0.01559329405426979,0.8777881860733032,0.0796101987361908,0.017621401697397232
autotransformer,3,7,train_117,1,0.8131333589553833,0.11896167695522308,0.029122883453965187,0.027839992195367813,0.01094213966280222
autotransformer,3,7,train_118,2,0.16340267658233643,0.7899844646453857,0.026525327935814857,0.0156752597540617,0.004412257578223944
autotransformer,3,7,train_119,2,0.046152789145708084,0.789054811000824,0.15589666366577148,0.005725178401917219,0.0031705566216260195
autotransformer,3,7,train_120,5,0.009117888286709785,0.009172002784907818,0.10166167467832565,0.032539308071136475,0.8475091457366943
autotransformer,3,123,train_001,2,0.3292897343635559,0.46277302503585815,0.06839266419410706,0.08056668192148209,0.05897791311144829
autotransformer,3,123,train_002,5,0.012356851249933243,0.042558036744594574,0.10715139657258987,0.15906569361686707,0.6788680553436279
autotransformer,3,123,train_003,2,0.0008313633734360337,0.05702440068125725,0.9395760297775269,0.0008457812946289778,0.001722449203953147
autotransformer,3,123,train_004,4,0.063893623650074,0.04211127385497093,0.023069210350513458,0.8371086716651917,0.03381729498505592
autotransformer,3,123,train_005,5,0.014630834572017193,0.0932977944612503,0.5718648433685303,0.2851925194263458,0.03501398488879204
autotransformer,3,123,train_006,2,0.40687745809555054,0.5217965841293335,0.027584413066506386,0.035996515303850174,0.007745040580630302
autotransformer,3,123,train_007,2,0.0729101151227951,0.16301120817661285,0.6584721207618713,0.08682884275913239,0.01877772808074951
autotransformer,3,123,train_008,5,0.033343877643346786,0.013899603858590126,0.07151535153388977,0.3161373436450958,0.5651038289070129
autotransformer,3,123,train_009,3,0.2775454521179199,0.12262175977230072,0.07327301055192947,0.5048968195915222,0.021663008257746696
autotransformer,3,123,train_010,2,0.12386615574359894,0.5993040204048157,0.19382654130458832,0.06920768320560455,0.013795644044876099
autotransformer,3,123,train_011,3,0.0007904841331765056,0.014372356235980988,0.9828746318817139,0.0005826163687743247,0.0013799574226140976
autotransformer,3,123,train_012,5,0.14126570522785187,0.05419941619038582,0.008266312070190907,0.051260292530059814,0.7450082302093506
autotransformer,3,123,train_013,2,0.0009781073313206434,0.04736526682972908,0.9488576054573059,0.0016433976124972105,0.0011556242825463414
autotransformer,3,123,train_014,5,0.03027215041220188,0.0799432024359703,0.10354523360729218,0.10592097043991089,0.6803184151649475
autotransformer,3,123,train_015,3,0.01779187098145485,0.9477996826171875,0.030690494924783707,0.002713309135288,0.0010047204559668899
autotransformer,3,123,train_016,4,0.010269410908222198,0.012743288651108742,0.009051214903593063,0.34012454748153687,0.6278116106987
autotransformer,3,123,train_017,2,0.29030901193618774,0.19501186907291412,0.48277547955513,0.01020093448460102,0.021702682599425316
autotransformer,3,123,train_018,5,0.008420978672802448,0.005935457069426775,0.020549112930893898,0.028609272092580795,0.9364851713180542
autotransformer,3,123,train_019,3,0.007828258909285069,0.7969141006469727,0.18968358635902405,0.0032730968669056892,0.0023009309079498053
autotransformer,3,123,train_020,2,0.11618269234895706,0.8690462708473206,0.005672542843967676,0.007542495150119066,0.0015560558531433344
autotransformer,3,123,train_021,5,0.000826079398393631,0.0012435228563845158,0.005555094685405493,0.010448080487549305,0.9819273352622986
autotransformer,3,123,train_022,4,0.45766782760620117,0.023617994040250778,0.006183481775224209,0.43763136863708496,0.07489936053752899
autotransformer,3,123,train_023,3,0.019835110753774643,0.036218345165252686,0.18838585913181305,0.655650794506073,0.09990992397069931
autotransformer,3,123,train_024,5,0.04175776615738869,0.3694842755794525,0.36274728178977966,0.024845296517014503,0.2011653482913971
autotransformer,3,123,train_025,5,0.013250719755887985,0.017325887456536293,0.07733352482318878,0.11280142515897751,0.7792884111404419
autotransformer,3,123,train_026,3,0.03228610008955002,0.03574420139193535,0.9096800088882446,0.011853109113872051,0.01043657772243023
autotransformer,3,123,train_027,2,0.0530436709523201,0.6790707111358643,0.24091818928718567,0.018641339614987373,0.008326053619384766
autotransformer,3,123,train_028,4,0.03750069439411163,0.036923982203006744,0.799510657787323,0.1069413349032402,0.019123394042253494
autotransformer,3,123,train_029,2,0.08611815422773361,0.9093947410583496,0.002945425920188427,0.0008363777888007462,0.0007053334848023951
autotransformer,3,123,train_030,5,0.01705428585410118,0.050505463033914566,0.5514160394668579,0.023832708597183228,0.3571915328502655
autotransformer,3,123,train_031,4,0.055840834975242615,0.049078088253736496,0.847908079624176,0.03752285614609718,0.009650211781263351
autotransformer,3,123,train_032,3,0.0009254913311451674,0.0037281156983226538,0.004786054603755474,0.001876204158179462,0.9886841177940369
autotransformer,3,123,train_033,1,0.19454532861709595,0.6510751247406006,0.019838567823171616,0.10431817919015884,0.030222797766327858
autotransformer,3,123,train_034,2,0.017053823918104172,0.18510158360004425,0.7441189885139465,0.01693153753876686,0.036793988198041916
autotransformer,3,123,train_035,2,0.7366308569908142,0.025680530816316605,0.18330805003643036,0.024365345016121864,0.030015207827091217
autotransformer,3,123,train_036,2,0.0017078067176043987,0.16195279359817505,0.8332641124725342,0.001338973524980247,0.0017363425577059388
autotransformer,3,123,train_037,2,0.07270164787769318,0.9037425518035889,0.01805330440402031,0.0034022401086986065,0.0021002364810556173
autotransformer,3,123,train_038,3,0.018874391913414,0.034199148416519165,0.8572362661361694,0.017917757853865623,0.0717724934220314
autotransformer,3,123,train_039,3,0.06499310582876205,0.060585957020521164,0.10710152238607407,0.6841812133789062,0.08313819020986557
autotransformer,3,123,train_040,2,0.3000928461551666,0.6111525893211365,0.04701228812336922,0.027546627447009087,0.014195706695318222
autotransformer,3,123,train_041,3,0.010369297116994858,0.28291046619415283,0.685243546962738,0.009437620639801025,0.01203908957540989
autotransformer,3,123,train_042,2,0.016234779730439186,0.006136657670140266,0.016750415787100792,0.3161505162715912,0.6447276473045349
autotransformer,3,123,train_043,4,0.00785321556031704,0.012858052738010883,0.8344845175743103,0.05078655853867531,0.0940176248550415
autotransformer,3,123,train_044,3,0.02583378180861473,0.3260972499847412,0.5608190894126892,0.06380884349346161,0.023441078141331673
autotransformer,3,123,train_045,3,0.024970246478915215,0.04883920028805733,0.7302376627922058,0.038012199103832245,0.15794070065021515
autotransformer,3,123,train_046,4,0.0050209639593958855,0.9861119985580444,0.004600742366164923,0.001028122496791184,0.0032381764613091946
autotransformer,3,123,train_047,2,0.009589903987944126,0.8953914046287537,0.09066646546125412,0.0027723319362848997,0.001579871168360114
autotransformer,3,123,train_048,4,0.04690051078796387,0.07816515117883682,0.16563306748867035,0.6722804307937622,0.03702086582779884
autotransformer,3,123,train_049,2,0.06263814866542816,0.925997257232666,0.00710008991882205,0.003277149982750416,0.0009873827220872045
autotransformer,3,123,train_050,4,0.029856132343411446,0.17658424377441406,0.4614030420780182,0.28530147671699524,0.04685506597161293
autotransformer,3,123,train_051,3,0.0018791413167491555,0.2122841328382492,0.7831884622573853,0.001611546496860683,0.0010366797214373946
autotransformer,3,123,train_052,3,0.12802599370479584,0.06762012094259262,0.032437898218631744,0.747207760810852,0.024708149954676628
autotransformer,3,123,train_053,3,0.044663380831480026,0.37791207432746887,0.4977414608001709,0.06216694414615631,0.01751622185111046
autotransformer,3,123,train_054,2,0.08021848648786545,0.5506157279014587,0.25704425573349,0.09530344605445862,0.016818104311823845
autotransformer,3,123,train_055,3,0.004236595705151558,0.002750119660049677,0.9718342423439026,0.019942300394177437,0.0012367096496745944
autotransformer,3,123,train_056,1,0.7088139653205872,0.21991395950317383,0.01573481597006321,0.03735566511750221,0.018181588500738144
autotransformer,3,123,train_057,1,0.0012271922314539552,0.9949287176132202,0.00277469540014863,0.0007008828106336296,0.000368619104847312
autotransformer,3,123,train_058,1,0.6118317246437073,0.13385461270809174,0.022173332050442696,0.20213967561721802,0.03000061959028244
autotransformer,3,123,train_059,2,0.9121947884559631,0.08096957206726074,0.001764948247000575,0.002466960810124874,0.0026037320494651794
autotransformer,3,123,train_060,3,0.4120205342769623,0.4616953730583191,0.06988798081874847,0.04623495787382126,0.010161255486309528
autotransformer,3,123,train_061,2,0.0439719557762146,0.9458994269371033,0.006889992859214544,0.00229648663662374,0.0009420948335900903
autotransformer,3,123,train_062,3,0.02922794781625271,0.31670376658439636,0.5511907935142517,0.08107909560203552,0.021798379719257355
autotransformer,3,123,train_063,2,0.6411300897598267,0.2683793604373932,0.011059878394007683,0.06543243676424026,0.013998240232467651
autotransformer,3,123,train_064,2,0.02418007142841816,0.36397820711135864,0.58372563123703,0.012079110369086266,0.01603698544204235
autotransformer,3,123,train_065,3,0.02614368498325348,0.39407262206077576,0.5543619394302368,0.01196584478020668,0.013455895707011223
autotransformer,3,123,train_066,2,0.09605047106742859,0.08549460768699646,0.029977133497595787,0.7293271422386169,0.05915061756968498
autotransformer,3,123,train_067,3,0.03862243890762329,0.15136274695396423,0.7946622371673584,0.008297431282699108,0.007055096793919802
autotransformer,3,123,train_068,3,0.009623728692531586,0.9390715956687927,0.04782026261091232,0.0023151198402047157,0.0011692658299580216
autotransformer,3,123,train_069,2,0.2815166115760803,0.044831808656454086,0.03287801519036293,0.1401970535516739,0.5005764961242676
autotransformer,3,123,train_070,2,0.0014171295333653688,0.2274245321750641,0.7684374451637268,0.0013376701390370727,0.0013832036638632417
autotransformer,3,123,train_071,4,0.04696862772107124,0.03177652508020401,0.026186451315879822,0.8352317810058594,0.05983662232756615
autotransformer,3,123,train_072,4,0.5536853671073914,0.06868099421262741,0.017038695514202118,0.28354597091674805,0.07704899460077286
autotransformer,3,123,train_073,2,0.002941032173112035,0.9918859004974365,0.003120174165815115,0.001722228480502963,0.00033070050994865596
autotransformer,3,123,train_074,3,0.001315288944169879,0.02267337404191494,0.9741474986076355,0.0010059949709102511,0.0008579387213103473
autotransformer,3,123,train_075,2,0.03164985775947571,0.5682918429374695,0.3155195415019989,0.05282479152083397,0.031713929027318954
autotransformer,3,123,train_076,2,0.17867325246334076,0.7497078776359558,0.04756003990769386,0.017812201753258705,0.006246588192880154
autotransformer,3,123,train_077,3,0.031652145087718964,0.04245808720588684,0.4501759707927704,0.05454830080270767,0.42116546630859375
autotransformer,3,123,train_078,3,0.03169497847557068,0.03597847744822502,0.09826105087995529,0.029391862452030182,0.8046736121177673
autotransformer,3,123,train_079,2,0.6673048138618469,0.28269636631011963,0.02351289615035057,0.017582112923264503,0.008903869427740574
autotransformer,3,123,train_080,1,0.3850735127925873,0.49396809935569763,0.09953657537698746,0.012661037035286427,0.008760775439441204
autotransformer,3,123,train_081,3,0.0015660959761589766,0.016039369627833366,0.9804973602294922,0.0007480804342776537,0.0011491639306768775
autotransformer,3,123,train_082,3,0.05275065451860428,0.25057822465896606,0.14244836568832397,0.2927232086658478,0.2614995837211609
autotransformer,3,123,train_083,1,0.03140488639473915,0.08618465065956116,0.5988079905509949,0.13566522300243378,0.14793716371059418
autotransformer,3,123,train_084,5,0.024753520265221596,0.0392647422850132,0.29003167152404785,0.4970705211162567,0.1488794982433319
autotransformer,3,123,train_085,3,0.017454136162996292,0.09703444689512253,0.5070383548736572,0.024232501164078712,0.3542405664920807
autotransformer,3,123,train_086,2,0.30811500549316406,0.45183199644088745,0.11974988132715225,0.04928421229124069,0.07101893424987793
autotransformer,3,123,train_087,3,0.04222983121871948,0.030022628605365753,0.02876531332731247,0.8478538393974304,0.05112844705581665
autotransformer,3,123,train_088,2,0.3184713125228882,0.014362156391143799,0.490785151720047,0.10509263724088669,0.07128869742155075
autotransformer,3,123,train_089,2,0.6294744610786438,0.025336463004350662,0.24486161768436432,0.05411661043763161,0.04621076211333275
autotransformer,3,123,train_090,4,0.06047043204307556,0.019355319440364838,0.7834010124206543,0.10314300656318665,0.03363022208213806
autotransformer,3,123,train_091,2,0.0355728343129158,0.24378882348537445,0.7068067789077759,0.0077544585801661015,0.0060771252028644085
autotransformer,3,123,train_092,2,0.017921507358551025,0.031737636774778366,0.09463714808225632,0.5150291919708252,0.340674489736557
autotransformer,3,123,train_093,3,0.003706988412886858,0.841754138469696,0.04980061948299408,0.004207586869597435,0.10053066164255142
autotransformer,3,123,train_094,3,0.033863820135593414,0.24988307058811188,0.6575371623039246,0.01291799359023571,0.04579797759652138
autotransformer,3,123,train_095,3,0.011520389467477798,0.09651323407888412,0.7544560432434082,0.018540076911449432,0.11897025257349014
autotransformer,3,123,train_096,2,0.05574474856257439,0.08509625494480133,0.013273390009999275,0.8043243885040283,0.04156115651130676
autotransformer,3,123,train_097,3,0.8054236173629761,0.12041418254375458,0.02462487295269966,0.0017016727942973375,0.047835636883974075
autotransformer,3,123,train_098,1,0.0477629080414772,0.15823772549629211,0.20490668714046478,0.5446917414665222,0.044400982558727264
autotransformer,3,123,train_099,3,0.039526693522930145,0.16186606884002686,0.7450218796730042,0.04830339550971985,0.005281927529722452
autotransformer,3,123,train_100,5,0.0014639397850260139,0.0060445284470915794,0.005000131204724312,0.0017376983305439353,0.9857536554336548
autotransformer,3,123,train_101,2,0.028759460896253586,0.4014815390110016,0.5338671207427979,0.019258273765444756,0.016633614897727966
autotransformer,3,123,train_102,2,0.29041892290115356,0.6754856705665588,0.007972418330609798,0.02346470020711422,0.0026583396829664707
autotransformer,3,123,train_103,3,0.004339597187936306,0.04929748922586441,0.9295433163642883,0.012390069663524628,0.004429505206644535
autotransformer,3,123,train_104,1,0.8878668546676636,0.09687316417694092,0.006380127742886543,0.006455587223172188,0.0024241963401436806
autotransformer,3,123,train_105,4,0.08319385349750519,0.05492936819791794,0.038037028163671494,0.5209364295005798,0.3029033839702606
autotransformer,3,123,train_106,1,0.47152817249298096,0.40255942940711975,0.08602485805749893,0.012800087220966816,0.02708745189011097
autotransformer,3,123,train_107,3,0.03598653897643089,0.26201754808425903,0.6421706080436707,0.0376916341483593,0.022133680060505867
autotransformer,3,123,train_108,1,0.6122490763664246,0.2603893280029297,0.044395796954631805,0.059803836047649384,0.023161988705396652
autotransformer,3,123,train_109,3,0.016651511192321777,0.21254730224609375,0.7502427101135254,0.007670693565160036,0.012887715362012386
autotransformer,3,123,train_110,1,0.06977619975805283,0.9261654019355774,0.0024004108272492886,0.0008737541502341628,0.0007842342020012438
autotransformer,3,123,train_111,3,0.03255918249487877,0.35816019773483276,0.5434736609458923,0.04494878649711609,0.02085820958018303
autotransformer,3,123,train_112,1,0.6971967220306396,0.2902059257030487,0.00593171501532197,0.004006109666079283,0.00265951338224113
autotransformer,3,123,train_113,3,0.007168592885136604,0.004614928271621466,0.005317522678524256,0.9722990393638611,0.010599899105727673
autotransformer,3,123,train_114,3,0.0024087161291390657,0.029103346168994904,0.9396212697029114,0.005046746227890253,0.023819945752620697
autotransformer,3,123,train_115,3,0.019885055720806122,0.06614856421947479,0.8834195733070374,0.014815361239016056,0.01573142409324646
autotransformer,3,123,train_116,4,0.010634880512952805,0.0372622087597847,0.8316103219985962,0.11044014245271683,0.010052413679659367
autotransformer,3,123,train_117,1,0.7934913635253906,0.1021779254078865,0.029016638174653053,0.0450359582901001,0.030278202146291733
autotransformer,3,123,train_118,2,0.06010285019874573,0.9145426750183105,0.015423961915075779,0.0068846349604427814,0.0030458641704171896
autotransformer,3,123,train_119,2,0.12927763164043427,0.566122829914093,0.22957368195056915,0.06169191747903824,0.013333983719348907
autotransformer,3,123,train_120,5,0.017223868519067764,0.010218878276646137,0.04285915940999985,0.08735871315002441,0.8423393964767456
autotransformer,3,ensemble,train_001,2,0.21518058826526007,0.6949962973594666,0.03265739201257626,0.0337762669660151,0.023389452680324514
autotransformer,3,ensemble,train_002,5,0.019356100509564083,0.047688539450367294,0.12145047262310982,0.485827515522639,0.32567740480105084
autotransformer,3,ensemble,train_003,2,0.050473353398653366,0.15211404487490654,0.7231328884760538,0.032170584347719945,0.04210914042778313
autotransformer,3,ensemble,train_004,4,0.061099433029691376,0.03174554090946913,0.09684754659732182,0.7814230918884277,0.02888440527021885
autotransformer,3,ensemble,train_005,5,0.011190966858218113,0.06984532314042251,0.5375082542498907,0.3145574947508673,0.06689793895930052
autotransformer,3,ensemble,train_006,2,0.2380817880233129,0.7063177824020386,0.029555585235357285,0.020504561408112448,0.0055403100947539015
autotransformer,3,ensemble,train_007,2,0.033412957874437176,0.14652173469463983,0.7725335756937662,0.03674983543654283,0.01078189816325903
autotransformer,3,ensemble,train_008,5,0.03741931480666002,0.016061706468462944,0.10957834372917812,0.31572769085566205,0.5212129155794779
autotransformer,3,ensemble,train_009,3,0.13274606441458067,0.07138623421390851,0.3208744252721469,0.4530366361141205,0.02195665364464124
autotransformer,3,ensemble,train_010,2,0.09305253624916077,0.7713612715403239,0.09988754366834958,0.02885486449425419,0.006843810590604941
autotransformer,3,ensemble,train_011,3,0.03543360938783735,0.12764632826050124,0.7579302291075388,0.037158513305863984,0.041831332569321
autotransformer,3,ensemble,train_012,5,0.4250272860129674,0.08328375468651454,0.03306675252194206,0.053135089576244354,0.4054871251185735
autotransformer,3,ensemble,train_013,2,0.018757608563949663,0.05736916729559501,0.7679073115189871,0.10951646238875885,0.0464494211676841
autotransformer,3,ensemble,train_014,5,0.01968002909173568,0.04752758455773195,0.04951340239495039,0.10983632629116376,0.7734426061312357
autotransformer,3,ensemble,train_015,3,0.018748902715742588,0.574234813451767,0.3927440357704957,0.00992927048355341,0.004343017276066045
autotransformer,3,ensemble,train_016,4,0.1005459154645602,0.047870611771941185,0.07424900649736325,0.17914401491483053,0.5981904665629069
autotransformer,3,ensemble,train_017,2,0.49798773725827533,0.17339898397525152,0.29103508591651917,0.017019301032026608,0.02055890051027139
autotransformer,3,ensemble,train_018,5,0.018219892246027786,0.010541672973583141,0.031940062840779625,0.04764938478668531,0.8916490276654562
autotransformer,3,ensemble,train_019,3,0.013663162166873613,0.48599083224932355,0.48781376083691913,0.00700075183218966,0.005531501102571686
autotransformer,3,ensemble,train_020,2,0.17101182291905084,0.787563681602478,0.022229842375963926,0.016544291749596596,0.0026503712870180607
autotransformer,3,ensemble,train_021,5,0.020146915301059682,0.029175162004927795,0.11483976664021611,0.13503766882543763,0.7008005678653717
autotransformer,3,ensemble,train_022,4,0.37155717114607495,0.048221029341220856,0.012842570121089617,0.4153743088245392,0.15200495223204294
autotransformer,3,ensemble,train_023,3,0.009771268970022598,0.03171476970116297,0.40059148768583935,0.46238889296849567,0.09553358393410842
autotransformer,3,ensemble,train_024,5,0.03896767149368922,0.419817179441452,0.2985878139734268,0.0339494253663967,0.2086779090265433
autotransformer,3,ensemble,train_025,5,0.008052805438637733,0.01054354306931297,0.04055112972855568,0.06665037324031194,0.8742020924886068
autotransformer,3,ensemble,train_026,3,0.02427627332508564,0.03559708905716737,0.8574816584587097,0.06616201344877481,0.016482966331144173
autotransformer,3,ensemble,train_027,2,0.04293729489048322,0.6273167530695597,0.30645208557446796,0.015063945669680834,0.008229905894647041
autotransformer,3,ensemble,train_028,4,0.028940827896197636,0.02993058164914449,0.6051833828290304,0.3063071345289548,0.029638102898995083
autotransformer,3,ensemble,train_029,2,0.1873342376202345,0.7324483891328176,0.031179644012202818,0.022980509713913005,0.02605722959075744
autotransformer,3,ensemble,train_030,5,0.019644259785612423,0.03630441054701805,0.5239819486935934,0.06219068169593811,0.3578786651293437
autotransformer,3,ensemble,train_031,4,0.04088691808283329,0.04333589971065521,0.7299678126970927,0.16776719813545546,0.018042203970253468
autotransformer,3,ensemble,train_032,3,0.020438915972287457,0.045755665826921664,0.12704976554960012,0.10314192277534555,0.7036136935154597
autotransformer,3,ensemble,train_033,1,0.402400275071462,0.46758072078227997,0.017402190404633682,0.08818026259541512,0.024436524137854576
autotransformer,3,ensemble,train_034,2,0.015476364952822527,0.2166858116785685,0.7293468117713928,0.011705247918143868,0.026785736282666523
autotransformer,3,ensemble,train_035,2,0.341142013669014,0.09676675125956535,0.5077017694711685,0.0318883266299963,0.022501160390675068
autotransformer,3,ensemble,train_036,2,0.03053626526768009,0.1561575805147489,0.7200328409671783,0.04684552721058329,0.046427784681630634
autotransformer,3,ensemble,train_037,2,0.058635915319124855,0.8385715087254842,0.07661685720086098,0.018898821319453418,0.007276879080260794
autotransformer,3,ensemble,train_038,3,0.01959202190240224,0.025540544961889584,0.7398055195808411,0.12274894552926223,0.09231294691562653
autotransformer,3,ensemble,train_039,3,0.028140159634252388,0.05368948603669802,0.17914502881467342,0.35111838579177856,0.38790691643953323
autotransformer,3,ensemble,train_040,2,0.14109033097823462,0.8086561361948649,0.02927616983652115,0.013905935765554508,0.007071458734571934
autotransformer,3,ensemble,train_041,3,0.013883815767864386,0.16127844899892807,0.7904364864031473,0.019060454641779263,0.015340803967167934
autotransformer,3,ensemble,train_042,2,0.030654945100347202,0.012882047332823277,0.026849612593650818,0.514631857474645,0.4149815191825231
autotransformer,3,ensemble,train_043,4,0.010009834542870522,0.02061502014597257,0.5909719069798788,0.2579030928512414,0.12050013492504756
autotransformer,3,ensemble,train_044,3,0.014761165560533604,0.24876469373703003,0.6910402774810791,0.031166530679911375,0.014267337508499622
autotransformer,3,ensemble,train_045,3,0.015859701049824555,0.03772240815063318,0.8005404074986776,0.0494504248102506,0.0964270830154419
autotransformer,3,ensemble,train_046,4,0.07909709556649129,0.7985481023788452,0.05335682940979799,0.02999713725876063,0.03900086639138559
autotransformer,3,ensemble,train_047,2,0.01394951343536377,0.533126970132192,0.44089919080336887,0.007115805521607399,0.0049085338444759445
autotransformer,3,ensemble,train_048,4,0.0200371986720711,0.04015189502388239,0.0919487401843071,0.8253524700800577,0.02250972545395295
autotransformer,3,ensemble,train_049,2,0.0683089296023051,0.8646732568740845,0.05555133754387498,0.00933154346421361,0.0021349028296147785
autotransformer,3,ensemble,train_050,4,0.022325215861201286,0.2339151886602243,0.538549949725469,0.17462916299700737,0.030580449228485424
autotransformer,3,ensemble,train_051,3,0.036205842974595726,0.18548966944217682,0.6951265831788381,0.04685550450813025,0.03632236795965582
autotransformer,3,ensemble,train_052,3,0.0891441994657119,0.07258502890666325,0.20530611524979273,0.6097338795661926,0.02323073831697305
autotransformer,3,ensemble,train_053,3,0.02797807070116202,0.40680813789367676,0.5265453656514486,0.02757789536068837,0.011090548243373632
autotransformer,3,ensemble,train_054,2,0.051220388462146126,0.6141218543052673,0.27805955211321515,0.04670679817597071,0.009891404770314693
autotransformer,3,ensemble,train_055,3,0.023489325617750485,0.033367481703559555,0.6064330240090688,0.2855717396984498,0.051138435451624296
autotransformer,3,ensemble,train_056,1,0.8002975185712179,0.11367963999509811,0.013382447107384602,0.058037906885147095,0.014602436373631159
autotransformer,3,ensemble,train_057,1,0.055797365688097976,0.794805904229482,0.08016594514871637,0.037950707463702806,0.03128008951898664
autotransformer,3,ensemble,train_058,1,0.7671834826469421,0.08525323122739792,0.011725630145519972,0.12037446598211925,0.015463165628413359
autotransformer,3,ensemble,train_059,2,0.5236571083466212,0.3637547393639882,0.031305116678898535,0.02664657837400834,0.05463644047267735
autotransformer,3,ensemble,train_060,3,0.27463314309716225,0.5715006788571676,0.12308958607415359,0.022580052725970745,0.008196581931163868
autotransformer,3,ensemble,train_061,2,0.04763672004143397,0.8946220278739929,0.047517947697391115,0.007852073758840561,0.0023712448698158064
autotransformer,3,ensemble,train_062,3,0.017253205180168152,0.28322092692057294,0.6487321058909098,0.03737231933822235,0.013421449499825636
autotransformer,3,ensemble,train_063,2,0.4451672633488973,0.26698332528273266,0.03268815577030182,0.20500192294518152,0.05015932830671469
autotransformer,3,ensemble,train_064,2,0.023243066544334095,0.46571258703867596,0.49053852756818134,0.009156298590824008,0.011349527165293694
autotransformer,3,ensemble,train_065,3,0.022385017946362495,0.4219689965248108,0.5358942548433939,0.00950321756924192,0.010248510477443537
autotransformer,3,ensemble,train_066,2,0.17621465027332306,0.4884794056415558,0.04319093314309915,0.26732795499265194,0.02478704151387016
autotransformer,3,ensemble,train_067,3,0.0318150253345569,0.11604382780690987,0.744174063205719,0.09788315867384274,0.010083870807041725
autotransformer,3,ensemble,train_068,3,0.01781754692395528,0.657331774632136,0.3139641657471657,0.0070161418213198585,0.0038703515892848372
autotransformer,3,ensemble,train_069,2,0.4012637659907341,0.02665641065686941,0.022534330065051716,0.10752679159243901,0.4420187473297119
autotransformer,3,ensemble,train_070,2,0.043476067716255784,0.21774640182654062,0.6638908286889394,0.03748082183301449,0.037405861114772655
autotransformer,3,ensemble,train_071,4,0.05599786527454853,0.023308332388599712,0.04906691610813141,0.8346287409464518,0.03699817384282748
autotransformer,3,ensemble,train_072,4,0.539963980515798,0.09081960966189702,0.032278998444477715,0.23401832083861032,0.10291903962691624
autotransformer,3,ensemble,train_073,2,0.04448049368026356,0.7385877966880798,0.11425221323346098,0.06666021087827782,0.0360192699105634
autotransformer,3,ensemble,train_074,3,0.02781076085132857,0.08995222672820091,0.786072313785553,0.05533517901009569,0.040829585457686335
autotransformer,3,ensemble,train_075,2,0.026291940361261368,0.7020179033279419,0.22928708046674728,0.02460781717672944,0.017795246715346973
autotransformer,3,ensemble,train_076,2,0.11735609422127406,0.8233697017033895,0.0419655367732048,0.012195608501012126,0.005113062293579181
autotransformer,3,ensemble,train_077,3,0.016747268848121166,0.06726341446240743,0.7243585685888926,0.02569703074793021,0.16593369220693907
autotransformer,3,ensemble,train_078,3,0.04966181516647339,0.03972714145978292,0.08328070491552353,0.02792651765048504,0.7994037866592407
autotransformer,3,ensemble,train_079,2,0.6926917632420858,0.275098592042923,0.012556869459028045,0.013344889661918083,0.006307928202052911
autotransformer,3,ensemble,train_080,1,0.4095619469881058,0.5204249024391174,0.0531710060313344,0.010110162120933333,0.0067319730296730995
autotransformer,3,ensemble,train_081,3,0.04646769670459131,0.1300314562395215,0.7468597988287607,0.034560702120264374,0.042080363375134766
autotransformer,3,ensemble,train_082,3,0.03618241287767887,0.5746032396952311,0.0942620721956094,0.14677103670934835,0.14818127701679865
autotransformer,3,ensemble,train_083,1,0.054183335353930794,0.08070722470680873,0.5800639390945435,0.06904093797008197,0.21600458150108656
autotransformer,3,ensemble,train_084,5,0.01156350194166104,0.01926472131162882,0.16173241287469864,0.18074637558311224,0.6266930003960928
autotransformer,3,ensemble,train_085,3,0.02109189921369155,0.04477972909808159,0.19331859797239304,0.022947019586960476,0.7178627550601959
autotransformer,3,ensemble,train_086,2,0.18502661337455115,0.7048283815383911,0.06176236333946387,0.02074730567013224,0.027635360447069008
autotransformer,3,ensemble,train_087,3,0.049197541549801826,0.02215767465531826,0.094133161008358,0.779165506362915,0.05534616609414419
autotransformer,3,ensemble,train_088,2,0.18087904155254364,0.03687374293804169,0.5725559095541636,0.07828383271892865,0.1314074465384086
autotransformer,3,ensemble,train_089,2,0.3898642311493556,0.04853264366587003,0.3363431046406428,0.16625755156079927,0.059002477675676346
autotransformer,3,ensemble,train_090,4,0.05497256169716517,0.03580903882781664,0.6625921924908956,0.21028476456801096,0.03634143931170305
autotransformer,3,ensemble,train_091,2,0.036111327509085335,0.17410057286421457,0.7636208335558573,0.017813808129479487,0.008353499850879112
autotransformer,3,ensemble,train_092,2,0.028622970605889957,0.16703782603144646,0.4046680803100268,0.22094412396351495,0.17872698605060577
autotransformer,3,ensemble,train_093,3,0.032387197793771826,0.5844570696353912,0.20194514095783234,0.08606905707468589,0.09514154742161433
autotransformer,3,ensemble,train_094,3,0.036178176601727806,0.3689131786425908,0.5584612985452017,0.009350379928946495,0.02709697124858697
autotransformer,3,ensemble,train_095,3,0.014096947697301706,0.05229147461553415,0.646457850933075,0.07975858449935913,0.20739514380693436
autotransformer,3,ensemble,train_096,2,0.11202333495020866,0.4254622906446457,0.08083932908872764,0.3346837603797515,0.04699124085406462
autotransformer,3,ensemble,train_097,3,0.45045249288280803,0.4231862425804138,0.04599537576238314,0.021555932199892897,0.05880990958151718
autotransformer,3,ensemble,train_098,1,0.021239654859527946,0.08812141542633374,0.13074232389529547,0.6643872459729513,0.09550937699774902
autotransformer,3,ensemble,train_099,3,0.08361297349135081,0.2905142940580845,0.30230147143205005,0.2997359534104665,0.023835256230086088
autotransformer,3,ensemble,train_100,5,0.024153278791345656,0.03141502570360899,0.09215037462611993,0.14698000706266612,0.7053012897570928
autotransformer,3,ensemble,train_101,2,0.029172866915663082,0.52265132466952,0.42313624421755475,0.014199543744325638,0.010840018900732199
autotransformer,3,ensemble,train_102,2,0.2758358021577199,0.6485901276270548,0.033362848994632564,0.038619084283709526,0.003592094872146845
autotransformer,3,ensemble,train_103,3,0.009406973297397295,0.030773287639021873,0.6593764623006185,0.23763314137856165,0.062810145628949
autotransformer,3,ensemble,train_104,1,0.4916927069425583,0.23834109927217165,0.11048867863913377,0.1521392296999693,0.007338260455677907
autotransformer,3,ensemble,train_105,4,0.08662860840559006,0.04241225806375345,0.05319489911198616,0.38338810205459595,0.43437613050142926
autotransformer,3,ensemble,train_106,1,0.722527285416921,0.21822073558966318,0.03244916753222545,0.01228288747370243,0.014519955186794201
autotransformer,3,ensemble,train_107,3,0.01955510691429178,0.197262113293012,0.7514729897181193,0.01782322224850456,0.01388658070936799
autotransformer,3,ensemble,train_108,1,0.5606123705705007,0.3399466673533122,0.02308736741542816,0.06261154015858968,0.013742014455298582
autotransformer,3,ensemble,train_109,3,0.02296025926868121,0.15200434376796088,0.7968753973642985,0.01306492385144035,0.015094997982184092
autotransformer,3,ensemble,train_110,1,0.18514562274018923,0.7359408040841421,0.02869137446396053,0.026190334911613416,0.02403183551117157
autotransformer,3,ensemble,train_111,3,0.020340003073215485,0.34756432970364887,0.5968486070632935,0.02159967537348469,0.013647410863389572
autotransformer,3,ensemble,train_112,1,0.3953160457313061,0.5428180595239004,0.04843975246573488,0.0094665966850395,0.00395954679697752
autotransformer,3,ensemble,train_113,3,0.015822650864720345,0.015376162249594927,0.022047912546743948,0.8336801926294962,0.11307308170944452
autotransformer,3,ensemble,train_114,3,0.004975725042944153,0.024585216927031677,0.7813488940397898,0.10282124935959776,0.08626892355581124
autotransformer,3,ensemble,train_115,3,0.01897705253213644,0.042714374139904976,0.8370528618494669,0.07619813363999128,0.02505757287144661
autotransformer,3,ensemble,train_116,4,0.010983511805534363,0.03203361729780833,0.6522733271121979,0.2833520496884982,0.021357484472294647
autotransformer,3,ensemble,train_117,1,0.8359411954879761,0.08538992578784625,0.022624201141297817,0.03634672860304514,0.01969800361742576
autotransformer,3,ensemble,train_118,2,0.10809209694465001,0.847103476524353,0.025028059569497902,0.015141543156156937,0.00463481751891474
autotransformer,3,ensemble,train_119,2,0.08049238349000613,0.7092206279436747,0.1760657082001368,0.02691820093120138,0.007303108383590977
autotransformer,3,ensemble,train_120,5,0.01660080688695113,0.011762512847781181,0.06625724583864212,0.07137767722209294,0.8340017596880595
